generation,candidate,sign,success,steps_to_target,time_to_target,distance_traveled,collision_ticks,collision_onsets,reward,initial_distance,final_distance,flipped,ticks,seed
0,0,1,False,,,10.793961872642473,0,0,-5.063304620955818,7.615114941723648,11.178419562679482,False,150,0
0,0,1,False,,,6.487552551852831,0,0,-3.1716459196264375,10.152347547978732,11.823993467605183,False,150,1
0,0,-1,False,,,1.0042661825848358,0,0,-1.619172329910339,7.615114941723648,7.734287271633986,False,150,0
0,0,-1,False,,,5.658508706944007,0,0,-1.2926378756234673,10.152347547978732,9.944985423602198,False,150,1
0,1,1,False,,,12.117535536064924,0,0,2.731985838171516,7.615114941723648,3.3831291035521422,False,150,0
0,1,1,False,,,11.321346255396143,0,0,1.4456762417050466,10.152347547978732,7.206671306273684,False,150,1
0,1,-1,False,,,14.007829957296101,0,0,-11.213729519271304,7.615114941723648,17.328844460994976,False,150,0
0,1,-1,False,,,9.325595920647123,0,0,-8.36045102273974,10.152347547978732,17.01279857071849,False,150,1
0,2,1,False,,,20.236124986675193,0,0,-16.060827766696136,7.615114941723648,22.175942708419807,False,150,0
0,2,1,False,,,18.024702397285935,0,0,-7.242554354231777,10.152347547978732,15.894901902210535,False,150,1
0,2,-1,False,,,15.210727249515438,0,0,3.6802372883576355,7.615114941723648,2.4348776533660286,False,150,0
0,2,-1,False,,,20.074494793500044,0,0,1.8065033750825055,10.152347547978732,6.845844172896225,False,150,1
0,3,1,False,,,1.2651945716820403,0,0,-1.6243277879054923,7.615114941723648,7.739442729629139,False,150,0
0,3,1,False,,,1.9957786323579083,0,0,-1.8048617455532638,10.152347547978732,10.457209293531994,False,150,1
0,3,-1,False,,,11.742900312847958,0,0,-1.2459706414276328,7.615114941723648,7.361085583151279,False,150,0
0,3,-1,False,,,6.883870593884241,0,0,-2.7310767927754553,10.152347547978732,11.383424340754196,False,150,1
0,4,1,False,,,12.663742500093978,0,0,-0.5564887371479718,7.615114941723648,6.671603678871619,False,150,0
0,4,1,False,,,13.39166527885934,0,0,-1.7989408897480113,10.152347547978732,10.45128843772675,False,150,1
0,4,-1,False,,,10.272139968283826,0,0,-1.3532112971603028,7.615114941723648,7.468326238883959,False,150,0
0,4,-1,False,,,14.307937471594048,0,0,-1.4994689844997455,10.152347547978732,10.151816532478476,False,150,1
0,5,1,False,,,1.4235041145364982,0,0,-1.8673439837728643,7.615114941723648,7.982458925496511,False,150,0
0,5,1,False,,,1.5947825693720608,0,0,-1.5391955602726128,10.152347547978732,10.191543108251343,False,150,1
0,5,-1,False,,,7.157186037414848,0,0,-1.9696898473263629,7.615114941723648,8.08480478905001,False,150,0
0,5,-1,False,,,4.571062069536563,0,0,-1.8877849192289287,10.152347547978732,10.540132467207659,False,150,1
0,6,1,False,,,6.497653339663215,0,0,-3.703679181241722,7.615114941723648,9.818794122965388,False,150,0
0,6,1,False,,,8.111650958299471,0,0,-1.7113697399669097,10.152347547978732,10.36371728794564,False,150,1
0,6,-1,False,,,9.165844525141228,0,0,-2.1391886630039463,7.615114941723648,8.254303604727616,False,150,0
0,6,-1,False,,,19.578841375638106,0,0,-4.527643604149236,10.152347547978732,13.179991152127991,False,150,1
0,7,1,False,,,13.700600373541802,0,0,-1.8962929834377091,7.615114941723648,8.01140792516138,False,150,0
0,7,1,False,,,12.669240403260376,0,0,4.252814000362073,10.152347547978732,4.399533547616676,False,150,1
0,7,-1,False,,,20.110550364735303,0,0,-1.268153572530241,7.615114941723648,7.383268514253888,False,150,0
0,7,-1,False,,,18.07867576931787,0,0,1.3218836134268839,10.152347547978732,7.3304639345518465,False,150,1
1,0,1,False,,,9.115676496556848,0,0,-1.0178194105066078,7.872305478935019,7.390124889441625,False,150,1000
1,0,1,False,,,2.966543024650417,0,0,-1.6810703696367633,6.294548299982861,6.475618669619623,False,150,1001
1,0,-1,False,,,16.099495137558513,0,0,-0.009050737912923004,7.872305478935019,6.381356216847941,False,150,1000
1,0,-1,False,,,19.70492227653975,0,0,-1.0322149345364893,6.294548299982861,5.826763234519349,False,150,1001
1,1,1,False,,,13.66822021090235,0,0,-0.991745902126823,7.872305478935019,7.364051381061845,False,150,1000
1,1,1,False,,,12.030599626400406,0,0,-2.3601465454970336,6.294548299982861,7.154694845479901,False,150,1001
1,1,-1,False,,,14.971739430334612,0,0,-8.405594027486183,7.872305478935019,14.777899506421221,False,150,1000
1,1,-1,False,,,13.868812826275697,0,0,-1.3412503036743533,6.294548299982861,6.135798603657213,False,150,1001
1,2,1,False,,,8.476156006254664,0,0,-1.8605843658419599,7.872305478935019,8.232889844776977,False,150,1000
1,2,1,False,,,7.742229192911118,0,0,-2.4427353150516953,6.294548299982861,7.237283615034561,False,150,1001
1,2,-1,False,,,15.019255057608614,0,0,-8.879969846950162,7.872305478935019,15.252275325885202,False,150,1000
1,2,-1,False,,,11.093600775481942,0,0,-0.4219258383832276,6.294548299982861,5.216474138366087,False,150,1001
1,3,1,False,,,14.995827447775323,0,0,-3.6947035289125587,7.872305478935019,10.067009007847588,False,150,1000
1,3,1,False,,,14.898821222043924,0,0,-1.7481585221773879,6.294548299982861,6.542706822160247,False,150,1001
1,3,-1,False,,,19.981103690830075,0,0,-1.6319018246847317,7.872305478935019,8.004207303619749,False,150,1000
1,3,-1,False,,,15.357044992812629,0,0,-4.683043017167849,6.294548299982861,9.477591317150733,False,150,1001
1,4,1,False,,,27.411750269460946,0,0,-11.341924564489782,7.872305478935019,17.71423004342482,False,150,1000
1,4,1,False,,,23.30195978575597,0,0,-19.53843341301947,6.294548299982861,24.332981713002305,False,150,1001
1,4,-1,False,,,20.96716265490435,0,0,-4.138651573239841,7.872305478935019,10.510957052174872,False,150,1000
1,4,-1,False,,,15.998283129835709,0,0,-1.3568546272380317,6.294548299982861,6.151402927220891,False,150,1001
1,5,1,False,,,16.460410747139523,0,0,-3.762178298221711,7.872305478935019,10.134483777156738,False,150,1000
1,5,1,False,,,17.65522275092661,0,0,2.061035101813954,6.294548299982861,2.7335131981689167,False,150,1001
1,5,-1,False,,,11.966474820423217,0,0,-3.6890943142368178,7.872305478935019,10.06139979317185,False,150,1000
1,5,-1,False,,,10.522027915411126,0,0,-1.0689360579423453,6.294548299982861,5.863484357925205,False,150,1001
1,6,1,False,,,21.88973111978491,0,0,-10.209987406093349,7.872305478935019,16.582292885028387,False,150,1000
1,6,1,False,,,20.22478502098116,0,0,-12.297384337939283,6.294548299982861,17.091932637922167,False,150,1001
1,6,-1,False,,,21.452249489471296,0,0,-3.64616195831696,7.872305478935019,10.018467437251994,False,150,1000
1,6,-1,False,,,19.042926351909777,0,0,-2.642637994947129,6.294548299982861,7.437186294929992,False,150,1001
1,7,1,False,,,5.758614334774585,0,0,0.31801210804347735,7.872305478935019,6.05429337089154,False,150,1000
1,7,1,False,,,2.9857370117923105,0,0,-2.1067438498898503,6.294548299982861,6.901292149872712,False,150,1001
1,7,-1,False,,,2.7432429336566497,0,0,-1.0734737452070497,7.872305478935019,7.4457792241420675,False,150,1000
1,7,-1,False,,,10.4882810019668,0,0,-1.0179739323519947,6.294548299982861,5.812522232334855,False,150,1001
2,0,1,False,,,9.011282736657677,0,0,1.0110402108877377,9.171104247193439,6.6600640363057,False,150,2000
2,0,1,False,,,8.42333462992272,0,0,-1.4606805288728326,6.269351194101572,6.230031722974403,False,150,2001
2,0,-1,False,,,4.688092538040538,0,0,-4.517243665264468,9.171104247193439,12.188347912457926,False,150,2000
2,0,-1,False,,,9.892582250056897,0,0,-1.2003402637027403,6.269351194101572,5.969691457804311,False,150,2001
2,1,1,False,,,6.754788237937155,0,0,-0.6223033804178252,9.171104247193439,8.293407627611263,False,150,2000
2,1,1,False,,,1.5409311834867798,0,0,-1.1824003631652575,6.269351194101572,5.951751557266828,False,150,2001
2,1,-1,False,,,17.095149300416974,0,0,1.5869394504260144,9.171104247193439,6.084164796767423,False,150,2000
2,1,-1,False,,,11.171041440927587,0,0,-0.25698844196429455,6.269351194101572,5.026339636065866,False,150,2001
2,2,1,False,,,3.807529074574494,0,0,-3.1499008250063256,9.171104247193439,10.821005072199773,False,150,2000
2,2,1,False,,,8.134545448374054,0,0,1.6593474556976868,6.269351194101572,3.1100037384038837,False,150,2001
2,2,-1,False,,,19.10835821165598,0,0,-0.6548696944350326,9.171104247193439,8.32597394162847,False,150,2000
2,2,-1,False,,,26.30209294030865,0,0,-0.07233367811704047,6.269351194101572,4.841684872218611,False,150,2001
2,3,1,False,,,14.551344659266265,0,0,4.117138012173329,9.171104247193439,3.5539662350201224,False,150,2000
2,3,1,False,,,8.477613112890518,0,0,1.5691534165649845,6.269351194101572,3.200197777536586,False,150,2001
2,3,-1,False,,,10.516077395824261,0,0,-4.193774320231976,9.171104247193439,11.864878567425436,False,150,2000
2,3,-1,False,,,16.835163721972428,0,0,-1.8302038470482664,6.269351194101572,6.599555041149837,False,150,2001
2,4,1,False,,,3.6881251632335297,0,0,-4.080284254339713,9.171104247193439,11.751388501533167,False,150,2000
2,4,1,True,71,1.42,7.630894060517254,0,0,14.561101745254431,6.269351194101572,0.9982494488471461,False,71,2001
2,4,-1,False,,,27.750866717481486,0,0,-2.6034428401970517,9.171104247193439,10.274547087390504,False,150,2000
2,4,-1,False,,,29.527843346578557,0,0,-7.012965131811928,6.269351194101572,11.782316325913525,False,150,2001
2,5,1,False,,,19.668966423175398,0,0,3.181567655706192,9.171104247193439,4.48953659148726,False,150,2000
2,5,1,False,,,22.18284049532026,0,0,-1.573183320844915,6.269351194101572,6.342534514946486,False,150,2001
2,5,-1,False,,,17.065981842239143,0,0,-0.4151994995812873,9.171104247193439,8.086303746774725,False,150,2000
2,5,-1,False,,,11.649173751364783,0,0,0.1551566270229312,6.269351194101572,4.61419456707864,False,150,2001
2,6,1,False,,,15.995080922081016,0,0,2.6534699305443485,9.171104247193439,5.0176343166491115,False,150,2000
2,6,1,False,,,2.7439827255936087,0,0,-0.8582242328064523,6.269351194101572,5.627575426908023,False,150,2001
2,6,-1,False,,,16.066853198550948,0,0,-4.179867994313826,9.171104247193439,11.850972241507286,False,150,2000
2,6,-1,False,,,13.167928389429672,0,0,-0.7681766478719122,6.269351194101572,5.537527841973483,False,150,2001
2,7,1,False,,,18.6454708927726,0,0,6.200974752099359,9.171104247193439,1.4701294950940849,False,150,2000
2,7,1,False,,,17.67958441600669,0,0,-3.5480768096315396,6.269351194101572,8.317428003733118,False,150,2001
2,7,-1,False,,,12.284140812215838,0,0,-3.1208149542999575,9.171104247193439,10.791919201493407,False,150,2000
2,7,-1,False,,,5.562464823532351,0,0,0.7745688070667677,6.269351194101572,3.9947823870348027,False,150,2001
3,0,1,False,,,13.183022655639121,0,0,0.19354718893535772,6.830979194446965,5.137432005511607,False,150,3000
3,0,1,False,,,24.092592130105945,0,0,4.594118916619188,9.485737258288605,3.3916183416694277,False,150,3001
3,0,-1,False,,,10.621142870312456,0,0,-4.485814902163046,6.830979194446965,9.81679409661002,False,150,3000
3,0,-1,False,,,10.098153836490154,0,0,-6.393536417294528,9.485737258288605,14.379273675583143,False,150,3001
3,1,1,False,,,4.334205938980587,0,0,-1.3080987379592195,6.830979194446965,6.639077932406184,False,150,3000
3,1,1,False,,,9.224930007892405,0,0,-1.013403744548678,9.485737258288605,8.999141002837282,False,150,3001
3,1,-1,False,,,20.09122930656376,0,0,-2.821655928684618,6.830979194446965,8.152635123131596,False,150,3000
3,1,-1,False,,,21.952101477597466,0,0,-1.6560883219645774,9.485737258288605,9.641825580253181,False,150,3001
3,2,1,False,,,8.40045597783725,0,0,-4.537255933839962,6.830979194446965,9.868235128286942,False,150,3000
3,2,1,False,,,10.616089253801395,0,0,-3.675366300802778,9.485737258288605,11.6611035590914,False,150,3001
3,2,-1,False,,,10.300874997796658,0,0,-5.028856427595996,6.830979194446965,10.35983562204298,False,150,3000
3,2,-1,False,,,22.930407983851136,0,0,0.2810661334227109,9.485737258288605,7.704671124865893,False,150,3001
3,3,1,False,,,12.721690835284113,0,0,2.4077685721546636,6.830979194446965,2.9232106222923178,False,150,3000
3,3,1,False,,,9.953207098833838,0,0,-3.102428012544164,9.485737258288605,11.088165270832782,False,150,3001
3,3,-1,False,,,17.30784080981963,0,0,-2.8388374521095043,6.830979194446965,8.16981664655648,False,150,3000
3,3,-1,False,,,25.355018571114954,0,0,1.9703444891725939,9.485737258288605,6.015392769116013,False,150,3001
3,4,1,False,,,15.944972086688873,0,0,-2.2494661249605254,6.830979194446965,7.580445319407496,False,150,3000
3,4,1,False,,,15.633663909310325,0,0,-0.7487350413480238,9.485737258288605,8.734472299636629,False,150,3001
3,4,-1,False,,,29.73420254608629,0,0,-2.9579507554076176,6.830979194446965,8.2889299498546,False,150,3000
3,4,-1,False,,,29.962031624339378,0,0,0.93637695843773,9.485737258288605,7.049360299850874,False,150,3001
3,5,1,False,,,16.24324301243027,0,0,-8.015958627880732,6.830979194446965,13.346937822327718,False,150,3000
3,5,1,False,,,19.185639308403058,0,0,1.7874055294895532,9.485737258288605,6.198331728799051,False,150,3001
3,5,-1,False,,,18.348845818134517,0,0,-4.48114058614681,6.830979194446965,9.81211978059378,False,150,3000
3,5,-1,False,,,3.8533064701030786,0,0,-2.2751372440031816,9.485737258288605,10.260874502291792,False,150,3001
3,6,1,False,,,20.935678326296973,0,0,0.2838230173719638,6.830979194446965,5.047156177075005,False,150,3000
3,6,1,False,,,24.340130971831815,0,0,-0.7890099438079381,9.485737258288605,8.774747202096542,False,150,3001
3,6,-1,False,,,18.019134817278168,0,0,0.10352119715971024,6.830979194446965,5.227457997287254,False,150,3000
3,6,-1,False,,,8.639859449479106,0,0,-3.390164823619307,9.485737258288605,11.375902081907926,False,150,3001
3,7,1,False,,,14.921848634275653,0,0,-8.288858804850145,6.830979194446965,13.619837999297133,False,150,3000
3,7,1,False,,,19.512257767393912,0,0,2.373228483601947,9.485737258288605,5.612508774686661,False,150,3001
3,7,-1,False,,,7.270030622143291,0,0,-1.9738153157824734,6.830979194446965,7.304794510229438,False,150,3000
3,7,-1,False,,,21.89666031791433,0,0,-1.335991719234451,9.485737258288605,9.321728977523055,False,150,3001
4,0,1,False,,,21.53482389236581,0,0,-1.5495153467581584,9.738796858029003,9.788312204787161,False,150,4000
4,0,1,False,,,19.187563808838117,0,0,-2.1863690139237564,8.004257231413446,8.690626245337203,False,150,4001
4,0,-1,False,,,21.02804486486684,0,0,-2.7513242493634147,9.738796858029003,10.990121107392444,False,150,4000
4,0,-1,False,,,19.71992993150395,0,0,-2.9979812028398003,8.004257231413446,9.50223843425327,False,150,4001
4,1,1,False,,,15.970372972064343,0,0,0.36810189648847835,9.738796858029003,7.870694961540524,False,150,4000
4,1,1,False,,,16.748256152194383,0,0,-1.4797888057474895,8.004257231413446,7.984046037160934,False,150,4001
4,1,-1,False,,,22.216056041928322,0,0,0.04834298441244918,9.738796858029003,8.190453873616553,False,150,4000
4,1,-1,False,,,20.819216884664613,0,0,-1.0415421578401942,8.004257231413446,7.545799389253639,False,150,4001
4,2,1,False,,,17.800896922392674,0,0,-2.394477554294541,9.738796858029003,10.633274412323546,False,150,4000
4,2,1,False,,,15.230918446442114,0,0,-3.462610429368018,8.004257231413446,9.966867660781476,False,150,4001
4,2,-1,False,,,19.77589351457554,0,0,1.8698506101182628,9.738796858029003,6.368946247910739,False,150,4000
4,2,-1,False,,,18.857240893589875,0,0,-1.153066525499335,8.004257231413446,7.6573237569127794,False,150,4001
4,3,1,False,,,33.03992115256539,0,0,1.2085552826075239,9.738796858029003,7.030241575421481,False,150,4000
4,3,1,False,,,21.10386050930085,0,0,-0.5365301909120251,8.004257231413446,7.040787422325484,False,150,4001
4,3,-1,False,,,25.481533460933544,0,0,2.984532665650537,9.738796858029003,5.25426419237848,False,150,4000
4,3,-1,False,,,27.540616732104407,0,0,3.8692601563398092,8.004257231413446,2.63499707507364,False,150,4001
4,4,1,False,,,12.161568820083163,0,0,-0.5396323483206491,9.738796858029003,8.778429206349651,False,150,4000
4,4,1,False,,,7.194895523995087,0,0,-1.5658931652140737,8.004257231413446,8.070150396627518,False,150,4001
4,4,-1,False,,,13.169512258472848,0,0,-0.6895878996062746,9.738796858029003,8.928384757635277,False,150,4000
4,4,-1,False,,,16.41194200037641,0,0,-1.0019260213833658,8.004257231413446,7.50618325279681,False,150,4001
4,5,1,False,,,17.981864904836854,0,0,-0.29137430109886153,9.738796858029003,8.530171159127864,False,150,4000
4,5,1,False,,,23.241550275528777,0,0,-2.5009312249886477,8.004257231413446,9.005188456402093,False,150,4001
4,5,-1,False,,,20.856837246760396,0,0,3.034545390597949,9.738796858029003,5.204251467431063,False,150,4000
4,5,-1,False,,,21.188592116873426,0,0,-0.8442131178903369,8.004257231413446,7.348470349303781,False,150,4001
4,6,1,False,,,11.905759653384859,0,0,-1.2645501141585056,9.738796858029003,9.503346972187508,False,150,4000
4,6,1,False,,,8.678519440634439,0,0,-3.480407492518609,8.004257231413446,9.984664723932067,False,150,4001
4,6,-1,False,,,14.117310759150056,0,0,-0.0018763138611131713,9.738796858029003,8.240673171890116,False,150,4000
4,6,-1,False,,,10.222211545055783,0,0,-1.853663458221628,8.004257231413446,8.357920689635073,False,150,4001
4,7,1,False,,,19.34856847695984,0,0,1.3916375142240607,9.738796858029003,6.847159343804941,False,150,4000
4,7,1,False,,,16.643501478601575,0,0,-0.40108629870684476,8.004257231413446,6.905343530120289,False,150,4001
4,7,-1,False,,,18.606686013613814,0,0,-3.190361358609965,9.738796858029003,11.42915821663899,False,150,4000
4,7,-1,False,,,21.795300220002222,0,0,-2.4961619078696646,8.004257231413446,9.000419139283128,False,150,4001
5,0,1,False,,,11.203953661804082,0,0,-1.1604665390480964,7.62323124870712,7.283697787755216,False,150,5000
5,0,1,False,,,26.36169377731206,0,0,5.203783699097343,9.594597909508437,2.890814210411098,False,150,5001
5,0,-1,False,,,25.65093410363563,0,0,4.179654695949219,7.62323124870712,1.9435765527579096,False,150,5000
5,0,-1,False,,,17.879253447020847,0,0,2.8099191452874104,9.594597909508437,5.284678764221048,False,150,5001
5,1,1,False,,,3.5257727388201414,0,0,-1.4779913326181513,7.62323124870712,7.6012225813252705,False,150,5000
5,1,1,False,,,8.517450050385833,0,0,-2.6205630151875634,9.594597909508437,10.715160924696008,False,150,5001
5,1,-1,False,,,27.75868868617499,0,0,3.8664489187417996,7.62323124870712,2.2567823299653313,False,150,5000
5,1,-1,False,,,24.834754321707997,0,0,-1.7939749017917974,9.594597909508437,9.888572811300245,False,150,5001
5,2,1,False,,,25.01829640838857,0,0,-0.21084204641769796,7.62323124870712,6.334073295124817,False,150,5000
5,2,1,False,,,20.372777293147433,0,0,-1.1572857348436272,9.594597909508437,9.251883644352063,False,150,5001
5,2,-1,False,,,10.225348297229568,0,0,-1.7612365709048818,7.62323124870712,7.884467819612001,False,150,5000
5,2,-1,False,,,16.371335699493535,0,0,0.8658626374214529,9.594597909508437,7.228735272086983,False,150,5001
5,3,1,False,,,19.918533214971777,0,0,-1.794873635497914,7.62323124870712,7.918104884205033,False,150,5000
5,3,1,False,,,9.443910613179728,0,0,-1.2925660482272623,9.594597909508437,9.387163957735698,False,150,5001
5,3,-1,False,,,25.614656241482336,0,0,-0.27274266206553854,7.62323124870712,6.395973910772658,False,150,5000
5,3,-1,False,,,29.75489838130532,0,0,1.2181925702669227,9.594597909508437,6.876405339241533,False,150,5001
5,4,1,False,,,26.10708300036368,0,0,2.900029656188584,7.62323124870712,3.2232015925185467,False,150,5000
5,4,1,False,,,22.724790224048057,0,0,3.2768053575616296,9.594597909508437,4.81779255194683,False,150,5001
5,4,-1,False,,,26.157178639381492,0,0,-2.2369105101978546,7.62323124870712,8.360141758904975,False,150,5000
5,4,-1,False,,,26.125892496421166,0,0,6.448125522589796,9.594597909508437,1.6464723869186497,False,150,5001
5,5,1,False,,,21.016349440800226,0,0,-0.5234775595173319,7.62323124870712,6.646708808224451,False,150,5000
5,5,1,False,,,17.616076232018884,0,0,5.882698330132385,9.594597909508437,2.2118995793760634,False,150,5001
5,5,-1,False,,,22.233062071477896,0,0,-0.29826278671597495,7.62323124870712,6.421494035423095,False,150,5000
5,5,-1,False,,,16.94140906177358,0,0,2.4878644559465117,9.594597909508437,5.606733453561943,False,150,5001
5,6,1,False,,,22.57136180030656,0,0,3.2587429338224654,7.62323124870712,2.86448831488466,False,150,5000
5,6,1,True,79,1.58,16.520595981874585,0,0,17.852528275586245,9.594597909508437,0.9520696339221987,False,79,5001
5,6,-1,False,,,22.2743729218072,0,0,1.091572375236039,7.62323124870712,5.0316588734710805,False,150,5000
5,6,-1,False,,,28.997167163230227,0,0,1.5445565662331486,9.594597909508437,6.550041343275297,False,150,5001
5,7,1,False,,,20.762513441313544,0,0,-0.6757696802529941,7.62323124870712,6.799000928960114,False,150,5000
5,7,1,False,,,17.456313038080975,0,0,2.1646648837925158,9.594597909508437,5.92993302571594,False,150,5001
5,7,-1,False,,,21.646474957275434,0,0,0.38816055696798085,7.62323124870712,5.735070691739138,False,150,5000
5,7,-1,False,,,13.269186539546,0,0,-0.7230718267390919,9.594597909508437,8.817669736247527,False,150,5001
6,0,1,False,,,22.86528367133207,0,0,-3.64537480276382,9.382278634163663,11.527653436927503,False,150,6000
6,0,1,False,,,22.102184183098238,0,0,-4.066925320385815,8.535074755138247,11.102000075524083,False,150,6001
6,0,-1,False,,,27.753712697932393,0,0,-0.7842650573505483,9.382278634163663,8.66654369151421,False,150,6000
6,0,-1,False,,,22.054027236818893,0,0,-0.5836087746411018,8.535074755138247,7.618683529779347,False,150,6001
6,1,1,False,,,25.76591061527934,0,0,-3.005763527880884,9.382278634163663,10.888042162044567,False,150,6000
6,1,1,False,,,25.878527186961744,0,0,-5.175948074431443,8.535074755138247,12.21102282956971,False,150,6001
6,1,-1,False,,,24.79430650459945,0,0,-1.1154797004538959,9.382278634163663,8.997758334617558,False,150,6000
6,1,-1,False,,,26.804173044936494,0,0,-1.4726282291568888,8.535074755138247,8.507702984295134,False,150,6001
6,2,1,False,,,19.035570642009024,0,0,-2.6959590509514646,9.382278634163663,10.578237685115132,False,150,6000
6,2,1,False,,,18.988667192266103,0,0,-2.97122005053333,8.535074755138247,10.006294805671585,False,150,6001
6,2,-1,False,,,15.153374279947549,0,0,-8.880893236870573,9.382278634163663,16.76317187103426,False,150,6000
6,2,-1,False,,,16.879601871886635,0,0,-9.42978094777776,8.535074755138247,16.46485570291603,False,150,6001
6,3,1,False,,,14.587674746202353,0,0,-0.7519572591726007,9.382278634163663,8.634235893336266,False,150,6000
6,3,1,False,,,15.268897787887596,0,0,-1.4515219376738664,8.535074755138247,8.486596692812112,False,150,6001
6,3,-1,False,,,27.075509396902067,0,0,2.6793471353864673,9.382278634163663,5.202931498777196,False,150,6000
6,3,-1,False,,,27.90083954252512,0,0,-1.9842179777402482,8.535074755138247,9.019292732878512,False,150,6001
6,4,1,False,,,17.939399050664118,0,0,-1.3835399320740536,9.382278634163663,9.265818566237716,False,150,6000
6,4,1,False,,,14.881320009353473,0,0,-4.541284372129291,8.535074755138247,11.576359127267555,False,150,6001
6,4,-1,False,,,19.115846420146635,0,0,-5.437828177415153,9.382278634163663,13.320106811578837,False,150,6000
6,4,-1,False,,,23.911631495529257,0,0,-5.718761230188779,8.535074755138247,12.753835985327047,False,150,6001
6,5,1,False,,,16.17677743641099,0,0,-1.524596107289246,9.382278634163663,9.406874741452908,False,150,6000
6,5,1,False,,,17.082019184454154,0,0,-0.9623321322850806,8.535074755138247,7.997406887423327,False,150,6001
6,5,-1,False,,,18.601951554295184,0,0,-11.017401310800823,9.382278634163663,18.89967994496451,False,150,6000
6,5,-1,False,,,25.72234590439035,0,0,-10.777238737418024,8.535074755138247,17.812313492556296,False,150,6001
6,6,1,False,,,18.911196325856295,0,0,-4.265991816268888,9.382278634163663,12.148270450432566,False,150,6000
6,6,1,False,,,19.809463738160446,0,0,-5.100610828927193,8.535074755138247,12.135685584065458,False,150,6001
6,6,-1,False,,,17.56872551697233,0,0,-0.7689035393796348,9.382278634163663,8.651182173543297,False,150,6000
6,6,-1,False,,,24.327617467262293,0,0,-2.0481785314033685,8.535074755138247,9.08325328654162,False,150,6001
6,7,1,False,,,27.61271869933027,0,0,3.3021741263433464,9.382278634163663,4.580104507820319,False,150,6000
6,7,1,False,,,28.19456892431271,0,0,5.024466581585906,8.535074755138247,2.0106081735523427,False,150,6001
6,7,-1,False,,,26.605890611076827,0,0,1.7916648728817919,9.382278634163663,6.090613761281871,False,150,6000
6,7,-1,False,,,27.42189774696425,0,0,-5.123052396552962,8.535074755138247,12.158127151691232,False,150,6001
7,0,1,False,,,24.287382666541788,0,0,0.9583210779899209,9.79980101121602,7.341479933226116,False,150,7000
7,0,1,False,,,9.14179542317612,0,0,-1.8224646003522402,8.56184524469918,8.884309845051419,False,150,7001
7,0,-1,False,,,23.692298461689933,0,0,5.4520752436166235,9.79980101121602,2.8477257675994023,False,150,7000
7,0,-1,False,,,27.64236384687496,0,0,1.46587415998103,8.56184524469918,5.5959710847181485,False,150,7001
7,1,1,True,68,1.36,15.506145507277367,0,0,18.221944620680645,9.79980101121602,0.8978563905353822,False,68,7000
7,1,1,False,,,30.397159599597668,0,0,-0.9599742134837388,8.56184524469918,8.021819458182934,False,150,7001
7,1,-1,True,125,2.5,23.90427979060804,0,0,17.72408584710657,9.79980101121602,0.82571516410946,False,125,7000
7,1,-1,False,,,28.63292898848644,0,0,1.9035459757712327,8.56184524469918,5.158299268927946,False,150,7001
7,2,1,False,,,26.11319873175298,0,0,3.550932255843045,9.79980101121602,4.748868755372987,False,150,7000
7,2,1,False,,,10.371645571746226,0,0,-3.8357001283129475,8.56184524469918,10.897545373012147,False,150,7001
7,2,-1,True,95,1.9000000000000001,19.98754472536944,0,0,17.891040910222088,9.79980101121602,0.958760100993937,False,95,7000
7,2,-1,False,,,17.76765032821049,0,0,-1.6452482639751382,8.56184524469918,8.707093508674317,False,150,7001
7,3,1,False,,,27.52207577057859,0,0,1.5565379555707912,9.79980101121602,6.743263055645242,False,150,7000
7,3,1,False,,,12.125348188362715,0,0,-2.7825751152104328,8.56184524469918,9.844420359909629,False,150,7001
7,3,-1,True,79,1.58,18.85499296772492,0,0,18.12015197147784,9.79980101121602,0.889649039738186,False,79,7000
7,3,-1,False,,,23.77386232446578,0,0,0.0965472388025981,8.56184524469918,6.965298005896586,False,150,7001
7,4,1,True,78,1.56,17.29095702298879,0,0,18.05362439057538,9.79980101121602,0.9661766206406498,False,78,7000
7,4,1,False,,,27.405033908118117,0,0,-10.746999357946189,8.56184524469918,17.808844602645394,False,150,7001
7,4,-1,False,,,20.03196286613293,0,0,-0.9628780660497673,9.79980101121602,9.262679077265787,False,150,7000
7,4,-1,False,,,15.432634407473357,0,0,-3.286789145694346,8.56184524469918,10.348634390393535,False,150,7001
7,5,1,True,112,2.24,20.017889808857877,0,0,17.726536351477932,9.79980101121602,0.9532646597380939,False,112,7000
7,5,1,False,,,4.663988312925138,0,0,-1.1682461658080987,8.56184524469918,8.230091410507278,False,150,7001
7,5,-1,False,,,20.244844595955538,0,0,0.28848854135262303,9.79980101121602,8.011312469863396,False,150,7000
7,5,-1,False,,,25.898439925218987,0,0,0.1400204442976176,8.56184524469918,6.921824800401562,False,150,7001
7,6,1,False,,,23.67172794728305,0,0,4.930304613791562,9.79980101121602,3.369496397424463,False,150,7000
7,6,1,False,,,23.243699574981456,0,0,1.3989129016002355,8.56184524469918,5.6629323430989436,False,150,7001
7,6,-1,True,75,1.5,16.556754887667935,0,0,18.051314176642713,9.79980101121602,0.9984868345733122,False,75,7000
7,6,-1,False,,,15.120930621905531,0,0,-3.0584937026322168,8.56184524469918,10.120338947331405,False,150,7001
7,7,1,False,,,28.73260641402667,0,0,3.8115606792329046,9.79980101121602,4.4882403319831266,False,150,7000
7,7,1,False,,,23.636521788877868,0,0,-3.1316472321992785,8.56184524469918,10.193492476898479,False,150,7001
7,7,-1,False,,,20.33965549180124,0,0,4.0454050665618775,9.79980101121602,4.254395944654169,False,150,7000
7,7,-1,False,,,17.397173887435812,0,0,2.503006906170972,8.56184524469918,4.5588383385282345,False,150,7001
8,0,1,False,,,19.17759674390363,0,0,-1.633038075643505,7.065058865897444,7.198096941540948,False,150,8000
8,0,1,False,,,14.402713042616476,0,0,-2.215447085425003,8.352367173194459,9.067814258619464,False,150,8001
8,0,-1,False,,,28.37525896084417,0,0,-1.4055286319375744,7.065058865897444,6.970587497835038,False,150,8000
8,0,-1,True,86,1.72,16.961833848855303,0,0,16.54118108438665,8.352367173194459,0.9511860888078134,False,86,8001
8,1,1,False,,,25.887610303754375,0,0,-1.6437707781341355,7.065058865897444,7.20882964403158,False,150,8000
8,1,1,False,,,24.96378157289977,0,0,3.04817324785425,8.352367173194459,3.8041939253402193,False,150,8001
8,1,-1,False,,,20.61830110426868,0,0,-6.722476962195402,7.065058865897444,12.28753582809287,False,150,8000
8,1,-1,True,60,1.2,16.037681735418623,0,0,16.77274479983861,8.352367173194459,0.9796223733558515,False,60,8001
8,2,1,False,,,26.946283119934385,0,0,-6.716541331069888,7.065058865897444,12.281600196967355,False,150,8000
8,2,1,True,71,1.42,14.89767863652985,0,0,16.680563878313226,8.352367173194459,0.9618032948812323,False,71,8001
8,2,-1,False,,,17.797130267350195,0,0,-0.13512696234456112,7.065058865897444,5.700185828242004,False,150,8000
8,2,-1,False,,,27.4189671495415,0,0,1.8963847302036378,8.352367173194459,4.955982442990844,False,150,8001
8,3,1,False,,,27.618618373874153,0,0,-2.863083958926439,7.065058865897444,8.428142824823901,False,150,8000
8,3,1,True,79,1.58,15.594161054329305,0,0,16.611864149916865,8.352367173194459,0.9505030232775972,False,79,8001
8,3,-1,False,,,18.76404832285452,0,0,-3.8522896654197227,7.065058865897444,9.41734853131718,False,150,8000
8,3,-1,False,,,14.167433605896358,0,0,-3.9124872990490616,8.352367173194459,10.764854472243542,False,150,8001
8,4,1,False,,,18.230737962915693,0,0,-5.560263063380046,7.065058865897444,11.125321929277506,False,150,8000
8,4,1,False,,,29.99256188999805,0,0,1.2183924671345154,8.352367173194459,5.633974706059953,False,150,8001
8,4,-1,False,,,28.900558477835435,0,0,4.268046409893939,7.065058865897444,1.2970124560035068,False,150,8000
8,4,-1,False,,,22.165827603820603,0,0,1.8130711342799368,8.352367173194459,5.039296038914521,False,150,8001
8,5,1,False,,,21.788465909310613,0,0,-0.20326478866409675,7.065058865897444,5.76832365456154,False,150,8000
8,5,1,True,92,1.84,16.515713375686424,0,0,16.552388860633222,8.352367173194459,0.8799783125612417,False,92,8001
8,5,-1,False,,,29.438365034386273,0,0,0.288324953971006,7.065058865897444,5.276733911926453,False,150,8000
8,5,-1,False,,,32.503361447994614,0,0,-2.3426518054019674,8.352367173194459,9.195018978596432,False,150,8001
8,6,1,False,,,25.090887170291825,0,0,4.185357361033039,7.065058865897444,1.3797015048644128,False,150,8000
8,6,1,False,,,25.818481652186822,0,0,3.4841804867655544,8.352367173194459,3.3681866864289107,False,150,8001
8,6,-1,False,,,12.837757693053502,0,0,0.6699501584389971,7.065058865897444,4.895108707458448,False,150,8000
8,6,-1,False,,,13.375538471299915,0,0,-1.0056509152327402,8.352367173194459,7.858018088427198,False,150,8001
8,7,1,False,,,19.539609222170068,0,0,-3.538118072363285,7.065058865897444,9.103176938260736,False,150,8000
8,7,1,True,85,1.7,17.436204624010024,0,0,16.52892069996619,8.352367173194459,0.9734464732282726,False,85,8001
8,7,-1,False,,,8.070332303879791,0,0,-1.5084755596522532,7.065058865897444,7.073534425549696,False,150,8000
8,7,-1,True,84,1.68,16.223412531382728,0,0,16.52311434122518,8.352367173194459,0.9892528319692818,False,84,8001
9,0,1,False,,,24.05203045105334,0,0,2.2578387376678184,6.213834704363471,2.4559959666956623,False,150,9000
9,0,1,False,,,22.25231525932407,0,0,0.3174022045874494,9.5065292781639,7.689127073576449,False,150,9001
9,0,-1,False,,,28.52483961036945,0,0,-12.929650568048693,6.213834704363471,17.64348527241219,False,150,9000
9,0,-1,False,,,28.047023016988973,0,0,-9.62850402046378,9.5065292781639,17.635033298627697,False,150,9001
9,1,1,False,,,27.371365779222632,0,0,-1.1334556123307304,6.213834704363471,5.847290316694205,False,150,9000
9,1,1,False,,,26.639186773289342,0,0,-7.013649319636515,9.5065292781639,15.02017859780043,False,150,9001
9,1,-1,False,,,19.229472246548468,0,0,2.95394689697842,6.213834704363471,1.7598878073850555,False,150,9000
9,1,-1,False,,,8.590502946197375,0,0,-2.5234965212623304,9.5065292781639,10.530025799426237,False,150,9001
9,2,1,False,,,27.521415620790155,0,0,1.9691241827258943,6.213834704363471,2.7447105216375753,False,150,9000
9,2,1,False,,,31.873513435993576,0,0,3.6242120337865886,9.5065292781639,4.382317244377324,False,150,9001
9,2,-1,False,,,29.545058844857245,0,0,-7.664387269596519,6.213834704363471,12.378221973960013,False,150,9000
9,2,-1,False,,,27.911905982581008,0,0,-4.097723460281666,9.5065292781639,12.104252738445572,False,150,9001
9,3,1,False,,,18.08686505609352,0,0,0.834417430834557,6.213834704363471,3.879417273528913,False,150,9000
9,3,1,False,,,26.247994253358655,0,0,3.6880421474110934,9.5065292781639,4.318487130752821,False,150,9001
9,3,-1,False,,,25.908551527681755,0,0,-5.787963051902359,6.213834704363471,10.501797756265852,False,150,9000
9,3,-1,False,,,25.66080532380075,0,0,-3.973965532206562,9.5065292781639,11.980494810370471,False,150,9001
9,4,1,False,,,21.334377377034155,0,0,-4.21249637594428,6.213834704363471,8.926331080307765,False,150,9000
9,4,1,False,,,25.840382500492634,0,0,-9.880127014191883,9.5065292781639,17.8866562923558,False,150,9001
9,4,-1,False,,,25.92568720235341,0,0,-0.032619757412460385,6.213834704363471,4.74645446177593,False,150,9000
9,4,-1,False,,,25.777400433421203,0,0,0.7588354882797244,9.5065292781639,7.247693789884174,False,150,9001
9,5,1,False,,,26.29173393008225,0,0,0.40060432336907736,6.213834704363471,4.313230380994392,False,150,9000
9,5,1,False,,,25.228951439325154,0,0,-6.288190423635994,9.5065292781639,14.294719701799906,False,150,9001
9,5,-1,False,,,7.103867458603567,0,0,-0.7451282854234941,6.213834704363471,5.458962989786964,False,150,9000
9,5,-1,False,,,22.7599920759625,0,0,6.497090883831053,9.5065292781639,1.5094383943328546,False,150,9001
9,6,1,False,,,18.92117553620599,0,0,-3.494046106951271,6.213834704363471,8.20788081131476,False,150,9000
9,6,1,False,,,24.714378337623213,0,0,3.7235868432521864,9.5065292781639,4.2829424349117335,False,150,9001
9,6,-1,False,,,18.201120816548816,0,0,-3.718468732466129,6.213834704363471,8.432303436829619,False,150,9000
9,6,-1,False,,,22.955284155233976,0,0,-4.487412261976375,9.5065292781639,12.493941540140286,False,150,9001
9,7,1,False,,,6.371353379540242,0,0,-2.016241744532861,6.213834704363471,6.730076448896331,False,150,9000
9,7,1,False,,,6.868457710889298,0,0,-1.1320485953268087,9.5065292781639,9.138577873490707,False,150,9001
9,7,-1,False,,,28.540733306812026,0,0,3.1010019796319392,6.213834704363471,1.6128327247315348,False,150,9000
9,7,-1,False,,,26.727934451358816,0,0,-4.331971005005367,9.5065292781639,12.338500283169282,False,150,9001
10,0,1,False,,,30.163625491301367,0,0,3.4699511194234502,7.205332057292296,2.235380937868849,False,150,10000
10,0,1,False,,,25.556886410327625,0,0,-1.3347073365091204,8.239471254259945,8.074178590769064,False,150,10001
10,0,-1,False,,,12.152336781894677,0,0,-3.3849051748670274,7.205332057292296,9.09023723215934,False,150,10000
10,0,-1,False,,,21.683717573371446,0,0,-7.801456452790173,8.239471254259945,14.540927707050141,False,150,10001
10,1,1,False,,,23.604127918782257,0,0,-1.5642975112572146,7.205332057292296,7.269629568549509,False,150,10000
10,1,1,False,,,29.46834909202002,0,0,3.265526187698955,8.239471254259945,3.4739450665609914,False,150,10001
10,1,-1,False,,,25.42089900147738,0,0,-8.745901297992503,7.205332057292296,14.451233355284819,False,150,10000
10,1,-1,False,,,20.552244914389348,0,0,-8.409483717780521,8.239471254259945,15.148954972040489,False,150,10001
10,2,1,False,,,28.921034386088735,0,0,-1.8940385781749287,7.205332057292296,7.599370635467237,False,150,10000
10,2,1,False,,,32.36634818434101,0,0,4.198622659846579,8.239471254259945,2.540848594413366,False,150,10001
10,2,-1,False,,,21.994703086356484,0,0,-0.71845253709762,7.205332057292296,6.423784594389915,False,150,10000
10,2,-1,False,,,13.110592481598035,0,0,1.5497521530599743,8.239471254259945,5.18971910119998,False,150,10001
10,3,1,False,,,28.902399944573983,0,0,3.4242202598896636,7.205332057292296,2.2811117974026343,False,150,10000
10,3,1,False,,,30.082912428884487,0,0,2.378117033356702,8.239471254259945,4.361354220903243,False,150,10001
10,3,-1,False,,,7.328042505055987,0,0,-1.4990344136565197,7.205332057292296,7.204366470948814,False,150,10000
10,3,-1,False,,,11.86103643374515,0,0,-4.640908577106394,8.239471254259945,11.380379831366357,False,150,10001
10,4,1,False,,,29.596339375787817,0,0,-0.7345185225277213,7.205332057292296,6.4398505798200265,False,150,10000
10,4,1,False,,,31.466357040959263,0,0,4.111004094523469,8.239471254259945,2.6284671597364784,False,150,10001
10,4,-1,False,,,9.237161286927545,0,0,-0.5263723582779354,7.205332057292296,6.23170441557023,False,150,10000
10,4,-1,False,,,6.000015303260345,0,0,-0.6348412236289456,8.239471254259945,7.374312477888889,False,150,10001
10,5,1,False,,,27.406279596756708,0,0,-0.36256288479861554,7.205332057292296,6.06789494209091,False,150,10000
10,5,1,False,,,30.20845436228883,0,0,3.947070438024665,8.239471254259945,2.7924008162352836,False,150,10001
10,5,-1,False,,,7.511164317357537,0,0,-1.5274053209498089,7.205332057292296,7.232737378242104,False,150,10000
10,5,-1,False,,,16.145840337884483,0,0,-6.167548303193335,8.239471254259945,12.9070195574533,False,150,10001
10,6,1,False,,,23.271117509381412,0,0,-6.810072023003079,7.205332057292296,12.5154040802954,False,150,10000
10,6,1,False,,,29.753350571550573,0,0,-10.647942649782257,8.239471254259945,17.387413904042226,False,150,10001
10,6,-1,False,,,29.617477035143786,0,0,0.1619739008303838,7.205332057292296,5.5433581564619105,False,150,10000
10,6,-1,False,,,27.314142432192675,0,0,-0.06378549163958741,8.239471254259945,6.803256745899531,False,150,10001
10,7,1,False,,,0.5496870348658505,0,0,-1.4182390997180463,7.205332057292296,7.123571157010341,False,150,10000
10,7,1,False,,,6.408140183592515,0,0,-1.3723112252211636,8.239471254259945,8.111782479481107,False,150,10001
10,7,-1,False,,,28.85567464911482,0,0,3.801860141180957,7.205332057292296,1.9034719161113391,False,150,10000
10,7,-1,False,,,24.379340081660885,0,0,0.7442481125921643,8.239471254259945,5.995223141667779,False,150,10001
11,0,1,False,,,30.551801516920143,0,0,-2.901021074920065,10.245588021782284,11.646609096702354,False,150,11000
11,0,1,False,,,30.630845672255436,0,0,-1.5534591226139312,7.982600126952775,8.036059249566705,False,150,11001
11,0,-1,False,,,25.03583210389361,0,0,2.807217972559916,10.245588021782284,5.93837004922239,False,150,11000
11,0,-1,False,,,24.556373735467606,0,0,2.190881659215796,7.982600126952775,4.29171846773698,False,150,11001
11,1,1,False,,,28.062705707362795,0,0,-0.7190211836942644,10.245588021782284,9.464609205476547,False,150,11000
11,1,1,True,97,1.94,20.33856083286049,0,0,16.09646272860717,7.982600126952775,0.9161373983456071,False,97,11001
11,1,-1,False,,,22.5410034993189,0,0,-0.19124776995205167,10.245588021782284,8.936835791734339,False,150,11000
11,1,-1,False,,,29.042149299700615,0,0,-3.61741694292862,7.982600126952775,10.1000170698814,False,150,11001
11,2,1,False,,,27.852616808769202,0,0,-2.5850820485047317,10.245588021782284,11.330670070287018,False,150,11000
11,2,1,True,99,1.98,21.022760791588407,0,0,16.196922384051668,7.982600126952775,0.7956777429011117,False,99,11001
11,2,-1,False,,,18.755046730453518,0,0,3.462416182482512,10.245588021782284,5.283171839299779,False,150,11000
11,2,-1,False,,,23.755693405177503,0,0,1.9637187311403732,7.982600126952775,4.518881395812405,False,150,11001
11,3,1,False,,,46.35520143878423,0,0,-11.296864285018284,10.245588021782284,20.04245230680058,False,150,11000
11,3,1,False,,,43.40120836903953,0,0,-14.903670453936146,7.982600126952775,21.38627058088894,False,150,11001
11,3,-1,False,,,27.465383764247708,0,0,2.7631871212040915,10.245588021782284,5.982400900578219,False,150,11000
11,3,-1,False,,,26.894634129194717,0,0,-0.19739395861463072,7.982600126952775,6.6799940855674045,False,150,11001
11,4,1,False,,,23.43908122593493,0,0,3.982596601956847,10.245588021782284,4.762991419825455,False,150,11000
11,4,1,False,,,23.681188733344868,0,0,2.735373346641993,7.982600126952775,3.7472267803107955,False,150,11001
11,4,-1,False,,,26.56698465562929,0,0,-2.2159383018220815,10.245588021782284,10.961526323604366,False,150,11000
11,4,-1,False,,,28.094717119910502,0,0,5.132873342082681,7.982600126952775,1.3497267848701038,False,150,11001
11,5,1,False,,,25.8613429844241,0,0,-0.6584588162479732,10.245588021782284,9.404046838030256,False,150,11000
11,5,1,True,102,2.04,20.848542383088528,0,0,16.06240487980187,7.982600126952775,0.9001952471509084,False,102,11001
11,5,-1,False,,,19.525499704111464,0,0,3.894106288471768,10.245588021782284,4.851481733310534,False,150,11000
11,5,-1,False,,,26.634293191632853,0,0,1.2632186471384854,7.982600126952775,5.219381479814292,False,150,11001
11,6,1,False,,,28.014624281713125,0,0,3.120537859947972,10.245588021782284,5.625050161834335,False,150,11000
11,6,1,False,,,21.425372100581274,0,0,2.4804438241032356,7.982600126952775,4.00215630284954,False,150,11001
11,6,-1,False,,,34.091103851471466,0,0,-3.1313933726984633,10.245588021782284,11.876981394480758,False,150,11000
11,6,-1,False,,,31.317024776021903,0,0,-9.871496123136694,7.982600126952775,16.354096250089487,False,150,11001
11,7,1,False,,,19.810383992229887,0,0,3.2261345102720904,10.245588021782284,5.519453511510205,False,150,11000
11,7,1,False,,,24.777733611751156,0,0,5.026522551800184,7.982600126952775,1.4560775751525976,False,150,11001
11,7,-1,False,,,29.049660111586018,0,0,-4.2049028532937225,10.245588021782284,12.950490875076014,False,150,11000
11,7,-1,False,,,28.372365584810016,0,0,-0.2356648587276428,7.982600126952775,6.718264985680417,False,150,11001
12,0,1,False,,,27.467634624436435,0,0,6.022391916904256,9.403375205303199,1.8809832883989497,False,150,12000
12,0,1,False,,,28.181273259166502,0,0,3.526652146346259,7.790044025372896,2.763391879026638,False,150,12001
12,0,-1,False,,,29.223847627053818,0,0,2.5352684153387166,9.403375205303199,5.368106789964486,False,150,12000
12,0,-1,False,,,29.634575779110584,0,0,4.940479696100733,7.790044025372896,1.349564329272164,False,150,12001
12,1,1,True,134,2.68,25.77385639862017,0,0,17.076469949181767,9.403375205303199,0.9869052561214402,False,134,12000
12,1,1,False,,,21.62504372689388,0,0,2.4486411278456117,7.790044025372896,3.8414028975272836,False,150,12001
12,1,-1,False,,,28.33579968518844,0,0,4.67098341622343,9.403375205303199,3.2323917890797795,False,150,12000
12,1,-1,False,,,29.222998262079287,0,0,0.09107918823936978,7.790044025372896,6.19896483713354,False,150,12001
12,2,1,False,,,27.79873531513921,0,0,4.170428472058012,9.403375205303199,3.7329467332452047,False,150,12000
12,2,1,False,,,29.431596916528648,0,0,-9.886177046125457,7.790044025372896,16.17622107149838,False,150,12001
12,2,-1,True,125,2.5,23.871730179615078,0,0,17.23512706440022,9.403375205303199,0.9182481409029855,False,125,12000
12,2,-1,False,,,18.148463734834202,0,0,1.4669953613085487,7.790044025372896,4.823048664064346,False,150,12001
12,3,1,False,,,29.673328874759267,0,0,2.9906444898999434,9.403375205303199,4.912730715403277,False,150,12000
12,3,1,False,,,14.6565547320694,0,0,-4.7947629886989915,7.790044025372896,11.084807014071906,False,150,12001
12,3,-1,False,,,29.333956236897954,0,0,4.547157172815657,9.403375205303199,3.356218032487553,False,150,12000
12,3,-1,False,,,28.802911429742323,0,0,3.0928237956203946,7.790044025372896,3.1972202297525025,False,150,12001
12,4,1,True,130,2.6,24.620985749457137,0,0,17.22177462395021,9.403375205303199,0.8816005813529952,False,130,12000
12,4,1,False,,,24.489625268547154,0,0,1.2927290693993956,7.790044025372896,4.997314955973499,False,150,12001
12,4,-1,False,,,27.419864313668572,0,0,6.87584017342891,9.403375205303199,1.0275350318742984,False,150,12000
12,4,-1,False,,,29.689332017494326,0,0,4.249715333413352,7.790044025372896,2.0403286919595423,False,150,12001
12,5,1,False,,,28.212169933553973,0,0,3.4475009874314964,9.403375205303199,4.4558742178717194,False,150,12000
12,5,1,False,,,29.187731397446257,0,0,2.099969575091277,7.790044025372896,4.190074450281618,False,150,12001
12,5,-1,False,,,27.481740238879826,0,0,5.422181843129607,9.403375205303199,2.4811933621735953,False,150,12000
12,5,-1,False,,,27.438643598607218,0,0,0.8628541222166417,7.790044025372896,5.427189903156264,False,150,12001
12,6,1,False,,,27.573605852393307,0,0,-0.050142092420436726,9.403375205303199,7.953517297723635,False,150,12000
12,6,1,False,,,36.4010299989924,0,0,-2.690744684850811,7.790044025372896,8.980788710223711,False,150,12001
12,6,-1,False,,,29.804748325592506,0,0,6.025940015209724,9.403375205303199,1.877435190093482,False,150,12000
12,6,-1,False,,,18.48485898765725,0,0,1.5308718889759283,7.790044025372896,4.759172136396979,False,150,12001
12,7,1,False,,,27.13685903125974,0,0,6.717735389726709,9.403375205303199,1.1856398155764973,False,150,12000
12,7,1,True,141,2.82,27.95155387791926,0,0,15.468851186631714,7.790044025372896,0.9111928387411851,False,141,12001
12,7,-1,False,,,28.30119396492306,0,0,5.8726572098464995,9.403375205303199,2.030717995456704,False,150,12000
12,7,-1,False,,,22.261424101943774,0,0,-4.503261151750745,7.790044025372896,10.793305177123655,False,150,12001
13,0,1,True,62,1.24,12.469729020759617,0,0,15.356208660666152,6.96214105719718,0.9859323965310312,False,62,13000
13,0,1,False,,,29.55196477326073,0,0,-1.165676182884677,9.169428332018564,8.83510451490324,False,150,13001
13,0,-1,False,,,23.073080458710855,0,0,1.859749907151308,6.96214105719718,3.602391150045874,False,150,13000
13,0,-1,False,,,24.166669328878072,0,0,0.8699509605930069,9.169428332018564,6.799477371425556,False,150,13001
13,1,1,False,,,26.788306620368182,0,0,0.5432222971851632,6.96214105719718,4.918918760012022,False,150,13000
13,1,1,False,,,33.71809168336741,0,0,5.252889660740877,9.169428332018564,2.416538671277688,False,150,13001
13,1,-1,True,58,1.16,12.48327347259457,0,0,15.504403172994587,6.96214105719718,0.8777378842025964,False,58,13000
13,1,-1,False,,,31.71522156860146,0,0,0.9072364858433921,9.169428332018564,6.76219184617517,False,150,13001
13,2,1,False,,,29.555190474871427,0,0,3.951378968724819,6.96214105719718,1.5107620884723676,False,150,13000
13,2,1,False,,,30.99067596946566,0,0,2.173346672969042,9.169428332018564,5.496081659049524,False,150,13001
13,2,-1,True,68,1.36,12.667888984904865,0,0,15.39578712778308,6.96214105719718,0.8863539294141038,False,68,13000
13,2,-1,False,,,23.02304318372428,0,0,1.6180974755372366,9.169428332018564,6.051330856481326,False,150,13001
13,3,1,False,,,28.106675513325715,0,0,3.693758997379349,6.96214105719718,1.768382059817837,False,150,13000
13,3,1,False,,,29.84603213735496,0,0,3.050191305246167,9.169428332018564,4.619237026772408,False,150,13001
13,3,-1,True,79,1.58,14.441310733040078,0,0,15.265244790045294,6.96214105719718,0.9068962671518881,False,79,13000
13,3,-1,False,,,28.295334385938393,0,0,-8.650270730807113,9.169428332018564,16.3196990628257,False,150,13001
13,4,1,True,70,1.4000000000000001,13.284195259843813,0,0,15.263725035312973,6.96214105719718,0.9984160218842111,False,70,13000
13,4,1,False,,,36.54245844636105,0,0,5.982562673731074,9.169428332018564,1.686865658287493,False,150,13001
13,4,-1,False,,,27.496391179744673,0,0,0.49236484459335705,6.96214105719718,4.969776212603822,False,150,13000
13,4,-1,False,,,30.289403646506493,0,0,-1.124509315996082,9.169428332018564,8.793937648014644,False,150,13001
13,5,1,False,,,23.42113068329658,0,0,3.6623769205494767,6.96214105719718,1.7997641366477137,False,150,13000
13,5,1,False,,,43.859507260713976,0,0,-1.387200299110908,9.169428332018564,9.05662863112947,False,150,13001
13,5,-1,False,,,36.41338802333885,0,0,2.3208120100295826,6.96214105719718,3.1413290471676047,False,150,13000
13,5,-1,False,,,29.696343329180397,0,0,-10.156990433008032,9.169428332018564,17.826418765026617,False,150,13001
13,6,1,True,58,1.16,12.076240828436365,0,0,15.451270322940921,6.96214105719718,0.9308707342562602,False,58,13000
13,6,1,False,,,25.65337687477039,0,0,1.6539931156599832,9.169428332018564,6.015435216358579,False,150,13001
13,6,-1,True,129,2.58,24.65565329085319,0,0,14.749833070095228,6.96214105719718,0.9223079871019587,False,129,13000
13,6,-1,False,,,29.25488602691486,0,0,5.641411488292199,9.169428332018564,2.0280168437263684,False,150,13001
13,7,1,False,,,27.59431767691951,0,0,-0.7052963001070709,6.96214105719718,6.167437357304259,False,150,13000
13,7,1,False,,,29.661917712135814,0,0,-0.5332073770279351,9.169428332018564,8.202635709046511,False,150,13001
13,7,-1,True,71,1.42,13.197396708985417,0,0,15.355361750990433,6.96214105719718,0.8967793062067495,False,71,13000
13,7,-1,False,,,12.302904527468003,0,0,-3.5718241675920495,9.169428332018564,11.241252499610622,False,150,13001
14,0,1,False,,,34.89636162873254,0,0,4.515305433267706,8.728367276795208,2.7130618435275093,False,150,14000
14,0,1,False,,,34.569431583392195,0,0,4.210596613782619,8.691258881274782,2.980662267492165,False,150,14001
14,0,-1,True,145,2.9,27.07446252318898,0,0,16.38276520801495,8.728367276795208,0.8956020687802726,False,145,14000
14,0,-1,False,,,31.31848223101798,0,0,2.7331978382693043,8.691258881274782,4.458061043005481,False,150,14001
14,1,1,False,,,30.018632565431613,0,0,1.3702817826453175,8.728367276795208,5.858085494149889,False,150,14000
14,1,1,False,,,30.810716264471722,0,0,2.3990908340603543,8.691258881274782,4.7921680472144335,False,150,14001
14,1,-1,False,,,28.76295408098754,0,0,4.484769173194032,8.728367276795208,2.743598103601182,False,150,14000
14,1,-1,False,,,22.32702761841661,0,0,-3.993633184103608,8.691258881274782,11.1848920653784,False,150,14001
14,2,1,False,,,31.736593372228675,0,0,0.538227948923435,8.728367276795208,6.690139327871772,False,150,14000
14,2,1,False,,,29.807919108201887,0,0,1.6031425491214863,8.691258881274782,5.588116332153302,False,150,14001
14,2,-1,False,,,24.843145696461203,0,0,5.307290010918792,8.728367276795208,1.9210772658764264,False,150,14000
14,2,-1,False,,,18.982187505493496,0,0,1.0695089547119454,8.691258881274782,6.121749926562836,False,150,14001
14,3,1,True,107,2.14,19.46179959787263,0,0,16.86956808024034,8.728367276795208,0.7887991965548712,False,107,14000
14,3,1,False,,,32.132928078543564,0,0,5.93826888205266,8.691258881274782,1.2529899992221236,False,150,14001
14,3,-1,False,,,24.87372948136021,0,0,5.226759158896932,8.728367276795208,2.001608117898286,False,150,14000
14,3,-1,False,,,25.884516408128142,0,0,-0.18218620118084372,8.691258881274782,7.373445082455625,False,150,14001
14,4,1,False,,,28.98540583752202,0,0,4.177554720449428,8.728367276795208,3.0508125563458006,False,150,14000
14,4,1,False,,,34.332281225222715,0,0,4.198780812079484,8.691258881274782,2.9924780691953003,False,150,14001
14,4,-1,True,103,2.06,18.791810452277094,0,0,16.863901802390103,8.728367276795208,0.8344654744051107,False,103,14000
14,4,-1,False,,,26.41203460903091,0,0,0.9891768694450718,8.691258881274782,6.2020820118297095,False,150,14001
14,5,1,False,,,28.001934286493285,0,0,4.981544741135482,8.728367276795208,2.246822535659735,False,150,14000
14,5,1,False,,,25.925063354023607,0,0,1.8532271640274443,8.691258881274782,5.33803171724734,False,150,14001
14,5,-1,True,103,2.06,19.020279366548905,0,0,16.901755394326173,8.728367276795208,0.7966118824690392,False,103,14000
14,5,-1,False,,,30.590638279495963,0,0,1.849051883485168,8.691258881274782,5.342206997789621,False,150,14001
14,6,1,True,99,1.98,18.69774476434913,0,0,16.914979306881637,8.728367276795208,0.8233879699135753,False,99,14000
14,6,1,True,117,2.34,23.362114563994947,0,0,16.643079128317474,8.691258881274782,0.8781797529573144,False,117,14001
14,6,-1,False,,,22.546882802951924,0,0,1.670502625212057,8.728367276795208,5.55786465158315,False,150,14000
14,6,-1,False,,,25.929579612529654,0,0,-5.078619035960537,8.691258881274782,12.269877917235334,False,150,14001
14,7,1,True,86,1.72,16.926518421444968,0,0,17.093417299930334,8.728367276795208,0.7749499768648783,False,86,14000
14,7,1,True,112,2.24,22.733161296900036,0,0,16.678326769794936,8.691258881274782,0.892932111479851,False,112,14001
14,7,-1,False,,,27.44342408738971,0,0,5.1622543799955025,8.728367276795208,2.0661128967997118,False,150,14000
14,7,-1,False,,,30.558553992518107,0,0,-0.2534447927136019,8.691258881274782,7.444703673988383,False,150,14001
15,0,1,False,,,31.66455708675359,0,0,0.596732375001046,7.4152043116096715,5.318471936608624,False,150,15000
15,0,1,False,,,29.510788071251504,0,0,2.797532527736989,7.29733786931187,2.9998053415748824,False,150,15001
15,0,-1,False,,,30.353325599951535,0,0,3.9825581150049474,7.4152043116096715,1.9326461966047288,False,150,15000
15,0,-1,True,144,2.88,28.024163578251503,0,0,14.864110824352359,7.29733786931187,0.9932270449595186,False,144,15001
15,1,1,True,127,2.54,25.05639599227147,0,0,15.195017773364336,7.4152043116096715,0.9501865382453387,False,127,15000
15,1,1,True,119,2.38,21.31997889295633,0,0,15.13167849439834,7.29733786931187,0.9756593749135393,False,119,15001
15,1,-1,False,,,25.645839509654607,0,0,-1.3445669665114375,7.4152043116096715,7.259771278121124,False,150,15000
15,1,-1,False,,,27.228622332506113,0,0,1.3190377027882256,7.29733786931187,4.478300166523644,False,150,15001
15,2,1,False,,,32.62073100648424,0,0,3.733473720782665,7.4152043116096715,2.1817305908270117,False,150,15000
15,2,1,True,149,2.98,28.842721401678265,0,0,14.839457191797123,7.29733786931187,0.9678806775147545,False,149,15001
15,2,-1,False,,,42.84578037236528,0,0,-0.45596141613096575,7.4152043116096715,6.371165727740637,False,150,15000
15,2,-1,False,,,31.949399579484968,0,0,2.719580282633464,7.29733786931187,3.0777575866784086,False,150,15001
15,3,1,False,,,32.97780235145576,0,0,4.435859540394799,7.4152043116096715,1.479344771214874,False,150,15000
15,3,1,False,,,30.239794119794016,0,0,4.012644458108287,7.29733786931187,1.7846934112035908,False,150,15001
15,3,-1,False,,,29.033598351229475,0,0,3.725390357179994,7.4152043116096715,2.1898139544296837,False,150,15000
15,3,-1,False,,,26.02951132873113,0,0,3.863794019348879,7.29733786931187,1.933543849963002,False,150,15001
15,4,1,True,114,2.2800000000000002,23.38657489159935,0,0,15.295362465927845,7.4152043116096715,0.9798418456818287,False,114,15000
15,4,1,True,112,2.24,22.707371926520917,0,0,15.299392530693353,7.29733786931187,0.8779453386185198,False,112,15001
15,4,-1,False,,,32.274798287393025,0,0,-0.24882917739318566,7.4152043116096715,6.164033489002856,False,150,15000
15,4,-1,False,,,29.40243517378076,0,0,0.995142617996029,7.29733786931187,4.802195251315843,False,150,15001
15,5,1,False,,,31.37838953252636,0,0,3.3665750027878247,7.4152043116096715,2.548629308821856,False,150,15000
15,5,1,False,,,30.579808232337115,0,0,3.021001926829891,7.29733786931187,2.7763359424819876,False,150,15001
15,5,-1,True,99,1.98,20.971399234113388,0,0,15.451284270007058,7.4152043116096715,0.973920041602617,False,99,15000
15,5,-1,True,139,2.7800000000000002,26.901697217086177,0,0,14.988947458568894,7.29733786931187,0.9183904107429824,False,139,15001
15,6,1,False,,,27.287127325095515,0,0,3.10254567655637,7.4152043116096715,2.8126586350533107,False,150,15000
15,6,1,False,,,23.233019401147985,0,0,-0.5270525919651697,7.29733786931187,6.324390461277039,False,150,15001
15,6,-1,True,119,2.38,24.443267606902836,0,0,15.26263040071117,7.4152043116096715,0.9625739108985059,False,119,15000
15,6,-1,True,123,2.46,22.19947398722162,0,0,15.317325532718467,7.29733786931187,0.7500123365934068,False,123,15001
15,7,1,False,,,27.90777199986965,0,0,-3.1246495850106886,7.4152043116096715,9.039853896620382,False,150,15000
15,7,1,False,,,27.466444661129106,0,0,1.3758703736514308,7.29733786931187,4.421467495660448,False,150,15001
15,7,-1,False,,,31.992901438071492,0,0,-0.7464377326632768,7.4152043116096715,6.661642044272952,False,150,15000
15,7,-1,False,,,34.37556205771768,0,0,0.19446768446914234,7.29733786931187,5.602870184842736,False,150,15001
16,0,1,False,,,28.40963261070892,0,0,3.607024898930598,8.750634650624164,3.6436097516935817,False,150,16000
16,0,1,False,,,29.910946473234247,0,0,1.6000236739984215,9.54469710931843,6.444673435320007,False,150,16001
16,0,-1,True,124,2.48,24.67961820092727,0,0,16.58295926382411,8.750634650624164,0.9276753868000572,False,124,16000
16,0,-1,False,,,32.07350614548775,0,0,0.1443655554965637,9.54469710931843,7.900331553821864,False,150,16001
16,1,1,False,,,39.23967677669937,0,0,2.3033886686130405,8.750634650624164,4.947245982011123,False,150,16000
16,1,1,False,,,36.62318431570776,0,0,-0.08726714489197751,9.54469710931843,8.131964254210406,False,150,16001
16,1,-1,False,,,29.520966775501716,0,0,1.3642168815765616,8.750634650624164,5.886417769047601,False,150,16000
16,1,-1,False,,,28.126121722564914,0,0,-3.1577461912474716,9.54469710931843,11.202443300565918,False,150,16001
16,2,1,False,,,23.205452678914277,0,0,2.9039103815984464,8.750634650624164,4.346724269025731,False,150,16000
16,2,1,True,137,2.74,27.126690936648377,0,0,17.211450157725622,9.54469710931843,0.9632469515928118,False,137,16001
16,2,-1,False,,,29.16397155680566,0,0,6.087092573102858,8.750634650624164,1.1635420775213148,False,150,16000
16,2,-1,False,,,30.00755875897847,0,0,3.5701217201077586,9.54469710931843,4.474575389210674,False,150,16001
16,3,1,True,121,2.42,23.03181813762486,0,0,16.54334613179102,8.750634650624164,0.9972885188331511,False,121,16000
16,3,1,False,,,28.54077928464726,0,0,1.2067732067811983,9.54469710931843,6.83792390253723,False,150,16001
16,3,-1,False,,,31.203175650942857,0,0,5.776453585019426,8.750634650624164,1.4741810656047438,False,150,16000
16,3,-1,False,,,33.04075416359315,0,0,3.2535402883571862,9.54469710931843,4.791156820961246,False,150,16001
16,4,1,False,,,27.539228567061862,0,0,5.722891752252795,8.750634650624164,1.5277428983713788,False,150,16000
16,4,1,False,,,27.485484931808234,0,0,3.146110229338019,9.54469710931843,4.898586879980412,False,150,16001
16,4,-1,False,,,25.29999615210227,0,0,2.2651629838686818,8.750634650624164,4.985471666755483,False,150,16000
16,4,-1,False,,,24.676390788935393,0,0,1.5771169379039014,9.54469710931843,6.467580171414527,False,150,16001
16,5,1,True,134,2.68,26.735970778069042,0,0,16.423406229378717,8.750634650624164,0.9872284212454542,False,134,16000
16,5,1,False,,,29.61607086141257,0,0,4.917959748664744,9.54469710931843,3.1267373606536952,False,150,16001
16,5,-1,False,,,30.204951273989465,0,0,3.7808448528233862,8.750634650624164,3.469789797800784,False,150,16000
16,5,-1,False,,,30.536646696476765,0,0,1.1118922685361101,9.54469710931843,6.93280484078232,False,150,16001
16,6,1,False,,,27.582658624413906,0,0,1.5444027548488077,8.750634650624164,5.7062318957753675,False,150,16000
16,6,1,False,,,27.474078974543826,0,0,-4.678685770583914,9.54469710931843,12.723382879902362,False,150,16001
16,6,-1,False,,,33.65387432880445,0,0,4.802967659991981,8.750634650624164,2.447666990632185,False,150,16000
16,6,-1,False,,,31.874236041558103,0,0,3.2360839702998296,9.54469710931843,4.8086131390186155,False,150,16001
16,7,1,False,,,31.253412203198135,0,0,4.453040885242495,8.750634650624164,2.7975937653816763,False,150,16000
16,7,1,False,,,34.64575149012287,0,0,3.868823615804634,9.54469710931843,4.175873493513799,False,150,16001
16,7,-1,True,125,2.5,25.075816587967054,0,0,16.687087010694434,8.750634650624164,0.8135476399297374,False,125,16000
16,7,-1,False,,,30.220331222056426,0,0,6.641801700665161,9.54469710931843,1.4028954086532741,False,150,16001
17,0,1,False,,,25.51186435203402,0,0,3.0794181356177464,7.707738130493065,3.1283199948753238,False,150,17000
17,0,1,False,,,23.773000706096486,0,0,0.8956215294056258,9.694785364862451,7.299163835456824,False,150,17001
17,0,-1,True,124,2.48,27.958513088525834,0,0,15.491607082711322,7.707738130493065,0.9761310477817469,False,124,17000
17,0,-1,False,,,31.930966754602398,0,0,5.356325214381003,9.694785364862451,2.8384601504814557,False,150,17001
17,1,1,False,,,34.800420473376214,0,0,3.886506611670015,7.707738130493065,2.321231518823056,False,150,17000
17,1,1,False,,,37.40948963756133,0,0,5.878772906035668,9.694785364862451,2.3160124588267874,False,150,17001
17,1,-1,False,,,31.734740019268433,0,0,4.768870344510317,7.707738130493065,1.438867785982759,False,150,17000
17,1,-1,False,,,30.08026306926341,0,0,3.787131169690541,9.694785364862451,4.407654195171935,False,150,17001
17,2,1,False,,,32.64662266772152,0,0,4.2488287328089775,7.707738130493065,1.958909397684092,False,150,17000
17,2,1,False,,,37.427442016054485,0,0,5.067637485127381,9.694785364862451,3.1271478797350754,False,150,17001
17,2,-1,True,142,2.84,25.573670654692123,0,0,15.508038979342817,7.707738130493065,0.7796991511502517,False,142,17000
17,2,-1,False,,,27.612819468631244,0,0,6.874853391431342,9.694785364862451,1.3199319734311163,False,150,17001
17,3,1,False,,,35.964417699052674,0,0,4.234786178216232,7.707738130493065,1.9729519522768337,False,150,17000
17,3,1,False,,,35.71996294507815,0,0,5.883627700426544,9.694785364862451,2.311157664435921,False,150,17001
17,3,-1,False,,,32.41138911408791,0,0,2.7364283659567317,7.707738130493065,3.471309764536342,False,150,17000
17,3,-1,False,,,34.00981780638748,0,0,1.7982231566263598,9.694785364862451,6.39656220823609,False,150,17001
17,4,1,True,127,2.54,27.894618596845948,0,0,15.49711258304373,7.707738130493065,0.9406255474493392,False,127,17000
17,4,1,True,147,2.94,37.31019993377065,0,0,17.254158324678798,9.694785364862451,0.9706270401836531,False,147,17001
17,4,-1,False,,,30.061701297440255,0,0,5.0290690791631265,7.707738130493065,1.1786690513299423,False,150,17000
17,4,-1,False,,,30.859847705890708,0,0,4.834063156487145,9.694785364862451,3.360722208375313,False,150,17001
17,5,1,True,105,2.1,22.974058472281776,0,0,15.664634177126562,7.707738130493065,0.9931039533665091,False,105,17000
17,5,1,False,,,32.00065552038843,0,0,5.587710435585176,9.694785364862451,2.6070749292772857,False,150,17001
17,5,-1,False,,,35.250417257499855,0,0,4.393815720894476,7.707738130493065,1.8139224095985926,False,150,17000
17,5,-1,False,,,31.160436152858303,0,0,3.5712486501726364,9.694785364862451,4.623536714689816,False,150,17001
17,6,1,True,142,2.84,31.108128705867177,0,0,15.509109651603318,7.707738130493065,0.7786284788897483,False,142,17000
17,6,1,False,,,31.393662229141988,0,0,1.8395783878888055,9.694785364862451,6.355206976973644,False,150,17001
17,6,-1,False,,,29.210119506914538,0,0,4.271019021569215,7.707738130493065,1.9367191089238567,False,150,17000
17,6,-1,False,,,31.913616214217733,0,0,4.431359515188415,9.694785364862451,3.7634258496740465,False,150,17001
17,7,1,False,,,26.575180443723873,0,0,4.734215598679663,7.707738130493065,1.4735225318134113,False,150,17000
17,7,1,False,,,29.181253481951302,0,0,3.329670731060644,9.694785364862451,4.865114633801833,False,150,17001
17,7,-1,True,146,2.92,32.08649236322035,0,0,15.300586747905356,7.707738130493065,0.9471513825877146,False,146,17000
17,7,-1,False,,,38.04648554428981,0,0,4.618178262022374,9.694785364862451,3.57660710284008,False,150,17001
18,0,1,False,,,27.753656176396635,0,0,4.932039772038495,7.5976719721151165,1.1656322000766262,False,150,18000
18,0,1,False,,,30.89804538930649,0,0,3.482474843306247,6.609328650666891,1.6268538073606518,False,150,18001
18,0,-1,False,,,28.42188657968052,0,0,-0.08788906645284819,7.5976719721151165,6.185561038567964,False,150,18000
18,0,-1,False,,,28.335353248730094,0,0,3.9459319316755197,6.609328650666891,1.1633967189913812,False,150,18001
18,1,1,False,,,29.80557694775552,0,0,1.398542056340001,7.5976719721151165,4.699129915775125,False,150,18000
18,1,1,True,98,1.96,20.629923078228074,0,0,14.631041844536568,6.609328650666891,0.9982868061303276,False,98,18001
18,1,-1,True,142,2.84,29.902742834299186,0,0,15.195534214997068,7.5976719721151165,0.982137757118052,False,142,18000
18,1,-1,True,130,2.6,24.225864353960485,0,0,14.310752992483309,6.609328650666891,0.9985756581835851,False,130,18001
18,2,1,True,94,1.8800000000000001,21.227739769255454,0,0,15.711912711809347,7.5976719721151165,0.9457592603057783,False,94,18000
18,2,1,True,101,2.02,20.29639122096374,0,0,14.605172824677938,6.609328650666891,0.9941558259889542,False,101,18001
18,2,-1,False,,,35.6719872416632,0,0,3.885247858135023,7.5976719721151165,2.2124241139801017,False,150,18000
18,2,-1,False,,,27.437905370076802,0,0,3.3301688945481565,6.609328650666891,1.7791597561187416,False,150,18001
18,3,1,True,136,2.72,30.683236594795332,0,0,15.385716757678145,7.5976719721151165,0.8519552144369802,False,136,18000
18,3,1,False,,,30.74200285940656,0,0,3.7071655404630683,6.609328650666891,1.4021631102038263,False,150,18001
18,3,-1,False,,,29.86374522855186,0,0,1.2072930027814792,7.5976719721151165,4.890378969333637,False,150,18000
18,3,-1,False,,,30.33304453486569,0,0,3.623446797541415,6.609328650666891,1.4858818531254816,False,150,18001
18,4,1,False,,,37.218506729556076,0,0,4.10273893258833,7.5976719721151165,1.9949330395267935,False,150,18000
18,4,1,False,,,29.31212996533684,0,0,2.0637444708773165,6.609328650666891,3.045584179789573,False,150,18001
18,4,-1,False,,,24.453528059090072,0,0,3.122758928393034,7.5976719721151165,2.9749130437221005,False,150,18000
18,4,-1,True,93,1.86,18.62005323783285,0,0,14.72931086788792,6.609328650666891,0.9500177827789777,False,93,18001
18,5,1,True,136,2.72,31.423485095928534,0,0,15.271509073649613,7.5976719721151165,0.9661628984655071,False,136,18000
18,5,1,False,,,35.29310954689492,0,0,2.8071243349840826,6.609328650666891,2.302204315682812,False,150,18001
18,5,-1,True,122,2.44,21.224244560299464,0,0,15.377705737750718,7.5976719721151165,0.9999662343644012,False,122,18000
18,5,-1,True,80,1.6,15.382997893284326,0,0,15.131788690647305,6.609328650666891,0.6775399600195882,False,80,18001
18,6,1,True,144,2.88,31.67428226812495,0,0,15.294199052324414,7.5976719721151165,0.8634729197907147,False,144,18000
18,6,1,True,118,2.36,22.695221504865202,0,0,14.68052318758642,6.609328650666891,0.7488054630804741,False,118,18001
18,6,-1,True,77,1.54,17.456927793987546,0,0,16.008229562783256,7.5976719721151165,0.8194424093318611,False,77,18000
18,6,-1,False,,,26.90336119023735,0,0,3.8850508718386036,6.609328650666891,1.2242777788282972,False,150,18001
18,7,1,True,144,2.88,30.128857242330575,0,0,15.237437927455353,7.5976719721151165,0.9202340446597699,False,144,18000
18,7,1,True,149,2.98,31.659960283299043,0,0,14.278372241471569,6.609328650666891,0.8409564091953282,False,149,18001
18,7,-1,False,,,25.93118242809979,0,0,1.8667855977762775,7.5976719721151165,4.2308863743388425,False,150,18000
18,7,-1,True,105,2.1,21.844538952479393,0,0,14.611311911073312,6.609328650666891,0.948016739593582,False,105,18001
19,0,1,False,,,34.0516203136772,0,0,4.626371314828585,7.704412933997912,1.578041619169336,False,150,19000
19,0,1,True,148,2.96,31.33136222591814,0,0,14.763360911407934,7.156409951479781,0.9130490400718503,False,148,19001
19,0,-1,False,,,31.74737619982761,0,0,2.6789210551841567,7.704412933997912,3.5254918788137597,False,150,19000
19,0,-1,True,131,2.62,23.743013831006756,0,0,14.910447684055853,7.156409951479781,0.935962267423933,False,131,19001
19,1,1,False,,,31.965475904611154,0,0,3.524696361559485,7.704412933997912,2.6797165724384335,False,150,19000
19,1,1,True,115,2.3000000000000003,22.904976580847833,0,0,15.03705232966897,7.156409951479781,0.9693576218108171,False,115,19001
19,1,-1,True,99,1.98,20.980294445433614,0,0,15.816112443231892,7.704412933997912,0.8983004907660254,False,99,19000
19,1,-1,True,132,2.64,29.692125740145375,0,0,14.844831352439964,7.156409951479781,0.9915785990398176,False,132,19001
19,2,1,True,139,2.7800000000000002,32.265404213962384,0,0,15.337560045579728,7.704412933997912,0.9768528884181897,False,139,19000
19,2,1,True,101,2.02,20.180835100467696,0,0,15.14690075688296,7.156409951479781,0.9995091945968253,False,101,19001
19,2,-1,False,,,30.84215313852398,0,0,1.3104472975051822,7.704412933997912,4.893965636492742,False,150,19000
19,2,-1,False,,,37.593767373224594,0,0,3.829309537622036,7.156409951479781,1.8271004138577476,False,150,19001
19,3,1,False,,,37.26898055981382,0,0,4.2585993519821805,7.704412933997912,1.945813582015731,False,150,19000
19,3,1,False,,,38.57960980565718,0,0,3.4115313488374364,7.156409951479781,2.244878602642353,False,150,19001
19,3,-1,False,,,30.23739070233197,0,0,2.6158638418802003,7.704412933997912,3.58854909211772,False,150,19000
19,3,-1,False,,,32.84346627965268,0,0,4.017433823188106,7.156409951479781,1.638976128291678,False,150,19001
19,4,1,False,,,31.222119412432075,0,0,1.6954556112917145,7.704412933997912,4.508957322706203,False,150,19000
19,4,1,False,,,29.724689130356854,0,0,4.344312761754942,7.156409951479781,1.3120971897248417,False,150,19001
19,4,-1,False,,,33.440908053038,0,0,3.914768266091354,7.704412933997912,2.2896446679065705,False,150,19000
19,4,-1,True,107,2.14,23.988448253765167,0,0,15.149045892605928,7.156409951479781,0.9373640588738554,False,107,19001
19,5,1,False,,,27.71557808546057,0,0,2.2327898591145328,7.704412933997912,3.971623074883388,False,150,19000
19,5,1,True,116,2.32,27.24894840764391,0,0,15.063106702916206,7.156409951479781,0.9333032485635787,False,116,19001
19,5,-1,True,145,2.9,32.64194933019501,0,0,15.314677800734811,7.704412933997912,0.9397351332631007,False,145,19000
19,5,-1,True,91,1.82,18.357602546835157,0,0,15.284287837605586,7.156409951479781,0.9621221138741959,False,91,19001
19,6,1,False,,,34.56678816404209,0,0,1.6411098118602605,7.704412933997912,4.563303122137655,False,150,19000
19,6,1,True,125,2.5,25.20641106856968,0,0,15.072167977131627,7.156409951479781,0.8342419743481556,False,125,19001
19,6,-1,False,,,29.274899472282687,0,0,3.4383620341582786,7.704412933997912,2.766050899839635,False,150,19000
19,6,-1,True,143,2.86,30.778426275130194,0,0,14.78432053980623,7.156409951479781,0.9420894116735525,False,143,19001
19,7,1,False,,,27.81643394297124,0,0,1.3581352724263318,7.704412933997912,4.8462776615715795,False,150,19000
19,7,1,True,128,2.56,27.812306461670243,0,0,15.035716713242113,7.156409951479781,0.8406932382376688,False,128,19001
19,7,-1,False,,,30.69763362283362,0,0,3.092245352766474,7.704412933997912,3.1121675812314473,False,150,19000
19,7,-1,True,107,2.14,22.226575232685125,0,0,15.207046873863135,7.156409951479781,0.8793630776166486,False,107,19001
20,0,1,False,,,28.887142254152764,0,0,4.52142622834883,10.155114464097156,4.133688235748345,False,150,20000
20,0,1,False,,,27.65934017335872,0,0,2.330647513647679,9.715424167989513,5.88477665434185,False,150,20001
20,0,-1,False,,,32.31448329786331,0,0,6.102142507661412,10.155114464097156,2.552971956435752,False,150,20000
20,0,-1,True,112,2.24,22.471670261975717,0,0,17.667085956324733,9.715424167989513,0.928338211664784,False,112,20001
20,1,1,True,94,1.8800000000000001,23.006975496024793,0,0,18.45940975423691,10.155114464097156,0.7557047098602604,False,94,20000
20,1,1,True,139,2.7800000000000002,32.628703505186174,0,0,17.366551136841267,9.715424167989513,0.9588730311482531,False,139,20001
20,1,-1,False,,,40.63832167463524,0,0,6.974189083336979,10.155114464097156,1.6809253807601943,False,150,20000
20,1,-1,False,,,34.75904918439973,0,0,4.571540359476875,9.715424167989513,3.6438838085126566,False,150,20001
20,2,1,False,,,29.43997917430892,0,0,2.6167832160960236,10.155114464097156,6.038331248001152,False,150,20000
20,2,1,True,145,2.9,31.88924257586475,0,0,17.438437246098527,9.715424167989513,0.8269869218910002,False,145,20001
20,2,-1,False,,,24.190595308608607,0,0,5.308237243568624,10.155114464097156,3.3468772205285435,False,150,20000
20,2,-1,True,120,2.4,22.814059472325876,0,0,17.727500970942703,9.715424167989513,0.7879231970468203,False,120,20001
20,3,1,False,,,29.200398501902136,0,0,6.084003007251371,10.155114464097156,2.5711114568458,False,150,20000
20,3,1,True,136,2.72,25.006096755731136,0,0,17.428239068983128,9.715424167989513,0.9271850990063931,False,136,20001
20,3,-1,False,,,35.20790228685913,0,0,3.276853211628887,10.155114464097156,5.378261252468284,False,150,20000
20,3,-1,False,,,34.4238891448658,0,0,2.0998111193005595,9.715424167989513,6.115613048688953,False,150,20001
20,4,1,False,,,31.721962306364762,0,0,4.912667118992752,10.155114464097156,3.742447345104419,False,150,20000
20,4,1,True,66,1.32,18.440946273498394,0,0,18.14693500363645,9.715424167989513,0.9084891643530631,False,66,20001
20,4,-1,False,,,32.14522058574699,0,0,2.687593577942674,10.155114464097156,5.967520886154492,False,150,20000
20,4,-1,False,,,32.86006720463307,0,0,5.083074063250365,9.715424167989513,3.1323501047391615,False,150,20001
20,5,1,False,,,32.29839768470762,0,0,4.6231767990966794,10.155114464097156,4.031937665000496,False,150,20000
20,5,1,False,,,31.808600065714458,0,0,4.775233674867365,9.715424167989513,3.440190493122159,False,150,20001
20,5,-1,False,,,31.325393124579385,0,0,5.667435350022254,10.155114464097156,2.987679114074916,False,150,20000
20,5,-1,True,101,2.02,22.755872097750288,0,0,17.798308107559556,9.715424167989513,0.90711606042996,False,101,20001
20,6,1,False,,,27.08057237242687,0,0,7.361628081608117,10.155114464097156,1.2934863824890452,False,150,20000
20,6,1,True,117,2.34,23.962791688349608,0,0,17.61474947588473,9.715424167989513,0.9306746921047838,False,117,20001
20,6,-1,False,,,32.84491634176639,0,0,3.795087648223914,10.155114464097156,4.860026815873257,False,150,20000
20,6,-1,False,,,28.88762686265543,0,0,5.147310647393424,9.715424167989513,3.068113520596108,False,150,20001
20,7,1,False,,,27.97643722065496,0,0,5.928043387515463,10.155114464097156,2.7270710765817054,False,150,20000
20,7,1,True,103,2.06,22.235447276318673,0,0,17.742191462536006,9.715424167989513,0.943232705453516,False,103,20001
20,7,-1,False,,,32.285391280261656,0,0,3.3297721648920495,10.155114464097156,5.325342299205124,False,150,20000
20,7,-1,False,,,31.69780931890614,0,0,5.99746056469234,9.715424167989513,2.217963603297178,False,150,20001
21,0,1,False,,,30.630281952575107,0,0,4.018793276411824,8.81064771164678,3.291854435234965,False,150,21000
21,0,1,True,119,2.38,26.870874721468592,0,0,16.404509149946133,8.509053998396297,0.9145448484501695,False,119,21001
21,0,-1,False,,,36.45570640427786,0,0,2.4991026657470305,8.81064771164678,4.811545045899758,False,150,21000
21,0,-1,True,109,2.18,23.537470086103436,0,0,16.50349571435551,8.509053998396297,0.915558284040796,False,109,21001
21,1,1,False,,,30.14765887997171,0,0,2.929772070184103,8.81064771164678,4.380875641462679,False,150,21000
21,1,1,True,124,2.48,23.073719412328813,0,0,16.28190979133766,8.509053998396297,0.9871442070586419,False,124,21001
21,1,-1,True,149,2.98,32.04805795629142,0,0,16.420103268272385,8.81064771164678,0.9005444433744,False,149,21000
21,1,-1,True,119,2.38,26.810723696780727,0,0,16.361888425358046,8.509053998396297,0.957165573038263,False,119,21001
21,2,1,False,,,27.002945121707192,0,0,5.536681720923211,8.81064771164678,1.773965990723574,False,150,21000
21,2,1,True,84,1.68,16.041904337127118,0,0,16.734429878232977,8.509053998396297,0.934624120163326,False,84,21001
21,2,-1,False,,,31.884790228896435,0,0,5.104301523360223,8.81064771164678,2.206346188286561,False,150,21000
21,2,-1,True,122,2.44,23.05902185105308,0,0,16.292445090525163,8.509053998396297,0.996608907871138,False,122,21001
21,3,1,False,,,31.520453043503146,0,0,0.9439706326071575,8.81064771164678,6.366677079039621,False,150,21000
21,3,1,False,,,33.477714693036646,0,0,3.9747530477643664,8.509053998396297,3.0343009506319394,False,150,21001
21,3,-1,False,,,37.200897008645484,0,0,0.7491459014952377,8.81064771164678,6.561501810151541,False,150,21000
21,3,-1,False,,,35.0902577054779,0,0,3.0863346169880383,8.509053998396297,3.922719381408275,False,150,21001
21,4,1,True,126,2.52,25.079438418317554,0,0,16.721321140768204,8.81064771164678,0.8293265708785807,False,126,21000
21,4,1,True,116,2.32,24.112940192901956,0,0,16.448290787760918,8.509053998396297,0.9007632106353808,False,116,21001
21,4,-1,False,,,29.568138091832477,0,0,5.853302923005929,8.81064771164678,1.4573447886408601,False,150,21000
21,4,-1,True,119,2.38,22.36560389243504,0,0,16.558121154068647,8.509053998396297,0.760932844327656,False,119,21001
21,5,1,False,,,35.4457188661888,0,0,2.7055437215874836,8.81064771164678,4.605103990059308,False,150,21000
21,5,1,False,,,30.823291295164044,0,0,1.4915989075325669,8.509053998396297,5.517455090863729,False,150,21001
21,5,-1,True,102,2.04,27.32235148630116,0,0,16.954249261318292,8.81064771164678,0.8363984503284898,False,102,21000
21,5,-1,True,108,2.16,23.65256298627322,0,0,16.685921744564574,8.509053998396297,0.7431322538317296,False,108,21001
21,6,1,False,,,25.84700669090725,0,0,2.821222651014871,8.81064771164678,4.489425060631927,False,150,21000
21,6,1,False,,,29.30955416631738,0,0,1.9875879111023964,8.509053998396297,5.021466087293911,False,150,21001
21,6,-1,True,144,2.88,30.160639138066156,0,0,16.39879639993466,8.81064771164678,0.9718513117121274,False,144,21000
21,6,-1,True,104,2.08,21.838118399404657,0,0,16.632498767869716,8.509053998396297,0.8365552305265819,False,104,21001
21,7,1,True,130,2.6,29.108827994326727,0,0,16.55350555158861,8.81064771164678,0.9571421600581727,False,130,21000
21,7,1,False,,,30.575052691062687,0,0,3.9677427428803145,8.509053998396297,3.04131125551599,False,150,21001
21,7,-1,False,,,22.625652836953755,0,0,3.112955988658504,8.81064771164678,4.1976917229882815,False,150,21000
21,7,-1,False,,,28.134534185629203,0,0,5.286159147386658,8.509053998396297,1.722894851009647,False,150,21001
22,0,1,False,,,32.57640940565792,0,0,3.559881129181476,6.5583036408842705,1.498422511702803,False,150,22000
22,0,1,True,94,1.8800000000000001,19.95467733528537,0,0,14.53264553594748,6.171691741310358,0.6990462053628793,False,94,22001
22,0,-1,False,,,32.22758655471017,0,0,3.4434073701143713,6.5583036408842705,1.6148962707699004,False,150,22000
22,0,-1,True,92,1.84,20.414352519828455,0,0,14.28930870918133,6.171691741310358,0.9623830321290302,False,92,22001
22,1,1,False,,,29.565392246569278,0,0,3.753031840588472,6.5583036408842705,1.3052718002958013,False,150,22000
22,1,1,False,,,25.89512177367674,0,0,1.5619226405306423,6.171691741310358,3.1097691007797224,False,150,22001
22,1,-1,True,149,2.98,35.4190000035608,0,0,14.07387547018826,6.5583036408842705,0.9944281706960167,False,149,22000
22,1,-1,True,148,2.96,32.097094250172745,0,0,13.727634361124673,6.171691741310358,0.9640573801856851,False,148,22001
22,2,1,True,120,2.4,26.510021970274035,0,0,14.417870011277888,6.5583036408842705,0.9404336296063914,False,120,22000
22,2,1,False,,,29.879959593422253,0,0,3.2317099569807652,6.171691741310358,1.4399817843295977,False,150,22001
22,2,-1,False,,,30.663519041951748,0,0,3.589215597424012,6.5583036408842705,1.469088043460269,False,150,22000
22,2,-1,True,94,1.8800000000000001,20.201013720268847,0,0,14.237206144949974,6.171691741310358,0.9944855963603858,False,94,22001
22,3,1,True,112,2.24,21.64285122120662,0,0,14.605463940225626,6.5583036408842705,0.8328397006586529,False,112,22000
22,3,1,True,95,1.9000000000000001,20.400158664095972,0,0,14.28585984034875,6.171691741310358,0.935831900961612,False,95,22001
22,3,-1,False,,,30.256037926672285,0,0,2.5501008411937844,6.5583036408842705,2.508202799690485,False,150,22000
22,3,-1,True,75,1.5,14.310183821289295,0,0,14.510115608820563,6.171691741310358,0.9115761324897982,False,75,22001
22,4,1,False,,,31.021754294488037,0,0,3.7225781897982806,6.5583036408842705,1.335725451086006,False,150,22000
22,4,1,False,,,29.649820061689898,0,0,3.108732881446893,6.171691741310358,1.5629588598634725,False,150,22001
22,4,-1,False,,,32.26641161460845,0,0,2.2125458072212583,6.5583036408842705,2.845757833663016,False,150,22000
22,4,-1,False,,,27.96081636491597,0,0,2.416097869662115,6.171691741310358,2.2555938716482493,False,150,22001
22,5,1,False,,,24.36067365751977,0,0,-3.628721443180683,6.5583036408842705,8.687025084064972,False,150,22000
22,5,1,False,,,30.336497865760286,0,0,-0.377101582000964,6.171691741310358,5.048793323311321,False,150,22001
22,5,-1,True,142,2.84,30.464590191204856,0,0,14.249756265206209,6.5583036408842705,0.8885473756780672,False,142,22000
22,5,-1,True,87,1.74,20.197505886908267,0,0,14.489032633251817,6.171691741310358,0.8126591080585419,False,87,22001
22,6,1,True,112,2.24,23.541363923322226,0,0,14.494126817404139,6.5583036408842705,0.9441768234801361,False,112,22000
22,6,1,True,97,1.94,20.19036549331798,0,0,14.219672234048797,6.171691741310358,0.9820195072615621,False,97,22001
22,6,-1,False,,,25.09294546333775,0,0,2.8892673634136723,6.5583036408842705,2.169036277470616,False,150,22000
22,6,-1,False,,,25.20247905046392,0,0,2.08135827435209,6.171691741310358,2.5903334669582785,False,150,22001
22,7,1,True,110,2.2,25.205993983949906,0,0,14.488600340947222,6.5583036408842705,0.9697032999370536,False,110,22000
22,7,1,False,,,28.648806505240472,0,0,2.8427130697580703,6.171691741310358,1.8289786715522955,False,150,22001
22,7,-1,False,,,30.807995229746453,0,0,2.278786276375904,6.5583036408842705,2.779517364508366,False,150,22000
22,7,-1,True,135,2.7,30.456856975690282,0,0,13.825494998851394,6.171691741310358,0.9961967424589634,False,135,22001
23,0,1,False,,,30.52887498048933,0,0,6.122448542475551,9.877821976340856,2.255373433865309,False,150,23000
23,0,1,True,115,2.3000000000000003,28.70564514877017,0,0,14.565541515250214,6.693134622732086,0.9775931074818741,False,115,23001
23,0,-1,False,,,31.084243124092673,0,0,4.534763374498746,9.877821976340856,3.843058601842113,False,150,23000
23,0,-1,False,,,30.288490197553863,0,0,3.594174914830202,6.693134622732086,1.5989597079018891,False,150,23001
23,1,1,True,134,2.68,30.054688937312303,0,0,17.60135409803658,9.877821976340856,0.9364678783042792,False,134,23000
23,1,1,False,,,33.14861564520472,0,0,3.311304278365954,6.693134622732086,1.8818303443661457,False,150,23001
23,1,-1,False,,,29.847588028763095,0,0,7.238642929033109,9.877821976340856,1.1391790473077548,False,150,23000
23,1,-1,False,,,29.384184171947847,0,0,3.2382575743960262,6.693134622732086,1.9548770483360722,False,150,23001
23,2,1,False,,,31.686718890092063,0,0,5.770937558316588,9.877821976340856,2.6068844180242787,False,150,23000
23,2,1,False,,,35.38388554045034,0,0,3.0456025215638887,6.693134622732086,2.1475321011682054,False,150,23001
23,2,-1,False,,,30.234436089037395,0,0,7.332986955014077,9.877821976340856,1.0448350213267867,False,150,23000
23,2,-1,False,,,29.425668358007687,0,0,2.805047316099511,6.693134622732086,2.3880873066325883,False,150,23001
23,3,1,True,130,2.6,28.022585032247253,0,0,17.595249093446302,9.877821976340856,0.9825728828945617,False,130,23000
23,3,1,True,115,2.3000000000000003,25.492683886047725,0,0,14.669795515607571,6.693134622732086,0.8733391071245221,False,115,23001
23,3,-1,False,,,30.213118528371982,0,0,5.010904317334052,9.877821976340856,3.3669176590068126,False,150,23000
23,3,-1,False,,,27.911569283329822,0,0,3.34679773466625,6.693134622732086,1.8463368880658468,False,150,23001
23,4,1,False,,,30.051128526429697,0,0,0.7222328692745106,9.877821976340856,7.655589107066344,False,150,23000
23,4,1,False,,,29.40991709462716,0,0,3.359304906441073,6.693134622732086,1.8338297162910202,False,150,23001
23,4,-1,True,113,2.2600000000000002,25.57754509933126,0,0,18.10769643824462,9.877821976340856,0.6401255380962405,False,113,23000
23,4,-1,False,,,32.56659594838391,0,0,3.218659424181093,6.693134622732086,1.9744751985509936,False,150,23001
23,5,1,False,,,28.442829907202736,0,0,3.4023505980595123,9.877821976340856,4.97547137828135,False,150,23000
23,5,1,False,,,31.203863513753504,0,0,-4.634773010040122,6.693134622732086,9.827907632772225,False,150,23001
23,5,-1,False,,,37.033626192886494,0,0,2.464349638937617,9.877821976340856,5.913472337403252,False,150,23000
23,5,-1,False,,,28.75816488898274,0,0,3.806616991330916,6.693134622732086,1.386517631401185,False,150,23001
23,6,1,False,,,33.18524689423913,0,0,7.19081825540518,9.877821976340856,1.1870037209356816,False,150,23000
23,6,1,False,,,31.6064143387445,0,0,2.2897547635522013,6.693134622732086,2.903379859179891,False,150,23001
23,6,-1,False,,,32.12618387930435,0,0,6.86157128547251,9.877821976340856,1.516250690868351,False,150,23000
23,6,-1,True,66,1.32,15.452718893643135,0,0,15.098847694119115,6.693134622732086,0.9342869286129734,False,66,23001
23,7,1,False,,,30.512302314567155,0,0,3.1201563275758444,9.877821976340856,5.257665648765023,False,150,23000
23,7,1,True,109,2.18,25.763063450635663,0,0,14.653621584172377,6.693134622732086,0.9495130385597171,False,109,23001
23,7,-1,False,,,35.299905639642255,0,0,7.084981047294047,9.877821976340856,1.2928409290468168,False,150,23000
23,7,-1,False,,,29.4374028264329,0,0,3.844062551137235,6.693134622732086,1.3490720715948634,False,150,23001
24,0,1,False,,,29.0174398081995,0,0,4.892455366057937,8.947442104019423,2.554986737961493,False,150,24000
24,0,1,False,,,32.24655866729078,0,0,2.5555954934875436,8.622748189231732,4.567152695744208,False,150,24001
24,0,-1,True,89,1.78,21.868087512614668,0,0,17.112625941821584,8.947442104019423,0.9448161621978407,False,89,24000
24,0,-1,False,,,29.82388389031314,0,0,4.688581281813443,8.622748189231732,2.434166907418298,False,150,24001
24,1,1,True,92,1.84,24.16103528172969,0,0,17.043804567219322,8.947442104019423,0.9836375368001086,False,92,24000
24,1,1,False,,,31.75699365249541,0,0,5.3837595614526155,8.622748189231732,1.7389886277791218,False,150,24001
24,1,-1,False,,,34.69372578224944,0,0,5.150546126083375,8.947442104019423,2.296895977936051,False,150,24000
24,1,-1,False,,,33.011874677346604,0,0,5.98624569630675,8.622748189231732,1.1365024929249854,False,150,24001
24,2,1,True,146,2.92,29.27238676443138,0,0,16.518770467318493,8.947442104019423,0.9686716367009356,False,146,24000
24,2,1,False,,,31.748509703836376,0,0,5.383530551339742,8.622748189231732,1.739217637891995,False,150,24001
24,2,-1,False,,,32.042190291699505,0,0,5.706928807102342,8.947442104019423,1.74051329691709,False,150,24000
24,2,-1,False,,,31.711777987953045,0,0,4.610388280244901,8.622748189231732,2.5123599089868325,False,150,24001
24,3,1,False,,,31.99936818883148,0,0,5.233510581028164,8.947442104019423,2.213931522991264,False,150,24000
24,3,1,False,,,32.10332652697349,0,0,4.786380184254494,8.622748189231732,2.3363680049772495,False,150,24001
24,3,-1,True,125,2.5,24.23986401641041,0,0,16.767515211749874,8.947442104019423,0.9299268922695548,False,125,24000
24,3,-1,False,,,30.82225600478195,0,0,4.438812569662909,8.622748189231732,2.6839356195688375,False,150,24001
24,4,1,True,109,2.18,21.647722337562037,0,0,16.898087505569166,8.947442104019423,0.9593545984502586,False,109,24000
24,4,1,False,,,32.20277223067938,0,0,5.323386220373939,8.622748189231732,1.7993619688577966,False,150,24001
24,4,-1,False,,,33.63481489070203,0,0,5.572884440518167,8.947442104019423,1.8745576635012673,False,150,24000
24,4,-1,False,,,35.28015636658194,0,0,2.3650379840776647,8.622748189231732,4.757710205154091,False,150,24001
24,5,1,True,138,2.7600000000000002,29.59937976083193,0,0,16.869272110780546,8.947442104019423,0.698169993238886,False,138,24000
24,5,1,False,,,33.64223816353867,0,0,3.4711632951043914,8.622748189231732,3.6515848941273457,False,150,24001
24,5,-1,False,,,32.50902953423488,0,0,6.229660677228491,8.947442104019423,1.217781426790934,False,150,24000
24,5,-1,False,,,28.336133054910547,0,0,5.743623203159938,8.622748189231732,1.3791249860718107,False,150,24001
24,6,1,True,123,2.46,25.78073821679871,0,0,16.732556116213807,8.947442104019423,0.9848859878056252,False,123,24000
24,6,1,False,,,29.25545792623052,0,0,4.479401687081888,8.622748189231732,2.643346502149862,False,150,24001
24,6,-1,True,127,2.54,25.315599320624564,0,0,17.02757899290135,8.947442104019423,0.6498631111180796,False,127,24000
24,6,-1,False,,,31.57058118567769,0,0,6.0929097601716915,8.622748189231732,1.0298384290600462,False,150,24001
24,7,1,True,120,2.4,24.08563404515378,0,0,16.78273784793299,8.947442104019423,0.9647042560864403,False,120,24000
24,7,1,False,,,34.397753389769775,0,0,5.32805708030617,8.622748189231732,1.7946911089255695,False,150,24001
24,7,-1,True,137,2.74,29.002254190112055,0,0,16.659207641285615,8.947442104019423,0.9182344627338118,False,137,24000
24,7,-1,True,86,1.72,18.999102697447107,0,0,16.796746238689693,8.622748189231732,0.9660019505420439,False,86,24001
25,0,1,True,140,2.8000000000000003,33.164529320868425,0,0,16.29316476122783,8.608358986740983,0.915194225513159,False,140,25000
25,0,1,True,137,2.74,29.517480282589975,0,0,15.779289158698875,8.121373464544156,0.9720843058452874,False,137,25001
25,0,-1,False,,,33.463280946201856,0,0,4.2994862607131,8.608358986740983,2.808872726027892,False,150,25000
25,0,-1,True,129,2.58,29.752968526770374,0,0,15.887832284116016,8.121373464544156,0.9435411804281443,False,129,25001
25,1,1,True,147,2.94,36.40398309898135,0,0,16.180504200586167,8.608358986740983,0.9578547861548257,False,147,25000
25,1,1,True,110,2.2,24.03384935741464,0,0,16.137941490720483,8.121373464544156,0.8834319738236769,False,110,25001
25,1,-1,False,,,29.897487814216095,0,0,3.572592831456035,8.608358986740983,3.53576615528496,False,150,25000
25,1,-1,False,,,30.03510999950581,0,0,5.151040620246331,8.121373464544156,1.4703328442978298,False,150,25001
25,2,1,True,150,3.0,33.856894244226105,0,0,16.36062254405683,8.608358986740983,0.7477364426841646,False,150,25000
25,2,1,False,,,30.659568394581857,0,0,5.290593645910161,8.121373464544156,1.330779818634002,False,150,25001
25,2,-1,False,,,33.43719158582858,0,0,5.575686070709789,8.608358986740983,1.5326729160311998,False,150,25000
25,2,-1,True,101,2.02,22.142887007159395,0,0,16.181747954034083,8.121373464544156,0.9296255105100778,False,101,25001
25,3,1,True,147,2.94,32.17239499224849,0,0,16.162725769190153,8.608358986740983,0.975633217550838,False,147,25000
25,3,1,True,127,2.54,24.457663618176127,0,0,15.91131206263864,8.121373464544156,0.940061401905523,False,127,25001
25,3,-1,False,,,36.739537155710465,0,0,6.046267282068647,8.608358986740983,1.0620917046723417,False,150,25000
25,3,-1,False,,,29.700796465976136,0,0,4.714215598378084,8.121373464544156,1.9071578661660724,False,150,25001
25,4,1,False,,,33.00050226879999,0,0,1.3180354702994903,8.608358986740983,5.790323516441494,False,150,25000
25,4,1,False,,,35.10295295597702,0,0,5.55153275089399,8.121373464544156,1.0698407136501706,False,150,25001
25,4,-1,False,,,27.62455683993919,0,0,2.4445673047492624,8.608358986740983,4.663791681991724,False,150,25000
25,4,-1,False,,,28.392172320012484,0,0,4.411367524916582,8.121373464544156,2.2100059396275786,False,150,25001
25,5,1,False,,,31.127907930141316,0,0,5.359342255706236,8.608358986740983,1.7490167310347615,False,150,25000
25,5,1,False,,,28.918319981822258,0,0,5.282683298203601,8.121373464544156,1.33869016634056,False,150,25001
25,5,-1,True,143,2.86,33.50171853936622,0,0,16.25569824155154,8.608358986740983,0.9226607451894502,False,143,25000
25,5,-1,True,147,2.94,31.037443990908358,0,0,15.782440128735171,8.121373464544156,0.8689333358089912,False,147,25001
25,6,1,False,,,32.48837703626904,0,0,3.838719615851466,8.608358986740983,3.269639370889537,False,150,25000
25,6,1,True,144,2.88,27.100926562912804,0,0,15.755085863858653,8.121373464544156,0.9262876006855075,False,144,25001
25,6,-1,False,,,27.43864597287038,0,0,1.4051188622287474,8.608358986740983,5.703240124512247,False,150,25000
25,6,-1,True,109,2.18,24.46973069883144,0,0,16.072950633204318,8.121373464544156,0.9584228313398414,False,109,25001
25,7,1,False,,,33.3766973567479,0,0,4.362500437673431,8.608358986740983,2.7458585490675564,False,150,25000
25,7,1,True,144,2.88,31.911260541442495,0,0,15.77943751620351,8.121373464544156,0.9019359483406509,False,144,25001
25,7,-1,False,,,24.858643593672497,0,0,4.356507203982849,8.608358986740983,2.75185178275815,False,150,25000
25,7,-1,True,143,2.86,29.620267952362045,0,0,15.79008633977661,8.121373464544156,0.90128712476755,False,143,25001
26,0,1,True,118,2.36,24.438476725003724,0,0,18.022499848393426,10.130788447048726,0.9282885986553054,False,118,26000
26,0,1,True,119,2.38,25.267245708754945,0,0,17.176732685046186,9.310395720291833,0.9436630352456521,False,119,26001
26,0,-1,False,,,29.440951517272126,0,0,7.598399438003788,10.130788447048726,1.0323890090449488,False,150,26000
26,0,-1,False,,,30.645263145025453,0,0,4.25742412539586,9.310395720291833,3.5529715948959826,False,150,26001
26,1,1,False,,,33.82711408287354,0,0,6.823236988812547,10.130788447048726,1.8075514582361882,False,150,26000
26,1,1,True,127,2.54,28.952409691741273,0,0,17.04673556307867,9.310395720291833,0.9936601572131675,False,127,26001
26,1,-1,True,138,2.7600000000000002,31.066923414041476,0,0,17.779265090756617,10.130788447048726,0.9715233562921216,False,138,26000
26,1,-1,False,,,28.28681215723882,0,0,3.9283704204908654,9.310395720291833,3.882025299800976,False,150,26001
26,2,1,True,95,1.9000000000000001,26.352649210427533,0,0,18.283624212180612,10.130788447048726,0.8971642348681186,False,95,26000
26,2,1,False,,,35.35194410993082,0,0,5.527521688116821,9.310395720291833,2.2828740321750165,False,150,26001
26,2,-1,False,,,33.13280314472033,0,0,6.755774425462836,10.130788447048726,1.8750140215858946,False,150,26000
26,2,-1,False,,,33.60381197789228,0,0,5.859946024773924,9.310395720291833,1.9504496955179136,False,150,26001
26,3,1,True,132,2.64,26.728526835489305,0,0,17.929361751251047,10.130788447048726,0.8814266957976913,False,132,26000
26,3,1,False,,,34.19440049766524,0,0,3.263102812095444,9.310395720291833,4.547292908196395,False,150,26001
26,3,-1,False,,,32.32951466955484,0,0,6.375424043713713,10.130788447048726,2.2553644033350198,False,150,26000
26,3,-1,False,,,35.442458411081404,0,0,5.228652258182755,9.310395720291833,2.5817434621090807,False,150,26001
26,4,1,True,95,1.9000000000000001,25.258828896507804,0,0,18.24259241297412,10.130788447048726,0.9381960340746126,False,95,26000
26,4,1,True,135,2.7,33.17327122691312,0,0,17.166686857837497,9.310395720291833,0.7937088624543395,False,135,26001
26,4,-1,True,104,2.08,22.51008188780886,0,0,18.41703947384374,10.130788447048726,0.6737489732049927,False,104,26000
26,4,-1,False,,,30.72078521967447,0,0,4.219271932115835,9.310395720291833,3.591123788176007,False,150,26001
26,5,1,False,,,32.64429732310111,0,0,6.952387699346371,10.130788447048726,1.6784007477023672,False,150,26000
26,5,1,False,,,34.47467815339245,0,0,5.083797279567802,9.310395720291833,2.7265984407240444,False,150,26001
26,5,-1,True,125,2.5,28.743129287773655,0,0,17.92018446010593,10.130788447048726,0.960603986942806,False,125,26000
26,5,-1,False,,,34.645049861545345,0,0,6.621274413313587,9.310395720291833,1.1891213069782518,False,150,26001
26,6,1,True,86,1.72,20.709711650225216,0,0,18.372417580885553,10.130788447048726,0.8983708661631765,False,86,26000
26,6,1,True,145,2.9,32.83191672618162,0,0,16.872253848084608,9.310395720291833,0.9881418722072294,False,145,26001
26,6,-1,True,126,2.52,23.18502143650052,0,0,17.99237003941505,10.130788447048726,0.8784184076336836,False,126,26000
26,6,-1,True,141,2.82,28.700249727634336,0,0,17.097150364676803,9.310395720291833,0.8032453556150358,False,141,26001
26,7,1,True,124,2.48,26.071139693192848,0,0,18.07197950345621,10.130788447048726,0.8188089435925243,False,124,26000
26,7,1,True,140,2.8000000000000003,35.03106241846562,0,0,17.039974035401258,9.310395720291833,0.8704216848905761,False,140,26001
26,7,-1,True,134,2.68,25.280975206730545,0,0,17.90025708030288,10.130788447048726,0.8905313667458548,False,134,26000
26,7,-1,False,,,24.699553105890942,0,0,3.5879617828334975,9.310395720291833,4.222433937458349,False,150,26001
27,0,1,False,,,31.706117301296402,0,0,4.820794426856222,8.71475391081264,2.393959483956417,False,150,27000
27,0,1,False,,,32.406119264801255,0,0,5.083214261648183,10.205205859903506,3.621991598255326,False,150,27001
27,0,-1,True,147,2.94,28.955913062391577,0,0,16.293474981314613,8.71475391081264,0.9512789294980308,False,147,27000
27,0,-1,True,117,2.34,22.71003324823929,0,0,18.187484998363374,10.205205859903506,0.8477208615401395,False,117,27001
27,1,1,False,,,37.70902349481972,0,0,5.018321260159024,8.71475391081264,2.196432650653622,False,150,27000
27,1,1,True,119,2.38,31.80131286887957,0,0,18.056096885881296,10.205205859903506,0.9591089740222208,False,119,27001
27,1,-1,False,,,33.13726511407832,0,0,3.1696380274609623,8.71475391081264,4.045115883351687,False,150,27000
27,1,-1,False,,,32.31011920034673,0,0,5.272096728954026,10.205205859903506,3.4331091309494934,False,150,27001
27,2,1,False,,,32.695545609219835,0,0,6.042316356451582,8.71475391081264,1.172437554361066,False,150,27000
27,2,1,False,,,35.7416717772209,0,0,6.766138327769772,10.205205859903506,1.939067532133738,False,150,27001
27,2,-1,True,111,2.22,25.96700641033413,0,0,16.692962350767957,8.71475391081264,0.9117915600446849,False,111,27000
27,2,-1,False,,,33.03307224078121,0,0,4.065417292587396,10.205205859903506,4.639788567316113,False,150,27001
27,3,1,False,,,28.016882639943248,0,0,5.243788055519001,8.71475391081264,1.970965855293647,False,150,27000
27,3,1,False,,,27.73921907312191,0,0,6.493497426045463,10.205205859903506,2.211708433858053,False,150,27001
27,3,-1,False,,,31.592728546652378,0,0,4.49059634819417,8.71475391081264,2.7241575626184686,False,150,27000
27,3,-1,False,,,36.82045268417061,0,0,6.15355038069643,10.205205859903506,2.5516554792070805,False,150,27001
27,4,1,True,113,2.2600000000000002,26.546322441585314,0,0,16.61286712713278,8.71475391081264,0.971886783679862,False,113,27000
27,4,1,False,,,33.1367018654027,0,0,7.432771253527268,10.205205859903506,1.2724346063762466,False,150,27001
27,4,-1,False,,,27.83972679028377,0,0,4.7926915274125355,8.71475391081264,2.42206238340011,False,150,27000
27,4,-1,False,,,29.150936891484807,0,0,4.176215413653726,10.205205859903506,4.528990446249792,False,150,27001
27,5,1,False,,,27.853097094111344,0,0,4.779342057091303,8.71475391081264,2.4354118537213383,False,150,27000
27,5,1,False,,,30.50064501644924,0,0,7.192993902991246,10.205205859903506,1.5122119569122687,False,150,27001
27,5,-1,False,,,34.09758912750342,0,0,5.2380387873666185,8.71475391081264,1.976715123446029,False,150,27000
27,5,-1,False,,,33.418155712633016,0,0,6.991420700241572,10.205205859903506,1.7137851596619422,False,150,27001
27,6,1,False,,,34.521666033270165,0,0,4.020725012913783,8.71475391081264,3.1940288978988587,False,150,27000
27,6,1,True,117,2.34,27.966013041239524,0,0,18.067798378431533,10.205205859903506,0.9674074814719836,False,117,27001
27,6,-1,False,,,30.9739065727323,0,0,5.5992947696771616,8.71475391081264,1.615459141135488,False,150,27000
27,6,-1,True,140,2.8000000000000003,27.972179334247265,0,0,17.87579167714629,10.205205859903506,0.9294141827572279,False,140,27001
27,7,1,False,,,28.70469133742159,0,0,5.7902962807837,8.71475391081264,1.4244576300289458,False,150,27000
27,7,1,False,,,26.28443662872095,0,0,6.907278449503546,10.205205859903506,1.797927410399966,False,150,27001
27,7,-1,False,,,27.888841402055967,0,0,4.496214570801677,8.71475391081264,2.7185393400109708,False,150,27000
27,7,-1,False,,,27.614694864626138,0,0,5.192972572009596,10.205205859903506,3.5122332878939195,False,150,27001
28,0,1,False,,,31.3707710879588,0,0,2.777055270470415,6.596509574530437,2.319454304060027,False,150,28000
28,0,1,False,,,28.7055620331112,0,0,2.926547316082913,7.7764530376561805,3.3499057215732786,False,150,28001
28,0,-1,True,65,1.3,15.997484073404188,0,0,15.142015563113354,6.596509574530437,0.8044940114170834,False,65,28000
28,0,-1,True,85,1.7,21.904370290032485,0,0,15.95312042245424,7.7764530376561805,0.9733326152019409,False,85,28001
28,1,1,False,,,36.559978812543555,0,0,3.243356211531044,6.596509574530437,1.8531533629993966,False,150,28000
28,1,1,True,107,2.14,26.35289223360298,0,0,15.803488659416157,7.7764530376561805,0.9029643782400305,False,107,28001
28,1,-1,True,74,1.48,16.69390218314667,0,0,14.883009298179854,6.596509574530437,0.9735002763505834,False,74,28000
28,1,-1,False,,,33.62040382324402,0,0,4.283364261407222,7.7764530376561805,1.9930887762489573,False,150,28001
28,2,1,False,,,31.16395290054689,0,0,3.464495754851327,6.596509574530437,1.6320138196791154,False,150,28000
28,2,1,True,146,2.92,28.855210435568086,0,0,15.322722820070597,7.7764530376561805,0.9937302175855909,False,146,28001
28,2,-1,False,,,29.65440950859194,0,0,2.9550431005774525,6.596509574530437,2.1414664739529914,False,150,28000
28,2,-1,False,,,30.406161022033352,0,0,4.293524912007692,7.7764530376561805,1.9829281256484894,False,150,28001
28,3,1,False,,,29.144408215669284,0,0,3.798558185473088,6.596509574530437,1.2979513890573517,False,150,28000
28,3,1,False,,,30.087001631103824,0,0,3.093763538994656,7.7764530376561805,3.1826894986615337,False,150,28001
28,3,-1,True,70,1.4000000000000001,16.931132891919482,0,0,15.025336528959055,6.596509574530437,0.8711730455713828,False,70,28000
28,3,-1,False,,,32.625515698381086,0,0,4.820683369139887,7.7764530376561805,1.4557696685162964,False,150,28001
28,4,1,False,,,31.53271334627984,0,0,3.6335606177351494,6.596509574530437,1.4629489567952951,False,150,28000
28,4,1,False,,,29.811486026969007,0,0,4.2097997900884625,7.7764530376561805,2.0666532475677273,False,150,28001
28,4,-1,False,,,30.41514091693646,0,0,1.7735442883157424,6.596509574530437,3.322965286214693,False,150,28000
28,4,-1,True,143,2.86,30.84026196654804,0,0,15.406284683912478,7.7764530376561805,0.9401683537437041,False,143,28001
28,5,1,False,,,30.684451597400628,0,0,3.1348169652150624,6.596509574530437,1.9616926093153848,False,150,28000
28,5,1,False,,,28.912532634614287,0,0,2.2512366621230555,7.7764530376561805,4.025216375533141,False,150,28001
28,5,-1,True,95,1.9000000000000001,19.005171003941527,0,0,14.923105136618162,6.596509574530437,0.7234044379122787,False,95,28000
28,5,-1,True,100,2.0,22.125772034922043,0,0,15.789911879700506,7.7764530376561805,0.986541157955679,False,100,28001
28,6,1,True,89,1.78,19.88287611834056,0,0,14.829103202791272,6.596509574530437,0.8774063717391664,False,89,28000
28,6,1,True,121,2.42,29.310062006031888,0,0,15.590614156507456,7.7764530376561805,0.9758388811487267,False,121,28001
28,6,-1,True,83,1.6600000000000001,17.383077944010978,0,0,14.864511650807934,6.596509574530437,0.9019979237225056,False,83,28000
28,6,-1,True,131,2.62,26.210127395214872,0,0,15.488482290660379,7.7764530376561805,0.9779707469958061,False,131,28001
28,7,1,False,,,26.309191715099235,0,0,3.9047673467103206,6.596509574530437,1.191742227820122,False,150,28000
28,7,1,False,,,26.995180268076247,0,0,4.244484244250266,7.7764530376561805,2.0319687934059214,False,150,28001
28,7,-1,True,149,2.98,29.444955728793673,0,0,14.18528850842847,6.596509574530437,0.9212210661019707,False,149,28000
28,7,-1,True,120,2.4,25.616121971506363,0,0,15.668118464124401,7.7764530376561805,0.9083345735317833,False,120,28001
29,0,1,True,110,2.2,23.84033923739799,0,0,16.808408168796817,8.823031649463335,0.9146234806665251,False,110,29000
29,0,1,True,113,2.2600000000000002,22.947047637899033,0,0,17.02594950475876,8.978019710017378,0.822070205258623,False,113,29001
29,0,-1,False,,,35.263543887472004,0,0,5.586449405750365,8.823031649463335,1.7365822437129712,False,150,29000
29,0,-1,False,,,31.71841153179091,0,0,6.08324398063919,8.978019710017378,1.3947757293781922,False,150,29001
29,1,1,True,90,1.8,20.07185549988428,0,0,17.001214748754286,8.823031649463335,0.9218169007090499,False,90,29000
29,1,1,False,,,30.840584987486615,0,0,5.71595279256165,8.978019710017378,1.7620669174557284,False,150,29001
29,1,-1,False,,,33.74053964983638,0,0,4.913048744896413,8.823031649463335,2.4099829045669323,False,150,29000
29,1,-1,True,113,2.2600000000000002,23.36648554680702,0,0,16.94033743253103,8.978019710017378,0.9076822774863529,False,113,29001
29,2,1,False,,,33.67992286604993,0,0,5.422657142234381,8.823031649463335,1.9003745072289582,False,150,29000
29,2,1,True,131,2.62,30.39471239049776,0,0,16.71096491495868,8.978019710017378,0.9570547950587035,False,131,29001
29,2,-1,True,135,2.7,31.388698233947405,0,0,16.66258841147332,8.823031649463335,0.8104432379900196,False,135,29000
29,2,-1,False,,,28.587850082029668,0,0,6.008427116561734,8.978019710017378,1.4695925934556533,False,150,29001
29,3,1,False,,,30.391292020956875,0,0,6.227319630217683,8.823031649463335,1.0957120192456575,False,150,29000
29,3,1,False,,,29.68657217589472,0,0,6.045622048706293,8.978019710017378,1.4323976613110931,False,150,29001
29,3,-1,False,,,32.95582525106582,0,0,4.188193230421525,8.823031649463335,3.134838419041813,False,150,29000
29,3,-1,False,,,33.99530150800959,0,0,5.831744253544945,8.978019710017378,1.6462754564724351,False,150,29001
29,4,1,True,92,1.84,22.74853317420606,0,0,16.952731470363265,8.823031649463335,0.9503001791000725,False,92,29000
29,4,1,True,121,2.42,23.179987145962833,0,0,16.794265465045832,8.978019710017378,0.9737542449715493,False,121,29001
29,4,-1,True,127,2.54,25.882182932919697,0,0,16.72629439849827,8.823031649463335,0.8267372509650714,False,127,29000
29,4,-1,True,84,1.68,18.929070738752092,0,0,17.485998473387838,8.978019710017378,0.6520212366295428,False,84,29001
29,5,1,False,,,35.52936746718442,0,0,5.856465968835097,8.823031649463335,1.4665656806282408,False,150,29000
29,5,1,True,133,2.66,32.92359880335835,0,0,16.699898788847765,8.978019710017378,0.9481209211696142,False,133,29001
29,5,-1,True,127,2.54,24.897596842845225,0,0,16.56677315228685,8.823031649463335,0.9862584971764868,False,127,29000
29,5,-1,True,132,2.64,24.058081307147003,0,0,16.673969440614837,8.978019710017378,0.9840502694025475,False,132,29001
29,6,1,False,,,39.22996098036853,0,0,5.428903485834619,8.823031649463335,1.8941281636287184,False,150,29000
29,6,1,True,112,2.24,27.410768506629037,0,0,16.966491976459075,8.978019710017378,0.891527733558306,False,112,29001
29,6,-1,True,139,2.7800000000000002,29.66641956571559,0,0,16.546078806902543,8.823031649463335,0.8869528425608018,False,139,29000
29,6,-1,False,,,28.37524310210384,0,0,5.6248537768604,8.978019710017378,1.853165933156983,False,150,29001
29,7,1,True,148,2.96,34.57005669155576,0,0,16.47261876428147,8.823031649463335,0.8704128851818699,False,148,29000
29,7,1,True,96,1.92,19.029463947624027,0,0,17.097187385014276,8.978019710017378,0.9208323250031053,False,96,29001
29,7,-1,True,140,2.8000000000000003,31.659771784216687,0,0,16.45322122946455,8.823031649463335,0.9698104199987874,False,140,29000
29,7,-1,True,114,2.2800000000000002,30.003285124260312,0,0,16.993468661040634,8.978019710017378,0.8445510489767497,False,114,29001
30,0,1,True,142,2.84,29.32911252251276,0,0,16.571570487973442,8.882241559148271,0.8906710711748443,False,142,30000
30,0,1,True,149,2.98,29.89008375105492,0,0,16.47506302970575,8.880110786370984,0.9150477566652453,False,149,30001
30,0,-1,False,,,31.764874796528268,0,0,3.805527113075158,8.882241559148271,3.576714446073126,False,150,30000
30,0,-1,False,,,32.261841444960176,0,0,5.700385841339117,8.880110786370984,1.6797249450318772,False,150,30001
30,1,1,True,136,2.72,30.343306519790367,0,0,16.574459832825482,8.882241559148271,0.9477817263228006,False,136,30000
30,1,1,True,143,2.86,33.83052553850903,0,0,16.800488923354287,8.880110786370984,0.649621863016707,False,143,30001
30,1,-1,False,,,19.248922197074343,0,0,4.7273845697691215,8.882241559148271,2.654856989379151,False,150,30000
30,1,-1,False,,,22.06056896306328,0,0,3.4784196640110747,8.880110786370984,3.9016911223599298,False,150,30001
30,2,1,False,,,34.68355616921488,0,0,5.88962359116084,8.882241559148271,1.4926179679874347,False,150,30000
30,2,1,True,149,2.98,30.63505721915456,0,0,16.466974955293544,8.880110786370984,0.9231358310774455,False,149,30001
30,2,-1,False,,,32.19487328753378,0,0,5.768136135732075,8.882241559148271,1.614105423416207,False,150,30000
30,2,-1,False,,,30.534705899839953,0,0,5.69035432614834,8.880110786370984,1.6897564602226491,False,150,30001
30,3,1,True,115,2.3000000000000003,24.045374719040687,0,0,16.759295236591445,8.882241559148271,0.972946322556832,False,115,30000
30,3,1,False,,,30.31818442278607,0,0,5.813026373721037,8.880110786370984,1.5670844126499541,False,150,30001
30,3,-1,True,145,2.9,33.11338803536039,0,0,16.617994175736687,8.882241559148271,0.8142473834115962,False,145,30000
30,3,-1,False,,,34.40550169956853,0,0,5.081098908611479,8.880110786370984,2.299011877759517,False,150,30001
30,4,1,False,,,31.845264577695243,0,0,2.9518247664463253,8.882241559148271,4.430416792701973,False,150,30000
30,4,1,False,,,31.948328075376192,0,0,4.011550577106796,8.880110786370984,3.368560209264198,False,150,30001
30,4,-1,False,,,33.19971517590113,0,0,5.622330188740564,8.882241559148271,1.7599113704077132,False,150,30000
30,4,-1,False,,,33.795617237433675,0,0,5.366184578730872,8.880110786370984,2.013926207640123,False,150,30001
30,5,1,False,,,34.11764205628672,0,0,5.661784081066543,8.882241559148271,1.7204574780817399,False,150,30000
30,5,1,True,123,2.46,26.89289180673386,0,0,16.71118077220921,8.880110786370984,0.9389300141617773,False,123,30001
30,5,-1,False,,,34.107599956773164,0,0,3.780939566834917,8.882241559148271,3.601301992313376,False,150,30000
30,5,-1,True,133,2.66,33.5191188803431,0,0,16.615340462127204,8.880110786370984,0.9347703242437826,False,133,30001
30,6,1,False,,,35.89416383570047,0,0,5.811865661846524,8.882241559148271,1.5703758973017579,False,150,30000
30,6,1,True,107,2.14,25.533324537805136,0,0,16.85121556924071,8.880110786370984,0.958895217130277,False,107,30001
30,6,-1,False,,,28.182627240552954,0,0,5.752728988315865,8.882241559148271,1.629512570832406,False,150,30000
30,6,-1,True,110,2.2,25.756227639106044,0,0,16.85870117953874,8.880110786370984,0.9214096068322447,False,110,30001
30,7,1,True,127,2.54,26.258306603455406,0,0,16.656589436546806,8.882241559148271,0.9556521226014695,False,127,30000
30,7,1,False,,,33.595723866351804,0,0,0.185682479593627,8.880110786370984,7.194428306777357,False,150,30001
30,7,-1,False,,,36.02293772306276,0,0,3.50208122666504,8.882241559148271,3.8801603324832503,False,150,30000
30,7,-1,False,,,38.920069851909474,0,0,5.442450994983293,8.880110786370984,1.937659791387694,False,150,30001
31,0,1,True,74,1.48,15.428539669050293,0,0,15.590958382136234,7.194006919170754,0.8630485370345236,False,74,31000
31,0,1,True,77,1.54,17.97545940827169,0,0,16.01152827643639,7.695320190053505,0.9137919136171199,False,77,31001
31,0,-1,True,81,1.62,18.07901064679094,0,0,15.43892110314351,7.194006919170754,0.9450858160272473,False,81,31000
31,0,-1,True,114,2.2800000000000002,27.657658018946343,0,0,15.664480016460114,7.695320190053505,0.8908401735933966,False,114,31001
31,1,1,True,93,1.86,20.89841813767865,0,0,15.283666488099563,7.194006919170754,0.9803404310711903,False,93,31000
31,1,1,False,,,28.742515238864346,0,0,4.816844298123777,7.695320190053505,1.3784758919297395,False,150,31001
31,1,-1,False,,,35.37544045104348,0,0,3.5329458930467093,7.194006919170754,2.1610610261240484,False,150,31000
31,1,-1,False,,,38.86567788598676,0,0,3.2032720603220692,7.695320190053505,2.99204812973144,False,150,31001
31,2,1,False,,,36.604377744958924,0,0,3.918748839289357,7.194006919170754,1.7752580798814013,False,150,31000
31,2,1,True,87,1.74,21.22555950687363,0,0,15.900653831466187,7.695320190053505,0.9246663585873273,False,87,31001
31,2,-1,True,96,1.92,20.560863686937587,0,0,15.26867215216826,7.194006919170754,0.9653347670024941,False,96,31000
31,2,-1,True,78,1.56,17.764689621607115,0,0,16.011251593289984,7.695320190053505,0.904068596763525,False,78,31001
31,3,1,True,107,2.14,22.917116633063284,0,0,15.266657478232348,7.194006919170754,0.8573494409384151,False,107,31000
31,3,1,True,95,1.9000000000000001,21.281275179466274,0,0,15.76942602830853,7.695320190053505,0.9758941617449814,False,95,31001
31,3,-1,True,71,1.42,15.267146026209629,0,0,15.561002073219061,7.194006919170754,0.9230048459516947,False,71,31000
31,3,-1,True,73,1.46,16.810078352568446,0,0,16.024460229739418,7.695320190053505,0.940859960314092,False,73,31001
31,4,1,True,76,1.52,15.327093913235537,0,0,15.553551276068664,7.194006919170754,0.8804556431020927,False,76,31000
31,4,1,True,131,2.62,28.249724163676547,0,0,15.495214666192249,7.695320190053505,0.8901055238612601,False,131,31001
31,4,-1,False,,,34.03579929855264,0,0,3.378486185720809,7.194006919170754,2.315520733449951,False,150,31000
31,4,-1,True,74,1.48,18.150021552076936,0,0,16.181866733251614,7.695320190053505,0.7734534568018919,False,74,31001
31,5,1,True,68,1.36,17.047683780396586,0,0,15.581736319917633,7.194006919170754,0.9322705992531206,False,68,31000
31,5,1,True,86,1.72,18.940929903928392,0,0,15.89674253949997,7.695320190053505,0.9385776505535438,False,86,31001
31,5,-1,False,,,31.905179240155796,0,0,4.351690732979334,7.194006919170754,1.3423161861914228,False,150,31000
31,5,-1,True,81,1.62,19.323080238562135,0,0,16.187929653512203,7.695320190053505,0.6973905365413081,False,81,31001
31,6,1,True,97,1.94,19.14825714687944,0,0,15.230394628095642,7.194006919170754,0.9936122910751147,False,97,31000
31,6,1,True,86,1.72,19.479087695755876,0,0,16.04514813906651,7.695320190053505,0.790172050987002,False,86,31001
31,6,-1,True,124,2.48,29.11065747721821,0,0,14.959437674185487,7.194006919170754,0.9945692449852702,False,124,31000
31,6,-1,True,69,1.3800000000000001,18.694949590750642,0,0,16.043533497600762,7.695320190053505,0.9617866924527446,False,69,31001
31,7,1,True,115,2.3000000000000003,29.21148611878572,0,0,15.136888276059759,7.194006919170754,0.9071186431109965,False,115,31000
31,7,1,True,66,1.32,18.47445683785914,0,0,16.106985433364947,7.695320190053505,0.9283347566885598,False,66,31001
31,7,-1,True,102,2.04,22.24361620739084,0,0,15.336438814004202,7.194006919170754,0.8375681051665568,False,102,31000
31,7,-1,True,105,2.1,23.1357980894728,0,0,15.790123586125969,7.695320190053505,0.8551966039275378,False,105,31001
32,0,1,False,,,36.856113992867726,0,0,4.203669815184888,9.06420454434389,3.3605347291590117,False,150,32000
32,0,1,True,112,2.24,24.752084095673272,0,0,15.219254213304911,7.093987868108297,0.7547336548033943,False,112,32001
32,0,-1,False,,,27.377047258931025,0,0,4.433210406880706,9.06420454434389,3.1309941374631918,False,150,32000
32,0,-1,False,,,20.43022370863702,0,0,2.1478194074792576,7.093987868108297,3.446168460629056,False,150,32001
32,1,1,True,136,2.72,31.14151625473057,0,0,16.891449668432337,9.06420454434389,0.8127548759115599,False,136,32000
32,1,1,True,132,2.64,29.55993012462951,0,0,14.781453608233555,7.093987868108297,0.9925342598747519,False,132,32001
32,1,-1,False,,,22.49563139193439,0,0,2.8177133286667475,9.06420454434389,4.74649121567717,False,150,32000
32,1,-1,False,,,19.33713521792117,0,0,3.0300212225764844,7.093987868108297,2.563966645531829,False,150,32001
32,2,1,False,,,36.70930892737186,0,0,6.185271152316362,9.06420454434389,1.3789333920275388,False,150,32000
32,2,1,True,136,2.72,31.420630211045598,0,0,14.845360437899952,7.093987868108297,0.8886274302083486,False,136,32001
32,2,-1,True,134,2.68,29.927073371348097,0,0,16.74804385684435,9.06420454434389,0.9761606874995449,False,134,32000
32,2,-1,True,148,2.96,31.31940049622004,0,0,14.621291145858278,7.093987868108297,0.9926967222500307,False,148,32001
32,3,1,False,,,33.98625394335087,0,0,6.377779135348901,9.06420454434389,1.1864254089949955,False,150,32000
32,3,1,False,,,27.822630289147266,0,0,4.267248890723489,7.093987868108297,1.3267389773848157,False,150,32001
32,3,-1,False,,,29.817488187174117,0,0,5.280537524891034,9.06420454434389,2.2836670194528628,False,150,32000
32,3,-1,True,126,2.52,27.4992317830747,0,0,14.857726639402657,7.093987868108297,0.9762612287056474,False,126,32001
32,4,1,False,,,23.17434193435474,0,0,2.84113015173698,9.06420454434389,4.723074392606938,False,150,32000
32,4,1,False,,,15.986953464183078,0,0,1.2499121029729592,7.093987868108297,4.344075765135341,False,150,32001
32,4,-1,True,143,2.86,32.36437107153975,0,0,16.72970602890901,9.06420454434389,0.9044985154348836,False,143,32000
32,4,-1,True,93,1.86,20.150026295732612,0,0,15.299617049866328,7.093987868108297,0.8643708182419721,False,93,32001
32,5,1,True,130,2.6,31.868542306375915,0,0,16.869690160178884,9.06420454434389,0.8945143841650104,False,130,32000
32,5,1,False,,,31.88946434474003,0,0,4.297199396272421,7.093987868108297,1.2967884718358853,False,150,32001
32,5,-1,True,142,2.84,33.95917706174455,0,0,16.674835751690637,9.06420454434389,0.9693687926532586,False,142,32000
32,5,-1,False,,,15.845065110327818,0,0,-0.6372728546832438,7.093987868108297,6.231260722791539,False,150,32001
32,6,1,True,144,2.88,32.096418418411574,0,0,16.69695517549403,9.06420454434389,0.9272493688498673,False,144,32000
32,6,1,True,108,2.16,24.476456848760712,0,0,15.062726734411697,7.093987868108297,0.9512611336965988,False,108,32001
32,6,-1,False,,,22.072340200320813,0,0,3.393508291335845,9.06420454434389,4.170696253008074,False,150,32000
32,6,-1,False,,,12.256207682691349,0,0,0.6041759409870335,7.093987868108297,4.989811927121262,False,150,32001
32,7,1,False,,,35.24120786163047,0,0,5.06147620595474,9.06420454434389,2.502728338389156,False,150,32000
32,7,1,False,,,29.203465237857895,0,0,1.947336911012069,7.093987868108297,3.6466509570962287,False,150,32001
32,7,-1,False,,,29.59025597644633,0,0,3.10013239154853,9.06420454434389,4.464072152795381,False,150,32000
32,7,-1,True,121,2.42,24.733909969486277,0,0,15.007170079020014,7.093987868108297,0.8768177890882872,False,121,32001
33,0,1,False,,,33.8634583525901,0,0,5.170294606223848,7.763008706410336,1.0927141001864904,False,150,33000
33,0,1,True,140,2.8000000000000003,32.87003421990221,0,0,14.405672428565211,6.681851709729574,0.8761792811643664,False,140,33001
33,0,-1,False,,,31.265423414924637,0,0,4.572695853277042,7.763008706410336,1.6903128531332974,False,150,33000
33,0,-1,True,99,1.98,19.917037960310232,0,0,14.812583140638985,6.681851709729574,0.8792685690905933,False,99,33001
33,1,1,False,,,35.342851678846195,0,0,3.02593006850139,7.763008706410336,3.2370786379089505,False,150,33000
33,1,1,True,91,1.82,21.520019646978692,0,0,14.98838968084449,6.681851709729574,0.783462028885087,False,91,33001
33,1,-1,False,,,30.057416175517822,0,0,4.367027940190868,7.763008706410336,1.895980766219473,False,150,33000
33,1,-1,True,142,2.84,32.36575027416148,0,0,14.266976681390851,6.681851709729574,0.9948750283387278,False,142,33001
33,2,1,False,,,32.59439993936462,0,0,3.7088000955891625,7.763008706410336,2.554208610821183,False,150,33000
33,2,1,True,100,2.0,21.10299084530389,0,0,14.999061744933126,6.681851709729574,0.6827899647964495,False,100,33001
33,2,-1,True,126,2.52,27.790299154102595,0,0,15.570339120851916,7.763008706410336,0.9326695855584243,False,126,33000
33,2,-1,True,122,2.44,28.35151704944147,0,0,14.607126577564694,6.681851709729574,0.8547251321648839,False,122,33001
33,3,1,False,,,36.00326424738338,0,0,4.025898143426718,7.763008706410336,2.237110562983622,False,150,33000
33,3,1,False,,,33.54555756608963,0,0,3.8502937004843054,6.681851709729574,1.3315580092452786,False,150,33001
33,3,-1,True,127,2.54,24.412322991916547,0,0,15.51525024176617,7.763008706410336,0.9777584646441703,False,127,33000
33,3,-1,True,93,1.86,20.053689221051776,0,0,14.966716206410783,6.681851709729574,0.785135503318793,False,93,33001
33,4,1,True,88,1.76,20.86760817017234,0,0,15.967759784899071,7.763008706410336,0.9152489215112665,False,88,33000
33,4,1,True,123,2.46,27.84182680212417,0,0,14.51217698403004,6.681851709729574,0.9396747256995365,False,123,33001
33,4,-1,True,117,2.34,24.951177148125346,0,0,15.663807571350382,7.763008706410336,0.9292011350599553,False,117,33000
33,4,-1,True,96,1.92,21.983566917503055,0,0,14.732268590665669,6.681851709729574,0.9895831190639087,False,96,33001
33,5,1,True,88,1.76,19.2940196557428,0,0,15.983426512928116,7.763008706410336,0.8995821934822227,False,88,33000
33,5,1,True,118,2.36,23.51502810661005,0,0,14.55882855988765,6.681851709729574,0.9430231498419271,False,118,33001
33,5,-1,True,110,2.2,24.02675107502925,0,0,15.805326108965014,7.763008706410336,0.8576825974453243,False,110,33000
33,5,-1,False,,,37.30807684291249,0,0,2.7924134655059927,6.681851709729574,2.389438244223585,False,150,33001
33,6,1,True,150,3.0,35.30813251362933,0,0,15.337923135915386,7.763008706410336,0.9250855704949497,False,150,33000
33,6,1,False,,,32.24326923313487,0,0,3.246536464261384,6.681851709729574,1.9353152454681979,False,150,33001
33,6,-1,True,132,2.64,27.901728295364652,0,0,15.541084561414312,7.763008706410336,0.9019241449960252,False,132,33000
33,6,-1,True,109,2.18,22.383303201212854,0,0,14.611408174647645,6.681851709729574,0.9804435350819329,False,109,33001
33,7,1,True,138,2.7600000000000002,28.59873229024006,0,0,15.451401152966223,7.763008706410336,0.9316075534441182,False,138,33000
33,7,1,True,148,2.96,32.204515576095694,0,0,14.372600392867232,6.681851709729574,0.8292513168623461,False,148,33001
33,7,-1,True,99,1.98,22.652407615292834,0,0,15.774285277287545,7.763008706410336,0.9987234291227937,False,99,33000
33,7,-1,True,113,2.2600000000000002,26.776480643861568,0,0,14.589907669694497,6.681851709729574,0.961944040035079,False,113,33001
34,0,1,False,,,36.576392214730184,0,0,7.116045110431022,9.904737609791837,1.2886924993608337,False,150,34000
34,0,1,True,145,2.9,33.10031939140807,0,0,14.991628893431018,7.35806277161038,0.91643387817937,False,145,34001
34,0,-1,False,,,32.939578327614036,0,0,5.220359695023464,9.904737609791837,3.18437791476839,False,150,34000
34,0,-1,False,,,36.187107266900206,0,0,4.4434457633200095,7.35806277161038,1.4146170082903788,False,150,34001
34,1,1,True,131,2.62,28.741747455849207,0,0,17.688148826503486,9.904737609791837,0.9065887832883641,False,131,34000
34,1,1,True,117,2.34,22.757676158674222,0,0,15.221469202373411,7.35806277161038,0.9665935692369724,False,117,34001
34,1,-1,True,132,2.64,29.039593364553987,0,0,17.5940456075163,9.904737609791837,0.99069200227555,False,132,34000
34,1,-1,True,134,2.68,30.44499515265592,0,0,15.182060702157521,7.35806277161038,0.8360020694528597,False,134,34001
34,2,1,False,,,31.45027571063215,0,0,7.076446501021434,9.904737609791837,1.3282911087704217,False,150,34000
34,2,1,True,126,2.52,26.627208567790344,0,0,15.187047975108673,7.35806277161038,0.9110147965017124,False,126,34001
34,2,-1,False,,,35.150571757479405,0,0,5.665435282555869,9.904737609791837,2.739302327235986,False,150,34000
34,2,-1,True,114,2.2800000000000002,24.624359617885336,0,0,15.503386670671738,7.35806277161038,0.7146761009386438,False,114,34001
34,3,1,False,,,31.793614689304142,0,0,7.008455241127934,9.904737609791837,1.3962823686639159,False,150,34000
34,3,1,True,125,2.5,25.837163514701377,0,0,15.114068760142182,7.35806277161038,0.9939940114682004,False,125,34001
34,3,-1,False,,,32.705048420084516,0,0,5.829150960705737,9.904737609791837,2.575586649086111,False,150,34000
34,3,-1,True,88,1.76,23.003772419336574,0,0,15.50407664813159,7.35806277161038,0.9739861234787921,False,88,34001
34,4,1,False,,,33.04237487387604,0,0,6.483481039430387,9.904737609791837,1.9212565703614617,False,150,34000
34,4,1,True,103,2.06,22.60850804922848,0,0,15.349256738455992,7.35806277161038,0.9788060331543913,False,103,34001
34,4,-1,False,,,32.571019489755926,0,0,4.195452380169223,9.904737609791837,4.209285229622634,False,150,34000
34,4,-1,False,,,35.03675619596184,0,0,4.793602572836078,7.35806277161038,1.0644601987743052,False,150,34001
34,5,1,False,,,29.580814264917393,0,0,6.748685891841447,9.904737609791837,1.6560517179504004,False,150,34000
34,5,1,True,100,2.0,19.445387113059525,0,0,15.48728365344165,7.35806277161038,0.8707791181687335,False,100,34001
34,5,-1,False,,,36.31910401287274,0,0,6.975411450387396,9.904737609791837,1.4293261594044584,False,150,34000
34,5,-1,True,134,2.68,28.235419283658675,0,0,15.366141202414855,7.35806277161038,0.651921569195531,False,134,34001
34,6,1,False,,,32.29443368502274,0,0,4.908144538406112,9.904737609791837,3.4965930713857425,False,150,34000
34,6,1,True,86,1.72,18.357803846295187,0,0,15.550054629524988,7.35806277161038,0.9480081420853944,False,86,34001
34,6,-1,False,,,34.184113616628046,0,0,6.19629171027271,9.904737609791837,2.2084458995191407,False,150,34000
34,6,-1,True,93,1.86,21.100865806610038,0,0,15.558895406978774,7.35806277161038,0.8691673646316084,False,93,34001
34,7,1,False,,,28.424227709940425,0,0,3.873224647429013,9.904737609791837,4.531512962362845,False,150,34000
34,7,1,False,,,32.35318456063017,0,0,3.6087147953700613,7.35806277161038,2.2493479762403257,False,150,34001
34,7,-1,False,,,33.315518554365816,0,0,6.947292098323065,9.904737609791837,1.4574455114687854,False,150,34000
34,7,-1,False,,,33.657271871544914,0,0,3.782135359183692,7.35806277161038,2.0759274124266933,False,150,34001
35,0,1,True,136,2.72,31.500097706777293,0,0,14.584816961940023,6.73559117718944,0.7907742152494225,False,136,35000
35,0,1,True,115,2.3000000000000003,24.074359080157304,0,0,14.981223124751818,6.86556864923925,0.7343455244874336,False,115,35001
35,0,-1,False,,,29.593206606833714,0,0,3.7951122429763116,6.73559117718944,1.4404789342131348,False,150,35000
35,0,-1,True,65,1.3,13.502486334845454,0,0,15.476666328072442,6.86556864923925,0.7389023211668105,False,65,35001
35,1,1,True,107,2.14,23.378902363752847,0,0,14.829183904145722,6.73559117718944,0.836407273043719,False,107,35000
35,1,1,True,50,1.0,13.370219366658437,0,0,15.627829639302742,6.86556864923925,0.7377390099365079,False,50,35001
35,1,-1,True,128,2.56,28.534007752067374,0,0,14.710245573344018,6.73559117718944,0.745345603845427,False,128,35000
35,1,-1,True,99,1.98,19.945659275678008,0,0,14.930328799009,6.86556864923925,0.9452398502302507,False,99,35001
35,2,1,True,141,2.82,30.741960410179306,0,0,14.370461095821145,6.73559117718944,0.9551300813682957,False,141,35000
35,2,1,True,50,1.0,12.194693601027113,0,0,15.373479953366115,6.86556864923925,0.9920886958731379,False,50,35001
35,2,-1,True,123,2.46,25.80912745953933,0,0,14.617410292851908,6.73559117718944,0.8881808843375406,False,123,35000
35,2,-1,True,120,2.4,25.130536987595963,0,0,14.950280784080945,6.86556864923925,0.715287865158313,False,120,35001
35,3,1,False,,,30.02394172543413,0,0,3.81842649164037,6.73559117718944,1.417164685549075,False,150,35000
35,3,1,True,55,1.1,12.075052641892393,0,0,15.328082251186782,6.86556864923925,0.9874863980524689,False,55,35001
35,3,-1,True,108,2.16,23.2261019451675,0,0,14.67603584553834,6.73559117718944,0.9795553316511013,False,108,35000
35,3,-1,True,121,2.42,26.64071446008559,0,0,14.658339725515514,6.86556864923925,0.9972289237237413,False,121,35001
35,4,1,True,109,2.18,23.997716393077006,0,0,14.84206369814218,6.73559117718944,0.8035274790472616,False,109,35000
35,4,1,True,56,1.12,12.450550762576496,0,0,15.517712967883464,6.86556864923925,0.7878556813557895,False,56,35001
35,4,-1,True,125,2.5,26.70030250763887,0,0,14.582710711458994,6.73559117718944,0.9028804657304523,False,125,35000
35,4,-1,True,86,1.72,17.24065935003263,0,0,15.066744419660647,6.86556864923925,0.9388242295786088,False,86,35001
35,5,1,True,106,2.12,21.703856673416144,0,0,14.740916689572197,6.73559117718944,0.934674487617244,False,106,35000
35,5,1,True,80,1.6,17.04359119331485,0,0,15.222272338003492,6.86556864923925,0.8432963112357604,False,80,35001
35,5,-1,False,,,32.88288723374223,0,0,3.5540210955334537,6.73559117718944,1.6815700816559942,False,150,35000
35,5,-1,True,61,1.22,12.436129864098742,0,0,15.350609460693502,6.86556864923925,0.9049591885457517,False,61,35001
35,6,1,True,114,2.2800000000000002,22.583769645045628,0,0,14.839906156207663,6.73559117718944,0.7556850209817797,False,114,35000
35,6,1,True,61,1.22,12.266122589362201,0,0,15.386558347104067,6.86556864923925,0.8690103021351854,False,61,35001
35,6,-1,True,80,1.6,19.09391063810302,0,0,15.07705355643209,6.73559117718944,0.8585376207573513,False,80,35000
35,6,-1,True,118,2.36,27.199437746085913,0,0,14.776659205231901,6.86556864923925,0.908909444007354,False,118,35001
35,7,1,True,104,2.08,22.99371063836223,0,0,14.926616729081115,6.73559117718944,0.7689744481083278,False,104,35000
35,7,1,True,86,1.72,16.995249113610242,0,0,15.080265791963548,6.86556864923925,0.925302857275704,False,86,35001
35,7,-1,True,100,2.0,19.60968126721213,0,0,14.746482509887798,6.73559117718944,0.9891086673016452,False,100,35000
35,7,-1,True,61,1.22,12.428508803932022,0,0,15.38714211718472,6.86556864923925,0.8684265320545328,False,61,35001
36,0,1,True,103,2.06,21.19387372602607,0,0,16.48071611089578,8.43488609831338,0.9241699874175998,False,103,36000
36,0,1,True,134,2.68,29.269026779580187,0,0,15.045005456742686,7.234567502793486,0.8495620460508038,False,134,36001
36,0,-1,True,118,2.36,25.077579508116656,0,0,16.34821962708042,8.43488609831338,0.906666471232961,False,118,36000
36,0,-1,True,128,2.56,28.3367759406542,0,0,15.123949383589498,7.234567502793486,0.8306181192039992,False,128,36001
36,1,1,False,,,32.2920369402055,0,0,4.381305325412876,8.43488609831338,2.553580772900502,False,150,36000
36,1,1,True,141,2.82,31.41934409083792,0,0,14.974144326358193,7.234567502793486,0.8504231764353035,False,141,36001
36,1,-1,True,115,2.3000000000000003,23.179517747807346,0,0,16.405443134679636,8.43488609831338,0.8794429636337474,False,115,36000
36,1,-1,False,,,33.72302097207071,0,0,4.510482571184468,7.234567502793486,1.224084931609024,False,150,36001
36,2,1,True,115,2.3000000000000003,26.130317809346923,0,0,16.295576919048486,8.43488609831338,0.9893091792649,False,115,36000
36,2,1,True,128,2.56,25.851924516445987,0,0,15.105570796210587,7.234567502793486,0.8489967065829044,False,128,36001
36,2,-1,True,143,2.86,30.96916914852306,0,0,16.051838128531706,8.43488609831338,0.9530479697816836,False,143,36000
36,2,-1,False,,,32.3350749831372,0,0,4.290613694163455,7.234567502793486,1.443953808630041,False,150,36001
36,3,1,True,112,2.24,26.597856754862928,0,0,16.385489860667654,8.43488609831338,0.9293962376457288,False,112,36000
36,3,1,True,135,2.7,31.80474743912436,0,0,14.901439083840021,7.234567502793486,0.9831284189534656,False,135,36001
36,3,-1,False,,,27.843858318462633,0,0,5.685599187615457,8.43488609831338,1.2492869106979294,False,150,36000
36,3,-1,True,132,2.64,27.8942445564099,0,0,14.96371678943321,7.234567502793486,0.9508507133602863,False,132,36001
36,4,1,True,148,2.96,32.10980974126545,0,0,16.015964709148108,8.43488609831338,0.9389213891652786,False,148,36000
36,4,1,False,,,31.69056124101743,0,0,3.326434211896652,7.234567502793486,2.4081332908968376,False,150,36001
36,4,-1,False,,,30.295381976668505,0,0,5.480549287429347,8.43488609831338,1.454336810884036,False,150,36000
36,4,-1,False,,,32.1342836653452,0,0,4.534117040452938,7.234567502793486,1.2004504623405556,False,150,36001
36,5,1,True,116,2.32,22.584805646813273,0,0,16.546294955275606,8.43488609831338,0.7285911430377823,False,116,36000
36,5,1,False,,,28.6995254014955,0,0,3.7275579753775308,7.234567502793486,2.007009527415959,False,150,36001
36,5,-1,True,112,2.24,22.066400659280553,0,0,16.622073302853508,8.43488609831338,0.6928127954598772,False,112,36000
36,5,-1,False,,,34.67403780627185,0,0,3.8827840320519122,7.234567502793486,1.851783470741583,False,150,36001
36,6,1,False,,,27.82857847733893,0,0,5.56463094830219,8.43488609831338,1.3702551500111986,False,150,36000
36,6,1,False,,,32.597974447314954,0,0,3.70934034026719,7.234567502793486,2.0252271625263014,False,150,36001
36,6,-1,False,,,34.06603852321363,0,0,3.4776584360643037,8.43488609831338,3.4572276622490854,False,150,36000
36,6,-1,False,,,33.71328505036484,0,0,4.1972413534978505,7.234567502793486,1.537326149295644,False,150,36001
36,7,1,True,104,2.08,21.357424118521802,0,0,16.533151822227023,8.43488609831338,0.8617342760863599,False,104,36000
36,7,1,True,137,2.74,27.49841423463146,0,0,14.954596239850465,7.234567502793486,0.9099712629430232,False,137,36001
36,7,-1,True,121,2.42,27.99260649390627,0,0,16.42005377561068,8.43488609831338,0.8048323227027042,False,121,36000
36,7,-1,True,119,2.38,26.280678527847105,0,0,15.221823576915693,7.234567502793486,0.8227439258778021,False,119,36001
37,0,1,True,121,2.42,25.17234068905133,0,0,16.160831111044743,8.316984517481307,0.9461534064365684,False,121,37000
37,0,1,False,,,32.88950896459819,0,0,6.921631450745171,9.513552079740462,1.0919206289953045,False,150,37001
37,0,-1,True,119,2.38,25.91280534873331,0,0,16.25279347071138,8.316984517481307,0.8741910467699272,False,119,37000
37,0,-1,True,145,2.9,36.08479180912005,0,0,17.240779821644555,9.513552079740462,0.8227722580959242,False,145,37001
37,1,1,True,108,2.16,24.082820179270655,0,0,16.271749375335524,8.316984517481307,0.9652351421457896,False,108,37000
37,1,1,False,,,32.10013535371903,0,0,4.352257908791462,9.513552079740462,3.6612941709490103,False,150,37001
37,1,-1,True,125,2.5,27.150044754330622,0,0,16.179610733313652,8.316984517481307,0.8873737841676554,False,125,37000
37,1,-1,False,,,32.744727685232455,0,0,6.1655313612536125,9.513552079740462,1.8480207184868658,False,150,37001
37,2,1,True,114,2.2800000000000002,25.985810919259098,0,0,16.38409115755379,8.316984517481307,0.7928933599275201,False,114,37000
37,2,1,True,138,2.7600000000000002,32.85970190307748,0,0,17.270811717819242,9.513552079740462,0.8627403619212324,False,138,37001
37,2,-1,False,,,32.83626719493041,0,0,5.086863300836384,8.316984517481307,1.7301212166449258,False,150,37000
37,2,-1,True,138,2.7600000000000002,31.421132118452597,0,0,17.143527677699186,9.513552079740462,0.9900244020412908,False,138,37001
37,3,1,False,,,38.680756501055306,0,0,4.582964385932069,8.316984517481307,2.2340201315492547,False,150,37000
37,3,1,False,,,35.32826973374499,0,0,4.757963723734904,9.513552079740462,3.255588356005567,False,150,37001
37,3,-1,False,,,33.002987241727766,0,0,5.211608991105711,8.316984517481307,1.6053755263756069,False,150,37000
37,3,-1,False,,,33.97277908873167,0,0,4.472504039025455,9.513552079740462,3.5410480407150207,False,150,37001
37,4,1,True,139,2.7800000000000002,29.416591906387545,0,0,16.041872028775014,8.316984517481307,0.8851124887063029,False,139,37000
37,4,1,False,,,30.87107003609665,0,0,6.7087135728289455,9.513552079740462,1.3048385069115236,False,150,37001
37,4,-1,True,130,2.6,28.709226604470647,0,0,16.04689055078346,8.316984517481307,0.9700939666978597,False,130,37000
37,4,-1,True,140,2.8000000000000003,32.54509624598089,0,0,17.134446665876652,9.513552079740462,0.9791054138638221,False,140,37001
37,5,1,True,117,2.34,24.762728320788106,0,0,16.418826162382796,8.316984517481307,0.7281583550985208,False,117,37000
37,5,1,False,,,33.15307956629111,0,0,5.194914554971886,9.513552079740462,2.8186375247685933,False,150,37001
37,5,-1,True,126,2.52,28.982616803216995,0,0,16.221508678668734,8.316984517481307,0.835475838812581,False,126,37000
37,5,-1,False,,,33.219219785024194,0,0,6.710078945748582,9.513552079740462,1.3034731339918961,False,150,37001
37,6,1,True,146,2.92,32.12805576726288,0,0,15.962432722138457,8.316984517481307,0.8945517953428543,False,146,37000
37,6,1,False,,,32.70370485276313,0,0,6.183361172807714,9.513552079740462,1.8301909069327627,False,150,37001
37,6,-1,True,132,2.64,31.495820282297856,0,0,16.06995253783206,8.316984517481307,0.9270319796492508,False,132,37000
37,6,-1,False,,,35.770578694190625,0,0,6.233375274780974,9.513552079740462,1.7801768049595117,False,150,37001
37,7,1,True,108,2.16,24.55847174775354,0,0,16.327548680950876,8.316984517481307,0.9094358365304306,False,108,37000
37,7,1,True,145,2.9,31.142587287798083,0,0,17.2010709841732,9.513552079740462,0.8624810955672734,False,145,37001
37,7,-1,False,,,32.25578271413722,0,0,5.101377990848258,8.316984517481307,1.7156065266330505,False,150,37000
37,7,-1,True,135,2.7,32.08461686816129,0,0,17.51264336319517,9.513552079740462,0.6509087165453079,False,135,37001
38,0,1,True,141,2.82,32.66288799165865,0,0,14.003875826586752,6.293696718806072,0.8798208922193244,False,141,38000
38,0,1,False,,,31.68886067826581,0,0,5.141336356036641,9.062069643284012,2.420733287247383,False,150,38001
38,0,-1,True,118,2.36,25.3877736489029,0,0,14.250544014182047,6.293696718806072,0.86315270462403,False,118,38000
38,0,-1,False,,,30.77712398811612,0,0,5.363388496316274,9.062069643284012,2.198681146967749,False,150,38001
38,1,1,True,120,2.4,27.633406312961096,0,0,14.215965186422306,6.293696718806072,0.8777315323837729,False,120,38000
38,1,1,False,,,31.43038719330902,0,0,5.947486836707836,9.062069643284012,1.6145828065761796,False,150,38001
38,1,-1,True,132,2.64,29.18588723337732,0,0,13.974534516922056,6.293696718806072,0.9991622018840228,False,132,38000
38,1,-1,False,,,30.627834092312938,0,0,5.890941628474605,9.062069643284012,1.6711280148094134,False,150,38001
38,2,1,True,124,2.48,28.684330676345038,0,0,14.076880802412445,6.293696718806072,0.9768159163936317,False,124,38000
38,2,1,True,142,2.84,32.54112107214709,0,0,16.644838817253188,9.062069643284012,0.997230826030825,False,142,38001
38,2,-1,True,101,2.02,21.853763446313,0,0,14.363826856107366,6.293696718806072,0.9198698626987108,False,101,38000
38,2,-1,False,,,34.684982027739316,0,0,5.701500900295111,9.062069643284012,1.8605687429889057,False,150,38001
38,3,1,True,106,2.12,23.95503820850501,0,0,14.321969117693317,6.293696718806072,0.9117276011127627,False,106,38000
38,3,1,True,113,2.2600000000000002,26.341264717306554,0,0,16.991880771154765,9.062069643284012,0.9401888721292507,False,113,38001
38,3,-1,True,111,2.22,26.222437768865937,0,0,14.235361994275712,6.293696718806072,0.9483347245303696,False,111,38000
38,3,-1,True,140,2.8000000000000003,30.33325088283016,0,0,16.763533278767746,9.062069643284012,0.898536364516278,False,140,38001
38,4,1,True,101,2.02,21.29312281398523,0,0,14.418478183845096,6.293696718806072,0.8652185349609836,False,101,38000
38,4,1,True,150,3.0,30.28484734540489,0,0,16.564362972998893,9.062069643284012,0.9977066702851299,False,150,38001
38,4,-1,True,116,2.32,27.942739116428722,0,0,14.383372847480441,6.293696718806072,0.7503238713256394,False,116,38000
38,4,-1,False,,,32.39148444422917,0,0,6.090399457362466,9.062069643284012,1.471670185921557,False,150,38001
38,5,1,False,,,36.84887577027664,0,0,3.2942889226483576,6.293696718806072,1.4994077961577224,False,150,38000
38,5,1,True,124,2.48,29.297052851572175,0,0,17.026502085946834,9.062069643284012,0.7955675573371823,False,124,38001
38,5,-1,True,118,2.36,28.438211082624292,0,0,14.278036596054346,6.293696718806072,0.8356601227517344,False,118,38000
38,5,-1,False,,,31.728025286472175,0,0,4.875661453251774,9.062069643284012,2.686408190032253,False,150,38001
38,6,1,False,,,32.88991846484279,0,0,2.560895611598011,6.293696718806072,2.2328011072080707,False,150,38000
38,6,1,True,140,2.8000000000000003,30.796887418514654,0,0,16.86388313457562,9.062069643284012,0.7981865087083941,False,140,38001
38,6,-1,True,108,2.16,26.506179585450077,0,0,14.22085574050687,6.293696718806072,0.9928409782992046,False,108,38000
38,6,-1,False,,,33.289631489164904,0,0,6.053892805914931,9.062069643284012,1.5081768373690874,False,150,38001
38,7,1,False,,,36.79005814910105,0,0,3.530070921752054,6.293696718806072,1.263625797054023,False,150,38000
38,7,1,True,149,2.98,31.941284439182997,0,0,16.585398008559494,9.062069643284012,0.9866716347245215,False,149,38001
38,7,-1,False,,,28.224246283692917,0,0,3.204699630367512,6.293696718806072,1.5889970884385685,False,150,38000
38,7,-1,True,86,1.72,21.183055700656322,0,0,17.538872728458706,9.062069643284012,0.6631969148253061,False,86,38001
39,0,1,True,140,2.8000000000000003,28.259290700229162,0,0,17.24998159005881,9.634853397378686,0.984871807319883,False,140,39000
39,0,1,True,106,2.12,22.22777276653471,0,0,15.315918950797993,7.314700294448144,0.9387813436501536,False,106,39001
39,0,-1,False,,,38.28799542777408,0,0,7.1030326541611535,9.634853397378686,1.0318207432175455,False,150,39000
39,0,-1,False,,,34.18895289609457,0,0,1.4000921781344364,7.314700294448144,4.414608116313708,False,150,39001
39,1,1,False,,,32.409481959334784,0,0,6.9218422804590265,9.634853397378686,1.2130111169196682,False,150,39000
39,1,1,True,125,2.5,27.5103297887831,0,0,15.125480382959815,7.314700294448144,0.9392199114883307,False,125,39001
39,1,-1,False,,,34.45617595505683,0,0,6.185580139779608,9.634853397378686,1.9492732575990792,False,150,39000
39,1,-1,True,135,2.7,29.91835595898115,0,0,15.091695805347133,7.314700294448144,0.8730044891010247,False,135,39001
39,2,1,True,150,3.0,38.29673394824718,0,0,17.180259397409433,9.634853397378686,0.9545939999692573,False,150,39000
39,2,1,False,,,36.35305061324911,0,0,3.9037396929364734,7.314700294448144,1.9109606015116765,False,150,39001
39,2,-1,True,140,2.8000000000000003,26.314282396692438,0,0,17.23615475070497,9.634853397378686,0.9986986466737268,False,140,39000
39,2,-1,True,98,1.96,21.33325249717605,0,0,15.404560545136286,7.314700294448144,0.9301397493118626,False,98,39001
39,3,1,True,132,2.64,28.689182005608213,0,0,17.5650801856725,9.634853397378686,0.7497732117061939,False,132,39000
39,3,1,True,133,2.66,28.864678532962607,0,0,15.034854243090594,7.314700294448144,0.9498460513575594,False,133,39001
39,3,-1,False,,,33.14829424288139,0,0,4.889517522794316,9.634853397378686,3.245335874584372,False,150,39000
39,3,-1,True,113,2.2600000000000002,23.965168544166403,0,0,15.193915919620824,7.314700294448144,0.9907843748273236,False,113,39001
39,4,1,False,,,31.370774901571107,0,0,7.0240164027948975,9.634853397378686,1.1108369945838006,False,150,39000
39,4,1,True,127,2.54,26.427786422714338,0,0,15.118326752543513,7.314700294448144,0.926373541904629,False,127,39001
39,4,-1,False,,,33.043775538058,0,0,5.804607836584969,9.634853397378686,2.3302455607937254,False,150,39000
39,4,-1,True,126,2.52,30.262904886602676,0,0,15.28550872973144,7.314700294448144,0.7691915647167158,False,126,39001
39,5,1,False,,,31.37775359423151,0,0,6.283638899668628,9.634853397378686,1.851214497710061,False,150,39000
39,5,1,True,103,2.06,22.21812501183889,0,0,15.371375593305395,7.314700294448144,0.9133247011427499,False,103,39001
39,5,-1,True,138,2.7600000000000002,30.046885831964524,0,0,17.431898984606327,9.634853397378686,0.8229544127723669,False,138,39000
39,5,-1,True,129,2.58,28.959809094350796,0,0,15.08746934425569,7.314700294448144,0.9372309501924582,False,129,39001
39,6,1,False,,,34.04817542735261,0,0,5.412167658685985,9.634853397378686,2.7226857386927166,False,150,39000
39,6,1,True,121,2.42,26.564316583120416,0,0,15.125272854396068,7.314700294448144,0.9794274400520809,False,121,39001
39,6,-1,False,,,32.64528471373905,0,0,6.563988040444462,9.634853397378686,1.570865356934235,False,150,39000
39,6,-1,True,134,2.68,28.324861655149984,0,0,15.234459822341321,7.314700294448144,0.7402404721068309,False,134,39001
39,7,1,False,,,33.65792989521572,0,0,6.121980719619613,9.634853397378686,2.0128726777590775,False,150,39000
39,7,1,True,118,2.36,25.435689423981522,0,0,15.2082050753863,7.314700294448144,0.9264952190618518,False,118,39001
39,7,-1,True,135,2.7,28.939392316635285,0,0,17.29276122402228,9.634853397378686,0.9920921733564155,False,135,39000
39,7,-1,True,110,2.2,26.06163588333669,0,0,15.359866303261107,7.314700294448144,0.8548339911870392,False,110,39001
40,0,1,True,127,2.54,28.731393565058085,0,0,16.75669378266373,8.950210201389673,0.9235164187259567,False,127,40000
40,0,1,True,116,2.32,24.952761753277453,0,0,14.039664241687635,6.007111528687685,0.8074472870000527,False,116,40001
40,0,-1,True,85,1.7,23.000892039490775,0,0,17.376961728720797,8.950210201389673,0.7232484726688835,False,85,40000
40,0,-1,True,88,1.76,17.51219812810125,0,0,14.256098437395005,6.007111528687685,0.8710130912926821,False,88,40001
40,1,1,True,90,1.8,21.41769180990228,0,0,17.127337791401846,8.950210201389673,0.9228724099878395,False,90,40000
40,1,1,True,79,1.58,16.594964996313415,0,0,14.24922065557378,6.007111528687685,0.9678908731139071,False,79,40001
40,1,-1,True,112,2.24,26.961605513934668,0,0,17.069697272292895,8.950210201389673,0.7605129290967925,False,112,40000
40,1,-1,True,94,1.8800000000000001,21.67430810743712,0,0,14.153384949689222,6.007111528687685,0.9137265789984627,False,94,40001
40,2,1,False,,,31.626748995656243,0,0,4.398124146473193,8.950210201389673,3.052086054916495,False,150,40000
40,2,1,True,144,2.88,32.23925115269622,0,0,13.624328142181845,6.007111528687685,0.9427833865058397,False,144,40001
40,2,-1,True,111,2.22,27.78391878207349,0,0,16.975557112648257,8.950210201389673,0.864653088741423,False,111,40000
40,2,-1,True,105,2.1,20.190391875378527,0,0,14.02398491018906,6.007111528687685,0.9331266184986258,False,105,40001
40,3,1,False,,,36.975480117099615,0,0,5.639092909418576,8.950210201389673,1.8111172919711058,False,150,40000
40,3,1,True,107,2.14,23.096683852730447,0,0,14.11478411456487,6.007111528687685,0.822327414122814,False,107,40001
40,3,-1,True,105,2.1,23.194797978321592,0,0,16.979187276454326,8.950210201389673,0.9210229249353569,False,105,40000
40,3,-1,True,147,2.94,28.555719324024167,0,0,13.788812398768151,6.007111528687685,0.7482991299195361,False,147,40001
40,4,1,True,129,2.58,27.29154064511458,0,0,16.84146851141761,8.950210201389673,0.8187416899720741,False,129,40000
40,4,1,True,93,1.86,18.596438410683295,0,0,14.12038285945443,6.007111528687685,0.9567286692332544,False,93,40001
40,4,-1,True,147,2.94,36.233258129719324,0,0,16.490881232179113,8.950210201389673,0.9893289692105636,False,147,40000
40,4,-1,True,105,2.1,26.301264904166782,0,0,13.96879532905095,6.007111528687685,0.9883161996367366,False,105,40001
40,5,1,True,131,2.62,31.930113188594355,0,0,16.833333627589354,8.950210201389673,0.8068765738003286,False,131,40000
40,5,1,False,,,32.73828578774023,0,0,2.6678740995874994,6.007111528687685,1.8392374291001885,False,150,40001
40,5,-1,True,89,1.78,22.253211455986335,0,0,17.315947569280862,8.950210201389673,0.7442626321088217,False,89,40000
40,5,-1,True,78,1.56,16.494685180219303,0,0,14.372278715546877,6.007111528687685,0.8548328131408085,False,78,40001
40,6,1,False,,,32.85711662592455,0,0,2.412342597653579,8.950210201389673,5.037867603736107,False,150,40000
40,6,1,False,,,33.77975741445953,0,0,3.114314506315683,6.007111528687685,1.3927970223720136,False,150,40001
40,6,-1,True,100,2.0,25.384173241262253,0,0,17.1330340675864,8.950210201389673,0.8171761338032753,False,100,40000
40,6,-1,True,91,1.82,19.985013498404864,0,0,14.122362228884601,6.007111528687685,0.9747492998030844,False,91,40001
40,7,1,True,106,2.12,24.60355906627851,0,0,16.895501745992814,8.950210201389673,0.994708455396874,False,106,40000
40,7,1,True,112,2.24,23.316240391519393,0,0,13.988805624347489,6.007111528687685,0.8983059043401964,False,112,40001
40,7,-1,True,100,2.0,24.354364105120215,0,0,17.146516516956364,8.950210201389673,0.8036936844333238,False,100,40000
40,7,-1,True,145,2.9,31.129307909952942,0,0,13.561631329357208,6.007111528687685,0.9954801993304813,False,145,40001
41,0,1,True,119,2.38,26.46654688969772,0,0,15.50003030658652,7.633645307919271,0.9436150013327536,False,119,41000
41,0,1,True,116,2.32,25.07695589164684,0,0,13.504529125558896,5.61164012542917,0.9471109998702741,False,116,41001
41,0,-1,True,106,2.12,20.33983379805415,0,0,15.727880179019134,7.633645307919271,0.8457651289001432,False,106,41000
41,0,-1,True,82,1.6400000000000001,15.57745925289176,0,0,13.859468446186893,5.61164012542917,0.9321716792422777,False,82,41001
41,1,1,False,,,30.977655289072914,0,0,4.335513717324653,7.633645307919271,1.7981315905946245,False,150,41000
41,1,1,True,148,2.96,30.837230947985518,0,0,13.15894964807049,5.61164012542917,0.9726904773586856,False,148,41001
41,1,-1,False,,,38.52500269140542,0,0,4.708494240440407,7.633645307919271,1.4251510674788657,False,150,41000
41,1,-1,False,,,35.54465338535206,0,0,0.6325558247504757,5.61164012542917,3.4790843006786933,False,150,41001
41,2,1,False,,,35.32507471305464,0,0,-0.5748375933744954,7.633645307919271,6.708482901293765,False,150,41000
41,2,1,False,,,28.55067493375136,0,0,-0.3471367489002077,5.61164012542917,4.458776874329378,False,150,41001
41,2,-1,True,115,2.3000000000000003,22.878834626283446,0,0,15.684805700359895,7.633645307919271,0.7988396075593812,False,115,41000
41,2,-1,True,87,1.74,16.244479638070718,0,0,13.754934746708713,5.61164012542917,0.9867053787204608,False,87,41001
41,3,1,True,99,1.98,22.759335151641423,0,0,15.646122625611659,7.633645307919271,0.9975226823076127,False,99,41000
41,3,1,True,84,1.68,20.287954613697995,0,0,14.186553031918386,5.61164012542917,0.5850870935107843,False,84,41001
41,3,-1,False,,,31.42093105578517,0,0,4.94284117644391,7.633645307919271,1.1908041314753641,False,150,41000
41,3,-1,False,,,26.727806300735512,0,0,2.1226992708859154,5.61164012542917,1.9889408545432603,False,150,41001
41,4,1,True,118,2.36,22.41574981770972,0,0,15.62465415821526,7.633645307919271,0.8289911497040184,False,118,41000
41,4,1,True,85,1.7,17.653652720622237,0,0,13.768191518542558,5.61164012542917,0.9934486068866134,False,85,41001
41,4,-1,True,120,2.4,26.120763227483902,0,0,15.726699677961523,7.633645307919271,0.7069456299577517,False,120,41000
41,4,-1,True,116,2.32,26.257182929112624,0,0,14.128728451579201,5.61164012542917,0.322911673849969,False,116,41001
41,5,1,True,131,2.62,28.184591213098823,0,0,15.345250815081583,7.633645307919271,0.9783944928376925,False,131,41000
41,5,1,True,135,2.7,29.05708478842859,0,0,13.2745674397222,5.61164012542917,0.9870726857069714,False,135,41001
41,5,-1,False,,,40.36973264524146,0,0,2.2415962129427793,7.633645307919271,3.8920490949764988,False,150,41000
41,5,-1,False,,,36.89265828081857,0,0,-2.2071961393782926,5.61164012542917,6.318836264807472,False,150,41001
41,6,1,False,,,33.438738859703875,0,0,4.147462241292429,7.633645307919271,1.9861830666268432,False,150,41000
41,6,1,True,115,2.3000000000000003,25.833039520528466,0,0,13.571733405550274,5.61164012542917,0.8899067198788961,False,115,41001
41,6,-1,True,92,1.84,20.000817105605474,0,0,15.772796965319614,7.633645307919271,0.9408483425996607,False,92,41000
41,6,-1,True,71,1.42,16.01013320750964,0,0,13.933449399719862,5.61164012542917,0.9681907257093086,False,71,41001
41,7,1,True,95,1.9000000000000001,23.810952441197276,0,0,15.71231643545337,7.633645307919271,0.9713288724659028,False,95,41000
41,7,1,False,,,30.995050728303866,0,0,2.1270259876533606,5.61164012542917,1.984614137775813,False,150,41001
41,7,-1,True,129,2.58,25.940621365562144,0,0,15.349604434827233,7.633645307919271,0.9940408730920446,False,129,41000
41,7,-1,True,110,2.2,24.61563303182288,0,0,13.61539332171844,5.61164012542917,0.8962468037107317,False,110,41001
42,0,1,True,114,2.2800000000000002,24.44886268789702,0,0,15.522799702043509,7.567636945390815,0.90483724334732,False,114,42000
42,0,1,True,123,2.46,27.57979991714856,0,0,15.176577973672744,7.284459442197181,0.8778814685244392,False,123,42001
42,0,-1,True,95,1.9000000000000001,21.526482599379744,0,0,15.718962723899345,7.567636945390815,0.8986742214914766,False,95,42000
42,0,-1,True,143,2.86,33.728461635382665,0,0,15.024260617473427,7.284459442197181,0.8301988247237659,False,143,42001
42,1,1,True,123,2.46,26.386647009480352,0,0,15.585755197343568,7.567636945390815,0.7518817480472577,False,123,42000
42,1,1,True,132,2.64,27.784779761341632,0,0,15.2750471498796,7.284459442197181,0.6894122923175984,False,132,42001
42,1,-1,True,110,2.2,24.855843295177632,0,0,15.509879385226897,7.567636945390815,0.957757560163925,False,110,42000
42,1,-1,True,122,2.44,27.727052100034946,0,0,15.074595371022374,7.284459442197181,0.9898640711748107,False,122,42001
42,2,1,True,124,2.48,27.015941176491623,0,0,15.436488403008804,7.567636945390815,0.891148542382022,False,124,42000
42,2,1,True,121,2.42,23.08181456178693,0,0,15.109650998711903,7.284459442197181,0.964808443485288,False,121,42001
42,2,-1,True,90,1.8,20.646643101560795,0,0,15.803203326296408,7.567636945390815,0.8644336190944139,False,90,42000
42,2,-1,True,116,2.32,28.961955307961237,0,0,15.25581673554031,7.284459442197181,0.8686427066568776,False,116,42001
42,3,1,True,108,2.16,21.277557096888433,0,0,15.655293299053255,7.567636945390815,0.8323436463375711,False,108,42000
42,3,1,True,123,2.46,25.97365580990198,0,0,15.190141029390112,7.284459442197181,0.8643184128070751,False,123,42001
42,3,-1,False,,,31.92118322931381,0,0,4.324266232773576,7.567636945390815,1.743370712617254,False,150,42000
42,3,-1,True,128,2.56,28.737716843476203,0,0,15.11464991244813,7.284459442197181,0.8898095297490581,False,128,42001
42,4,1,True,104,2.08,20.836972849644038,0,0,15.655021069907052,7.567636945390815,0.8726158754837753,False,104,42000
42,4,1,True,123,2.46,25.55321700554554,0,0,15.080323735110714,7.284459442197181,0.9741357070864736,False,123,42001
42,4,-1,False,,,36.201840190261365,0,0,4.800152068080927,7.567636945390815,1.267484877309899,False,150,42000
42,4,-1,False,,,34.175149565559295,0,0,4.436206210742187,7.284459442197181,1.3482532314550115,False,150,42001
42,5,1,True,124,2.48,25.221455363997705,0,0,15.354029003303419,7.567636945390815,0.9736079420874036,False,124,42000
42,5,1,False,,,33.137779074338525,0,0,3.7616461821017837,7.284459442197181,2.0228132600954063,False,150,42001
42,5,-1,True,111,2.22,24.64799851726329,0,0,15.659212833234502,7.567636945390815,0.7984241121563271,False,111,42000
42,5,-1,True,144,2.88,29.907962141701624,0,0,15.001471250374301,7.284459442197181,0.842988191822889,False,144,42001
42,6,1,True,114,2.2800000000000002,22.626684685062607,0,0,15.444150544433871,7.567636945390815,0.9834864009569578,False,114,42000
42,6,1,True,126,2.52,27.95086679181451,0,0,15.044182144126637,7.284459442197181,0.9802772980705496,False,126,42001
42,6,-1,True,115,2.3000000000000003,24.220107271723286,0,0,15.48611198923356,7.567636945390815,0.9315249561572656,False,115,42000
42,6,-1,True,139,2.7800000000000002,31.03238366637951,0,0,14.915594989552652,7.284459442197181,0.9788644526445374,False,139,42001
42,7,1,True,116,2.32,25.20025412433865,0,0,15.46354136030238,7.567636945390815,0.9440955850884448,False,116,42000
42,7,1,False,,,29.507899542653618,0,0,3.5451245984561064,7.284459442197181,2.2393348437410765,False,150,42001
42,7,-1,False,,,30.92672710875045,0,0,4.4268057825625355,7.567636945390815,1.6408311628282928,False,150,42000
42,7,-1,True,142,2.84,30.30987679464235,0,0,14.987899643554757,7.284459442197181,0.8765597986424304,False,142,42001
43,0,1,False,,,34.072555353789994,0,0,3.9793369120956923,10.372214790970396,4.8928778788747165,False,150,43000
43,0,1,True,133,2.66,29.3983628797698,0,0,16.169454429535353,8.369879571339316,0.8704251418039634,False,133,43001
43,0,-1,False,,,31.368169841749765,0,0,5.868299852245825,10.372214790970396,3.003914938724573,False,150,43000
43,0,-1,False,,,29.8962824740623,0,0,5.638624841855574,8.369879571339316,1.2312547294837461,False,150,43001
43,1,1,False,,,31.865558062936167,0,0,7.058655363428239,10.372214790970396,1.8135594275421603,False,150,43000
43,1,1,False,,,30.611658884957777,0,0,5.076552428032071,8.369879571339316,1.7933271433072457,False,150,43001
43,1,-1,True,150,3.0,33.32135915153926,0,0,18.027860501545206,10.372214790970396,0.8443542894251997,False,150,43000
43,1,-1,True,78,1.56,15.81764174707766,0,0,16.70076926652515,8.369879571339316,0.8891103048141739,False,78,43001
43,2,1,False,,,32.41328249389792,0,0,6.931435805886254,10.372214790970396,1.9407789850841557,False,150,43000
43,2,1,True,75,1.5,15.709520403622417,0,0,16.780439454699327,8.369879571339316,0.8394401166399945,False,75,43001
43,2,-1,True,127,2.54,27.18769514982626,0,0,18.168888321131327,10.372214790970396,0.9333264698390772,False,127,43000
43,2,-1,True,91,1.82,19.85607442308211,0,0,16.615957632400903,8.369879571339316,0.8439219389384167,False,91,43001
43,3,1,False,,,30.144417558668394,0,0,5.860957386348777,10.372214790970396,3.011257404621633,False,150,43000
43,3,1,True,92,1.84,16.796468314273408,0,0,16.535240088654355,8.369879571339316,0.9146394826849643,False,92,43001
43,3,-1,False,,,30.241345898556602,0,0,6.626546423949513,10.372214790970396,2.245668367020889,False,150,43000
43,3,-1,True,89,1.78,20.85061529772708,0,0,16.62573188765539,8.369879571339316,0.8541476836839271,False,89,43001
43,4,1,True,88,1.76,24.088939392177444,0,0,18.684745275462546,10.372214790970396,0.8074695155078541,False,88,43000
43,4,1,True,53,1.06,15.812825847985684,0,0,17.121991719074977,8.369879571339316,0.7178878522643422,False,53,43001
43,4,-1,False,,,29.949449131745315,0,0,4.604297688524292,10.372214790970396,4.267917102446116,False,150,43000
43,4,-1,False,,,34.29842322735122,0,0,5.2747534821337725,8.369879571339316,1.5951260892055443,False,150,43001
43,5,1,False,,,29.91224197972972,0,0,4.958406269247779,10.372214790970396,3.9138085217226286,False,150,43000
43,5,1,True,125,2.5,25.675184085789535,0,0,16.396686568574836,8.369879571339316,0.7231930027644875,False,125,43001
43,5,-1,True,147,2.94,31.10447539479373,0,0,18.050562859760028,10.372214790970396,0.8516519312103825,False,147,43000
43,5,-1,True,90,1.8,19.127971699318756,0,0,16.78327573601115,8.369879571339316,0.6866038353281767,False,90,43001
43,6,1,True,133,2.66,26.349563135168452,0,0,18.226725928069854,10.372214790970396,0.8154888629005542,False,133,43000
43,6,1,True,89,1.78,19.70684860283399,0,0,16.566921155492075,8.369879571339316,0.9129584158472455,False,89,43001
43,6,-1,True,123,2.46,25.670224290312028,0,0,18.19771880958998,10.372214790970396,0.9444959813804301,False,123,43000
43,6,-1,True,90,1.8,19.523505662910438,0,0,16.512265451678054,8.369879571339316,0.9576141196612674,False,90,43001
43,7,1,False,,,33.67662498379222,0,0,6.925376780017968,10.372214790970396,1.946838010952435,False,150,43000
43,7,1,True,93,1.86,20.49225614112669,0,0,16.453536662956633,8.369879571339316,0.9863429083826885,False,93,43001
43,7,-1,True,119,2.38,24.605842024565703,0,0,18.28618006552091,10.372214790970396,0.8960347254494956,False,119,43000
43,7,-1,True,85,1.7,17.577062765638313,0,0,16.521821858032126,8.369879571339316,0.998057713307197,False,85,43001
44,0,1,False,,,32.3607132296377,0,0,6.597709682086425,9.412411461217534,1.31470177913112,False,150,44000
44,0,1,True,100,2.0,20.66838984797097,0,0,14.968475838951491,6.877083825467334,0.9086079865158457,False,100,44001
44,0,-1,False,,,27.855836416258807,0,0,5.519490189160496,9.412411461217534,2.392921272057053,False,150,44000
44,0,-1,True,106,2.12,20.932170149523873,0,0,14.833961792242613,6.877083825467334,0.983122033224725,False,106,44001
44,1,1,True,117,2.34,25.760152133431934,0,0,17.248962074412002,9.412411461217534,0.9934493868055444,False,117,44000
44,1,1,True,83,1.6600000000000001,18.044655318575824,0,0,15.063410048538824,6.877083825467334,0.983673776928514,False,83,44001
44,1,-1,True,144,2.88,30.012728793898187,0,0,16.98008507694537,9.412411461217534,0.9923263842721706,False,144,44000
44,1,-1,False,,,32.98288210185742,0,0,3.613025931307441,6.877083825467334,1.764057894159901,False,150,44001
44,2,1,True,147,2.94,31.262444293473237,0,0,17.010096043850965,9.412411461217534,0.9323154173665844,False,147,44000
44,2,1,True,99,1.98,21.31008591525272,0,0,14.914393713952233,6.877083825467334,0.9726901115151011,False,99,44001
44,2,-1,False,,,29.170111049069565,0,0,6.227965403911261,9.412411461217534,1.6844460573062867,False,150,44000
44,2,-1,True,85,1.7,17.666629084658915,0,0,15.401865532500253,6.877083825467334,0.6252182929670854,False,85,44001
44,3,1,True,120,2.4,27.667004618217312,0,0,17.34556251904812,9.412411461217534,0.866848942169432,False,120,44000
44,3,1,True,86,1.72,18.795694957776735,0,0,15.250670725203147,6.877083825467334,0.7664131002641914,False,86,44001
44,3,-1,False,,,29.574355248040156,0,0,6.342770006047554,9.412411461217534,1.5696414551699964,False,150,44000
44,3,-1,True,95,1.9000000000000001,20.096237827487197,0,0,14.929674922255483,6.877083825467334,0.9974089032118535,False,95,44001
44,4,1,True,126,2.52,25.815936525340415,0,0,17.202058204728267,9.412411461217534,0.9503532564892796,False,126,44000
44,4,1,True,80,1.6,16.968074178397856,0,0,15.110430507704852,6.877083825467334,0.9666533177624882,False,80,44001
44,4,-1,False,,,31.50700192531898,0,0,6.89222568336012,9.412411461217534,1.0201857778574284,False,150,44000
44,4,-1,True,98,1.96,19.401041367465073,0,0,15.086686455011309,6.877083825467334,0.8103973704560287,False,98,44001
44,5,1,True,114,2.2800000000000002,24.922069647939736,0,0,17.36571862862954,9.412411461217534,0.9066928325880066,False,114,44000
44,5,1,True,96,1.92,18.492135457946638,0,0,14.983190284620962,6.877083825467334,0.9338935408463792,False,96,44001
44,5,-1,False,,,32.21878388883911,0,0,6.70718101209164,9.412411461217534,1.2052304491259047,False,150,44000
44,5,-1,True,91,1.82,18.627800247999627,0,0,15.104618263976972,6.877083825467334,0.8624655614903657,False,91,44001
44,6,1,True,146,2.92,30.03466620773324,0,0,16.969690090996632,9.412411461217534,0.9827213702209151,False,146,44000
44,6,1,True,92,1.84,18.5845244378512,0,0,14.972837173177858,6.877083825467334,0.9842466522894808,False,92,44001
44,6,-1,False,,,30.315897970811783,0,0,4.9592918134628725,9.412411461217534,2.9531196477546753,False,150,44000
44,6,-1,True,79,1.58,17.566535964113147,0,0,15.27105007718389,6.877083825467334,0.8160337482834437,False,79,44001
44,7,1,False,,,35.105037630538966,0,0,6.24657521081032,9.412411461217534,1.665836250407225,False,150,44000
44,7,1,True,125,2.5,26.623614640818197,0,0,14.706296922836735,6.877083825467334,0.920786902630603,False,125,44001
44,7,-1,False,,,31.583806533633435,0,0,6.457939757386484,9.412411461217534,1.4544717038310622,False,150,44000
44,7,-1,True,124,2.48,26.694929639681664,0,0,14.68725073394478,6.877083825467334,0.949833091522559,False,124,44001
45,0,1,True,101,2.02,20.234364741016986,0,0,17.035056946586522,8.98522665333821,0.940169706751694,False,101,45000
45,0,1,True,115,2.3000000000000003,24.355088873529876,0,0,14.612406906862358,6.666971855346987,0.9045649484846402,False,115,45001
45,0,-1,False,,,32.93312947093119,0,0,5.2929045878503125,8.98522665333821,2.1923220654879065,False,150,45000
45,0,-1,False,,,31.1424018140607,0,0,4.112257897217074,6.666971855346987,1.0547139581299187,False,150,45001
45,1,1,False,,,31.33227827374168,0,0,6.290569792836173,8.98522665333821,1.1946568605020365,False,150,45000
45,1,1,False,,,29.38416644821438,0,0,3.896008019534265,6.666971855346987,1.2709638358127313,False,150,45001
45,1,-1,True,66,1.32,19.721799221934347,0,0,17.389779460040167,8.98522665333821,0.9354471932980492,False,66,45000
45,1,-1,False,,,33.97981255073363,0,0,4.027923014967717,6.666971855346987,1.1390488403792738,False,150,45001
45,2,1,True,149,2.98,31.768843134286016,0,0,16.555559052386563,8.98522665333821,0.9396676009516541,False,149,45000
45,2,1,True,130,2.6,27.482513210421924,0,0,14.382874536351629,6.666971855346987,0.9840973189953635,False,130,45001
45,2,-1,False,,,29.34408830665674,0,0,6.229735762464364,8.98522665333821,1.2554908908738533,False,150,45000
45,2,-1,True,122,2.44,26.79805139057466,0,0,14.457394829732404,6.666971855346987,0.9895770256145923,False,122,45001
45,3,1,False,,,34.029535627053,0,0,5.275458575534799,8.98522665333821,2.209768077803413,False,150,45000
45,3,1,True,112,2.24,22.27369048727361,0,0,14.603256941420288,6.666971855346987,0.9437149139267048,False,112,45001
45,3,-1,True,97,1.94,20.911115922342947,0,0,17.180393900637977,8.98522665333821,0.8348327527002413,False,97,45000
45,3,-1,True,129,2.58,27.730294340552305,0,0,14.558162492560289,6.666971855346987,0.8188093627867009,False,129,45001
45,4,1,True,110,2.2,22.973534694294607,0,0,16.916593644058587,8.98522665333821,0.96863300927963,False,110,45000
45,4,1,False,,,27.864064979507443,0,0,3.3115795957302634,6.666971855346987,1.8553922596167347,False,150,45001
45,4,-1,True,124,2.48,24.167755210957953,0,0,16.851109461985196,8.98522665333821,0.8941171913530207,False,124,45000
45,4,-1,False,,,30.940080676226483,0,0,3.650815728407548,6.666971855346987,1.516156126939444,False,150,45001
45,5,1,True,121,2.42,25.427776722985534,0,0,16.845640849816817,8.98522665333821,0.9295858035213951,False,121,45000
45,5,1,False,,,33.052764370140224,0,0,3.3392589378478235,6.666971855346987,1.8277129174991744,False,150,45001
45,5,-1,False,,,32.4605198688452,0,0,6.186134864686572,8.98522665333821,1.299091788651643,False,150,45000
45,5,-1,True,124,2.48,26.725295496138187,0,0,14.517198107131374,6.666971855346987,0.9097737482156172,False,124,45001
45,6,1,True,147,2.94,31.186833105154047,0,0,16.52381956644294,8.98522665333821,0.9914070868952689,False,147,45000
45,6,1,True,130,2.6,27.49335967639778,0,0,14.367884952747286,6.666971855346987,0.999086902599703,False,130,45001
45,6,-1,True,118,2.36,24.861734881275108,0,0,16.892068773806407,8.98522665333821,0.9131578795318127,False,118,45000
45,6,-1,False,,,28.426958764952843,0,0,3.6502191762159217,6.666971855346987,1.5167526791310721,False,150,45001
45,7,1,True,112,2.24,26.577867106356734,0,0,16.866637279012522,8.98522665333821,0.9985893743256898,False,112,45000
45,7,1,True,149,2.98,30.01987909918146,0,0,14.268727175902473,6.666971855346987,0.9082446794445163,False,149,45001
45,7,-1,False,,,31.004488509457595,0,0,6.450583454677663,8.98522665333821,1.0346431986605522,False,150,45000
45,7,-1,True,110,2.2,22.918110247327796,0,0,14.797321402315834,6.666971855346987,0.7696504530311588,False,110,45001
46,0,1,False,,,35.855963350781025,0,0,4.531801201474809,8.332558229513689,2.300757028038888,False,150,46000
46,0,1,True,149,2.98,32.45095839887374,0,0,14.97828909784294,7.375279955559668,0.906990857716732,False,149,46001
46,0,-1,False,,,29.490793105234555,0,0,4.946378442310615,8.332558229513689,1.8861797872030786,False,150,46000
46,0,-1,False,,,29.64148314028253,0,0,3.704222222987066,7.375279955559668,2.17105773257261,False,150,46001
46,1,1,False,,,31.12118486995996,0,0,5.012792291917883,8.332558229513689,1.8197659375958117,False,150,46000
46,1,1,True,129,2.58,24.830834688857987,0,0,15.094460179029836,7.375279955559668,0.9908197765298377,False,129,46001
46,1,-1,False,,,31.02175699646487,0,0,4.277713391864494,8.332558229513689,2.5548448376492043,False,150,46000
46,1,-1,True,124,2.48,24.933833727012033,0,0,15.204485471117572,7.375279955559668,0.9307944844420998,False,124,46001
46,2,1,False,,,31.44963336199359,0,0,4.724439967357139,8.332558229513689,2.108118262156559,False,150,46000
46,2,1,False,,,32.77482543261574,0,0,4.666213327384601,7.375279955559668,1.2090666281750768,False,150,46001
46,2,-1,True,143,2.86,29.65032233033792,0,0,16.04962134977916,8.332558229513689,0.8529368797345448,False,143,46000
46,2,-1,True,118,2.36,24.786624010995656,0,0,15.253244044346712,7.375279955559668,0.9420359112129592,False,118,46001
46,3,1,False,,,35.94850548864234,0,0,5.473174115552925,8.332558229513689,1.3593841139607765,False,150,46000
46,3,1,True,124,2.48,26.377492129355744,0,0,15.218338384862527,7.375279955559668,0.9169415706971509,False,124,46001
46,3,-1,False,,,27.869320030684364,0,0,3.2449281076875414,8.332558229513689,3.587630121826165,False,150,46000
46,3,-1,False,,,28.403151162459682,0,0,4.485398677865665,7.375279955559668,1.3898812776940102,False,150,46001
46,4,1,False,,,29.55810329656837,0,0,5.181977524400949,8.332558229513689,1.6505807051127512,False,150,46000
46,4,1,True,148,2.96,29.137806218127167,0,0,14.960425853000803,7.375279955559668,0.9348541025588706,False,148,46001
46,4,-1,True,116,2.32,27.752123055957505,0,0,16.187878839364434,8.332558229513689,0.9846793901492609,False,116,46000
46,4,-1,False,,,33.14564760991368,0,0,3.6258899567561915,7.375279955559668,2.2493899988034904,False,150,46001
46,5,1,True,143,2.86,29.719288645671956,0,0,16.370418888045513,8.332558229513689,0.5321393414681831,False,143,46000
46,5,1,True,133,2.66,25.84574311398338,0,0,15.128573655173335,7.375279955559668,0.9167063003863382,False,133,46001
46,5,-1,False,,,30.55674037371136,0,0,1.6649929299086759,8.332558229513689,5.167565299605012,False,150,46000
46,5,-1,False,,,35.57969799409901,0,0,4.6383159089348895,7.375279955559668,1.236964046624785,False,150,46001
46,6,1,False,,,29.73066522065234,0,0,5.261608525926015,8.332558229513689,1.5709497035876892,False,150,46000
46,6,1,False,,,32.45228929349536,0,0,4.557193452003137,7.375279955559668,1.3180865035565361,False,150,46001
46,6,-1,True,131,2.62,27.815177908485346,0,0,16.186253667419372,8.332558229513689,0.8363045620943257,False,131,46000
46,6,-1,True,116,2.32,24.65524145980798,0,0,15.218338080904513,7.375279955559668,0.9969418746551625,False,116,46001
46,7,1,False,,,33.987158488184186,0,0,5.2141316485898574,8.332558229513689,1.6184265809238478,False,150,46000
46,7,1,True,138,2.7600000000000002,29.521913459766527,0,0,15.083827974666969,7.375279955559668,0.9114519808927075,False,138,46001
46,7,-1,False,,,29.83164051419761,0,0,5.70944213773499,8.332558229513689,1.1231160917787113,False,150,46000
46,7,-1,True,128,2.56,24.72948435367763,0,0,15.16752324395768,7.375279955559668,0.927756711601991,False,128,46001
47,0,1,True,114,2.2800000000000002,24.272295158199817,0,0,14.451675567704674,6.590369387626066,0.9986938199213969,False,114,47000
47,0,1,True,128,2.56,29.704117161993384,0,0,16.112369749556237,8.347526195962129,0.9551564464058994,False,128,47001
47,0,-1,True,112,2.24,24.048253805944114,0,0,14.513690124593055,6.590369387626066,0.9566792630330164,False,112,47000
47,0,-1,False,,,34.204479942546676,0,0,4.713702212196569,8.347526195962129,2.133823983765573,False,150,47001
47,1,1,True,110,2.2,22.445847023161374,0,0,14.700015892121653,6.590369387626066,0.7903534955044158,False,110,47000
47,1,1,True,118,2.36,24.398655083453598,0,0,16.20532384436045,8.347526195962129,0.9622023516016862,False,118,47001
47,1,-1,True,130,2.6,24.95021519746377,0,0,14.293029692999818,6.590369387626066,0.997339694626256,False,130,47000
47,1,-1,False,,,31.777016276170077,0,0,5.149439212361113,8.347526195962129,1.6980869836010268,False,150,47001
47,2,1,True,91,1.82,17.72276237312848,0,0,14.693970359456422,6.590369387626066,0.9863990281696454,False,91,47000
47,2,1,True,102,2.04,19.97153296271671,0,0,16.452087883154785,8.347526195962129,0.8754383128073535,False,102,47001
47,2,-1,True,94,1.8800000000000001,19.624520241993835,0,0,14.779188532640514,6.590369387626066,0.871180854985556,False,94,47000
47,2,-1,True,105,2.1,22.903889801640567,0,0,16.405403770063593,8.347526195962129,0.8921224258985434,False,105,47001
47,3,1,False,,,26.651527237638344,0,0,3.3031587754530007,6.590369387626066,1.7872106121730773,False,150,47000
47,3,1,False,,,28.933993907521437,0,0,4.8560944319891535,8.347526195962129,1.991431763972989,False,150,47001
47,3,-1,True,108,2.16,25.159691081342334,0,0,14.67235843141583,6.590369387626066,0.8380109562102446,False,108,47000
47,3,-1,True,130,2.6,29.139904057766643,0,0,16.244431695906687,8.347526195962129,0.8030945000554527,False,130,47001
47,4,1,True,78,1.56,15.252558538887412,0,0,14.854552991826122,6.590369387626066,0.9558163957999499,False,78,47000
47,4,1,True,115,2.3000000000000003,24.75010415574641,0,0,16.3339724443699,8.347526195962129,0.8635537515922425,False,115,47001
47,4,-1,True,119,2.38,24.31629635090332,0,0,14.560488792821442,6.590369387626066,0.8398805948046274,False,119,47000
47,4,-1,True,124,2.48,25.782564560074754,0,0,16.43892149924864,8.347526195962129,0.6686046967134976,False,124,47001
47,5,1,True,122,2.44,26.35569922517672,0,0,14.888228637926122,6.590369387626066,0.4821407496999511,False,122,47000
47,5,1,True,128,2.56,27.501230970482936,0,0,16.262949311567965,8.347526195962129,0.8045768843941792,False,128,47001
47,5,-1,True,90,1.8,18.204822284349206,0,0,14.812952146540681,6.590369387626066,0.8774172410853915,False,90,47000
47,5,-1,True,99,1.98,20.875928115649955,0,0,16.401421299344953,8.347526195962129,0.95610489661718,False,99,47001
47,6,1,False,,,31.45778354928782,0,0,3.852050934987216,6.590369387626066,1.2383184526388589,False,150,47000
47,6,1,True,114,2.2800000000000002,23.78780316687471,0,0,16.368882435125705,8.347526195962129,0.8386437608364354,False,114,47001
47,6,-1,True,90,1.8,19.600034247083492,0,0,14.718917179133227,6.590369387626066,0.9714522084928402,False,90,47000
47,6,-1,True,111,2.22,25.612998729203273,0,0,16.330583167131778,8.347526195962129,0.9069430288303546,False,111,47001
47,7,1,True,105,2.1,21.283278518250384,0,0,14.686815402228797,6.590369387626066,0.8535539853972727,False,105,47000
47,7,1,True,130,2.6,27.76694951619389,0,0,16.066808573625288,8.347526195962129,0.9807176223368574,False,130,47001
47,7,-1,True,74,1.48,14.174109465648108,0,0,14.868056181631582,6.590369387626066,0.9823132059944879,False,74,47000
47,7,-1,True,126,2.52,26.68863362021511,0,0,16.149747977800395,8.347526195962129,0.9377782181617479,False,126,47001
