generation,candidate,sign,success,steps_to_target,time_to_target,distance_traveled,collision_ticks,collision_onsets,reward,initial_distance,final_distance,flipped,ticks,seed
0,0,1,False,,,10.793961872642473,0,0,-7.5295823129289365,7.615114941723648,11.178419562679482,False,150,0
0,0,1,False,,,6.487552551852831,0,0,-5.316719409809034,10.152347547978732,11.823993467605183,False,150,1
0,0,-1,False,,,1.0042661825848358,0,0,-4.536437502290284,7.615114941723648,7.734287271633986,False,150,0
0,0,-1,False,,,5.658508706944007,0,0,-3.300624965871532,10.152347547978732,9.944985423602198,False,150,1
0,1,1,False,,,12.117535536064924,0,0,-0.2581697659728707,7.615114941723648,3.3831291035521422,False,150,0
0,1,1,False,,,11.321346255396143,0,0,-0.7905188669025034,10.152347547978732,7.206671306273684,False,150,1
0,1,-1,False,,,14.007829957296101,0,0,-13.781552570254474,7.615114941723648,17.328844460994976,False,150,0
0,1,-1,False,,,9.325595920647123,0,0,-11.187822892947356,10.152347547978732,17.01279857071849,False,150,1
0,2,1,False,,,20.236124986675193,0,0,-18.6745743992833,7.615114941723648,22.175942708419807,False,150,0
0,2,1,False,,,18.024702397285935,0,0,-8.52979666320989,10.152347547978732,15.894901902210535,False,150,1
0,2,-1,False,,,15.210727249515438,0,0,1.2115128484030997,7.615114941723648,2.4348776533660286,False,150,0
0,2,-1,False,,,20.074494793500044,0,0,-0.726980530964017,10.152347547978732,6.845844172896225,False,150,1
0,3,1,False,,,1.2651945716820403,0,0,-4.544223105984798,7.615114941723648,7.739442729629139,False,150,0
0,3,1,False,,,1.9957786323579083,0,0,-3.931336956330701,10.152347547978732,10.457209293531994,False,150,1
0,3,-1,False,,,11.742900312847958,0,0,-4.183265212733577,7.615114941723648,7.361085583151279,False,150,0
0,3,-1,False,,,6.883870593884241,0,0,-4.879740764193254,10.152347547978732,11.383424340754196,False,150,1
0,4,1,False,,,12.663742500093978,0,0,-3.519468131560514,7.615114941723648,6.671603678871619,False,150,0
0,4,1,False,,,13.39166527885934,0,0,-4.258534489984839,10.152347547978732,10.45128843772675,False,150,1
0,4,-1,False,,,10.272139968283826,0,0,-1.2336561163453885,7.615114941723648,7.468326238883959,False,150,0
0,4,-1,False,,,14.307937471594048,0,0,-1.4512803026743057,10.152347547978732,10.151816532478476,False,150,1
0,5,1,False,,,1.4235041145364982,0,0,-4.786524075385307,7.615114941723648,7.982458925496511,False,150,0
0,5,1,False,,,1.5947825693720608,0,0,-3.5218662403132663,10.152347547978732,10.191543108251343,False,150,1
0,5,-1,False,,,7.157186037414848,0,0,-4.92212060216983,7.615114941723648,8.08480478905001,False,150,0
0,5,-1,False,,,4.571062069536563,0,0,-4.099996883567714,10.152347547978732,10.540132467207659,False,150,1
0,6,1,False,,,6.497653339663215,0,0,-6.265480142561454,7.615114941723648,9.818794122965388,False,150,0
0,6,1,False,,,8.111650958299471,0,0,-2.437038264678942,10.152347547978732,10.36371728794564,False,150,1
0,6,-1,False,,,9.165844525141228,0,0,-4.237559854614955,7.615114941723648,8.254303604727616,False,150,0
0,6,-1,False,,,19.578841375638106,0,0,-7.152632663534567,10.152347547978732,13.179991152127991,False,150,1
0,7,1,False,,,13.700600373541802,0,0,-1.6025253450409684,7.615114941723648,8.01140792516138,False,150,0
0,7,1,False,,,12.669240403260376,0,0,5.527225394894512,10.152347547978732,4.399533547616676,False,150,1
0,7,-1,False,,,20.110550364735303,0,0,-2.5545128103703596,7.615114941723648,7.383268514253888,False,150,0
0,7,-1,False,,,18.07867576931787,0,0,-1.205729082590956,10.152347547978732,7.3304639345518465,False,150,1
1,0,1,False,,,9.431928289632015,0,0,-1.9936604621510499,7.872305478935019,7.9333942790698195,False,150,1000
1,0,1,False,,,3.475616096232548,0,0,-3.2542986236531064,6.294548299982861,6.352935911117887,False,150,1001
1,0,-1,False,,,20.627351194880514,0,0,-1.3493147150824696,7.872305478935019,8.184319056168556,False,150,1000
1,0,-1,False,,,21.59876532986404,0,0,0.32084191521408456,6.294548299982861,5.827245128041632,False,150,1001
1,1,1,False,,,23.474899067998624,0,0,-3.1985851582442915,7.872305478935019,8.36576102838807,False,150,1000
1,1,1,False,,,14.120575589970777,0,0,-1.178157531699469,6.294548299982861,5.567882680011096,False,150,1001
1,1,-1,False,,,13.660595528795062,0,0,-4.43802244467926,7.872305478935019,13.801729539946738,False,150,1000
1,1,-1,False,,,13.075155350403037,0,0,-1.2860630112710676,6.294548299982861,5.84671077345253,False,150,1001
1,2,1,False,,,8.923502865954186,0,0,-3.513097883889573,7.872305478935019,8.618442208214011,False,150,1000
1,2,1,False,,,8.023406963605854,0,0,-5.439493715645133,6.294548299982861,8.010152822036146,False,150,1001
1,2,-1,False,,,16.40660343929299,0,0,-6.834304660545253,7.872305478935019,16.184885694803217,False,150,1000
1,2,-1,False,,,12.106580927955122,0,0,-1.0835098530776748,6.294548299982861,5.1496285910143875,False,150,1001
1,3,1,False,,,16.155859190511144,0,0,-5.506661460037123,7.872305478935019,11.11000478847713,False,150,1000
1,3,1,False,,,15.704511345732072,0,0,-2.2483568610954006,6.294548299982861,6.117532862760482,False,150,1001
1,3,-1,False,,,17.44796131228375,0,0,-5.00865218847329,7.872305478935019,9.501115901376696,False,150,1000
1,3,-1,False,,,12.887089942748515,0,0,-8.917211170212354,6.294548299982861,10.871480239407301,False,150,1001
1,4,1,True,38,0.76,8.536823378113738,0,0,17.312928893763107,7.872305478935019,0.9079784221505516,False,38,1000
1,4,1,False,,,22.777052200464876,0,0,-21.768101196920753,6.294548299982861,23.818538319276595,False,150,1001
1,4,-1,False,,,19.73833973815439,0,0,-3.181953442126988,7.872305478935019,11.606908293941048,False,150,1000
1,4,-1,False,,,15.357939726468727,0,0,-2.969871667131602,6.294548299982861,6.546688106927177,False,150,1001
1,5,1,False,,,16.03924992895751,0,0,-4.499766372552116,7.872305478935019,10.680378758543016,False,150,1000
1,5,1,False,,,20.478427755286987,0,0,0.8712581632499786,6.294548299982861,3.7195976977224094,False,150,1001
1,5,-1,False,,,10.889653781869205,0,0,-2.408937883084661,7.872305478935019,11.766179282693855,False,150,1000
1,5,-1,False,,,8.131857773929452,0,0,-2.934515250480251,6.294548299982861,6.315424008999904,False,150,1001
1,6,1,False,,,17.64378454932348,0,0,-9.236425586462978,7.872305478935019,13.959753042011275,False,150,1000
1,6,1,False,,,19.96452425528237,0,0,-14.335989698116133,6.294548299982861,16.904473754652724,False,150,1001
1,6,-1,False,,,22.858939303566775,0,0,-0.8928005624289537,7.872305478935019,8.383190879029591,False,150,1000
1,6,-1,False,,,23.1908000663041,0,0,1.076483978787289,6.294548299982861,4.769039962638892,False,150,1001
1,7,1,False,,,6.93197172596507,0,0,2.9333984605083208,7.872305478935019,5.584695776692057,False,150,1000
1,7,1,False,,,4.00425999474728,0,0,-3.6658989743963404,6.294548299982861,6.56976595181728,False,150,1001
1,7,-1,False,,,2.7516122964926977,0,0,1.6250132896583303,7.872305478935019,7.696292315003047,False,150,1000
1,7,-1,False,,,8.64561188011708,0,0,-1.6512432280831146,6.294548299982861,5.512407764355565,False,150,1001
2,0,1,False,,,7.244024577779167,0,0,-3.457123291739987,9.171104247193439,8.202453252459003,False,150,2000
2,0,1,False,,,6.16980429094674,0,0,1.1918438148729946,6.269351194101572,6.537363823378877,False,150,2001
2,0,-1,False,,,5.671088594340332,0,0,-6.702344445336071,9.171104247193439,11.498646742166114,False,150,2000
2,0,-1,False,,,11.43353944466316,0,0,-2.8304256023607923,6.269351194101572,7.7263476220522085,False,150,2001
2,1,1,False,,,4.280492471419511,0,0,-4.978553492266332,9.171104247193439,9.656124816883692,False,150,2000
2,1,1,False,,,4.627428197163898,0,0,2.6286103900205555,6.269351194101572,5.122111766338826,False,150,2001
2,1,-1,False,,,16.191931070257155,0,0,-3.1343670664181156,9.171104247193439,8.018279878313617,False,150,2000
2,1,-1,False,,,23.552732315255582,0,0,-2.9157021752080134,6.269351194101572,7.9200500778387175,False,150,2001
2,2,1,False,,,2.397467611913889,0,0,-4.7044950074271075,9.171104247193439,9.406087465786303,False,150,2000
2,2,1,False,,,5.634359447643809,0,0,2.2922318424342434,6.269351194101572,5.453235624267324,False,150,2001
2,2,-1,False,,,20.705278558564256,0,0,-3.4254279689227376,9.171104247193439,8.960572000526073,False,150,2000
2,2,-1,False,,,25.93379246316027,0,0,-0.26996161075118663,6.269351194101572,4.753572218028943,False,150,2001
2,3,1,False,,,8.213237578888439,0,0,-4.056038202334222,9.171104247193439,8.7322362125547,False,150,2000
2,3,1,False,,,1.9547776669964019,0,0,1.6829765130288792,6.269351194101572,6.04402716855062,False,150,2001
2,3,-1,False,,,10.246500565839646,0,0,-7.078821490305419,9.171104247193439,12.839554618903456,False,150,2000
2,3,-1,False,,,19.81591302649182,0,0,-2.9716528183215862,6.269351194101572,6.609822521603735,False,150,2001
2,4,1,False,,,10.237828696559026,0,0,-11.491416499981641,9.171104247193439,16.28153483537839,False,150,2000
2,4,1,True,81,1.62,6.950678456528075,0,0,16.071628363730145,6.269351194101572,0.9641685894397901,False,81,2001
2,4,-1,False,,,24.865278151907397,0,0,0.49931237803182066,9.171104247193439,6.750447785148565,False,150,2000
2,4,-1,False,,,28.9599794881173,0,0,-2.4622684136036157,6.269351194101572,7.23216616996127,False,150,2001
2,5,1,False,,,18.136036682673886,0,0,-0.26125037382264904,9.171104247193439,6.582663605147551,False,150,2000
2,5,1,False,,,22.08410242497347,0,0,-1.8830417035406166,6.269351194101572,7.245838527431358,False,150,2001
2,5,-1,False,,,25.584111419091244,0,0,-1.111162701550265,9.171104247193439,8.716276908894825,False,150,2000
2,5,-1,False,,,27.699244686913417,0,0,-3.6098052646696184,6.269351194101572,7.8217544743362195,False,150,2001
2,6,1,False,,,14.067501283217291,0,0,-0.06486917337810168,9.171104247193439,5.347940055057556,False,150,2000
2,6,1,False,,,1.4296510118096157,0,0,1.5949982522479529,6.269351194101572,6.129709923657677,False,150,2001
2,6,-1,False,,,21.25181590103802,0,0,-4.460673460925673,9.171104247193439,10.75402929463704,False,150,2000
2,6,-1,False,,,23.054027315864406,0,0,-2.2245030517108946,6.269351194101572,7.296753682881931,False,150,2001
2,7,1,False,,,17.88344426219603,0,0,3.8697868940957343,9.171104247193439,1.1902715699225783,False,150,2000
2,7,1,False,,,17.95693685597569,0,0,-0.7539698870737437,6.269351194101572,8.231438593711045,False,150,2001
2,7,-1,False,,,11.72010316719225,0,0,-7.82172169942508,9.171104247193439,13.18637298097358,False,150,2000
2,7,-1,False,,,7.766836032533981,0,0,3.869540680347069,6.269351194101572,3.676125340254151,False,150,2001
3,0,1,False,,,15.203557605208015,0,0,-1.2205661725629926,6.830979194446965,9.203587270980831,False,150,3000
3,0,1,False,,,21.880816292328557,0,0,0.6628477072506092,9.485737258288605,5.374776721411291,False,150,3001
3,0,-1,False,,,9.752693711424218,0,0,-2.5168957823833815,6.830979194446965,7.468271623194661,False,150,3000
3,0,-1,False,,,6.1666097871047905,0,0,-2.0041288331972744,9.485737258288605,9.349746500253552,False,150,3001
3,1,1,False,,,9.39140170228155,0,0,2.16157283144698,6.830979194446965,5.5434899602886185,False,150,3000
3,1,1,False,,,10.155237364546306,0,0,-1.7796583627490665,9.485737258288605,8.642687465007622,False,150,3001
3,1,-1,False,,,21.857337666846096,0,0,-3.068850657039018,6.830979194446965,7.565070573242152,False,150,3000
3,1,-1,False,,,15.56934861181075,0,0,-1.3823296242650325,9.485737258288605,8.555616374005748,False,150,3001
3,2,1,False,,,11.184249134110434,0,0,-7.844480164098308,6.830979194446965,11.427686804452728,False,150,3000
3,2,1,False,,,6.837080556270535,0,0,-4.688682550904696,9.485737258288605,10.69006452252672,False,150,3001
3,2,-1,False,,,16.583866937775056,0,0,-1.3014542727762555,6.830979194446965,9.089823896581342,False,150,3000
3,2,-1,False,,,22.43019714201689,0,0,-1.4217595416823094,9.485737258288605,7.622937688430257,False,150,3001
3,3,1,False,,,11.22120130253057,0,0,2.983732878855448,6.830979194446965,4.440402056699486,False,150,3000
3,3,1,False,,,8.806067985695595,0,0,-4.673050697594271,9.485737258288605,10.591148879490653,False,150,3001
3,3,-1,False,,,18.882167511506037,0,0,-4.332128275583114,6.830979194446965,11.87604212982757,False,150,3000
3,3,-1,False,,,24.84476240780711,0,0,0.7986793923855732,9.485737258288605,6.424374889835762,False,150,3001
3,4,1,False,,,19.323286983999797,0,0,-4.5286735350731515,6.830979194446965,11.758269913756626,False,150,3000
3,4,1,False,,,19.56454906827591,0,0,0.16723863568204905,9.485737258288605,6.533319013508571,False,150,3001
3,4,-1,False,,,25.634781147094465,0,0,-5.0026676309180695,6.830979194446965,12.527507586420736,False,150,3000
3,4,-1,False,,,26.29885441322279,0,0,-0.16119880762248784,9.485737258288605,6.602640891645192,False,150,3001
3,5,1,False,,,11.134844398190676,0,0,-2.257724388513034,6.830979194446965,10.326905179433904,False,150,3000
3,5,1,False,,,17.288026116185794,0,0,-2.352181444880316,9.485737258288605,8.696289223951583,False,150,3001
3,5,-1,False,,,10.198666444605212,0,0,1.4329587404970503,6.830979194446965,6.576308893030107,False,150,3000
3,5,-1,False,,,5.805529512004838,0,0,-2.043374155893808,9.485737258288605,9.329866321891602,False,150,3001
3,6,1,False,,,19.248725461356635,0,0,-0.07495209798983653,6.830979194446965,5.463309868140195,False,150,3000
3,6,1,False,,,20.989694912057235,0,0,-2.5170464152872443,9.485737258288605,8.712529569050178,False,150,3001
3,6,-1,False,,,17.03783500634801,0,0,-0.7407876562586314,6.830979194446965,7.060780312870277,False,150,3000
3,6,-1,False,,,2.571328845258891,0,0,-3.2283894894890532,9.485737258288605,10.134965412539891,False,150,3001
3,7,1,False,,,13.7112410208979,0,0,-4.315732730959684,6.830979194446965,12.549943075882462,False,150,3000
3,7,1,False,,,13.77996294198858,0,0,-0.44581020642699054,9.485737258288605,6.468301072650982,False,150,3001
3,7,-1,False,,,7.568852607923852,0,0,-2.3731454012705324,6.830979194446965,6.9453785577191685,False,150,3000
3,7,-1,False,,,20.257189766714863,0,0,-3.8444265561389765,9.485737258288605,9.232133558195992,False,150,3001
4,0,1,False,,,18.192560709898196,0,0,-2.4635506711630955,9.738796858029003,11.837282820582804,False,150,4000
4,0,1,False,,,23.27481359955353,0,0,-7.693590347684592,8.004257231413446,15.392013498855198,False,150,4001
4,0,-1,False,,,16.71695513597611,0,0,-8.222899669868655,9.738796858029003,14.050251058020798,False,150,4000
4,0,-1,False,,,12.667609659872003,0,0,-1.2966770672870798,8.004257231413446,7.274879594965534,False,150,4001
4,1,1,False,,,14.68403577276934,0,0,-0.5600744906787244,9.738796858029003,7.530250906074054,False,150,4000
4,1,1,False,,,16.23387759270371,0,0,0.06541136728591375,8.004257231413446,7.2688268717723385,False,150,4001
4,1,-1,False,,,18.595537860344457,0,0,-3.4551898490424424,9.738796858029003,12.67279545459067,False,150,4000
4,1,-1,False,,,16.678518998241064,0,0,-3.959105481896481,8.004257231413446,12.305480637490156,False,150,4001
4,2,1,False,,,17.321479987962732,0,0,-1.9551539545636798,9.738796858029003,11.475708060977038,False,150,4000
4,2,1,False,,,16.366671094233087,0,0,-4.378146206659094,8.004257231413446,13.090751600642047,False,150,4001
4,2,-1,False,,,19.968712694636228,0,0,-0.7767027930221189,9.738796858029003,6.525583112571478,False,150,4000
4,2,-1,False,,,20.394240101340436,0,0,-1.688180799064232,8.004257231413446,6.313695241758099,False,150,4001
4,3,1,False,,,20.756105970722015,0,0,1.646163254464686,9.738796858029003,6.511436510934402,False,150,4000
4,3,1,False,,,29.273053854876064,0,0,-0.996042238571472,8.004257231413446,7.314088436079684,False,150,4001
4,3,-1,False,,,25.456127968462656,0,0,0.7397376099567544,9.738796858029003,5.3420570433147505,False,150,4000
4,3,-1,False,,,24.929991207164633,0,0,2.794093911697912,8.004257231413446,1.6713089724306172,False,150,4001
4,4,1,False,,,8.16809293733833,0,0,-1.8319975619002866,9.738796858029003,9.541253449697548,False,150,4000
4,4,1,False,,,5.06013515033751,0,0,-0.5686687255006532,8.004257231413446,8.058565381414407,False,150,4001
4,4,-1,False,,,24.42899213155675,0,0,3.721528311628513,9.738796858029003,2.185269428053383,False,150,4000
4,4,-1,True,141,2.82,24.18738799605994,0,0,13.792771179868362,8.004257231413446,0.9314431161727352,False,141,4001
4,5,1,False,,,18.165238348155405,0,0,-1.2397590397074572,9.738796858029003,10.48383624560735,False,150,4000
4,5,1,False,,,19.388602973230157,0,0,-1.6162075778460743,8.004257231413446,10.234698256501638,False,150,4001
4,5,-1,False,,,19.69718582359146,0,0,0.9686882708658482,9.738796858029003,5.301616324822213,False,150,4000
4,5,-1,False,,,20.099118278464676,0,0,-0.013201474056505541,8.004257231413446,5.135947544361389,False,150,4001
4,6,1,False,,,18.395966234053766,0,0,-1.4511794527353927,9.738796858029003,9.475077350183334,False,150,4000
4,6,1,False,,,17.143794301024503,0,0,-4.6537464467103895,8.004257231413446,12.469365715915345,False,150,4001
4,6,-1,False,,,15.629794467286617,0,0,-1.7074298930395653,9.738796858029003,9.882453863020151,False,150,4000
4,6,-1,False,,,13.765476010971533,0,0,-3.3705291996579296,8.004257231413446,11.30254555847496,False,150,4001
4,7,1,False,,,10.082803023865397,0,0,-1.4108776468528985,9.738796858029003,10.149299448731226,False,150,4000
4,7,1,False,,,9.5809929013874,0,0,-1.7072555181992959,8.004257231413446,10.137337611628126,False,150,4001
4,7,-1,False,,,14.491738447914386,0,0,-4.080050268934143,9.738796858029003,9.775496205168494,False,150,4000
4,7,-1,False,,,19.019024633995635,0,0,-3.468243502445347,8.004257231413446,8.14465332843698,False,150,4001
5,0,1,False,,,25.06694254097661,0,0,-1.9892775805379779,7.62323124870712,9.903635379905994,False,150,5000
5,0,1,False,,,26.272166825998994,0,0,4.3478364231773545,9.594597909508437,2.6652390367347945,False,150,5001
5,0,-1,False,,,20.005349579504802,0,0,1.1799048103132914,7.62323124870712,2.365800290458897,False,150,5000
5,0,-1,False,,,15.590406438953748,0,0,0.6615967412452634,9.594597909508437,5.980131163011249,False,150,5001
5,1,1,False,,,14.46418422773355,0,0,-1.4536471567190785,7.62323124870712,8.045547081327001,False,150,5000
5,1,1,False,,,18.328676144300577,0,0,-0.7213670425726643,9.594597909508437,6.221446088740703,False,150,5001
5,1,-1,False,,,20.941878880639496,0,0,0.5300321441519993,7.62323124870712,4.2133837209310165,False,150,5000
5,1,-1,False,,,27.716233382461343,0,0,-2.962781093745785,9.594597909508437,10.947538449337332,False,150,5001
5,2,1,False,,,26.55497822956796,0,0,2.061870800432753,7.62323124870712,2.1971517671410665,False,150,5000
5,2,1,False,,,24.400400370053845,0,0,-0.8240892888951405,9.594597909508437,8.216973305018369,False,150,5001
5,2,-1,False,,,13.808323219986184,0,0,-1.1454846702765442,7.62323124870712,7.926242391818448,False,150,5000
5,2,-1,False,,,19.464671660595833,0,0,4.336410207973591,9.594597909508437,1.4089048922339493,False,150,5001
5,3,1,False,,,21.538779323910223,0,0,-0.8307754643563942,7.62323124870712,6.3789405930157805,False,150,5000
5,3,1,False,,,14.688924231364306,0,0,2.0643921633600257,9.594597909508437,3.1417685140814897,False,150,5001
5,3,-1,False,,,25.55198407478056,0,0,-5.179683917416611,7.62323124870712,12.208035650789784,False,150,5000
5,3,-1,False,,,30.127085087278214,0,0,1.301318644875079,9.594597909508437,6.252282828674551,False,150,5001
5,4,1,False,,,20.35295792118785,0,0,-0.47298031376887417,7.62323124870712,4.0569779099708345,False,150,5000
5,4,1,False,,,16.116220941882556,0,0,2.2333259064502187,9.594597909508437,3.077306991196589,False,150,5001
5,4,-1,False,,,28.014721271803527,0,0,-7.012972693132799,7.62323124870712,15.050210330641864,False,150,5000
5,4,-1,True,95,1.9000000000000001,17.505105513326235,0,0,15.847398386091793,9.594597909508437,0.975578487388063,False,95,5001
5,5,1,False,,,26.323950305180546,0,0,-4.692564850318705,7.62323124870712,11.686642865485863,False,150,5000
5,5,1,False,,,25.522158802759183,0,0,2.7654588027598197,9.594597909508437,4.294272092398436,False,150,5001
5,5,-1,False,,,20.971823203102115,0,0,-3.369870538667106,7.62323124870712,7.809773766884817,False,150,5000
5,5,-1,False,,,14.087485695149743,0,0,1.857682791997889,9.594597909508437,3.329875895382414,False,150,5001
5,6,1,False,,,36.347092914413025,0,0,-10.280404802399726,7.62323124870712,17.86887118585467,False,150,5000
5,6,1,True,70,1.4000000000000001,16.617715231232935,0,0,16.740016167733884,9.594597909508437,0.7932958573826882,False,70,5001
5,6,-1,False,,,27.13624849861986,0,0,-2.3535132775674796,7.62323124870712,7.548221387225915,False,150,5000
5,6,-1,False,,,22.269347560253138,0,0,-0.5102134054526548,9.594597909508437,6.878886810747065,False,150,5001
5,7,1,False,,,21.86616081403695,0,0,0.271679464190815,7.62323124870712,4.946445843839215,False,150,5000
5,7,1,False,,,25.79469517284402,0,0,-0.417736085561988,9.594597909508437,8.00443891760608,False,150,5001
5,7,-1,False,,,0.5887428487734417,0,0,-2.7316309461912383,7.62323124870712,7.654715256819559,False,150,5000
5,7,-1,False,,,10.091212014369933,0,0,-5.182802590825871,9.594597909508437,10.576169454701953,False,150,5001
6,0,1,False,,,28.898265846387552,0,0,-8.554394843057668,9.382278634163663,18.224309811867528,False,150,6000
6,0,1,False,,,28.749828368983227,0,0,-10.072322175022824,8.535074755138247,19.314786049347262,False,150,6001
6,0,-1,False,,,12.45056531787325,0,0,1.201149471346019,9.382278634163663,9.522595605331652,False,150,6000
6,0,-1,False,,,12.99689054254091,0,0,0.8088345516541149,8.535074755138247,9.0094268740245,False,150,6001
6,1,1,False,,,20.409103873912386,0,0,-0.1052833802561674,9.382278634163663,6.589551177711492,False,150,6000
6,1,1,False,,,21.796277193302757,0,0,-1.0336700663369023,8.535074755138247,7.522694203044082,False,150,6001
6,1,-1,False,,,14.949079538446625,0,0,-0.03988559728690182,9.382278634163663,10.648961575701177,False,150,6000
6,1,-1,False,,,17.90548689599793,0,0,-1.2170649501049196,8.535074755138247,10.147501073002655,False,150,6001
6,2,1,False,,,22.89802936631871,0,0,-1.259980644706702,9.382278634163663,9.072873231663145,False,150,6000
6,2,1,False,,,23.68807410464828,0,0,-6.093111309670088,8.535074755138247,12.756512934243915,False,150,6001
6,2,-1,False,,,33.78582247999595,0,0,-16.170707698032775,9.382278634163663,27.008014117308488,False,150,6000
6,2,-1,False,,,34.441882537406805,0,0,-16.017745517202776,8.535074755138247,26.011139140310508,False,150,6001
6,3,1,False,,,18.28891656162494,0,0,-1.3033969696587528,9.382278634163663,7.540547997187381,False,150,6000
6,3,1,False,,,22.84444698754597,0,0,-4.6366666736908355,8.535074755138247,10.44251412436966,False,150,6001
6,3,-1,False,,,22.5777629938781,0,0,-6.63291086331438,9.382278634163663,16.83958797920448,False,150,6000
6,3,-1,False,,,23.85165416494066,0,0,-6.256958121494404,8.535074755138247,15.42593480838882,False,150,6001
6,4,1,False,,,14.130849833180255,0,0,-6.314414337943059,9.382278634163663,12.703995883168243,False,150,6000
6,4,1,False,,,19.229228449109872,0,0,-8.422593918695846,8.535074755138247,14.310826812302434,False,150,6001
6,4,-1,False,,,23.07477911387315,0,0,-11.652620810087544,9.382278634163663,22.46308121242872,False,150,6000
6,4,-1,False,,,23.08978297314267,0,0,-10.886560704098233,8.535074755138247,20.75676612202878,False,150,6001
6,5,1,False,,,11.61076859900523,0,0,-2.578011947090632,9.382278634163663,13.410994130419764,False,150,6000
6,5,1,False,,,11.823805595117564,0,0,-1.69953585755504,8.535074755138247,11.677210900127294,False,150,6001
6,5,-1,False,,,28.85073506478991,0,0,-0.32235918824680565,9.382278634163663,8.58603586069517,False,150,6000
6,5,-1,False,,,27.77286201778875,0,0,-5.018459444887692,8.535074755138247,13.832909579539265,False,150,6001
6,6,1,False,,,28.585400255336115,0,0,-5.814233831813405,9.382278634163663,15.108920110121277,False,150,6000
6,6,1,False,,,28.493655506447517,0,0,-9.703673714757127,8.535074755138247,18.109130549203904,False,150,6001
6,6,-1,False,,,17.38205283407381,0,0,-2.3405095589623737,9.382278634163663,13.19346445585378,False,150,6000
6,6,-1,False,,,18.921350135988867,0,0,-4.036123942669218,8.535074755138247,14.048191514188124,False,150,6001
6,7,1,False,,,13.128189189016071,0,0,0.16478286362843597,9.382278634163663,10.69254687387499,False,150,6000
6,7,1,False,,,13.523208462763911,0,0,0.21878492561901183,8.535074755138247,9.797083524701703,False,150,6001
6,7,-1,False,,,19.77559953786215,0,0,-7.024315189623441,9.382278634163663,14.007990892209152,False,150,6000
6,7,-1,False,,,22.601953482393853,0,0,-7.3060243052458915,8.535074755138247,13.96087807226791,False,150,6001
7,0,1,False,,,29.92259070812831,0,0,1.0029369161410597,9.79980101121602,6.585492260991899,False,150,7000
7,0,1,False,,,24.63805934830745,0,0,-7.417061291850041,8.56184524469918,16.168170107876527,False,150,7001
7,0,-1,False,,,24.123619966093337,0,0,-0.132973421323902,9.79980101121602,8.385188497064522,False,150,7000
7,0,-1,False,,,24.128345656402132,0,0,-2.3191647455544033,8.56184524469918,8.965460284217103,False,150,7001
7,1,1,False,,,29.41365464865792,0,0,-1.0816449462541633,9.79980101121602,9.93508634242884,False,150,7000
7,1,1,False,,,27.64453517195127,0,0,-2.4870267976866387,8.56184524469918,10.600083466591634,False,150,7001
7,1,-1,False,,,32.49782218178754,0,0,2.7658398346224065,9.79980101121602,5.090099086675264,False,150,7000
7,1,-1,False,,,24.593114408315028,0,0,-4.549825921878114,8.56184524469918,12.501158902380165,False,150,7001
7,2,1,False,,,21.290463235123415,0,0,3.43972466351625,9.79980101121602,2.4923304188102455,False,150,7000
7,2,1,False,,,23.371390039298152,0,0,-6.572876580734846,8.56184524469918,15.202140210722341,False,150,7001
7,2,-1,False,,,29.134740794954364,0,0,-3.0981765569527933,9.79980101121602,11.992884398642087,False,150,7000
7,2,-1,False,,,26.380351862405703,0,0,-5.034990913152509,8.56184524469918,13.643268257838933,False,150,7001
7,3,1,False,,,37.653163919241905,0,0,-2.3860585373693275,9.79980101121602,11.538275565365657,False,150,7000
7,3,1,False,,,26.774738408571885,0,0,-7.512821061523522,8.56184524469918,15.470214524330574,False,150,7001
7,3,-1,False,,,27.60683121886956,0,0,0.014954434491549831,9.79980101121602,7.965960519134189,False,150,7000
7,3,-1,False,,,22.223776861702174,0,0,-9.14895605657978,8.56184524469918,19.00625605806688,False,150,7001
7,4,1,False,,,43.65367569797421,0,0,-6.60509985522921,9.79980101121602,15.556925131792799,False,150,7000
7,4,1,False,,,36.59575204485948,0,0,-19.42615994029513,8.56184524469918,29.362610607680793,False,150,7001
7,4,-1,False,,,19.728496920807842,0,0,2.9138699947889983,9.79980101121602,5.185387415601163,False,150,7000
7,4,-1,False,,,19.131918672643284,0,0,-7.0497345050131495,8.56184524469918,13.18408621075435,False,150,7001
7,5,1,False,,,35.61086119012294,0,0,-2.1094182340204553,9.79980101121602,10.55152022708226,False,150,7000
7,5,1,False,,,19.6761399827662,0,0,-1.8930289440110866,8.56184524469918,8.993478854712377,False,150,7001
7,5,-1,False,,,12.930964316254363,0,0,-3.0383344826218956,9.79980101121602,8.4051797104431,False,150,7000
7,5,-1,False,,,19.786913982112722,0,0,-6.099774116506414,8.56184524469918,15.808611411625039,False,150,7001
7,6,1,False,,,20.83689575700628,0,0,3.574805635822349,9.79980101121602,4.632078987867634,False,150,7000
7,6,1,False,,,16.52563038994808,0,0,-1.1984613074189003,8.56184524469918,8.677614732752485,False,150,7001
7,6,-1,False,,,32.71047240317853,0,0,-3.908507963999521,9.79980101121602,12.412153924383494,False,150,7000
7,6,-1,False,,,28.163516264789056,0,0,-10.817264205545056,8.56184524469918,20.619679307360833,False,150,7001
7,7,1,True,68,1.36,16.82738333251411,0,0,16.83494617194059,9.79980101121602,0.9984764531067001,False,68,7000
7,7,1,False,,,32.85491401384148,0,0,-12.712107443533785,8.56184524469918,22.465965209551687,False,150,7001
7,7,-1,False,,,22.67480241252218,0,0,3.8207890680469783,9.79980101121602,4.092431590524695,False,150,7000
7,7,-1,False,,,24.4166546947324,0,0,2.0308006555583558,8.56184524469918,5.078186788164604,False,150,7001
8,0,1,False,,,20.606531206758213,0,0,-0.7346029816369313,7.065058865897444,6.1762277599622335,False,150,8000
8,0,1,False,,,19.507365125997293,0,0,1.2084544189178776,8.352367173194459,4.266352770114409,False,150,8001
8,0,-1,False,,,29.23448519735611,0,0,-7.4373553904113985,7.065058865897444,15.423613734571575,False,150,8000
8,0,-1,False,,,29.40631449254422,0,0,-4.159628373612907,8.352367173194459,11.766436909081726,False,150,8001
8,1,1,False,,,20.294929776326235,0,0,-1.5315734060770854,7.065058865897444,8.793611185961323,False,150,8000
8,1,1,False,,,26.58062709946759,0,0,0.9507096384079172,8.352367173194459,6.219206224706847,False,150,8001
8,1,-1,False,,,28.907292986197497,0,0,-4.832342634002727,7.065058865897444,11.656196142069524,False,150,8000
8,1,-1,False,,,32.64725936014395,0,0,-2.684676014218866,8.352367173194459,10.198660004182022,False,150,8001
8,2,1,False,,,27.921633445847288,0,0,-10.483816071636458,7.065058865897444,18.12573487367719,False,150,8000
8,2,1,True,51,1.02,15.067356670741502,0,0,16.05374158712388,8.352367173194459,0.8252392903009219,False,51,8001
8,2,-1,False,,,28.044276074183642,0,0,-4.523232556651873,7.065058865897444,9.71316565993377,False,150,8000
8,2,-1,False,,,32.44249084942948,0,0,-0.8768610125102433,8.352367173194459,6.7153273859832225,False,150,8001
8,3,1,False,,,30.242480468774115,0,0,-13.915974870666819,7.065058865897444,22.16393826314724,False,150,8000
8,3,1,False,,,34.567998329949425,0,0,-2.8541909881741394,8.352367173194459,10.282832575846426,False,150,8001
8,3,-1,False,,,22.19897693039429,0,0,-6.4129143623023435,7.065058865897444,10.461541022131277,False,150,8000
8,3,-1,False,,,24.92900647894502,0,0,4.814633966289958,8.352367173194459,1.2652882165734658,False,150,8001
8,4,1,False,,,30.386992195323383,0,0,-11.940619994399478,7.065058865897444,19.951404596942268,False,150,8000
8,4,1,False,,,33.32591357452529,0,0,-7.779549936676628,8.352367173194459,15.722268198629084,False,150,8001
8,4,-1,False,,,18.570400821581696,0,0,-0.7889180748238517,7.065058865897444,4.8418535508792795,False,150,8000
8,4,-1,True,110,2.2,16.261579700192943,0,0,14.303092516576651,8.352367173194459,0.976728675255805,False,110,8001
8,5,1,False,,,19.284628607485207,0,0,-0.5289539880937677,7.065058865897444,8.677158322903608,False,150,8000
8,5,1,False,,,22.49475024944609,0,0,1.1877027268920408,8.352367173194459,4.743550728897207,False,150,8001
8,5,-1,False,,,32.350030614100866,0,0,-14.298791353010554,7.065058865897444,22.743222514103024,False,150,8000
8,5,-1,False,,,42.904433006849075,0,0,-7.707027882918393,8.352367173194459,15.552783902089045,False,150,8001
8,6,1,False,,,22.756174178872417,0,0,-9.849610584410566,7.065058865897444,18.02081355291572,False,150,8000
8,6,1,True,64,1.28,15.349869755319954,0,0,15.640747251437144,8.352367173194459,0.9865830783558263,False,64,8001
8,6,-1,False,,,22.71597759699342,0,0,1.6738374982190094,7.065058865897444,2.331782301599132,False,150,8000
8,6,-1,False,,,23.878469923268906,0,0,6.079154057822976,8.352367173194459,1.4477167751609898,False,150,8001
8,7,1,False,,,25.064903978666948,0,0,-3.566607060009998,7.065058865897444,9.697299686408297,False,150,8000
8,7,1,False,,,31.591944787227625,0,0,-2.2074162632968455,8.352367173194459,9.288552222052086,False,150,8001
8,7,-1,False,,,28.614652430876827,0,0,-6.963564421392971,7.065058865897444,14.967262117043738,False,150,8000
8,7,-1,False,,,33.04679477273728,0,0,-3.2506962190276103,8.352367173194459,10.82524110709338,False,150,8001
9,0,1,False,,,12.51014826853108,0,0,-5.468056987170345,6.213834704363471,8.362317416022211,False,150,9000
9,0,1,False,,,9.00281680402449,0,0,-2.5321580978732245,9.5065292781639,9.014014511471315,False,150,9001
9,0,-1,False,,,28.599719209081144,0,0,-2.9913733627317063,6.213834704363471,8.092209157599198,False,150,9000
9,0,-1,False,,,29.445339290960607,0,0,3.325655154223971,9.5065292781639,3.4990563432386126,False,150,9001
9,1,1,False,,,29.955013785901112,0,0,-3.540387264281935,6.213834704363471,9.656071500110748,False,150,9000
9,1,1,False,,,29.04241484343649,0,0,3.606378510832271,9.5065292781639,2.5456836890210073,False,150,9001
9,1,-1,False,,,19.800484330481805,0,0,-1.4121465466431202,6.213834704363471,7.020923320335692,False,150,9000
9,1,-1,False,,,21.194771917512043,0,0,-3.3979487687752026,9.5065292781639,10.58213680220862,False,150,9001
9,2,1,False,,,13.491567429166462,0,0,1.1715036161436754,6.213834704363471,4.505561113037821,False,150,9000
9,2,1,False,,,23.15665168088131,0,0,2.1602961381273658,9.5065292781639,4.356157041938312,False,150,9001
9,2,-1,False,,,27.397119220313744,0,0,-9.700323601660216,6.213834704363471,16.628449019637777,False,150,9000
9,2,-1,False,,,22.812563105397917,0,0,-1.4722159330818916,9.5065292781639,7.629018199004003,False,150,9001
9,3,1,False,,,32.12761267340424,0,0,-0.707635262608359,6.213834704363471,5.089567778603595,False,150,9000
9,3,1,False,,,29.17670387520645,0,0,-0.43740846314941895,9.5065292781639,8.761276341043802,False,150,9001
9,3,-1,False,,,30.475495222820772,0,0,-12.57346951788688,6.213834704363471,19.372765163336584,False,150,9000
9,3,-1,False,,,33.27423542978533,0,0,-8.964806777244032,9.5065292781639,18.57677109895251,False,150,9001
9,4,1,False,,,29.81705760959802,0,0,-5.376810092386681,6.213834704363471,10.943276171499388,False,150,9000
9,4,1,False,,,31.545992074478708,0,0,1.077548911290453,9.5065292781639,6.593869362085208,False,150,9001
9,4,-1,False,,,14.412302398501962,0,0,-0.3503736030035286,6.213834704363471,7.239525613727816,False,150,9000
9,4,-1,False,,,18.58370560286327,0,0,-3.7479114073730697,9.5065292781639,9.819088020193105,False,150,9001
9,5,1,False,,,27.823908606488537,0,0,-4.585567477865201,6.213834704363471,11.54842154617654,False,150,9000
9,5,1,False,,,29.79217235071089,0,0,-0.2156636612438292,9.5065292781639,7.939021780946976,False,150,9001
9,5,-1,False,,,22.715726247577656,0,0,-0.9590689232972442,6.213834704363471,4.991405973113412,False,150,9000
9,5,-1,False,,,24.465955926600333,0,0,-0.3171606382480296,9.5065292781639,6.369237059222586,False,150,9001
9,6,1,False,,,29.926464586723515,0,0,-0.9594869398668724,6.213834704363471,6.071989150803541,False,150,9000
9,6,1,False,,,29.140894181543935,0,0,3.3896916996086555,9.5065292781639,2.3456850152943285,False,150,9001
9,6,-1,False,,,21.09479323118159,0,0,-7.613420569523431,6.213834704363471,12.114702730144074,False,150,9000
9,6,-1,False,,,24.624139475187526,0,0,-0.14480908589692476,9.5065292781639,6.431448243884312,False,150,9001
9,7,1,False,,,16.667946580606895,0,0,-1.0246531330659048,6.213834704363471,4.616447728471037,False,150,9000
9,7,1,False,,,19.48805242562413,0,0,-7.5974244781177385,9.5065292781639,13.319538729537255,False,150,9001
9,7,-1,False,,,36.706412949990614,0,0,-13.401183807881683,6.213834704363471,20.593191041374975,False,150,9000
9,7,-1,False,,,41.021756871327845,0,0,-5.958254345407575,9.5065292781639,14.994788675596862,False,150,9001
10,0,1,False,,,31.22605672638138,0,0,-11.3143647191529,7.205332057292296,19.6532703616675,False,150,10000
10,0,1,False,,,31.626135275046735,0,0,-10.163539676952078,8.239471254259945,18.958997488047714,False,150,10001
10,0,-1,False,,,25.613706331663394,0,0,0.6421643555060919,7.205332057292296,4.275411788016182,False,150,10000
10,0,-1,False,,,23.4281464277777,0,0,0.05166221572328127,8.239471254259945,4.495139995444789,False,150,10001
10,1,1,False,,,22.028159906467614,0,0,-3.6607568594851645,7.205332057292296,11.313205606806775,False,150,10000
10,1,1,False,,,26.10942247173776,0,0,-1.4366529436030364,8.239471254259945,6.974138456137023,False,150,10001
10,1,-1,False,,,28.75696506164632,0,0,-0.2432531895039138,7.205332057292296,5.395605790118812,False,150,10000
10,1,-1,False,,,28.36539527227507,0,0,-3.0888411601895136,8.239471254259945,9.743751134793765,False,150,10001
10,2,1,False,,,18.857936054658232,0,0,-10.13217084690465,7.205332057292296,14.419350868246873,False,150,10000
10,2,1,False,,,17.670806615801247,0,0,-8.66636900438922,8.239471254259945,13.474626757644442,False,150,10001
10,2,-1,False,,,17.181029018680448,0,0,-1.8685144221331627,7.205332057292296,10.343380450742906,False,150,10000
10,2,-1,False,,,25.031602386787632,0,0,-1.6581094061061628,8.239471254259945,7.769572780774889,False,150,10001
10,3,1,False,,,26.23204208574716,0,0,-11.448664296504361,7.205332057292296,19.751346333545925,False,150,10000
10,3,1,False,,,23.20646941852559,0,0,-1.1152548495235903,8.239471254259945,8.050137935130246,False,150,10001
10,3,-1,False,,,27.890618355093174,0,0,-7.174340216126361,7.205332057292296,13.486501589039758,False,150,10000
10,3,-1,False,,,27.73613995610186,0,0,-2.5557054663162457,8.239471254259945,8.623762759311573,False,150,10001
10,4,1,False,,,19.210440250393617,0,0,0.43871519503980216,7.205332057292296,7.794806360146485,False,150,10000
10,4,1,False,,,20.249832164316413,0,0,-6.644894146047355,8.239471254259945,12.478753534635686,False,150,10001
10,4,-1,False,,,29.915523583400947,0,0,0.7894701492031299,7.205332057292296,4.770389899445384,False,150,10000
10,4,-1,False,,,27.099962055510154,0,0,0.29492081360759104,8.239471254259945,5.980802320175134,False,150,10001
10,5,1,False,,,19.221736071690934,0,0,-5.174123181727812,7.205332057292296,12.823420034324146,False,150,10000
10,5,1,False,,,19.26017065024165,0,0,-4.857750991188622,8.239471254259945,11.062968956940884,False,150,10001
10,5,-1,False,,,27.441920506117146,0,0,-3.1732459356109186,7.205332057292296,8.250841578564975,False,150,10000
10,5,-1,False,,,27.827601456705754,0,0,0.35674864588186384,8.239471254259945,5.076707134644144,False,150,10001
10,6,1,False,,,26.53171236092727,0,0,-3.8704924547076627,7.205332057292296,11.029807804863427,False,150,10000
10,6,1,False,,,26.281447582292035,0,0,-4.108828927598301,8.239471254259945,11.430740421826824,False,150,10001
10,6,-1,False,,,21.84460082070843,0,0,-1.593193288882675,7.205332057292296,9.110556972352198,False,150,10000
10,6,-1,False,,,21.28901496659484,0,0,-5.796826500610914,8.239471254259945,10.971875122556243,False,150,10001
10,7,1,False,,,20.296222314279735,0,0,-10.84699234591767,7.205332057292296,15.242667260810734,False,150,10000
10,7,1,False,,,24.393182109802428,0,0,-9.021934256203412,8.239471254259945,14.57659805222571,False,150,10001
10,7,-1,False,,,10.436880550381554,0,0,0.5445428383497269,7.205332057292296,7.83244361055276,False,150,10000
10,7,-1,False,,,4.352450036252441,0,0,0.5191560211381516,8.239471254259945,7.8949556947365025,False,150,10001
11,0,1,True,138,2.7600000000000002,26.5715327427123,0,0,15.631292791894353,10.245588021782284,0.7585784467150601,False,138,11000
11,0,1,False,,,28.057421558364563,0,0,-1.8838857755775833,7.982600126952775,9.269581911092335,False,150,11001
11,0,-1,True,123,2.46,22.090007142030263,0,0,16.00949482215842,10.245588021782284,0.9587215319959796,False,123,11000
11,0,-1,False,,,24.81123086335796,0,0,2.3484467700659564,7.982600126952775,3.481506035553678,False,150,11001
11,1,1,False,,,31.270521558725683,0,0,1.6639315530579475,10.245588021782284,6.368733267217853,False,150,11000
11,1,1,False,,,30.8803413722417,0,0,1.1996843849814913,7.982600126952775,4.773372332446252,False,150,11001
11,1,-1,False,,,23.644998413469757,0,0,1.4334398950626694,10.245588021782284,4.624676460876782,False,150,11000
11,1,-1,False,,,25.197135038166017,0,0,-4.961405432419858,7.982600126952775,10.555212031516684,False,150,11001
11,2,1,True,141,2.82,28.517065874217444,0,0,15.87968008572157,10.245588021782284,0.8295717865498106,False,141,11000
11,2,1,False,,,27.001182040811713,0,0,0.8939483790343944,7.982600126952775,5.559135259742906,False,150,11001
11,2,-1,False,,,28.46849481066908,0,0,4.895791271177238,10.245588021782284,2.1821900809447192,False,150,11000
11,2,-1,False,,,24.680342291615776,0,0,-0.9778476832807826,7.982600126952775,6.419932533998867,False,150,11001
11,3,1,False,,,30.734460825438404,0,0,4.7968425769646466,10.245588021782284,2.366683733852656,False,150,11000
11,3,1,False,,,34.15300240399484,0,0,0.28399046955451157,7.982600126952775,6.137001881609921,False,150,11001
11,3,-1,False,,,26.95824918702326,0,0,6.396462419376972,10.245588021782284,2.5344280163713395,False,150,11000
11,3,-1,False,,,24.489750444964084,0,0,-0.8092191452753162,7.982600126952775,6.971145752050193,False,150,11001
11,4,1,False,,,24.65775919950927,0,0,4.05555791244794,10.245588021782284,2.6652878286579686,False,150,11000
11,4,1,False,,,26.095353676339826,0,0,1.0435138502742236,7.982600126952775,5.406632477253482,False,150,11001
11,4,-1,False,,,27.222966687017813,0,0,3.5837158350930656,10.245588021782284,4.234006917349955,False,150,11000
11,4,-1,False,,,25.808478489432087,0,0,-0.09882867543347651,7.982600126952775,6.974304626232195,False,150,11001
11,5,1,False,,,28.181817860216924,0,0,5.802121358988901,10.245588021782284,2.050269581321591,False,150,11000
11,5,1,False,,,28.856273035077052,0,0,3.634164837462457,7.982600126952775,1.992869428474021,False,150,11001
11,5,-1,False,,,27.617086366924323,0,0,2.8878403300245146,10.245588021782284,4.44792868213663,False,150,11000
11,5,-1,False,,,22.15289636781482,0,0,-4.650169055916186,7.982600126952775,10.57671837162136,False,150,11001
11,6,1,False,,,6.213726969023556,0,0,-4.162543805910636,10.245588021782284,10.436839922716523,False,150,11000
11,6,1,False,,,18.492092247947323,0,0,-0.04347911931480365,7.982600126952775,5.965262140196043,False,150,11001
11,6,-1,True,121,2.42,22.756697745335448,0,0,15.85500830272782,10.245588021782284,0.9963740102158235,False,121,11000
11,6,-1,False,,,27.717636684238027,0,0,-0.6520275421634338,7.982600126952775,7.319140071082598,False,150,11001
11,7,1,False,,,25.681926747122684,0,0,2.8483440166899814,10.245588021782284,6.094127580926864,False,150,11000
11,7,1,False,,,20.639769141746566,0,0,0.28097162349504257,7.982600126952775,6.186422440704736,False,150,11001
11,7,-1,False,,,33.80497672566302,0,0,2.6806035850070877,10.245588021782284,5.534097741925084,False,150,11000
11,7,-1,False,,,30.590195291916007,0,0,-4.207561405229548,7.982600126952775,11.978563197290878,False,150,11001
12,0,1,False,,,27.187510833676807,0,0,-2.0676036573637124,9.403375205303199,11.12255600631506,False,150,12000
12,0,1,False,,,27.627607643815363,0,0,-0.8846742114485913,7.790044025372896,7.644888172098551,False,150,12001
12,0,-1,False,,,24.40906089776757,0,0,3.1493920504373327,9.403375205303199,4.087731454861801,False,150,12000
12,0,-1,False,,,23.187051381184705,0,0,-4.55394120153988,7.790044025372896,9.392937541723013,False,150,12001
12,1,1,False,,,29.23445964299345,0,0,0.5083337730934878,9.403375205303199,6.884744753283216,False,150,12000
12,1,1,False,,,31.988707743152833,0,0,-0.4855617565024335,7.790044025372896,6.252244097775002,False,150,12001
12,1,-1,False,,,27.18835441577612,0,0,1.6407607066006695,9.403375205303199,6.521115374501742,False,150,12000
12,1,-1,False,,,26.560690926445698,0,0,2.763199753511388,7.790044025372896,2.283082999457524,False,150,12001
12,2,1,False,,,33.68816227857826,0,0,-2.5976782509117164,9.403375205303199,11.499886129256154,False,150,12000
12,2,1,False,,,33.23261904474476,0,0,3.477366511150212,7.790044025372896,1.9476745177916195,False,150,12001
12,2,-1,False,,,26.301854491166804,0,0,2.6699591834291097,9.403375205303199,4.3803760402558565,False,150,12000
12,2,-1,False,,,22.46394394587723,0,0,-3.465444817322885,7.790044025372896,10.20023331164493,False,150,12001
12,3,1,False,,,24.189846789722722,0,0,0.12198155747506588,9.403375205303199,6.499570990951606,False,150,12000
12,3,1,False,,,30.015555003296228,0,0,-3.022290221921575,7.790044025372896,8.527895227712772,False,150,12001
12,3,-1,False,,,29.376737102735255,0,0,3.614450014313059,9.403375205303199,3.967135568943488,False,150,12000
12,3,-1,False,,,28.413053056293453,0,0,0.6991980069980567,7.790044025372896,4.465841214065834,False,150,12001
12,4,1,False,,,20.429210016865177,0,0,-1.7034054981978006,9.403375205303199,8.296324639810349,False,150,12000
12,4,1,False,,,28.634752924297597,0,0,1.0658645551088388,7.790044025372896,5.518615187918361,False,150,12001
12,4,-1,False,,,28.723838807168264,0,0,-1.1588239092652033,9.403375205303199,9.65654004646618,False,150,12000
12,4,-1,False,,,29.68292335330998,0,0,-3.2125958486853596,7.790044025372896,10.35346868287398,False,150,12001
12,5,1,False,,,21.438806606634852,0,0,-0.6285735279715365,9.403375205303199,9.66184650203487,False,150,12000
12,5,1,False,,,25.210765158240456,0,0,-0.04149338481398555,7.790044025372896,5.911024773155194,False,150,12001
12,5,-1,False,,,20.543941407775993,0,0,-0.5235473705395216,9.403375205303199,7.421580320394763,False,150,12000
12,5,-1,False,,,22.82082742979767,0,0,-4.794930302298113,7.790044025372896,10.863208728380084,False,150,12001
12,6,1,False,,,23.70674795571104,0,0,-1.283878949801351,9.403375205303199,9.298235701614251,False,150,12000
12,6,1,False,,,23.21256104607863,0,0,-1.6356441009297311,7.790044025372896,7.14177012260898,False,150,12001
12,6,-1,False,,,27.26119527922399,0,0,0.9924640530217452,9.403375205303199,5.560259215654393,False,150,12000
12,6,-1,False,,,28.282982372115896,0,0,2.6335127344335985,7.790044025372896,3.598341413034379,False,150,12001
12,7,1,False,,,28.089292982830923,0,0,4.450926286873492,9.403375205303199,2.309562842187475,False,150,12000
12,7,1,False,,,24.544965697943947,0,0,0.3871448238220828,7.790044025372896,4.764102959757418,False,150,12001
12,7,-1,False,,,26.3787515326615,0,0,-1.0964469198213989,9.403375205303199,9.29160305835339,False,150,12000
12,7,-1,False,,,31.825102640931924,0,0,0.06831025037101254,7.790044025372896,5.696050342456406,False,150,12001
13,0,1,False,,,28.303581202856304,0,0,2.7357160964226725,6.96214105719718,2.5106073950892367,False,150,13000
13,0,1,False,,,33.374391851917586,0,0,-0.2938267834779007,9.169428332018564,8.099853836899223,False,150,13001
13,0,-1,False,,,28.591366302779427,0,0,1.3809110711096246,6.96214105719718,3.570762940332925,False,150,13000
13,0,-1,False,,,20.901981193141683,0,0,-5.115356992983862,9.169428332018564,10.765052552594552,False,150,13001
13,1,1,False,,,30.375372239076583,0,0,1.5235689905032954,6.96214105719718,3.068145604547003,False,150,13000
13,1,1,False,,,29.79653200638809,0,0,-2.766180693346782,9.169428332018564,10.762112984069521,False,150,13001
13,1,-1,True,110,2.2,23.53829666223917,0,0,14.464695995325894,6.96214105719718,0.9189639416883771,False,110,13000
13,1,-1,False,,,36.039773202302925,0,0,-0.6244679456071329,9.169428332018564,8.642013042022725,False,150,13001
13,2,1,False,,,27.85268298596835,0,0,2.1770172718197105,6.96214105719718,3.1156494207863457,False,150,13000
13,2,1,False,,,20.87192991143909,0,0,-1.3987340096926475,9.169428332018564,8.21501344715329,False,150,13001
13,2,-1,True,131,2.62,26.724694706593585,0,0,13.804103353361489,6.96214105719718,0.8875786003828701,False,131,13000
13,2,-1,False,,,33.63441852931017,0,0,-3.1460303627645407,9.169428332018564,10.393616136565967,False,150,13001
13,3,1,False,,,26.443527202418583,0,0,3.1246134867938653,6.96214105719718,1.974890950424008,False,150,13000
13,3,1,False,,,25.631959021866205,0,0,2.3234575391726784,9.169428332018564,3.7736533705569273,False,150,13001
13,3,-1,False,,,29.117333891875887,0,0,1.2707712978850554,6.96214105719718,3.775101087194747,False,150,13000
13,3,-1,False,,,29.309575017763375,0,0,-1.6180746713731187,9.169428332018564,9.858602319071224,False,150,13001
13,4,1,False,,,32.876543034094034,0,0,2.850555394856555,6.96214105719718,1.4894586607930531,False,150,13000
13,4,1,False,,,42.21373468561544,0,0,-3.8448197846369787,9.169428332018564,11.093820494035029,False,150,13001
13,4,-1,False,,,27.222845801879693,0,0,1.0129173157815556,6.96214105719718,4.512160146295748,False,150,13000
13,4,-1,False,,,22.30350122157436,0,0,-1.9176774448126264,9.169428332018564,8.195141628926667,False,150,13001
13,5,1,False,,,24.70710047670396,0,0,0.14484745240985708,6.96214105719718,4.54766174991851,False,150,13000
13,5,1,False,,,22.123624668201515,0,0,-5.445141925618057,9.169428332018564,11.15476292042158,False,150,13001
13,5,-1,False,,,32.45129712693574,0,0,0.1950765666023759,6.96214105719718,4.122948990527426,False,150,13000
13,5,-1,False,,,33.16288137902949,0,0,-3.404666376694301,9.169428332018564,11.999937144685774,False,150,13001
13,6,1,False,,,32.688057385590476,0,0,1.620526707841889,6.96214105719718,3.0475971601759553,False,150,13000
13,6,1,False,,,34.46720804789316,0,0,0.28238299813467965,9.169428332018564,7.448511814156318,False,150,13001
13,6,-1,False,,,32.38684854939686,0,0,0.05268438046152696,6.96214105719718,5.167257758933294,False,150,13000
13,6,-1,False,,,29.341628667650934,0,0,-1.4312796854099845,9.169428332018564,8.357488518497334,False,150,13001
13,7,1,False,,,27.747802812920195,0,0,-0.07779686835750357,6.96214105719718,5.5750571953084895,False,150,13000
13,7,1,False,,,28.985867656960306,0,0,2.39174499706257,9.169428332018564,4.009806838162588,False,150,13001
13,7,-1,False,,,30.092754728039115,0,0,1.2315298895173497,6.96214105719718,3.0579108383952054,False,150,13000
13,7,-1,False,,,24.37661941017645,0,0,0.4892112972981806,9.169428332018564,7.070157305777283,False,150,13001
14,0,1,False,,,28.120275475461195,0,0,0.6732860866870012,8.728367276795208,6.030605532879699,False,150,14000
14,0,1,False,,,29.813180689226332,0,0,-2.270049218092277,8.691258881274782,9.014477658216828,False,150,14001
14,0,-1,True,147,2.94,26.30833361163198,0,0,15.286216691925022,8.728367276795208,0.9609050190530023,False,147,14000
14,0,-1,False,,,26.677258220765815,0,0,-1.0358670385160533,8.691258881274782,6.4665388897191365,False,150,14001
14,1,1,True,61,1.22,15.41375797644264,0,0,16.01459511164566,8.728367276795208,0.957368287871905,False,61,14000
14,1,1,False,,,20.634274373784436,0,0,-1.9863126044538186,8.691258881274782,10.350361391778113,False,150,14001
14,1,-1,False,,,31.12005243673792,0,0,3.561623401977421,8.728367276795208,2.691607731128281,False,150,14000
14,1,-1,False,,,39.445583358242004,0,0,-1.7908483342645902,8.691258881274782,8.518215021029123,False,150,14001
14,2,1,False,,,25.712799138112562,0,0,0.5564448230231904,8.728367276795208,7.604937647583527,False,150,14000
14,2,1,False,,,28.212481412064246,0,0,0.2949150423806014,8.691258881274782,6.078605528582292,False,150,14001
14,2,-1,False,,,29.26036394745624,0,0,1.2531869697116618,8.728367276795208,5.095647207205199,False,150,14000
14,2,-1,False,,,32.10638627999116,0,0,-0.5242020934923385,8.691258881274782,7.41687583831106,False,150,14001
14,3,1,False,,,28.491544850635112,0,0,1.0283003318619819,8.728367276795208,6.534454063883079,False,150,14000
14,3,1,True,142,2.84,29.18471817182419,0,0,14.901327739591348,8.691258881274782,0.8876058785890643,False,142,14001
14,3,-1,False,,,33.01865168611556,0,0,4.539281719416843,8.728367276795208,1.5269230877904265,False,150,14000
14,3,-1,False,,,29.900024195054037,0,0,-2.410753527423768,8.691258881274782,9.453800659098254,False,150,14001
14,4,1,False,,,29.903579232659183,0,0,2.4767977914825283,8.728367276795208,5.065436003882607,False,150,14000
14,4,1,False,,,29.32521698661884,0,0,4.920233375111086,8.691258881274782,1.2917578083775811,False,150,14001
14,4,-1,False,,,26.045549102978438,0,0,2.190417309727253,8.728367276795208,4.218330057568912,False,150,14000
14,4,-1,False,,,32.34524975912974,0,0,-3.6749941203234604,8.691258881274782,11.131528695328997,False,150,14001
14,5,1,False,,,23.07473475085978,0,0,-0.8112114809400113,8.728367276795208,7.33842663042829,False,150,14000
14,5,1,False,,,30.77659972646038,0,0,-2.286102718909593,8.691258881274782,9.089700149505928,False,150,14001
14,5,-1,False,,,31.740884148808398,0,0,0.08548584183158926,8.728367276795208,6.6706419068767095,False,150,14000
14,5,-1,False,,,28.840272082341798,0,0,-0.5835585078652502,8.691258881274782,6.925738855296469,False,150,14001
14,6,1,False,,,25.757918951085962,0,0,3.6841684502763603,8.728367276795208,3.5366241357778545,False,150,14000
14,6,1,True,138,2.7600000000000002,26.6837520513694,0,0,14.947555106380197,8.691258881274782,0.9999270811882254,False,138,14001
14,6,-1,False,,,31.02333069215467,0,0,2.886917737748175,8.728367276795208,2.979776706023172,False,150,14000
14,6,-1,False,,,31.63635964425476,0,0,-6.367630161915565,8.691258881274782,13.427286748286715,False,150,14001
14,7,1,False,,,31.870591392617847,0,0,1.6308308700151324,8.728367276795208,4.9281213206606305,False,150,14000
14,7,1,False,,,29.75017821647652,0,0,-0.5394517659461162,8.691258881274782,7.30093356727572,False,150,14001
14,7,-1,False,,,27.540202380668855,0,0,3.073901631800487,8.728367276795208,3.9678077971939736,False,150,14000
14,7,-1,False,,,24.692741368967354,0,0,-3.239109544141668,8.691258881274782,9.593680106595412,False,150,14001
15,0,1,False,,,22.51594959391009,0,0,-0.638649300956479,7.4152043116096715,6.745620808367143,False,150,15000
15,0,1,False,,,19.97486816902106,0,0,0.10094902495863242,7.29733786931187,5.72086206919615,False,150,15001
15,0,-1,True,143,2.86,27.88294107943114,0,0,14.938538486812137,7.4152043116096715,0.7442460541234154,False,143,15000
15,0,-1,True,133,2.66,29.826122440654473,0,0,14.116614377772915,7.29733786931187,0.8946802752147178,False,133,15001
15,1,1,False,,,28.10232981986398,0,0,1.9968857678323702,7.4152043116096715,3.4371990135890833,False,150,15000
15,1,1,False,,,23.641306644965166,0,0,0.4774791823377401,7.29733786931187,5.301609667402797,False,150,15001
15,1,-1,False,,,27.94037230886316,0,0,1.3358910582769212,7.4152043116096715,5.226968529127025,False,150,15000
15,1,-1,False,,,31.432935766377664,0,0,2.365607887151118,7.29733786931187,2.9442719094671825,False,150,15001
15,2,1,False,,,32.28455275096291,0,0,3.2004836034145945,7.4152043116096715,2.50196500489306,False,150,15000
15,2,1,False,,,28.673765227863726,0,0,1.3482035102320005,7.29733786931187,5.162874604736727,False,150,15001
15,2,-1,False,,,29.137796576005464,0,0,-0.544583482010939,7.4152043116096715,5.907452951030634,False,150,15000
15,2,-1,False,,,30.05196265142138,0,0,2.773145670707967,7.29733786931187,1.654386127931139,False,150,15001
15,3,1,False,,,39.79375804730383,0,0,1.442023965368135,7.4152043116096715,3.864964501368767,False,150,15000
15,3,1,True,126,2.52,31.634970425099038,0,0,14.659790169365191,7.29733786931187,0.9634770336445887,False,126,15001
15,3,-1,False,,,24.484498183663405,0,0,-0.04292382491329058,7.4152043116096715,5.685647205456405,False,150,15000
15,3,-1,False,,,25.876930675023985,0,0,1.2396939215759706,7.29733786931187,4.307009304938404,False,150,15001
15,4,1,False,,,34.4051637310634,0,0,3.7549620878103735,7.4152043116096715,1.7284054870904102,False,150,15000
15,4,1,False,,,30.658515251074487,0,0,2.693614633674649,7.29733786931187,2.092514573603088,False,150,15001
15,4,-1,False,,,25.829118131080612,0,0,4.262216152460247,7.4152043116096715,2.03049429933978,False,150,15000
15,4,-1,False,,,26.255398632762013,0,0,-0.7009075824292024,7.29733786931187,6.781307950898652,False,150,15001
15,5,1,True,128,2.56,21.9499465964872,0,0,15.009192741849361,7.4152043116096715,0.983477153717068,False,128,15000
15,5,1,False,,,23.60614965295922,0,0,4.502492383314223,7.29733786931187,1.5674245502984598,False,150,15001
15,5,-1,False,,,37.41054300236721,0,0,1.554047333141183,7.4152043116096715,4.61737099753042,False,150,15000
15,5,-1,False,,,33.21255729402373,0,0,2.824069588196278,7.29733786931187,1.7061164742041974,False,150,15001
15,6,1,False,,,31.60188575091577,0,0,-0.7747641190342036,7.4152043116096715,6.314247502419305,False,150,15000
15,6,1,True,142,2.84,28.021670571831265,0,0,14.096228790764751,7.29733786931187,0.9598878125207224,False,142,15001
15,6,-1,False,,,28.903548746869237,0,0,3.2302129039351803,7.4152043116096715,1.9948978400384505,False,150,15000
15,6,-1,False,,,24.772494490649503,0,0,2.762969988461484,7.29733786931187,2.9991788192845052,False,150,15001
15,7,1,False,,,33.20895195367814,0,0,1.476059932004355,7.4152043116096715,4.142285522856309,False,150,15000
15,7,1,False,,,30.376215357543146,0,0,-0.2664586417680074,7.29733786931187,6.2538553878912735,False,150,15001
15,7,-1,True,141,2.82,31.35310590213003,0,0,14.936303587571476,7.4152043116096715,0.9296288882998975,False,141,15000
15,7,-1,False,,,32.83595479841033,0,0,3.7579186452227007,7.29733786931187,1.2444042936923163,False,150,15001
16,0,1,False,,,30.050359520729025,0,0,-1.219076502089625,8.750634650624164,9.434415913110586,False,150,16000
16,0,1,False,,,33.07062627417069,0,0,1.030786292121977,9.54469710931843,7.755214414417133,False,150,16001
16,0,-1,False,,,30.769328311534277,0,0,3.7430282953466145,8.750634650624164,3.4379351004120497,False,150,16000
16,0,-1,False,,,31.827388023845224,0,0,3.3220068677944745,9.54469710931843,5.0318167469186115,False,150,16001
16,1,1,False,,,19.474577620056117,0,0,2.769141332077437,8.750634650624164,4.278987205219203,False,150,16000
16,1,1,False,,,17.38812323703106,0,0,0.16004592587229755,9.54469710931843,6.716290504429072,False,150,16001
16,1,-1,False,,,32.04550868006103,0,0,0.5994210460122047,8.750634650624164,6.050724784325506,False,150,16000
16,1,-1,False,,,30.64207406787057,0,0,2.5893868309953825,9.54469710931843,4.5615610273996685,False,150,16001
16,2,1,True,140,2.8000000000000003,31.8025195441164,0,0,16.088865718295096,8.750634650624164,0.6947568033008648,False,140,16000
16,2,1,False,,,40.804228592508856,0,0,1.4684810386320168,9.54469710931843,5.886950829147016,False,150,16001
16,2,-1,False,,,32.83861803839023,0,0,2.5817443748515783,8.750634650624164,4.171724235559714,False,150,16000
16,2,-1,False,,,30.616472328918423,0,0,4.832407287777086,9.54469710931843,2.5121211013533777,False,150,16001
16,3,1,False,,,28.770651750421774,0,0,2.333958648446491,8.750634650624164,4.700505716006903,False,150,16000
16,3,1,False,,,31.561913335270354,0,0,4.75866472328276,9.54469710931843,2.354833970733911,False,150,16001
16,3,-1,False,,,27.828893457164376,0,0,2.3702923541092624,8.750634650624164,3.8986830959307013,False,150,16000
16,3,-1,False,,,28.601648989035528,0,0,0.5767290142651359,9.54469710931843,6.548601738773648,False,150,16001
16,4,1,False,,,28.993748524917546,0,0,0.26859982811561556,8.750634650624164,7.563001613760371,False,150,16000
16,4,1,False,,,27.06373866453039,0,0,2.7144952037136574,9.54469710931843,5.286106631710042,False,150,16001
16,4,-1,False,,,33.30922177568393,0,0,1.0281336012922402,8.750634650624164,5.968098176226464,False,150,16000
16,4,-1,False,,,40.9024057850707,0,0,-0.31454050585671967,9.54469710931843,8.135702487870553,False,150,16001
16,5,1,False,,,30.455691537942474,0,0,4.861819545391715,8.750634650624164,1.5558648736840406,False,150,16000
16,5,1,False,,,33.32223902544791,0,0,3.953760240793482,9.54469710931843,3.265513875644384,False,150,16001
16,5,-1,False,,,27.36929363432598,0,0,-1.6783526493640017,8.750634650624164,10.05570311367212,False,150,16000
16,5,-1,False,,,26.06061247059115,0,0,-1.5449519478409708,9.54469710931843,10.007003571950271,False,150,16001
16,6,1,False,,,30.271646840255773,0,0,-0.9361200608075929,8.750634650624164,7.291334605771016,False,150,16000
16,6,1,False,,,32.99092453054488,0,0,-2.179733731563755,9.54469710931843,9.955694634562569,False,150,16001
16,6,-1,False,,,24.22137615956332,0,0,5.321657826175,8.750634650624164,1.0443084246416405,False,150,16000
16,6,-1,False,,,23.538867028531495,0,0,3.5214752845162507,9.54469710931843,3.461467814194182,False,150,16001
16,7,1,False,,,29.238365389173964,0,0,0.48757296765726144,8.750634650624164,6.991949470577018,False,150,16000
16,7,1,False,,,29.40225633650037,0,0,1.7548402230585558,9.54469710931843,5.4958486924531655,False,150,16001
16,7,-1,False,,,27.565555854113022,0,0,4.578675627259387,8.750634650624164,1.1455113849666794,False,150,16000
16,7,-1,False,,,26.20883720215301,0,0,2.3973424441485864,9.54469710931843,4.251782062675964,False,150,16001
17,0,1,False,,,30.108996501621345,0,0,3.22803490678241,7.707738130493065,1.4867356440969683,False,150,17000
17,0,1,False,,,30.021694882939034,0,0,3.625822797572391,9.694785364862451,4.211874919576335,False,150,17001
17,0,-1,False,,,34.1988963521534,0,0,0.483393383441175,7.707738130493065,5.379705166809374,False,150,17000
17,0,-1,False,,,33.985013944686074,0,0,-0.14438374179726066,9.694785364862451,7.3466968606972,False,150,17001
17,1,1,False,,,30.396952611030397,0,0,0.1319599906366358,7.707738130493065,5.72547954373361,False,150,17000
17,1,1,False,,,29.544652358519606,0,0,2.222959621347661,9.694785364862451,5.001243139820194,False,150,17001
17,1,-1,False,,,35.68665793665686,0,0,2.0633298069767685,7.707738130493065,3.309444032739916,False,150,17000
17,1,-1,False,,,35.29220420403494,0,0,-0.9627789124488861,9.694785364862451,8.592516379480514,False,150,17001
17,2,1,False,,,33.8998513085022,0,0,1.053981862469712,7.707738130493065,4.269665186156876,False,150,17000
17,2,1,False,,,27.742961815544426,0,0,0.7883224268460995,9.694785364862451,6.665963816390983,False,150,17001
17,2,-1,False,,,30.886641529435614,0,0,1.194588386758898,7.707738130493065,4.736321213085885,False,150,17000
17,2,-1,False,,,30.460762430575627,0,0,1.4550697100030567,9.694785364862451,6.100407526626853,False,150,17001
17,3,1,False,,,35.62789380733872,0,0,1.8106776374913898,7.707738130493065,3.602682466655184,False,150,17000
17,3,1,False,,,38.34951380964096,0,0,3.070256858261917,9.694785364862451,4.136439601520389,False,150,17001
17,3,-1,False,,,24.88857198239015,0,0,0.06379968059369877,7.707738130493065,5.688072037847806,False,150,17000
17,3,-1,False,,,28.293405698263822,0,0,1.2154523043877663,9.694785364862451,5.745958303723523,False,150,17001
17,4,1,False,,,29.344360363055994,0,0,1.861820541423253,7.707738130493065,3.599954211314981,False,150,17000
17,4,1,False,,,29.992078998137753,0,0,2.4941254690623276,9.694785364862451,4.56354627576229,False,150,17001
17,4,-1,False,,,37.32869916905684,0,0,-3.450084962465798,7.707738130493065,8.939901776436269,False,150,17000
17,4,-1,False,,,38.431833592032376,0,0,-0.1668888312315765,9.694785364862451,7.822648047313727,False,150,17001
17,5,1,False,,,28.62290539654689,0,0,1.6383478181237763,7.707738130493065,3.243351874326221,False,150,17000
17,5,1,False,,,27.502636428993195,0,0,2.855179950840729,9.694785364862451,3.3464456858469007,False,150,17001
17,5,-1,False,,,37.002422762399604,0,0,1.552955060868942,7.707738130493065,3.837892548133873,False,150,17000
17,5,-1,False,,,37.365916090058995,0,0,2.603241889470355,9.694785364862451,5.320902345131293,False,150,17001
17,6,1,True,125,2.5,26.1128035782702,0,0,13.61785317825022,7.707738130493065,0.954815994037619,False,125,17000
17,6,1,False,,,28.355990255613104,0,0,2.7970671131008125,9.694785364862451,3.6284851367450375,False,150,17001
17,6,-1,False,,,24.97576055997607,0,0,3.0783180384872124,7.707738130493065,3.239355351003356,False,150,17000
17,6,-1,False,,,28.084989566012577,0,0,1.2888854853272993,9.694785364862451,5.941837237781459,False,150,17001
17,7,1,False,,,40.21378417045874,0,0,-0.024094776245316696,7.707738130493065,5.963174711459338,False,150,17000
17,7,1,False,,,38.55395839106609,0,0,-0.30579775594044273,9.694785364862451,8.294882779482359,False,150,17001
17,7,-1,False,,,23.29154710160682,0,0,-0.3840509466781712,7.707738130493065,5.256677370529604,False,150,17000
17,7,-1,False,,,21.553506177446025,0,0,-1.3002288541400782,9.694785364862451,7.295027095369024,False,150,17001
18,0,1,True,68,1.36,16.90611955498178,0,0,16.163401443777143,7.5976719721151165,0.8585417866364206,False,68,18000
18,0,1,True,52,1.04,12.958427981345165,0,0,15.455331929717854,6.609328650666891,0.9771656093293626,False,52,18001
18,0,-1,True,91,1.82,16.63974348370563,0,0,14.065094854308608,7.5976719721151165,0.8794396712191888,False,91,18000
18,0,-1,False,,,28.411471386736608,0,0,1.2680164159377583,6.609328650666891,3.4531432569406233,False,150,18001
18,1,1,True,83,1.6600000000000001,16.213726396365985,0,0,14.36981659625385,7.5976719721151165,0.961929268173388,False,83,18000
18,1,1,False,,,27.350007803073076,0,0,3.6220201885145142,6.609328650666891,1.4774639016642415,False,150,18001
18,1,-1,False,,,32.8759103014683,0,0,2.2811123338909223,7.5976719721151165,3.392350923206685,False,150,18000
18,1,-1,False,,,32.30536355059908,0,0,2.670413421958522,6.609328650666891,1.5169703007445243,False,150,18001
18,2,1,True,99,1.98,21.625555889445447,0,0,15.173319113384025,7.5976719721151165,0.9631902908233614,False,99,18000
18,2,1,True,89,1.78,20.298440867696055,0,0,14.522882235623987,6.609328650666891,0.965862981225367,False,89,18001
18,2,-1,True,83,1.6600000000000001,15.89643188937587,0,0,14.357730265302665,7.5976719721151165,0.8290224508185631,False,83,18000
18,2,-1,False,,,30.790188353548107,0,0,0.7341792586836271,6.609328650666891,4.222938374627108,False,150,18001
18,3,1,False,,,32.680213656198795,0,0,1.571925963230814,7.5976719721151165,3.550927247820607,False,150,18000
18,3,1,True,79,1.58,16.951734654138324,0,0,14.55734847697321,6.609328650666891,0.9977994082920337,False,79,18001
18,3,-1,False,,,29.681480736190796,0,0,3.400358653094975,7.5976719721151165,1.4689180716551602,False,150,18000
18,3,-1,True,136,2.72,26.88484207358025,0,0,13.402881125797025,6.609328650666891,0.7413531920791596,False,136,18001
18,4,1,False,,,25.904079261820687,0,0,2.616073667054912,7.5976719721151165,2.7878648856563797,False,150,18000
18,4,1,False,,,25.93269017289108,0,0,2.1291101461314104,6.609328650666891,3.0901613708611104,False,150,18001
18,4,-1,False,,,33.83595257540523,0,0,2.2295708115517003,7.5976719721151165,2.55479574517015,False,150,18000
18,4,-1,True,118,2.36,27.32974881054156,0,0,14.050400079248188,6.609328650666891,0.7791452210744326,False,118,18001
18,5,1,True,112,2.24,23.601238249538806,0,0,14.126800408715258,7.5976719721151165,0.8404501507964025,False,112,18000
18,5,1,False,,,29.463154784056442,0,0,2.9823270580669785,6.609328650666891,1.4096874326678064,False,150,18001
18,5,-1,False,,,30.59832426613869,0,0,2.4493068264367275,7.5976719721151165,2.1464007898593076,False,150,18000
18,5,-1,True,129,2.58,27.408696579805742,0,0,14.014984201739006,6.609328650666891,0.998107797647888,False,129,18001
18,6,1,False,,,29.366673545990114,0,0,3.6296442074164896,7.5976719721151165,1.4944436982250233,False,150,18000
18,6,1,False,,,15.041004435353942,0,0,0.9222438575006501,6.609328650666891,4.03841311526422,False,150,18001
18,6,-1,False,,,34.689199915806235,0,0,4.422671919447312,7.5976719721151165,1.5540523777699042,False,150,18000
18,6,-1,True,124,2.48,32.280123491394306,0,0,14.206864930130944,6.609328650666891,0.8750212137298474,False,124,18001
18,7,1,False,,,27.890408424007667,0,0,2.3539743577522274,7.5976719721151165,3.0279989751224203,False,150,18000
18,7,1,False,,,27.803078734895262,0,0,3.067468579967159,6.609328650666891,1.3091094002630455,False,150,18001
18,7,-1,True,96,1.92,19.283965458474658,0,0,14.796291866941349,7.5976719721151165,0.9763509154968835,False,96,18000
18,7,-1,True,121,2.42,26.581807547162587,0,0,13.951741939942817,6.609328650666891,0.9626432227813039,False,121,18001
19,0,1,True,121,2.42,23.16092249647508,0,0,14.635728651701662,7.704412933997912,0.9429488293951646,False,121,19000
19,0,1,False,,,28.01928380462452,0,0,3.1847385929050955,7.156409951479781,1.4436596522498253,False,150,19001
19,0,-1,False,,,34.33555535495045,0,0,1.6835082773323329,7.704412933997912,3.7786040734361137,False,150,19000
19,0,-1,False,,,36.163293380938775,0,0,0.8169470748841956,7.156409951479781,4.594023983144519,False,150,19001
19,1,1,True,107,2.14,21.59411576209911,0,0,14.633427068547146,7.704412933997912,0.809872049010648,False,107,19000
19,1,1,False,,,30.668865463140275,0,0,2.6889839838810605,7.156409951479781,1.5547401892263213,False,150,19001
19,1,-1,False,,,31.22737625474141,0,0,3.1123860610256804,7.704412933997912,1.7956772695627508,False,150,19000
19,1,-1,False,,,36.839525926694044,0,0,2.543310318913147,7.156409951479781,2.7571452983077,False,150,19001
19,2,1,True,90,1.8,17.052614110259388,0,0,15.401801142971026,7.704412933997912,0.9220311585173265,False,90,19000
19,2,1,True,150,3.0,28.8479172065953,0,0,14.301683273818515,7.156409951479781,0.8115988362407155,False,150,19001
19,2,-1,False,,,32.971571563130546,0,0,2.784267185165781,7.704412933997912,2.195021562795934,False,150,19000
19,2,-1,True,115,2.3000000000000003,25.822344375988497,0,0,14.614717797932949,7.156409951479781,0.8680719963223826,False,115,19001
19,3,1,False,,,20.069217263711213,0,0,0.5611513186552607,7.704412933997912,3.893844149496005,False,150,19000
19,3,1,True,132,2.64,24.051649328052854,0,0,13.711606935438834,7.156409951479781,0.9376136034910626,False,132,19001
19,3,-1,False,,,30.637518942656836,0,0,3.815443672719525,7.704412933997912,1.7460666429692577,False,150,19000
19,3,-1,False,,,30.909390307336903,0,0,2.2420359538843773,7.156409951479781,2.7217018330255756,False,150,19001
19,4,1,True,72,1.44,14.588005099651252,0,0,14.643481064220548,7.704412933997912,0.9475381825750013,False,72,19000
19,4,1,False,,,27.883605601450352,0,0,3.6784209876091722,7.156409951479781,1.3416320083832298,False,150,19001
19,4,-1,True,88,1.76,20.121388911524303,0,0,15.687232062404119,7.704412933997912,0.9670336286631099,False,88,19000
19,4,-1,True,110,2.2,23.482595526918367,0,0,15.210835919384646,7.156409951479781,0.9678375975343214,False,110,19001
19,5,1,True,101,2.02,17.89231225351216,0,0,13.843263853054072,7.704412933997912,0.9793702429152165,False,101,19000
19,5,1,False,,,34.1791017227646,0,0,2.693389551000432,7.156409951479781,1.6943809468623692,False,150,19001
19,5,-1,True,132,2.64,28.06690723892122,0,0,14.675275137135934,7.704412933997912,0.8435358918595522,False,132,19000
19,5,-1,True,124,2.48,26.20067275571769,0,0,14.460138838514709,7.156409951479781,0.8066117769428449,False,124,19001
19,6,1,True,80,1.6,15.924865027057905,0,0,14.471261886499759,7.704412933997912,0.9187321083853554,False,80,19000
19,6,1,False,,,30.83139484175525,0,0,1.1687206785739437,7.156409951479781,4.140624570869771,False,150,19001
19,6,-1,True,129,2.58,24.96391524655274,0,0,14.093870255046085,7.704412933997912,0.9726117152758595,False,129,19000
19,6,-1,False,,,31.504318997331634,0,0,1.9829807044790353,7.156409951479781,3.2876326693573046,False,150,19001
19,7,1,False,,,29.485475024463444,0,0,3.6835822270513847,7.704412933997912,1.7765791986593633,False,150,19000
19,7,1,False,,,29.839860100181316,0,0,3.606054147207356,7.156409951479781,1.1584528782928838,False,150,19001
19,7,-1,True,110,2.2,20.85415372747689,0,0,13.814825487083027,7.704412933997912,0.9988124104291922,False,110,19000
19,7,-1,True,92,1.84,19.837670224301387,0,0,15.16697022309387,7.156409951479781,0.9874269905561174,False,92,19001
20,0,1,False,,,37.81576536422494,0,0,5.76450048240109,10.155114464097156,2.5665653468447935,False,150,20000
20,0,1,False,,,36.97580326861058,0,0,6.21171948992167,9.715424167989513,1.8955692263311734,False,150,20001
20,0,-1,False,,,27.082054055785417,0,0,3.591922266110602,10.155114464097156,4.3133159781938915,False,150,20000
20,0,-1,False,,,30.514678386636632,0,0,3.9463719352432185,9.715424167989513,3.6311974124418915,False,150,20001
20,1,1,False,,,35.79358184102197,0,0,2.852980221853678,10.155114464097156,4.719218281235405,False,150,20000
20,1,1,False,,,33.843884831962455,0,0,6.471443520821308,9.715424167989513,1.8561487454348253,False,150,20001
20,1,-1,True,110,2.2,21.392202842526412,0,0,17.432030764193794,10.155114464097156,0.9782935447684024,False,110,20000
20,1,-1,False,,,26.119997446919868,0,0,4.778708709019824,9.715424167989513,3.409992586977355,False,150,20001
20,2,1,False,,,30.454001562609804,0,0,5.5766780081828236,10.155114464097156,2.14225742894855,False,150,20000
20,2,1,False,,,28.239844934905413,0,0,5.069186267380593,9.715424167989513,2.239848818538852,False,150,20001
20,2,-1,False,,,34.57957295174166,0,0,4.420066409788392,10.155114464097156,3.438725474845244,False,150,20000
20,2,-1,False,,,33.65796137251623,0,0,4.789511862063732,9.715424167989513,3.288760425440921,False,150,20001
20,3,1,False,,,30.102890885135796,0,0,4.933666443517986,10.155114464097156,2.927834751317561,False,150,20000
20,3,1,False,,,27.644709531721624,0,0,3.6440805877351443,9.715424167989513,4.297434384589095,False,150,20001
20,3,-1,False,,,33.633072608867614,0,0,4.604145505299243,10.155114464097156,3.3054604553711027,False,150,20000
20,3,-1,True,147,2.94,32.968463676531854,0,0,16.529571110671235,9.715424167989513,0.991049677827392,False,147,20001
20,4,1,False,,,32.318657284911865,0,0,3.8466799878205613,10.155114464097156,3.5346205991366633,False,150,20000
20,4,1,False,,,34.66463946376312,0,0,3.3647384133032388,9.715424167989513,3.950764365185226,False,150,20001
20,4,-1,False,,,29.45086706258478,0,0,5.885940001705365,10.155114464097156,2.0676910568040237,False,150,20000
20,4,-1,False,,,32.2589978753766,0,0,4.19522361029501,9.715424167989513,3.361689605264787,False,150,20001
20,5,1,False,,,34.670521981841965,0,0,3.748970488517917,10.155114464097156,3.887156588214997,False,150,20000
20,5,1,False,,,35.87689956634162,0,0,4.707472094816171,9.715424167989513,3.1813032281883618,False,150,20001
20,5,-1,False,,,29.66879394524357,0,0,0.549088620861722,10.155114464097156,7.165145712957092,False,150,20000
20,5,-1,False,,,33.8402943175239,0,0,3.3078703165090837,9.715424167989513,4.2482521134297295,False,150,20001
20,6,1,False,,,32.969539259387965,0,0,5.994554965381621,10.155114464097156,2.3153389532806044,False,150,20000
20,6,1,False,,,34.49367768480345,0,0,6.051001307051389,9.715424167989513,2.3644240581095066,False,150,20001
20,6,-1,False,,,31.541765270219045,0,0,4.527206524425697,10.155114464097156,3.495698480385602,False,150,20000
20,6,-1,False,,,31.16151240455913,0,0,3.961852654833176,9.715424167989513,3.8746007195229755,False,150,20001
20,7,1,False,,,31.06891935430119,0,0,3.7068141517420803,10.155114464097156,3.9455435796329277,False,150,20000
20,7,1,False,,,32.3322487338486,0,0,4.709482275732831,9.715424167989513,3.0551001474148807,False,150,20001
20,7,-1,False,,,30.97338763350034,0,0,4.681073202713112,10.155114464097156,2.9899299175269856,False,150,20000
20,7,-1,False,,,36.12100107026079,0,0,6.3766493271154925,9.715424167989513,1.278315774919631,False,150,20001
21,0,1,False,,,36.2315541819028,0,0,1.4238739427418319,8.81064771164678,5.391790154786322,False,150,21000
21,0,1,True,128,2.56,29.24862240681833,0,0,15.29800348988083,8.509053998396297,0.9597475934395278,False,128,21001
21,0,-1,False,,,32.17043606428911,0,0,2.2627779073878873,8.81064771164678,3.806605577677708,False,150,21000
21,0,-1,False,,,31.895648779177083,0,0,4.822403668362706,8.509053998396297,1.1433291205925797,False,150,21001
21,1,1,False,,,31.53781516105702,0,0,2.334171905501656,8.81064771164678,4.78171122930863,False,150,21000
21,1,1,False,,,31.282269174516955,0,0,4.149448388571272,8.509053998396297,1.7699545933772944,False,150,21001
21,1,-1,False,,,31.16368685800377,0,0,3.0545163545582934,8.81064771164678,3.9335478638280086,False,150,21000
21,1,-1,True,135,2.7,29.350890830791432,0,0,15.572432848362737,8.509053998396297,0.9250967053161596,False,135,21001
21,2,1,False,,,36.99401354683367,0,0,0.9783241940880767,8.81064771164678,5.707445770981732,False,150,21000
21,2,1,False,,,36.702797004610574,0,0,3.738883432945289,8.509053998396297,2.2267407316222796,False,150,21001
21,2,-1,True,141,2.82,29.820412850440214,0,0,16.59719301814679,8.81064771164678,0.884581510661703,False,141,21000
21,2,-1,False,,,32.888873512442196,0,0,4.91751884093704,8.509053998396297,1.7641516284925194,False,150,21001
21,3,1,False,,,45.168578001822205,0,0,1.0977227329705328,8.81064771164678,5.9743433645840165,False,150,21000
21,3,1,True,124,2.48,33.6290217712543,0,0,16.541626205227555,8.509053998396297,0.6602317711948901,False,124,21001
21,3,-1,False,,,26.647463658999694,0,0,3.602983868104299,8.81064771164678,2.9902302863172507,False,150,21000
21,3,-1,False,,,27.804773152211787,0,0,4.441015717639807,8.509053998396297,2.9213981290983138,False,150,21001
21,4,1,True,120,2.4,28.424199690389543,0,0,16.999569444127506,8.81064771164678,0.8998233340912387,False,120,21000
21,4,1,False,,,31.007889400895788,0,0,4.404077158633784,8.509053998396297,1.855255724103199,False,150,21001
21,4,-1,False,,,19.892429110070232,0,0,0.4964997750438246,8.81064771164678,5.8186433372299975,False,150,21000
21,4,-1,False,,,30.99061566555326,0,0,3.2689028502332587,8.509053998396297,2.8129839645072514,False,150,21001
21,5,1,False,,,34.70341998054946,0,0,4.187598816280813,8.81064771164678,2.959114804735171,False,150,21000
21,5,1,False,,,31.579283125439268,0,0,3.639852106318648,8.509053998396297,2.859933167694246,False,150,21001
21,5,-1,False,,,35.880033865976664,0,0,2.4591087355043117,8.81064771164678,4.29718834414612,False,150,21000
21,5,-1,True,103,2.06,24.237930541893988,0,0,16.021197909165863,8.509053998396297,0.8404771642061398,False,103,21001
21,6,1,False,,,34.80995339389675,0,0,2.565059226144518,8.81064771164678,4.245939425534207,False,150,21000
21,6,1,False,,,36.206958425900446,0,0,2.3387520633286245,8.509053998396297,3.9898991233778576,False,150,21001
21,6,-1,False,,,32.390681564675255,0,0,0.659420175716079,8.81064771164678,5.970499615194688,False,150,21000
21,6,-1,False,,,33.255154335340855,0,0,4.026593115083689,8.509053998396297,1.8136919653447356,False,150,21001
21,7,1,False,,,34.10336177808517,0,0,2.290700868426381,8.81064771164678,4.433039821721578,False,150,21000
21,7,1,True,123,2.46,26.50996423113626,0,0,15.288983553011128,8.509053998396297,0.9594548609830285,False,123,21001
21,7,-1,True,127,2.54,26.010585098229953,0,0,17.064134732784346,8.81064771164678,0.6734549097088025,False,127,21000
21,7,-1,True,87,1.74,20.28493573051977,0,0,16.805756387675167,8.509053998396297,0.9910697468827918,False,87,21001
22,0,1,True,134,2.68,28.782622728502307,0,0,13.543632161449732,6.5583036408842705,0.9624379344597342,False,134,22000
22,0,1,True,60,1.2,12.2293526842794,0,0,14.682158048854044,6.171691741310358,0.8114589232027103,False,60,22001
22,0,-1,False,,,36.653271896454804,0,0,0.08394629284189806,6.5583036408842705,4.6036019563252975,False,150,22000
22,0,-1,True,102,2.04,24.387088646443967,0,0,13.656622753761008,6.171691741310358,0.9953122267790504,False,102,22001
22,1,1,False,,,33.56857629665364,0,0,-0.5687978345575342,6.5583036408842705,5.2548484847207515,False,150,22000
22,1,1,True,99,1.98,23.973580663680753,0,0,14.71298934280922,6.171691741310358,0.659541016540387,False,99,22001
22,1,-1,False,,,27.303180257745694,0,0,-1.2886563544633187,6.5583036408842705,4.61872213068485,False,150,22000
22,1,-1,True,87,1.74,16.42220943832362,0,0,14.302667738388525,6.171691741310358,0.856960869949288,False,87,22001
22,2,1,False,,,37.44413769622545,0,0,0.025310720785583163,6.5583036408842705,3.889169350030776,False,150,22000
22,2,1,True,99,1.98,23.907982710445413,0,0,14.764569823792204,6.171691741310358,0.9351661359917726,False,99,22001
22,2,-1,False,,,22.114246335826977,0,0,-2.3337728725227236,6.5583036408842705,5.139437642946347,False,150,22000
22,2,-1,True,29,0.58,6.336308963464349,0,0,15.452604686486225,6.171691741310358,0.9287443198795473,False,29,22001
22,3,1,False,,,35.387334283686386,0,0,0.5839344840193172,6.5583036408842705,3.5801101851650983,False,150,22000
22,3,1,False,,,35.32941591918688,0,0,2.7968842797268247,6.171691741310358,1.661441196128874,False,150,22001
22,3,-1,False,,,37.70564014408894,0,0,-0.9390846968442444,6.5583036408842705,5.400261808594669,False,150,22000
22,3,-1,True,95,1.9000000000000001,20.348868309103914,0,0,13.818803290684626,6.171691741310358,0.9604885545911126,False,95,22001
22,4,1,False,,,33.68216207201568,0,0,0.09363023222872419,6.5583036408842705,4.6434577062484355,False,150,22000
22,4,1,True,107,2.14,23.86723155481198,0,0,14.484781663300925,6.171691741310358,0.752510889088579,False,107,22001
22,4,-1,False,,,32.325493114321745,0,0,0.4695201030425037,6.5583036408842705,4.196644123115497,False,150,22000
22,4,-1,False,,,28.895902117379645,0,0,3.4682935929498893,6.171691741310358,1.2655601318127814,False,150,22001
22,5,1,False,,,36.06393042012082,0,0,-0.43007424350476553,6.5583036408842705,4.549686273901026,False,150,22000
22,5,1,False,,,33.37188292910322,0,0,2.3163349991022546,6.171691741310358,2.1473765497471633,False,150,22001
22,5,-1,True,124,2.48,28.60142037675991,0,0,13.945700493954714,6.5583036408842705,0.8403684111665537,False,124,22000
22,5,-1,True,26,0.52,6.895382741010706,0,0,15.607242588074563,6.171691741310358,0.7641680784954202,False,26,22001
22,6,1,True,128,2.56,23.58501602531472,0,0,12.319115270464124,6.5583036408842705,0.9430938432949355,False,128,22000
22,6,1,True,85,1.7,16.635201469322574,0,0,13.90774060378426,6.171691741310358,0.9847510661595098,False,85,22001
22,6,-1,False,,,32.75253987338848,0,0,0.027752339222929995,6.5583036408842705,4.595551501202521,False,150,22000
22,6,-1,True,99,1.98,21.882908945141587,0,0,14.60670393180016,6.171691741310358,0.863299150268366,False,99,22001
22,7,1,False,,,35.69331875974029,0,0,-1.9507924512415358,6.5583036408842705,6.073775149976957,False,150,22000
22,7,1,False,,,36.45618711892827,0,0,0.12672655315780207,6.171691741310358,3.9654503514717696,False,150,22001
22,7,-1,True,146,2.92,27.62656722464355,0,0,12.224961351530078,6.5583036408842705,0.9964166740740007,False,146,22000
22,7,-1,False,,,31.278516904685052,0,0,2.2079204328794964,6.171691741310358,1.2644332466989772,False,150,22001
23,0,1,False,,,31.22306139806581,0,0,4.606586446069848,9.877821976340856,2.9663003393185066,False,150,23000
23,0,1,False,,,34.21491173780434,0,0,-0.9746368132398135,6.693134622732086,5.387075477045361,False,150,23001
23,0,-1,False,,,31.238872660718954,0,0,2.7869242691747664,9.877821976340856,4.8184443282172635,False,150,23000
23,0,-1,True,131,2.62,28.884162696350415,0,0,14.430647315596898,6.693134622732086,0.6604679903304618,False,131,23001
23,1,1,False,,,37.34824222680713,0,0,3.6211840426441566,9.877821976340856,4.926107433040129,False,150,23000
23,1,1,False,,,37.592768588284294,0,0,0.8677626655889348,6.693134622732086,3.9653460202049877,False,150,23001
23,1,-1,False,,,30.777614800047687,0,0,6.013509691305904,9.877821976340856,1.6638619477423287,False,150,23000
23,1,-1,False,,,31.070632383086796,0,0,1.1666250062804338,6.693134622732086,2.637015430068365,False,150,23001
23,2,1,False,,,30.10443392627759,0,0,6.191622367235241,9.877821976340856,1.459262948912144,False,150,23000
23,2,1,False,,,33.45092516928417,0,0,-1.711282084605154,6.693134622732086,4.866002552207155,False,150,23001
23,2,-1,False,,,36.48829165418915,0,0,4.600896523916753,9.877821976340856,4.045849949184872,False,150,23000
23,2,-1,False,,,35.501035333765,0,0,1.4512746755602088,6.693134622732086,2.765546137957266,False,150,23001
23,3,1,False,,,29.041357743863557,0,0,4.67679961043827,9.877821976340856,3.213570192595197,False,150,23000
23,3,1,True,106,2.12,20.442341984924518,0,0,13.208248456947569,6.693134622732086,0.9833927823924622,False,106,23001
23,3,-1,False,,,33.799996663505254,0,0,5.017392737720839,9.877821976340856,3.19828128097151,False,150,23000
23,3,-1,False,,,36.43451540502529,0,0,0.927384943314354,6.693134622732086,3.6866672428418266,False,150,23001
23,4,1,False,,,36.24277521693184,0,0,4.662065717126491,9.877821976340856,4.036257147406209,False,150,23000
23,4,1,False,,,34.608343369091045,0,0,-1.2610502993862862,6.693134622732086,5.624576699181746,False,150,23001
23,4,-1,False,,,35.89019596355164,0,0,3.9424223543708683,9.877821976340856,4.576785051029753,False,150,23000
23,4,-1,False,,,37.49657237769161,0,0,0.5747769354380636,6.693134622732086,3.7715907342440174,False,150,23001
23,5,1,False,,,37.72398336275222,0,0,4.53589202413835,9.877821976340856,3.7486745287223355,False,150,23000
23,5,1,False,,,35.07976091435805,0,0,0.6012080723729152,6.693134622732086,3.6243994857240156,False,150,23001
23,5,-1,True,144,2.88,29.38577388704327,0,0,17.102821650142364,9.877821976340856,0.7865988756306999,False,144,23000
23,5,-1,True,101,2.02,21.779042797333158,0,0,14.775724294104887,6.693134622732086,0.9417390984781648,False,101,23001
23,6,1,True,135,2.7,34.01257637854353,0,0,17.77882611244037,9.877821976340856,0.9031093815891115,False,135,23000
23,6,1,False,,,36.75126494181815,0,0,0.3308595106510524,6.693134622732086,4.361743500772244,False,150,23001
23,6,-1,False,,,30.92886626948245,0,0,3.799490622064432,9.877821976340856,3.5469826489638288,False,150,23000
23,6,-1,True,120,2.4,27.17874892303452,0,0,14.093978105388983,6.693134622732086,0.9833444127704217,False,120,23001
23,7,1,False,,,27.878077304581076,0,0,2.023159733406244,9.877821976340856,6.812244265091685,False,150,23000
23,7,1,False,,,28.847084060739245,0,0,0.9293613040769017,6.693134622732086,3.520477927314448,False,150,23001
23,7,-1,False,,,36.21304296314499,0,0,4.851233176437431,9.877821976340856,3.786891005534348,False,150,23000
23,7,-1,False,,,39.408333645036365,0,0,-2.7227507916886253,6.693134622732086,7.120424272409296,False,150,23001
24,0,1,False,,,37.910874670041764,0,0,4.628965161886335,8.947442104019423,3.374501207442258,False,150,24000
24,0,1,False,,,33.30597878133338,0,0,3.157636201741722,8.622748189231732,3.598526113160193,False,150,24001
24,0,-1,True,150,3.0,41.63438896018901,0,0,16.964592113653936,8.947442104019423,0.907907696177275,False,150,24000
24,0,-1,False,,,39.3191249807779,0,0,2.3895164207004504,8.622748189231732,4.094593985933822,False,150,24001
24,1,1,False,,,34.72487583244924,0,0,6.458654162745133,8.947442104019423,1.1012798098935308,False,150,24000
24,1,1,False,,,37.07512077120455,0,0,0.3751026678511101,8.622748189231732,5.741495236306973,False,150,24001
24,1,-1,False,,,36.213939382816754,0,0,4.009003752707228,8.947442104019423,2.659721136580897,False,150,24000
24,1,-1,False,,,32.650088128446605,0,0,3.1727227509966314,8.622748189231732,2.5993507115316503,False,150,24001
24,2,1,False,,,31.654826173987548,0,0,4.580697439681818,8.947442104019423,1.4463040728336398,False,150,24000
24,2,1,True,97,1.94,21.118351553295124,0,0,16.251400015418785,8.622748189231732,0.9916396460640434,False,97,24001
24,2,-1,True,59,1.18,13.83378449796984,0,0,17.970978451457185,8.947442104019423,0.9157453519694315,False,59,24000
24,2,-1,False,,,33.14479062420245,0,0,1.3393714390068852,8.622748189231732,4.998460484873876,False,150,24001
24,3,1,False,,,40.58661344427926,0,0,6.6877195533674785,8.947442104019423,1.0095296356100378,False,150,24000
24,3,1,False,,,42.40766835746981,0,0,5.27627267810162,8.622748189231732,1.8518266163868096,False,150,24001
24,3,-1,False,,,34.98570923753891,0,0,5.296578642448485,8.947442104019423,1.6711479474696602,False,150,24000
24,3,-1,False,,,32.10528157674443,0,0,2.3735261414130258,8.622748189231732,3.4913830359181186,False,150,24001
24,4,1,False,,,35.26741193178425,0,0,4.716543862332291,8.947442104019423,2.170954014076711,False,150,24000
24,4,1,False,,,33.67465476072253,0,0,1.3737509002794854,8.622748189231732,4.852565158209329,False,150,24001
24,4,-1,False,,,36.59667792403372,0,0,3.9994121553171995,8.947442104019423,2.438020655685213,False,150,24000
24,4,-1,False,,,35.4444063702962,0,0,4.998124979840316,8.622748189231732,1.4342269339586393,False,150,24001
24,5,1,True,78,1.56,19.29507317745041,0,0,17.76113388646591,8.947442104019423,0.9912290819880913,False,78,24000
24,5,1,False,,,36.303729365859624,0,0,5.2957553380385125,8.622748189231732,1.631457281595367,False,150,24001
24,5,-1,False,,,31.838147717094838,0,0,4.249440178037759,8.947442104019423,2.5403528826467876,False,150,24000
24,5,-1,True,131,2.62,27.87601497245962,0,0,15.318102213255319,8.622748189231732,0.9474599119002586,False,131,24001
24,6,1,False,,,33.25633321488945,0,0,3.3484185821881534,8.947442104019423,3.7479596588424244,False,150,24000
24,6,1,False,,,32.90949665309741,0,0,2.8392602798954734,8.622748189231732,3.106288145446859,False,150,24001
24,6,-1,True,64,1.28,17.152836626174327,0,0,18.10857812666158,8.947442104019423,0.6649795082452314,False,64,24000
24,6,-1,True,120,2.4,30.85972261445149,0,0,16.58666879828759,8.622748189231732,0.6860642046476201,False,120,24001
24,7,1,False,,,35.28634802896823,0,0,4.500980619776982,8.947442104019423,2.9863416054590752,False,150,24000
24,7,1,False,,,32.5116228543442,0,0,4.174041361882728,8.622748189231732,2.265862271618572,False,150,24001
24,7,-1,True,136,2.72,30.23672608690765,0,0,15.729841778977642,8.947442104019423,0.9588313583065133,False,136,24000
24,7,-1,False,,,31.568683839423176,0,0,2.2236132927515855,8.622748189231732,3.566648202246765,False,150,24001
25,0,1,False,,,37.522651274823815,0,0,-3.413114105712718,8.608358986740983,9.546197806939459,False,150,25000
25,0,1,False,,,37.43875255053114,0,0,3.774267281048953,8.121373464544156,2.800024236657381,False,150,25001
25,0,-1,False,,,33.065402188231374,0,0,4.506791859184957,8.608358986740983,1.3946839725077682,False,150,25000
25,0,-1,False,,,29.423301838482804,0,0,4.4195119987366605,8.121373464544156,1.0635190957133458,False,150,25001
25,1,1,False,,,35.80251072958677,0,0,1.109507109121287,8.608358986740983,5.258160001813357,False,150,25000
25,1,1,False,,,34.37146256476321,0,0,2.6144415140438277,8.121373464544156,3.1018797516786294,False,150,25001
25,1,-1,False,,,36.32678734010833,0,0,0.22207073451279505,8.608358986740983,6.279461158714618,False,150,25000
25,1,-1,False,,,31.213813005250337,0,0,4.9483564827175,8.121373464544156,1.5171340041536645,False,150,25001
25,2,1,False,,,32.56322782758188,0,0,0.25171205940695773,8.608358986740983,6.122795117334941,False,150,25000
25,2,1,False,,,33.12591606321358,0,0,3.9363007302080617,8.121373464544156,1.6140892049820013,False,150,25001
25,2,-1,False,,,37.08623761268163,0,0,1.1654925329399515,8.608358986740983,5.57327509453869,False,150,25000
25,2,-1,True,130,2.6,29.395031389913353,0,0,16.084607378509418,8.121373464544156,0.8395729623870796,False,130,25001
25,3,1,False,,,21.1297087195064,0,0,1.8329215078309427,8.608358986740983,3.7403664531626695,False,150,25000
25,3,1,True,47,0.9400000000000001,12.176344782429199,0,0,17.438341187976555,8.121373464544156,0.7730030371302392,False,47,25001
25,3,-1,False,,,36.87806547275378,0,0,3.481279442636869,8.608358986740983,3.39283118032662,False,150,25000
25,3,-1,True,120,2.4,29.854970274965318,0,0,16.266401234395726,8.121373464544156,0.9904102875051242,False,120,25001
25,4,1,False,,,38.93823635472913,0,0,-0.3720862269741688,8.608358986740983,7.124337267515418,False,150,25000
25,4,1,False,,,35.33598124662223,0,0,1.2278171927819246,8.121373464544156,5.568531538389031,False,150,25001
25,4,-1,True,130,2.6,27.921638226285474,0,0,15.916047994640387,8.608358986740983,0.9832270508139,False,130,25000
25,4,-1,True,138,2.7600000000000002,29.936570353827925,0,0,15.320478202720656,8.121373464544156,0.9947470528562734,False,138,25001
25,5,1,False,,,34.057544838708374,0,0,1.0250544266055905,8.608358986740983,4.985296608299014,False,150,25000
25,5,1,False,,,37.87762929025314,0,0,2.2260408970882763,8.121373464544156,4.58668373551787,False,150,25001
25,5,-1,True,148,2.96,33.88971662917408,0,0,15.363593274980312,8.608358986740983,0.905576056513122,False,148,25000
25,5,-1,False,,,37.07500059054704,0,0,2.37404849260132,8.121373464544156,4.143789245744156,False,150,25001
25,6,1,False,,,32.56239391792928,0,0,3.4058224426683017,8.608358986740983,2.612131620606839,False,150,25000
25,6,1,False,,,30.87723956216009,0,0,2.6236622017739504,8.121373464544156,2.793041614885217,False,150,25001
25,6,-1,False,,,39.57531003037516,0,0,-20.850773241303575,8.608358986740983,25.837618095683087,False,150,25000
25,6,-1,False,,,36.829123463322674,0,0,0.9119728259737292,8.121373464544156,5.189459817635026,False,150,25001
25,7,1,False,,,26.81960769590302,0,0,1.8863150346412623,8.608358986740983,3.390718805324563,False,150,25000
25,7,1,False,,,34.86302219385942,0,0,3.2975830486317683,8.121373464544156,3.007332343442215,False,150,25001
25,7,-1,False,,,34.147323210522636,0,0,1.6105647146089777,8.608358986740983,5.484027354580238,False,150,25000
25,7,-1,True,119,2.38,30.75586261221682,0,0,16.260533213001935,8.121373464544156,0.972257346840856,False,119,25001
26,0,1,True,73,1.46,17.080364206702303,0,0,18.878811290503403,10.130788447048726,0.9665081886296802,False,73,26000
26,0,1,False,,,32.17608916037679,0,0,5.417502289161734,9.310395720291833,1.0361752962400506,False,150,26001
26,0,-1,False,,,34.83570398807835,0,0,2.9846445136425492,10.130788447048726,4.637408260901692,False,150,26000
26,0,-1,False,,,32.089476150456704,0,0,3.4951854760555077,9.310395720291833,3.4714063239572237,False,150,26001
26,1,1,False,,,42.7461522548479,0,0,-8.850614538970365,10.130788447048726,16.6379852638187,False,150,26000
26,1,1,True,114,2.2800000000000002,22.576392516854497,0,0,16.3925541519268,9.310395720291833,0.8986732191162353,False,114,26001
26,1,-1,False,,,35.691867932056894,0,0,3.4487529493215567,10.130788447048726,5.434345994068373,False,150,26000
26,1,-1,False,,,38.166811932664814,0,0,0.7990481419603696,9.310395720291833,6.851995185831687,False,150,26001
26,2,1,True,101,2.02,26.920671886840086,0,0,18.77413870380756,10.130788447048726,0.8657958686891956,False,101,26000
26,2,1,True,100,2.0,21.370337719163647,0,0,16.92901108517599,9.310395720291833,0.7798783674049558,False,100,26001
26,2,-1,False,,,36.09955042065222,0,0,4.114068928899632,10.130788447048726,4.225586772771852,False,150,26000
26,2,-1,False,,,32.084532083778896,0,0,2.2797860432431043,9.310395720291833,5.404821493718484,False,150,26001
26,3,1,True,68,1.36,17.724109506410926,0,0,19.267496812203433,10.130788447048726,0.7923155978037103,False,68,26000
26,3,1,True,140,2.8000000000000003,30.762942854114392,0,0,16.58359068717665,9.310395720291833,0.9675545163907294,False,140,26001
26,3,-1,False,,,35.516593267749904,0,0,3.108177680972805,10.130788447048726,4.89694798410927,False,150,26000
26,3,-1,False,,,35.787026431139694,0,0,2.6961271765441235,9.310395720291833,4.915400670200418,False,150,26001
26,4,1,False,,,39.594773192270075,0,0,3.5570005391873347,10.130788447048726,5.03758378026477,False,150,26000
26,4,1,False,,,33.93382118562969,0,0,1.729577654183219,9.310395720291833,5.058777102557943,False,150,26001
26,4,-1,False,,,34.795354357678136,0,0,6.250300791739951,10.130788447048726,2.6951864623111783,False,150,26000
26,4,-1,False,,,37.10136991085969,0,0,1.612211451159912,9.310395720291833,5.611313646413433,False,150,26001
26,5,1,False,,,34.66298001286847,0,0,3.9739079890667726,10.130788447048726,4.69620704725711,False,150,26000
26,5,1,False,,,33.24944527282338,0,0,2.027669886314107,9.310395720291833,5.59348199505062,False,150,26001
26,5,-1,False,,,37.79879172347541,0,0,5.698922105129736,10.130788447048726,2.903788577279824,False,150,26000
26,5,-1,True,144,2.88,29.302799712577066,0,0,15.707749927366379,9.310395720291833,0.8190612573586036,False,144,26001
26,6,1,False,,,35.76603172654591,0,0,5.28642087320615,10.130788447048726,3.5657201948299804,False,150,26000
26,6,1,True,37,0.74,9.610057131172589,0,0,18.755618725575417,9.310395720291833,0.8819519685611148,False,37,26001
26,6,-1,False,,,35.301628578446966,0,0,5.420582807614321,10.130788447048726,3.4319001188192226,False,150,26000
26,6,-1,False,,,33.89145698707085,0,0,2.1907719544355007,9.310395720291833,5.289076558112011,False,150,26001
26,7,1,True,145,2.9,33.89733967762654,0,0,18.03686864044726,10.130788447048726,0.871848103063942,False,145,26000
26,7,1,False,,,34.60261311576425,0,0,5.654802012487215,9.310395720291833,1.7528737863430526,False,150,26001
26,7,-1,False,,,38.232444738089065,0,0,6.498998477160492,10.130788447048726,2.28365380010244,False,150,26000
26,7,-1,False,,,28.309897013076256,0,0,4.589322491200393,9.310395720291833,1.710396509363704,False,150,26001
27,0,1,False,,,36.33592736421295,0,0,4.173248720075202,8.71475391081264,2.5278554589566773,False,150,27000
27,0,1,True,114,2.2800000000000002,28.03343350943235,0,0,17.920606953209045,10.205205859903506,0.9614726163492605,False,114,27001
27,0,-1,False,,,34.3072970026245,0,0,4.540412403271315,8.71475391081264,2.3690447161274233,False,150,27000
27,0,-1,True,143,2.86,33.215905812248344,0,0,17.88780076699605,10.205205859903506,0.9692774751124963,False,143,27001
27,1,1,False,,,35.26660694166967,0,0,3.3390654961786947,8.71475391081264,3.2363414732634372,False,150,27000
27,1,1,True,135,2.7,31.856792080700608,0,0,18.148161226121523,10.205205859903506,0.950512295258143,False,135,27001
27,1,-1,True,51,1.02,13.522578687392013,0,0,17.68135516231051,8.71475391081264,0.9254299240403352,False,51,27000
27,1,-1,True,73,1.46,19.525483101595444,0,0,19.02325416484493,10.205205859903506,0.9893858208840179,False,73,27001
27,2,1,True,114,2.2800000000000002,26.912676250800622,0,0,16.653689812760824,8.71475391081264,0.9970952950138028,False,114,27000
27,2,1,True,99,1.98,24.05595832454017,0,0,19.10526931301205,10.205205859903506,0.572886050980432,False,99,27001
27,2,-1,False,,,42.24239035982564,0,0,2.7797156476657388,8.71475391081264,4.3057862141181085,False,150,27000
27,2,-1,False,,,42.37063326820729,0,0,4.127903124200425,10.205205859903506,4.522596187783974,False,150,27001
27,3,1,True,139,2.7800000000000002,37.56179440971802,0,0,15.717374065161149,8.71475391081264,0.902438007185179,False,139,27000
27,3,1,False,,,33.25514270865602,0,0,5.669616405650475,10.205205859903506,2.00111886753804,False,150,27001
27,3,-1,False,,,44.785622855390464,0,0,-13.338984564994837,8.71475391081264,19.542860338930947,False,150,27000
27,3,-1,False,,,45.16439655044182,0,0,-11.596090552021634,10.205205859903506,19.410524897952083,False,150,27001
27,4,1,False,,,40.306631100920605,0,0,1.1341056893259385,8.71475391081264,5.952089599349032,False,150,27000
27,4,1,False,,,40.61305356465624,0,0,-0.9616778861941315,10.205205859903506,9.435037760500721,False,150,27001
27,4,-1,True,135,2.7,31.19648997066814,0,0,16.938454085242444,8.71475391081264,0.6539302246680984,False,135,27000
27,4,-1,False,,,36.02354837787147,0,0,6.230518568892987,10.205205859903506,2.603759710523958,False,150,27001
27,5,1,False,,,43.43006577416687,0,0,4.597893219360372,8.71475391081264,2.7665972349874313,False,150,27000
27,5,1,False,,,44.12994411853682,0,0,5.441132504675597,10.205205859903506,3.437365469324247,False,150,27001
27,5,-1,False,,,34.4738519754653,0,0,5.162328596186119,8.71475391081264,1.181111641607603,False,150,27000
27,5,-1,False,,,32.631847715392205,0,0,4.904905273311942,10.205205859903506,3.52274907590307,False,150,27001
27,6,1,False,,,38.14554992525392,0,0,-17.79643328082607,8.71475391081264,23.299804961743817,False,150,27000
27,6,1,False,,,39.00382905213964,0,0,-17.71293109658939,10.205205859903506,24.80096882366691,False,150,27001
27,6,-1,False,,,35.21264059865365,0,0,4.963128259650374,8.71475391081264,2.6351277269439004,False,150,27000
27,6,-1,False,,,36.353709714357144,0,0,5.006676637872542,10.205205859903506,3.9067373753132824,False,150,27001
27,7,1,True,61,1.22,16.13671605948771,0,0,17.66698372961669,8.71475391081264,0.906605717801231,False,61,27000
27,7,1,True,61,1.22,16.164203629480397,0,0,19.266497446977365,10.205205859903506,0.9517481516631819,False,61,27001
27,7,-1,True,145,2.9,31.899179469987853,0,0,16.07105106068154,8.71475391081264,0.7981514786379245,False,145,27000
27,7,-1,False,,,32.656865421500065,0,0,6.731458770243745,10.205205859903506,1.4316365346855082,False,150,27001
28,0,1,False,,,41.76957253382588,0,0,-14.602062390829515,6.596509574530437,18.49047323112626,False,150,28000
28,0,1,False,,,32.126775093076596,0,0,0.11903614371381158,7.7764530376561805,4.89024818372691,False,150,28001
28,0,-1,True,141,2.82,30.681357093809368,0,0,14.061085122526569,6.596509574530437,0.9498349895029052,False,141,28000
28,0,-1,False,,,36.14107077004896,0,0,0.7688565021184408,7.7764530376561805,4.935452115706719,False,150,28001
28,1,1,True,64,1.28,14.750960814264898,0,0,14.966724092543183,6.596509574530437,0.9659316912298778,False,64,28000
28,1,1,True,109,2.18,22.069990251452978,0,0,14.512926248588691,7.7764530376561805,0.9962765966287294,False,109,28001
28,1,-1,False,,,34.15793454505207,0,0,0.09160853351187107,6.596509574530437,3.7992099373652786,False,150,28000
28,1,-1,False,,,33.98166665380842,0,0,4.039608403554235,7.7764530376561805,1.6402838115911347,False,150,28001
28,2,1,True,103,2.06,20.13184625879216,0,0,14.08663018665854,6.596509574530437,0.8966592571762394,False,103,28000
28,2,1,True,99,1.98,20.096637578883943,0,0,14.788862648865015,7.7764530376561805,0.858052469000031,False,99,28001
28,2,-1,True,27,0.54,7.523734585245392,0,0,16.158035979580465,6.596509574530437,0.6513703316080295,False,27,28000
28,2,-1,False,,,35.52351328297623,0,0,2.6435526107682183,7.7764530376561805,3.3757990671864726,False,150,28001
28,3,1,True,91,1.82,21.192096284669535,0,0,14.296076451656546,6.596509574530437,0.853667563457995,False,91,28000
28,3,1,False,,,37.666866710197056,0,0,3.6487906877542264,7.7764530376561805,1.9956126032290396,False,150,28001
28,3,-1,False,,,24.738802415956997,0,0,2.1367229876166416,6.596509574530437,2.645366793900532,False,150,28000
28,3,-1,False,,,25.148301415071295,0,0,3.0709624673649576,7.7764530376561805,2.29075341765101,False,150,28001
28,4,1,False,,,34.50896213059331,0,0,1.8910119442172455,6.596509574530437,2.7093813263385655,False,150,28000
28,4,1,False,,,37.2362954455431,0,0,2.430697837764597,7.7764530376561805,3.4410174065888155,False,150,28001
28,4,-1,True,87,1.74,16.95108686150734,0,0,14.335983903100638,6.596509574530437,0.9177838342520048,False,87,28000
28,4,-1,True,104,2.08,20.697164852606495,0,0,14.699071707936366,7.7764530376561805,0.9575263966665919,False,104,28001
28,5,1,False,,,35.44985101230661,0,0,2.30420323524358,6.596509574530437,1.5754133899345826,False,150,28000
28,5,1,False,,,34.5344212814387,0,0,2.0633480357401117,7.7764530376561805,3.583083302499165,False,150,28001
28,5,-1,False,,,44.46575534298754,0,0,-13.7087892598488,6.596509574530437,17.74859774620036,False,150,28000
28,5,-1,True,27,0.54,8.350648534578472,0,0,17.121029977922447,7.7764530376561805,0.9154280079917232,False,27,28001
28,6,1,False,,,34.0879933206759,0,0,3.406049026016349,6.596509574530437,1.212906839878272,False,150,28000
28,6,1,False,,,35.657400124583894,0,0,3.778301540745676,7.7764530376561805,2.304846519079817,False,150,28001
28,6,-1,False,,,21.085411689349773,0,0,3.46529378220147,6.596509574530437,1.350654405731821,False,150,28000
28,6,-1,True,150,3.0,24.349803842116533,0,0,14.133364143108775,7.7764530376561805,0.952997387558259,False,150,28001
28,7,1,False,,,37.08183365882375,0,0,2.1986773747301323,6.596509574530437,2.1350551248751697,False,150,28000
28,7,1,False,,,36.45391320227772,0,0,0.25534259226719325,7.7764530376561805,5.549677975076849,False,150,28001
28,7,-1,True,89,1.78,18.246671724890728,0,0,14.404506393854474,6.596509574530437,0.9599307654664432,False,89,28000
28,7,-1,True,121,2.42,23.6692378451684,0,0,14.268665595495367,7.7764530376561805,0.9110418439085368,False,121,28001
29,0,1,False,,,33.094528032367386,0,0,3.002588043918085,8.823031649463335,3.6083484114739868,False,150,29000
29,0,1,False,,,35.40461096242851,0,0,3.8280031392778633,8.978019710017378,3.3752798382921863,False,150,29001
29,0,-1,True,150,3.0,30.1843516507948,0,0,16.025884638480917,8.823031649463335,0.9835250711681981,False,150,29000
29,0,-1,True,66,1.32,17.177217920791016,0,0,17.876978532269135,8.978019710017378,0.8574708474606889,False,66,29001
29,1,1,False,,,32.674377972468264,0,0,4.038848343189016,8.823031649463335,2.426478273256568,False,150,29000
29,1,1,True,112,2.24,24.634460360493534,0,0,16.328071674226578,8.978019710017378,0.9998372805951462,False,112,29001
29,1,-1,True,42,0.84,10.881247026753314,0,0,18.308313419612563,8.823031649463335,0.7154150798261668,False,42,29000
29,1,-1,False,,,36.97428067534819,0,0,2.6235056141991238,8.978019710017378,4.750926139706255,False,150,29001
29,2,1,True,117,2.34,26.403568006171106,0,0,17.171207529346848,8.823031649463335,0.8570455516269545,False,117,29000
29,2,1,True,62,1.24,15.16465292168928,0,0,17.906692929836524,8.978019710017378,0.9302265494503116,False,62,29001
29,2,-1,True,124,2.48,24.64477735817326,0,0,15.776324994939154,8.823031649463335,0.9342812491924859,False,124,29000
29,2,-1,True,81,1.62,18.703514521130913,0,0,17.564699083551034,8.978019710017378,0.8999600153642737,False,81,29001
29,3,1,True,86,1.72,18.845218630025585,0,0,17.037546421427173,8.823031649463335,0.9967458410587436,False,86,29000
29,3,1,True,71,1.42,17.722474453767383,0,0,17.814338711769338,8.978019710017378,0.9847454818309598,False,71,29001
29,3,-1,True,81,1.62,18.645328068779865,0,0,17.075120784374406,8.823031649463335,0.9887556105643502,False,81,29000
29,3,-1,True,93,1.86,24.599483749477372,0,0,17.125293142230547,8.978019710017378,0.9302917098705313,False,93,29001
29,4,1,True,40,0.8,10.574591690303206,0,0,18.13203997444246,8.823031649463335,0.9268822077127044,False,40,29000
29,4,1,True,84,1.68,21.773777030773655,0,0,17.767522433269836,8.978019710017378,0.8156776383006001,False,84,29001
29,4,-1,False,,,35.05322927835462,0,0,4.525007531619949,8.823031649463335,2.4358262872171452,False,150,29000
29,4,-1,True,65,1.3,17.09529070653483,0,0,17.907165482396078,8.978019710017378,0.9091610036089595,False,65,29001
29,5,1,True,44,0.88,12.108569701646024,0,0,18.053979351321743,8.823031649463335,0.9131653385673021,False,44,29000
29,5,1,True,107,2.14,27.14765886582244,0,0,17.522931416676222,8.978019710017378,0.7326910956292346,False,107,29001
29,5,-1,False,,,32.025192915591504,0,0,4.775616143194736,8.823031649463335,1.9211096744955514,False,150,29000
29,5,-1,False,,,30.634492416075133,0,0,5.085939370638537,8.978019710017378,1.4053798684976646,False,150,29001
29,6,1,False,,,40.99160488963089,0,0,4.4901660330983715,8.823031649463335,2.9850343599990223,False,150,29000
29,6,1,False,,,45.763656079402104,0,0,-21.27631949443131,8.978019710017378,27.202770836733517,False,150,29001
29,6,-1,False,,,33.501430920362914,0,0,5.106587200718169,8.823031649463335,1.7506410508733252,False,150,29000
29,6,-1,True,134,2.68,31.544011790753398,0,0,15.658698751135088,8.978019710017378,0.9588602678723606,False,134,29001
29,7,1,False,,,32.982206732742085,0,0,4.956387592979505,8.823031649463335,2.196325156788135,False,150,29000
29,7,1,False,,,38.627615372568,0,0,3.737017776135713,8.978019710017378,3.4487134483392747,False,150,29001
29,7,-1,True,113,2.2600000000000002,23.800435182216617,0,0,16.30391505527833,8.823031649463335,0.9447481808542615,False,113,29000
29,7,-1,True,127,2.54,28.53073773899922,0,0,16.180482149174008,8.978019710017378,0.9745179524580291,False,127,29001
30,0,1,False,,,42.51414304550147,0,0,4.471555558133561,8.882241559148271,2.8629567851838846,False,150,30000
30,0,1,False,,,35.97752639420501,0,0,5.077214100910409,8.880110786370984,2.1610918631154488,False,150,30001
30,0,-1,True,108,2.16,20.50649528762098,0,0,15.953127756655789,8.882241559148271,0.994133544953267,False,108,30000
30,0,-1,True,122,2.44,26.91797805348745,0,0,16.73348644956609,8.880110786370984,0.6315896271193137,False,122,30001
30,1,1,False,,,35.663331396943654,0,0,-17.04446329920596,8.882241559148271,22.436194635738712,False,150,30000
30,1,1,True,124,2.48,31.644727842910708,0,0,16.780227795544086,8.880110786370984,0.9507212798533589,False,124,30001
30,1,-1,True,135,2.7,27.459926789726183,0,0,15.248926258950949,8.882241559148271,0.8782915848690879,False,135,30000
30,1,-1,False,,,30.977564078177508,0,0,3.8068000208812975,8.880110786370984,2.0014915463304415,False,150,30001
30,2,1,False,,,33.1016412026481,0,0,3.9632012300181674,8.882241559148271,2.303319227990615,False,150,30000
30,2,1,False,,,33.96780352263829,0,0,4.162293484949667,8.880110786370984,2.5842366943078274,False,150,30001
30,2,-1,False,,,41.17900510384989,0,0,0.01794037353930237,8.882241559148271,6.876940108802371,False,150,30000
30,2,-1,False,,,36.03522622725522,0,0,4.380134970515763,8.880110786370984,2.4402175505662482,False,150,30001
30,3,1,False,,,34.49486204303715,0,0,5.43967847220587,8.882241559148271,1.0524406323591546,False,150,30000
30,3,1,False,,,32.22148621408604,0,0,3.9081092683153447,8.880110786370984,2.726017518495892,False,150,30001
30,3,-1,True,90,1.8,20.678823230693293,0,0,16.873343249942344,8.882241559148271,0.9041393474123034,False,90,30000
30,3,-1,False,,,31.614569197940828,0,0,4.064536804337077,8.880110786370984,2.1307007322728415,False,150,30001
30,4,1,False,,,35.12864050372489,0,0,2.12290788025689,8.882241559148271,4.632067657514811,False,150,30000
30,4,1,False,,,34.73016700015924,0,0,3.096613607913637,8.880110786370984,3.6255761211728665,False,150,30001
30,4,-1,False,,,42.71507593281739,0,0,-5.065353029376132,8.882241559148271,11.50626613889317,False,150,30000
30,4,-1,True,103,2.06,22.49746904701749,0,0,16.438064693952263,8.880110786370984,0.9793736200009487,False,103,30001
30,5,1,False,,,30.58211984784858,0,0,2.3556758147977273,8.882241559148271,3.9675178810523564,False,150,30000
30,5,1,True,100,2.0,25.0661702281557,0,0,17.373583819682686,8.880110786370984,0.8543958612707653,False,100,30001
30,5,-1,True,131,2.62,30.456599526366034,0,0,16.14521803374537,8.882241559148271,0.9897090889032567,False,131,30000
30,5,-1,False,,,29.122237214205654,0,0,4.570431459376978,8.880110786370984,1.2513587296162554,False,150,30001
30,6,1,False,,,40.90316625985656,0,0,0.9241292557773231,8.882241559148271,5.820133827846086,False,150,30000
30,6,1,False,,,31.286582285804464,0,0,3.8559973906926244,8.880110786370984,2.0771225059132945,False,150,30001
30,6,-1,False,,,34.20210671040425,0,0,5.164019110505658,8.882241559148271,1.2612127430291435,False,150,30000
30,6,-1,False,,,29.86915019652402,0,0,3.5594944537334507,8.880110786370984,2.2904627440271743,False,150,30001
30,7,1,False,,,42.03739838795353,0,0,0.07012844911935012,8.882241559148271,6.670208767939008,False,150,30000
30,7,1,True,150,3.0,34.792953369318,0,0,16.13278908787421,8.880110786370984,0.8534637399404693,False,150,30001
30,7,-1,False,,,33.46448381535346,0,0,3.1486963137802992,8.882241559148271,3.085651778598133,False,150,30000
30,7,-1,True,139,2.7800000000000002,32.46509722267294,0,0,16.040833051358796,8.880110786370984,0.8647075232932373,False,139,30001
31,0,1,False,,,39.71133911144768,0,0,1.6741926297011167,7.194006919170754,3.7274111182899894,False,150,31000
31,0,1,True,135,2.7,37.94429280460169,0,0,15.554389820190929,7.695320190053505,0.8655480664347383,False,135,31001
31,0,-1,True,60,1.2,13.592950128887901,0,0,15.907934453167979,7.194006919170754,0.7930071367572228,False,60,31000
31,0,-1,True,116,2.32,23.42813776153816,0,0,14.691979536199767,7.695320190053505,0.6826576929912623,False,116,31001
31,1,1,True,102,2.04,27.160942853093697,0,0,15.508654250745181,7.194006919170754,0.9734967064097538,False,102,31000
31,1,1,True,92,1.84,23.328840135767535,0,0,16.116221814063323,7.695320190053505,0.919595287077118,False,92,31001
31,1,-1,True,133,2.66,31.215686860529985,0,0,14.522702535567234,7.194006919170754,0.9623727176613792,False,133,31000
31,1,-1,True,144,2.88,30.43743752518871,0,0,13.685083706819135,7.695320190053505,0.8836779572548987,False,144,31001
31,2,1,True,87,1.74,20.74725964879093,0,0,14.852094969451052,7.194006919170754,0.9927204067693235,False,87,31000
31,2,1,True,105,2.1,21.898070400506775,0,0,15.30792424648033,7.695320190053505,0.9122003314710965,False,105,31001
31,2,-1,False,,,41.03272287684886,0,0,1.9239533550963228,7.194006919170754,3.515713720167911,False,150,31000
31,2,-1,False,,,40.57034931764269,0,0,2.542803118766316,7.695320190053505,3.2716357589287863,False,150,31001
31,3,1,True,128,2.56,32.3017969176806,0,0,14.914108006383511,7.194006919170754,0.9430648776493085,False,128,31000
31,3,1,False,,,35.31471057058346,0,0,2.7573191019603773,7.695320190053505,2.5831785973122066,False,150,31001
31,3,-1,False,,,37.95283407574434,0,0,1.843518893386914,7.194006919170754,3.121425206279047,False,150,31000
31,3,-1,True,86,1.72,21.917492697993204,0,0,15.795118958631356,7.695320190053505,0.9602491621679964,False,86,31001
31,4,1,False,,,38.01910623673941,0,0,1.7670566243913488,7.194006919170754,3.703080702079723,False,150,31000
31,4,1,False,,,37.37942780382742,0,0,2.9224977429840218,7.695320190053505,2.876285930259011,False,150,31001
31,4,-1,True,65,1.3,15.400657028714727,0,0,15.808488646906344,7.194006919170754,0.8605948957060042,False,65,31000
31,4,-1,True,128,2.56,28.364850006672178,0,0,14.89595615175292,7.695320190053505,0.9095796947608065,False,128,31001
31,5,1,True,70,1.4000000000000001,17.983154810845985,0,0,15.880232106901394,7.194006919170754,0.8206115843245506,False,70,31000
31,5,1,True,87,1.74,21.591679990474773,0,0,15.870064426759237,7.695320190053505,0.9539159452557985,False,87,31001
31,5,-1,True,142,2.84,31.305015612122748,0,0,14.660536621072596,7.194006919170754,0.8907774081372559,False,142,31000
31,5,-1,False,,,29.322141972873055,0,0,-7.283276921842323,7.695320190053505,12.161750854954615,False,150,31001
31,6,1,False,,,35.93989366715362,0,0,2.6099094488401784,7.194006919170754,2.399880571920517,False,150,31000
31,6,1,True,131,2.62,30.22833991787135,0,0,14.971673787076604,7.695320190053505,0.780479428883775,False,131,31001
31,6,-1,False,,,37.44734911806188,0,0,2.121073744890479,7.194006919170754,3.144235613874819,False,150,31000
31,6,-1,True,95,1.9000000000000001,24.237262223690887,0,0,15.648063240391288,7.695320190053505,0.9509818768924437,False,95,31001
31,7,1,False,,,37.74720972559162,0,0,2.742350688602804,7.194006919170754,2.1990278270545933,False,150,31000
31,7,1,True,119,2.38,31.634089330167857,0,0,15.494622723981347,7.695320190053505,0.7321835348194591,False,119,31001
31,7,-1,True,68,1.36,16.708045366675236,0,0,15.811516763303779,7.194006919170754,0.9743657628609791,False,68,31000
31,7,-1,True,93,1.86,21.456025734624237,0,0,15.805926181029276,7.695320190053505,0.9013337852463322,False,93,31001
32,0,1,False,,,38.575306689390516,0,0,4.505498506097784,9.06420454434389,2.6822402931832734,False,150,32000
32,0,1,False,,,43.8181252001143,0,0,-26.24810014621676,7.093987868108297,29.644881535405116,False,150,32001
32,0,-1,True,132,2.64,27.76168710714194,0,0,15.83197354335831,9.06420454434389,0.918226638445894,False,132,32000
32,0,-1,True,120,2.4,22.152250468046066,0,0,12.913148413853495,7.093987868108297,0.9036416443346279,False,120,32001
32,1,1,False,,,27.13432276533357,0,0,4.237093366815195,9.06420454434389,1.8005973301952982,False,150,32000
32,1,1,True,128,2.56,22.911264467236965,0,0,12.940084460674413,7.093987868108297,0.988130622673235,False,128,32001
32,1,-1,False,,,35.85062588778925,0,0,2.7073710377392097,9.06420454434389,4.102116928706799,False,150,32000
32,1,-1,False,,,35.85451672681577,0,0,3.141341952617468,7.093987868108297,2.1251809405117137,False,150,32001
32,2,1,False,,,20.365968685250664,0,0,1.9045329740033554,9.06420454434389,5.0959808990783895,False,150,32000
32,2,1,True,95,1.9000000000000001,17.209034731035043,0,0,13.623055247826045,7.093987868108297,0.9724317297892626,False,95,32001
32,2,-1,False,,,38.58787806568157,0,0,0.5337346391619108,9.06420454434389,6.329134641407594,False,150,32000
32,2,-1,False,,,37.35876896845006,0,0,0.7847673091008286,7.093987868108297,3.9381597010734906,False,150,32001
32,3,1,True,148,2.96,28.18258658030806,0,0,14.464686865408705,9.06420454434389,0.9278612287709551,False,148,32000
32,3,1,False,,,32.99544952157073,0,0,2.369834391884574,7.093987868108297,1.3233759501802467,False,150,32001
32,3,-1,False,,,30.78247100225926,0,0,2.69520582541586,9.06420454434389,3.194984466660788,False,150,32000
32,3,-1,True,130,2.6,29.17484389534163,0,0,13.912622427179382,7.093987868108297,0.9571571902177688,False,130,32001
32,4,1,False,,,34.47585444320486,0,0,0.6804628741538976,9.06420454434389,6.21358280353158,False,150,32000
32,4,1,False,,,34.63954638979959,0,0,-0.5958840129668939,7.093987868108297,5.572202559141103,False,150,32001
32,4,-1,False,,,32.277994041658886,0,0,4.245405834094988,9.06420454434389,2.801271500007306,False,150,32000
32,4,-1,True,97,1.94,23.117429675855526,0,0,14.819449944720795,7.093987868108297,0.9859612247881929,False,97,32001
32,5,1,False,,,32.76511382023572,0,0,1.8905105785579288,9.06420454434389,4.730802736992349,False,150,32000
32,5,1,True,107,2.14,20.55902761776487,0,0,14.222030562423145,7.093987868108297,0.9474472446262836,False,107,32001
32,5,-1,False,,,36.78583361608743,0,0,4.999169631110535,9.06420454434389,2.2636473404972253,False,150,32000
32,5,-1,False,,,36.67901767223647,0,0,1.1523020560914996,7.093987868108297,3.499949975337662,False,150,32001
32,6,1,False,,,27.3286921829361,0,0,4.45265447176616,9.06420454434389,1.3638669159819887,False,150,32000
32,6,1,True,108,2.16,21.584833209916283,0,0,14.293278437516165,7.093987868108297,0.8697486076453428,False,108,32001
32,6,-1,False,,,33.597700929038965,0,0,-1.574051615275703,9.06420454434389,8.651307602779191,False,150,32000
32,6,-1,False,,,36.09910270075501,0,0,-0.2836087487634989,7.093987868108297,5.101402122194426,False,150,32001
32,7,1,False,,,32.40413633399311,0,0,4.764876455353215,9.06420454434389,2.054936143883948,False,150,32000
32,7,1,True,132,2.64,29.404938285185032,0,0,14.026836422294494,7.093987868108297,0.8033541833456004,False,132,32001
32,7,-1,True,145,2.9,27.154799879369286,0,0,14.612247237990896,9.06420454434389,0.8350868152508163,False,145,32000
32,7,-1,True,137,2.74,25.046158460157756,0,0,12.719789306863596,7.093987868108297,0.8397618445285773,False,137,32001
33,0,1,False,,,33.58544264290291,0,0,3.27975598429639,7.763008706410336,2.492070997312591,False,150,33000
33,0,1,False,,,24.164334318144657,0,0,2.0292430909900836,6.681851709729574,2.092356334106481,False,150,33001
33,0,-1,True,123,2.46,26.87183224111422,0,0,15.933653911720167,7.763008706410336,0.8995773321574181,False,123,33000
33,0,-1,True,102,2.04,25.460143438281097,0,0,14.305460516672296,6.681851709729574,0.9672137920928779,False,102,33001
33,1,1,False,,,46.052786815810165,0,0,3.183570449907147,7.763008706410336,3.214981150870206,False,150,33000
33,1,1,True,25,0.5,8.739077030189158,0,0,15.900961215422116,6.681851709729574,0.911902607425726,False,25,33001
33,1,-1,True,122,2.44,24.52890463625796,0,0,15.268888946903331,7.763008706410336,0.8494405326676397,False,122,33000
33,1,-1,False,,,29.149572786059387,0,0,1.916007521073005,6.681851709729574,2.2884988350780904,False,150,33001
33,2,1,False,,,42.97561879378298,0,0,2.0283950013988066,7.763008706410336,4.1457515634113955,False,150,33000
33,2,1,True,25,0.5,8.423191598818603,0,0,15.994569262338437,6.681851709729574,0.8339284559089715,False,25,33001
33,2,-1,True,74,1.48,15.11309966869357,0,0,16.337227580321315,7.763008706410336,0.9948463173050021,False,74,33000
33,2,-1,False,,,30.36244557781138,0,0,1.50492732413919,6.681851709729574,2.8347795357325762,False,150,33001
33,3,1,True,93,1.86,19.625403094294878,0,0,15.702420500698874,7.763008706410336,0.9024999436529816,False,93,33000
33,3,1,True,94,1.8800000000000001,20.571416335891936,0,0,14.743581766332861,6.681851709729574,0.9608279364593796,False,94,33001
33,3,-1,False,,,36.82461790176334,0,0,3.272771737897475,7.763008706410336,2.9014430063931247,False,150,33000
33,3,-1,True,24,0.48,7.510650152242486,0,0,15.948486821156337,6.681851709729574,0.9317411950795593,False,24,33001
33,4,1,True,134,2.68,31.41801618373076,0,0,15.84940252123203,7.763008706410336,0.8785923278346907,False,134,33000
33,4,1,False,,,12.885118566466938,0,0,3.8540387051579774,6.681851709729574,2.592296384907763,False,150,33001
33,4,-1,True,116,2.32,27.04211914985423,0,0,15.918002639389762,7.763008706410336,0.858801346895037,False,116,33000
33,4,-1,False,,,34.62293290414077,0,0,1.484519011594465,6.681851709729574,3.103763247151276,False,150,33001
33,5,1,True,99,1.98,21.809023091564793,0,0,15.5916818771139,7.763008706410336,0.8895458026561237,False,99,33000
33,5,1,True,126,2.52,32.82245506456042,0,0,14.23795515680278,6.681851709729574,0.8334582438045194,False,126,33001
33,5,-1,False,,,38.898483491381235,0,0,3.2661741898418497,7.763008706410336,3.0155622695609896,False,150,33000
33,5,-1,True,21,0.42,7.00706810921427,0,0,15.896609791498541,6.681851709729574,0.9860811305068916,False,21,33001
33,6,1,False,,,30.24113705115407,0,0,4.190478892973051,7.763008706410336,1.6625845863286477,False,150,33000
33,6,1,False,,,30.05541727355216,0,0,2.6881416596518592,6.681851709729574,1.2854616872576266,False,150,33001
33,6,-1,False,,,39.8666077468927,0,0,2.2116799337530604,7.763008706410336,3.9126446377994384,False,150,33000
33,6,-1,True,22,0.44,7.222038760721644,0,0,16.129459426699405,6.681851709729574,0.7677049851492491,False,22,33001
33,7,1,True,121,2.42,27.228182704445963,0,0,14.967939681547254,7.763008706410336,0.9444753324962557,False,121,33000
33,7,1,False,,,37.88712325751001,0,0,1.1322254692196332,6.681851709729574,2.629778727212151,False,150,33001
33,7,-1,False,,,36.8347710837516,0,0,3.3213376655560114,7.763008706410336,2.7646988974533495,False,150,33000
33,7,-1,True,76,1.52,16.01785222132523,0,0,14.431381015950993,6.681851709729574,0.9622815718024776,False,76,33001
34,0,1,False,,,29.878046605658945,0,0,5.610476890479957,9.904737609791837,1.695890713232878,False,150,34000
34,0,1,True,120,2.4,28.152598223107926,0,0,15.656982862603003,7.35806277161038,0.7445883847726249,False,120,34001
34,0,-1,False,,,35.026844231170976,0,0,3.790645490880181,9.904737609791837,3.4701315117572378,False,150,34000
34,0,-1,True,92,1.84,21.380852910867997,0,0,15.570857887766985,7.35806277161038,0.8483393625785002,False,92,34001
34,1,1,True,147,2.94,26.639849642910534,0,0,14.84748634025637,9.904737609791837,0.9394762668057387,False,147,34000
34,1,1,True,36,0.72,8.586541592924224,0,0,16.600933875600596,7.35806277161038,0.9028365278241375,False,36,34001
34,1,-1,False,,,44.72221120522029,0,0,-16.873659902192678,9.904737609791837,23.760524136098535,False,150,34000
34,1,-1,False,,,46.61409945797229,0,0,-15.330597925384467,7.35806277161038,20.020656730909437,False,150,34001
34,2,1,False,,,30.233439884287186,0,0,1.6898104120964912,9.904737609791837,4.736952199066941,False,150,34000
34,2,1,True,135,2.7,34.27928989268577,0,0,15.344870746589162,7.35806277161038,0.9285196800397243,False,135,34001
34,2,-1,False,,,34.693788807554164,0,0,0.2559680126911847,9.904737609791837,7.104576803483103,False,150,34000
34,2,-1,True,35,0.7000000000000001,8.740998336379556,0,0,16.53232703420344,7.35806277161038,0.9881224560240756,False,35,34001
34,3,1,False,,,32.7151982520939,0,0,1.3122658469174406,9.904737609791837,5.389158535578851,False,150,34000
34,3,1,True,36,0.72,8.460272135454023,0,0,16.574202059255352,7.35806277161038,0.9718177004840531,False,36,34001
34,3,-1,False,,,34.36624247270896,0,0,2.054379750587179,9.904737609791837,4.858523822718046,False,150,34000
34,3,-1,False,,,36.302627296916434,0,0,2.945064850249736,7.35806277161038,2.6697344353569945,False,150,34001
34,4,1,False,,,34.0336326230932,0,0,3.379876460527148,9.904737609791837,3.9151584040667156,False,150,34000
34,4,1,False,,,32.13584094504753,0,0,3.853365486994177,7.35806277161038,1.7497985965484029,False,150,34001
34,4,-1,False,,,30.983563341127326,0,0,4.288568182306202,9.904737609791837,2.881580208653404,False,150,34000
34,4,-1,True,39,0.78,10.18722070802903,0,0,16.570001031401667,7.35806277161038,0.9084220401608216,False,39,34001
34,5,1,False,,,36.58665665015755,0,0,6.283421005636495,9.904737609791837,1.4329379563612865,False,150,34000
34,5,1,True,66,1.32,16.42979372178643,0,0,16.078669218969594,7.35806277161038,0.962198549715148,False,66,34001
34,5,-1,False,,,31.962848774572922,0,0,3.693025622587435,9.904737609791837,3.6234136422191927,False,150,34000
34,5,-1,True,85,1.7,21.116457707561995,0,0,16.131265524616577,7.35806277161038,0.7153339185111525,False,85,34001
34,6,1,True,139,2.7800000000000002,28.12701070613605,0,0,16.3465535188793,9.904737609791837,0.9070320130117792,False,139,34000
34,6,1,True,109,2.18,20.636320947869518,0,0,15.098970343106986,7.35806277161038,0.989567400745964,False,109,34001
34,6,-1,False,,,35.355554908818384,0,0,1.8213159010305202,9.904737609791837,5.66054671091041,False,150,34000
34,6,-1,True,109,2.18,27.060496753861138,0,0,15.8658892356166,7.35806277161038,0.7833704605599286,False,109,34001
34,7,1,False,,,32.2891978629811,0,0,3.776731338650055,9.904737609791837,3.386880583140003,False,150,34000
34,7,1,True,38,0.76,9.823785066542573,0,0,16.668187835491345,7.35806277161038,0.8353004077840034,False,38,34001
34,7,-1,True,109,2.18,22.355573828645284,0,0,15.882256427638922,9.904737609791837,0.9840597454409259,False,109,34000
34,7,-1,False,,,38.523079337679434,0,0,1.8305243035975096,7.35806277161038,3.877879743974852,False,150,34001
35,0,1,True,122,2.44,35.280872341568774,0,0,14.89874181509439,6.73559117718944,0.876998284009548,False,122,35000
35,0,1,False,,,36.37130933713588,0,0,1.15649074244195,6.86556864923925,3.6222321759498817,False,150,35001
35,0,-1,True,82,1.6400000000000001,21.80281244889317,0,0,15.126706623779214,6.73559117718944,0.9047612154355524,False,82,35000
35,0,-1,True,93,1.86,23.692439046516395,0,0,14.967885372750262,6.86556864923925,0.8402140807621135,False,93,35001
35,1,1,True,38,0.76,9.25327937831258,0,0,16.01630496941276,6.73559117718944,0.7892406571830906,False,38,35000
35,1,1,True,64,1.28,14.739478292636983,0,0,15.260805705262715,6.86556864923925,0.9291139976699914,False,64,35001
35,1,-1,False,,,33.14383879037864,0,0,3.2428995948163672,6.73559117718944,1.6376019291978696,False,150,35000
35,1,-1,True,113,2.2600000000000002,26.844289884731936,0,0,14.550313808491874,6.86556864923925,0.9743846132548734,False,113,35001
35,2,1,False,,,31.0375110843559,0,0,-10.582318077589917,6.73559117718944,14.429024981185135,False,150,35000
35,2,1,False,,,29.435241011705582,0,0,-12.963177331810083,6.86556864923925,16.556381083876115,False,150,35001
35,2,-1,True,94,1.8800000000000001,20.6633339373596,0,0,14.739937572159064,6.73559117718944,0.813223405432568,False,94,35000
35,2,-1,True,138,2.7600000000000002,33.30410368657751,0,0,14.518324361245144,6.86556864923925,0.9048638862155771,False,138,35001
35,3,1,True,38,0.76,9.18269031114821,0,0,15.821425144448753,6.73559117718944,0.9663840382749632,False,38,35000
35,3,1,True,95,1.9000000000000001,20.577797423711058,0,0,14.87526181936603,6.86556864923925,0.8872221683850945,False,95,35001
35,3,-1,False,,,40.99227992182211,0,0,-8.32052593639864,6.73559117718944,12.805166298914852,False,150,35000
35,3,-1,False,,,38.589383043941446,0,0,-8.396209225785896,6.86556864923925,12.711988110307383,False,150,35001
35,4,1,True,47,0.9400000000000001,11.091881972632619,0,0,15.705413813753793,6.73559117718944,0.9291437367960611,False,47,35000
35,4,1,True,75,1.5,18.11350665270727,0,0,15.240032097702287,6.86556864923925,0.845707995385415,False,75,35001
35,4,-1,True,90,1.8,23.3449395980762,0,0,15.382390564073397,6.73559117718944,0.7741540314633817,False,90,35000
35,4,-1,True,100,2.0,23.655528178046918,0,0,15.020717763830955,6.86556864923925,0.7707740671320414,False,100,35001
35,5,1,False,,,37.41109290660324,0,0,1.1360973725569283,6.73559117718944,3.797103936153648,False,150,35000
35,5,1,True,75,1.5,18.55218177747223,0,0,15.19804514149676,6.86556864923925,0.9954044567757249,False,75,35001
35,5,-1,True,132,2.64,30.226733944491695,0,0,14.827668365997853,6.73559117718944,0.8614349102684844,False,132,35000
35,5,-1,False,,,32.1880474858934,0,0,2.3939899047236723,6.86556864923925,2.9234929780625,False,150,35001
35,6,1,True,63,1.26,15.648926786118171,0,0,15.627631634563294,6.73559117718944,0.9826318949244637,False,63,35000
35,6,1,True,81,1.62,18.186489296236005,0,0,15.20560888561883,6.86556864923925,0.8536798782252194,False,81,35001
35,6,-1,False,,,38.44217208403055,0,0,1.6525306627952592,6.73559117718944,3.3319719042968616,False,150,35000
35,6,-1,False,,,38.48447186103824,0,0,3.3619963598053255,6.86556864923925,1.7049630818833394,False,150,35001
35,7,1,True,71,1.42,17.37256352065021,0,0,15.274436706465949,6.73559117718944,0.9804669167119395,False,71,35000
35,7,1,True,73,1.46,16.278825132904156,0,0,15.275586561897622,6.86556864923925,0.9644863815739443,False,73,35001
35,7,-1,True,88,1.76,21.984586593936395,0,0,15.104585759056093,6.73559117718944,0.9051242564955224,False,88,35000
35,7,-1,True,84,1.68,19.529715860218104,0,0,15.097753780453814,6.86556864923925,0.8950784291478643,False,84,35001
36,0,1,True,77,1.54,20.437729793825156,0,0,17.047375034749912,8.43488609831338,0.9252524977301099,False,77,36000
36,0,1,True,150,3.0,27.731668336713103,0,0,12.71132481811859,7.234567502793486,0.9613352118109492,False,150,36001
36,0,-1,False,,,35.92025217619576,0,0,3.028843172147982,8.43488609831338,3.499017880257199,False,150,36000
36,0,-1,True,146,2.92,29.30540921374902,0,0,13.504725387766557,7.234567502793486,0.9627797561766227,False,146,36001
36,1,1,False,,,24.549348316701558,0,0,-0.4560754423836906,8.43488609831338,6.899120689463253,False,150,36000
36,1,1,True,138,2.7600000000000002,24.865728625604948,0,0,13.071517074906176,7.234567502793486,0.9588612965834187,False,138,36001
36,1,-1,True,46,0.92,11.395456782447322,0,0,17.541468715011447,8.43488609831338,0.9651154652557581,False,46,36000
36,1,-1,True,119,2.38,24.56268087493811,0,0,13.954294411373887,7.234567502793486,0.9455920376783723,False,119,36001
36,2,1,True,49,0.98,13.603398355729231,0,0,17.468419060333794,8.43488609831338,0.9621034868561503,False,49,36000
36,2,1,True,129,2.58,23.947529455127317,0,0,13.358614061914059,7.234567502793486,0.8566881824978565,False,129,36001
36,2,-1,False,,,37.604967150129475,0,0,3.845966024376007,8.43488609831338,2.842538878115067,False,150,36000
36,2,-1,True,134,2.68,30.171468871438716,0,0,13.924968143887039,7.234567502793486,0.835988032718443,False,134,36001
36,3,1,False,,,38.9168185020357,0,0,3.558783496993129,8.43488609831338,3.25566200951493,False,150,36000
36,3,1,False,,,33.021106100564104,0,0,3.340941446643297,7.234567502793486,1.3586725053099482,False,150,36001
36,3,-1,True,64,1.28,16.831599392834807,0,0,17.211148825350445,8.43488609831338,0.9493368068271957,False,64,36000
36,3,-1,True,123,2.46,26.232440744031134,0,0,13.431148522244378,7.234567502793486,0.9971944721000491,False,123,36001
36,4,1,True,44,0.88,11.226707676220078,0,0,17.511193690399267,8.43488609831338,0.9911933145168216,False,44,36000
36,4,1,False,,,32.38188643849604,0,0,3.354686714984753,7.234567502793486,1.1251016928426558,False,150,36001
36,4,-1,False,,,36.37601285862485,0,0,5.636385571572581,8.43488609831338,1.181937331659509,False,150,36000
36,4,-1,False,,,28.251814305941515,0,0,2.031491909323629,7.234567502793486,2.4359083464893887,False,150,36001
36,5,1,True,53,1.06,13.32182035285337,0,0,17.378983130734916,8.43488609831338,0.9839398932917692,False,53,36000
36,5,1,False,,,29.20244766864024,0,0,2.864689483974783,7.234567502793486,1.421850264897672,False,150,36001
36,5,-1,True,40,0.8,10.914716020014122,0,0,17.47735187799506,8.43488609831338,0.9796150847586578,False,40,36000
36,5,-1,True,118,2.36,27.163581519535928,0,0,14.316534498606297,7.234567502793486,0.9356638440498326,False,118,36001
36,6,1,True,77,1.54,19.961063761836577,0,0,16.86205523979069,8.43488609831338,0.9716469995410352,False,77,36000
36,6,1,False,,,27.57473060995489,0,0,2.7940278860182186,7.234567502793486,1.2085654563077601,False,150,36001
36,6,-1,False,,,38.60364095133867,0,0,4.564112255384854,8.43488609831338,1.6849719480118828,False,150,36000
36,6,-1,True,123,2.46,26.629965688294437,0,0,14.338860361320496,7.234567502793486,0.8958944760715196,False,123,36001
36,7,1,True,126,2.52,29.929989894695886,0,0,16.429106877240415,8.43488609831338,0.9722328121110513,False,126,36000
36,7,1,True,121,2.42,22.276611433782918,0,0,13.220603931111572,7.234567502793486,0.9944657299038864,False,121,36001
36,7,-1,True,47,0.9400000000000001,12.007461176571848,0,0,17.590606162138783,8.43488609831338,0.9132590575339234,False,47,36000
36,7,-1,False,,,33.9152381833078,0,0,3.050782720905485,7.234567502793486,1.265039092960444,False,150,36001
37,0,1,True,134,2.68,27.794863498579375,0,0,14.701547707796298,8.316984517481307,0.9915172143180628,False,134,37000
37,0,1,True,134,2.68,27.035804898782903,0,0,15.714766222569132,9.513552079740462,0.9996037149280853,False,134,37001
37,0,-1,False,,,30.741270168364164,0,0,2.3907591804855066,8.316984517481307,2.6920226572129833,False,150,37000
37,0,-1,False,,,34.03426256211473,0,0,2.5183429066996244,9.513552079740462,4.463793240870039,False,150,37001
37,1,1,False,,,34.12494342254485,0,0,3.5237524367905477,8.316984517481307,2.2073714069270314,False,150,37000
37,1,1,False,,,34.623328853434025,0,0,1.3377725121467743,9.513552079740462,5.649899962108952,False,150,37001
37,1,-1,True,112,2.24,20.11737661664376,0,0,14.42480076206548,8.316984517481307,0.7941624329674434,False,112,37000
37,1,-1,True,138,2.7600000000000002,25.393557835776996,0,0,14.999336139620308,9.513552079740462,0.9653966116411549,False,138,37001
37,2,1,False,,,26.71687274027533,0,0,3.491263660363204,8.316984517481307,1.5109161537122602,False,150,37000
37,2,1,True,122,2.44,22.47406445961355,0,0,15.228364336703843,9.513552079740462,0.8995604139764136,False,122,37001
37,2,-1,False,,,33.968752298257314,0,0,3.7249107130234425,8.316984517481307,2.196485849287878,False,150,37000
37,2,-1,False,,,34.70826809640103,0,0,5.069566099982353,9.513552079740462,1.8236504399145061,False,150,37001
37,3,1,False,,,30.97988676433653,0,0,-0.9658043259826365,8.316984517481307,6.306550675438645,False,150,37000
37,3,1,False,,,28.913682009192776,0,0,0.8510214561660159,9.513552079740462,5.295847086508347,False,150,37001
37,3,-1,True,137,2.74,27.70864969245731,0,0,14.05473833339345,8.316984517481307,0.9650385445548584,False,137,37000
37,3,-1,False,,,30.45507135085675,0,0,5.228426500137215,9.513552079740462,1.1724784385453084,False,150,37001
37,4,1,False,,,28.972170018145466,0,0,3.1739063151126437,8.316984517481307,2.1050779807702207,False,150,37000
37,4,1,True,135,2.7,27.86502350350138,0,0,15.902238644848282,9.513552079740462,0.8284171123115418,False,135,37001
37,4,-1,False,,,23.76239988820257,0,0,3.7119832453462682,8.316984517481307,1.766181889480362,False,150,37000
37,4,-1,True,122,2.44,23.49292368249979,0,0,15.590358440524753,9.513552079740462,0.9351285468278101,False,122,37001
37,5,1,False,,,31.436619988112316,0,0,1.9425228424419971,8.316984517481307,3.16315207417594,False,150,37000
37,5,1,True,147,2.94,33.89148518624033,0,0,16.28466976399624,9.513552079740462,0.8893838327425673,False,147,37001
37,5,-1,True,147,2.94,31.233783596221173,0,0,13.959714148896254,8.316984517481307,0.9603372384295953,False,147,37000
37,5,-1,False,,,31.954484150879363,0,0,3.3678650264865277,9.513552079740462,3.8250074789462065,False,150,37001
37,6,1,True,124,2.48,22.566584590075543,0,0,13.960760841288742,8.316984517481307,0.938149144201331,False,124,37000
37,6,1,True,141,2.82,29.495555741381082,0,0,15.472858953718635,9.513552079740462,0.8510806954511245,False,141,37001
37,6,-1,False,,,31.9304685034376,0,0,2.825598419927424,8.316984517481307,2.823789234109434,False,150,37000
37,6,-1,False,,,31.268751766272324,0,0,2.8587527527083587,9.513552079740462,3.9506809730754826,False,150,37001
37,7,1,True,136,2.72,26.930042696660085,0,0,14.296431511353733,8.316984517481307,0.8523203204807215,False,136,37000
37,7,1,True,122,2.44,22.514773382508093,0,0,15.243938128235069,9.513552079740462,0.9073907979032969,False,122,37001
37,7,-1,False,,,35.23902503750762,0,0,-0.04949162202130017,8.316984517481307,6.359106098125354,False,150,37000
37,7,-1,False,,,33.557455121006775,0,0,2.350758086093493,9.513552079740462,4.343164456954863,False,150,37001
38,0,1,True,128,2.56,23.64964412628768,0,0,12.518358488438412,6.293696718806072,0.897101869336618,False,128,38000
38,0,1,False,,,34.077307828104644,0,0,2.795849899208436,9.062069643284012,4.0702619086978,False,150,38001
38,0,-1,True,139,2.7800000000000002,32.79593188988909,0,0,13.119935272257916,6.293696718806072,0.9543872095192417,False,139,38000
38,0,-1,False,,,35.50626002935297,0,0,3.9869110285602005,9.062069643284012,2.4022608213070953,False,150,38001
38,1,1,True,106,2.12,19.778368983511456,0,0,12.575241977156875,6.293696718806072,0.9903333588105104,False,106,38000
38,1,1,True,115,2.3000000000000003,23.760862282881217,0,0,16.40318155240739,9.062069643284012,0.6020403660293042,False,115,38001
38,1,-1,True,136,2.72,24.85698414648068,0,0,12.181243863670623,6.293696718806072,0.9795834877478421,False,136,38000
38,1,-1,True,113,2.2600000000000002,25.42093664292093,0,0,16.07866660201565,9.062069643284012,0.9486772512146513,False,113,38001
38,2,1,True,118,2.36,23.560329912502095,0,0,13.317078205241678,6.293696718806072,0.861930242056618,False,118,38000
38,2,1,True,120,2.4,24.61713283497594,0,0,15.689791772186119,9.062069643284012,0.9217450244608028,False,120,38001
38,2,-1,True,107,2.14,19.994535655497007,0,0,12.606464851958338,6.293696718806072,0.9536403487331327,False,107,38000
38,2,-1,True,126,2.52,29.067225383573255,0,0,16.018296564800224,9.062069643284012,0.9576626746754977,False,126,38001
38,3,1,True,135,2.7,25.346998135874156,0,0,12.053689504038989,6.293696718806072,0.9268547614258769,False,135,38000
38,3,1,True,110,2.2,22.70150333417395,0,0,16.338124589031445,9.062069643284012,0.8982253543151538,False,110,38001
38,3,-1,False,,,30.25373741260174,0,0,1.9768063768860464,6.293696718806072,1.3560593009279256,False,150,38000
38,3,-1,False,,,30.43170192985181,0,0,4.39791172666057,9.062069643284012,2.0544999208025927,False,150,38001
38,4,1,True,91,1.82,18.808369193472792,0,0,13.721694613502645,6.293696718806072,0.9515677010006245,False,91,38000
38,4,1,False,,,30.437680745111443,0,0,4.396069773283172,9.062069643284012,1.9617304062585466,False,150,38001
38,4,-1,True,115,2.3000000000000003,21.59924854250925,0,0,12.586881922161599,6.293696718806072,0.7716833433222662,False,115,38000
38,4,-1,True,129,2.58,23.146196848791497,0,0,14.458355264096365,9.062069643284012,0.9614855172325423,False,129,38001
38,5,1,True,107,2.14,20.200575783999124,0,0,12.646600104977049,6.293696718806072,0.9104398248399977,False,107,38000
38,5,1,True,120,2.4,24.28040025094361,0,0,15.853226117612856,9.062069643284012,0.8610115454689835,False,120,38001
38,5,-1,True,115,2.3000000000000003,20.81866279884935,0,0,12.429596855309335,6.293696718806072,0.8049358297324547,False,115,38000
38,5,-1,True,117,2.34,26.343853829806587,0,0,16.092038443265,9.062069643284012,0.959323370233316,False,117,38001
38,6,1,False,,,24.861101261013985,0,0,2.484207062352068,6.293696718806072,1.2183953442342623,False,150,38000
38,6,1,False,,,26.701930430840466,0,0,4.538388801059632,9.062069643284012,1.168511038640438,False,150,38001
38,6,-1,True,122,2.44,25.619966814792686,0,0,12.513317019453766,6.293696718806072,0.9437625782182403,False,122,38000
38,6,-1,False,,,32.33115636699151,0,0,5.109421262171291,9.062069643284012,1.0499933215824047,False,150,38001
38,7,1,True,102,2.04,19.0598164304407,0,0,12.893874458669762,6.293696718806072,0.8616888306117997,False,102,38000
38,7,1,True,143,2.86,30.199799428416764,0,0,15.427949922524789,9.062069643284012,0.9614135729075893,False,143,38001
38,7,-1,True,112,2.24,23.187501356246102,0,0,12.337686836685815,6.293696718806072,0.947952085889094,False,112,38000
38,7,-1,False,,,30.415220542642977,0,0,5.113333037930047,9.062069643284012,1.0657034662980904,False,150,38001
39,0,1,True,126,2.52,26.970174114026896,0,0,17.46090445602622,9.634853397378686,0.9498361134575627,False,126,39000
39,0,1,False,,,29.474112646617325,0,0,3.114847298391081,7.314700294448144,2.0638254139885683,False,150,39001
39,0,-1,True,48,0.96,12.034936050209417,0,0,18.997883284806022,9.634853397378686,0.8996807529210888,False,48,39000
39,0,-1,True,130,2.6,25.455393682820468,0,0,14.257865972842424,7.314700294448144,0.9896712890228893,False,130,39001
39,1,1,True,149,2.98,32.64638609979012,0,0,15.979042801414725,9.634853397378686,0.8145377720844456,False,149,39000
39,1,1,True,134,2.68,24.79252572680087,0,0,14.05708118871186,7.314700294448144,0.8801689563398487,False,134,39001
39,1,-1,True,69,1.3800000000000001,16.315129085813382,0,0,18.760664088015595,9.634853397378686,0.8518080613938523,False,69,39000
39,1,-1,True,25,0.5,7.344834618792081,0,0,16.70323461953141,7.314700294448144,0.8592149048620723,False,25,39001
39,2,1,True,50,1.0,13.754896573733737,0,0,18.950836555036908,9.634853397378686,0.8622391061856685,False,50,39000
39,2,1,True,107,2.14,22.118942307334724,0,0,14.58548397260805,7.314700294448144,0.9475169297398713,False,107,39001
39,2,-1,True,62,1.24,14.635939461643604,0,0,18.936514161852255,9.634853397378686,0.9604525689907647,False,62,39000
39,2,-1,False,,,28.456901790953058,0,0,2.682054877164555,7.314700294448144,3.0488671706096837,False,150,39001
39,3,1,True,52,1.04,12.191592395710614,0,0,19.02114260671866,9.634853397378686,0.8795300812562465,False,52,39000
39,3,1,True,140,2.8000000000000003,26.54014984369505,0,0,13.936710353085443,7.314700294448144,0.9436466134250107,False,140,39001
39,3,-1,False,,,32.45059933708543,0,0,6.960435956426489,9.634853397378686,1.3453846124301865,False,150,39000
39,3,-1,False,,,30.312928433850377,0,0,3.8877468040372527,7.314700294448144,1.5444478360735279,False,150,39001
39,4,1,False,,,28.612650542663996,0,0,5.859727020664627,9.634853397378686,3.468061455021302,False,150,39000
39,4,1,False,,,27.82635586139997,0,0,1.411657852256988,7.314700294448144,4.701220088472122,False,150,39001
39,4,-1,True,146,2.92,29.28635453299132,0,0,16.735712195438733,9.634853397378686,0.7943837647278932,False,146,39000
39,4,-1,True,141,2.82,29.010725191918077,0,0,13.9530202534695,7.314700294448144,0.9509619406333005,False,141,39001
39,5,1,True,55,1.1,13.174280840237925,0,0,19.16522152991246,9.634853397378686,0.731515361793481,False,55,39000
39,5,1,False,,,24.195950885494383,0,0,2.521386868796739,7.314700294448144,2.5574502456474844,False,150,39001
39,5,-1,False,,,30.464855019471408,0,0,5.997722342554467,9.634853397378686,2.2759092632624998,False,150,39000
39,5,-1,False,,,28.716747129849864,0,0,3.6406816662735175,7.314700294448144,1.40159213466125,False,150,39001
39,6,1,False,,,32.561999049059466,0,0,6.098898795073753,9.634853397378686,1.177792515354698,False,150,39000
39,6,1,True,109,2.18,21.726042353709783,0,0,14.250724576516506,7.314700294448144,0.9927110525911146,False,109,39001
39,6,-1,False,,,35.45643821450638,0,0,6.245410924742653,9.634853397378686,2.240436562593981,False,150,39000
39,6,-1,False,,,24.56937458253094,0,0,3.283762896801741,7.314700294448144,3.179639168678027,False,150,39001
39,7,1,True,49,0.98,13.460559007669588,0,0,18.89654618484571,9.634853397378686,0.8910252356110213,False,49,39000
39,7,1,True,117,2.34,23.163551357434507,0,0,14.36455318182383,7.314700294448144,0.8983856144498814,False,117,39001
39,7,-1,True,65,1.3,15.760293202796511,0,0,18.999461335131862,9.634853397378686,0.9454202252163055,False,65,39000
39,7,-1,False,,,29.520419208224194,0,0,3.239086947231784,7.314700294448144,2.3894615979831495,False,150,39001
40,0,1,False,,,28.549071976881475,0,0,4.081658057645751,8.950210201389673,1.2129195264569688,False,150,40000
40,0,1,True,92,1.84,21.246917198429603,0,0,13.830480662433025,6.007111528687685,0.8761783247183873,False,92,40001
40,0,-1,False,,,35.48172971372509,0,0,4.462198971606284,8.950210201389673,2.0707229482649225,False,150,40000
40,0,-1,False,,,29.219102853768348,0,0,3.275872250004849,6.007111528687685,1.3299504448778432,False,150,40001
40,1,1,True,127,2.54,26.601430220705286,0,0,15.868325374406773,8.950210201389673,0.9385618713946579,False,127,40000
40,1,1,False,,,29.470595806778512,0,0,3.2953315299344488,6.007111528687685,1.579020785768855,False,150,40001
40,1,-1,False,,,31.56900593812388,0,0,0.9096741853404529,8.950210201389673,5.921476880275179,False,150,40000
40,1,-1,True,31,0.62,7.907961885243309,0,0,15.118997647649296,6.007111528687685,0.9835837984159621,False,31,40001
40,2,1,False,,,28.529068441797634,0,0,1.6694808644452872,8.950210201389673,4.493734300285363,False,150,40000
40,2,1,True,38,0.76,8.78282803840473,0,0,15.250059591833974,6.007111528687685,0.925078377591084,False,38,40001
40,2,-1,False,,,29.532607745657643,0,0,4.163350717459019,8.950210201389673,2.1959878438315954,False,150,40000
40,2,-1,True,29,0.58,6.826082742409284,0,0,15.18733109361815,6.007111528687685,0.9931312012943532,False,29,40001
40,3,1,False,,,29.959748327091805,0,0,3.922403914532027,8.950210201389673,1.24951325812086,False,150,40000
40,3,1,True,29,0.58,7.071463008917465,0,0,15.2297729728758,6.007111528687685,0.9276481775101203,False,29,40001
40,3,-1,False,,,32.0465905543488,0,0,1.8074421487809835,8.950210201389673,4.011881414467611,False,150,40000
40,3,-1,True,31,0.62,7.502561548917552,0,0,15.351376592446677,6.007111528687685,0.8386698458718433,False,31,40001
40,4,1,True,145,2.9,27.218909720360028,0,0,14.144826472256161,8.950210201389673,0.9700147378436423,False,145,40000
40,4,1,True,30,0.6,6.643044252286233,0,0,15.333675578076864,6.007111528687685,0.8799066288793599,False,30,40001
40,4,-1,False,,,30.259619691817345,0,0,0.5924976887557541,8.950210201389673,5.272204823465303,False,150,40000
40,4,-1,True,29,0.58,7.126634851646756,0,0,15.30318407066487,6.007111528687685,0.8543395908046337,False,29,40001
40,5,1,False,,,28.330388687163587,0,0,4.045605078777393,8.950210201389673,1.530836705347138,False,150,40000
40,5,1,False,,,24.746006893012485,0,0,3.622528719323336,6.007111528687685,2.5596536393648934,False,150,40001
40,5,-1,False,,,29.34952010937241,0,0,0.7804010741605008,8.950210201389673,5.1637786998416395,False,150,40000
40,5,-1,True,32,0.64,7.602014291681669,0,0,15.305933008229719,6.007111528687685,0.9079962910782009,False,32,40001
40,6,1,False,,,28.164948266878714,0,0,4.1078780845392995,8.950210201389673,1.2482751101110645,False,150,40000
40,6,1,False,,,29.679525176372355,0,0,2.7058724631893796,6.007111528687685,2.3121033268663553,False,150,40001
40,6,-1,False,,,30.31175701180981,0,0,3.108269553603845,8.950210201389673,3.2945329334589686,False,150,40000
40,6,-1,True,39,0.78,9.1925527543081,0,0,15.01526841540551,6.007111528687685,0.9568588005319518,False,39,40001
40,7,1,True,126,2.52,27.814409908973435,0,0,15.16620409541343,8.950210201389673,0.9226368589448667,False,126,40000
40,7,1,False,,,29.758343926589358,0,0,1.542054657983974,6.007111528687685,3.0950827748079104,False,150,40001
40,7,-1,False,,,38.61054871527807,0,0,-0.5499655096684634,8.950210201389673,8.544784169084714,False,150,40000
40,7,-1,False,,,35.14444501249396,0,0,3.050703278659247,6.007111528687685,1.4439664225022606,False,150,40001
41,0,1,True,87,1.74,20.162469419343875,0,0,16.260088552131684,7.633645307919271,0.8581604774607304,False,87,41000
41,0,1,False,,,29.438934916542134,0,0,1.9686378185864761,5.61164012542917,1.7652116174008785,False,150,41001
41,0,-1,False,,,29.553333862070637,0,0,2.783922931786501,7.633645307919271,3.7770012877407297,False,150,41000
41,0,-1,False,,,28.46049199525349,0,0,0.7774596306275143,5.61164012542917,2.804525205992474,False,150,41001
41,1,1,False,,,27.5170576087946,0,0,3.813117127805437,7.633645307919271,2.51973010208204,False,150,41000
41,1,1,False,,,26.24212380599645,0,0,1.1647592136129843,5.61164012542917,4.013429823233814,False,150,41001
41,1,-1,False,,,28.300158039146055,0,0,2.5083086869702265,7.633645307919271,3.358206336884603,False,150,41000
41,1,-1,True,96,1.92,18.810526357106504,0,0,12.812679992376125,5.61164012542917,0.9288359247068532,False,96,41001
41,2,1,True,143,2.86,29.263952645792507,0,0,15.098064974345,7.633645307919271,0.9461169784816376,False,143,41000
41,2,1,False,,,27.568211851318523,0,0,1.6032426892558704,5.61164012542917,1.8897227136957078,False,150,41001
41,2,-1,False,,,29.98819862427371,0,0,4.5807078994302195,7.633645307919271,1.9216838867053263,False,150,41000
41,2,-1,False,,,29.27762654793582,0,0,0.22845714596667568,5.61164012542917,3.974004661538757,False,150,41001
41,3,1,True,48,0.96,11.408799779102457,0,0,16.89353063044046,7.633645307919271,0.8223563988113547,False,48,41000
41,3,1,False,,,30.099479802190768,0,0,1.5744901092286832,5.61164012542917,1.4370164654708641,False,150,41001
41,3,-1,False,,,30.842989007810377,0,0,2.7911600286180382,7.633645307919271,3.855511315932093,False,150,41000
41,3,-1,False,,,27.144045183444522,0,0,1.8205601511335607,5.61164012542917,2.9107351259235785,False,150,41001
41,4,1,True,65,1.3,12.656041361610885,0,0,16.870487310278317,7.633645307919271,0.9429579688231804,False,65,41000
41,4,1,True,135,2.7,27.176816720689978,0,0,12.398837295220856,5.61164012542917,0.9397835094101603,False,135,41001
41,4,-1,False,,,31.479051284492392,0,0,4.60477400905059,7.633645307919271,1.6351604364529457,False,150,41000
41,4,-1,False,,,28.526733772609475,0,0,1.8136047797690176,5.61164012542917,1.5291791471997662,False,150,41001
41,5,1,False,,,29.052794058965404,0,0,0.48130853312676014,7.633645307919271,6.892577069337475,False,150,41000
41,5,1,False,,,28.352408319165093,0,0,1.3148862046975944,5.61164012542917,2.383316199351724,False,150,41001
41,5,-1,False,,,37.44338332387672,0,0,3.1471409897424847,7.633645307919271,2.894653252029931,False,150,41000
41,5,-1,True,76,1.52,14.864213930526644,0,0,13.423872147457576,5.61164012542917,0.9609146772154193,False,76,41001
41,6,1,False,,,21.61256972271116,0,0,4.069777659178603,7.633645307919271,4.453638103412513,False,150,41000
41,6,1,False,,,27.019710158345724,0,0,1.1353634458261053,5.61164012542917,4.458476019651397,False,150,41001
41,6,-1,True,87,1.74,20.082037060548373,0,0,16.287097195771747,7.633645307919271,0.8845888516042617,False,87,41000
41,6,-1,True,90,1.8,17.366882470747704,0,0,13.023234196879933,5.61164012542917,0.7948379943339965,False,90,41001
41,7,1,True,49,0.98,11.614025338830844,0,0,16.89568679197519,7.633645307919271,0.7858826882637339,False,49,41000
41,7,1,True,145,2.9,31.70100137556393,0,0,12.375743685653612,5.61164012542917,0.9073048454189044,False,145,41001
41,7,-1,False,,,15.452160561445655,0,0,7.3283624404387595,7.633645307919271,1.3619843159802283,False,150,41000
41,7,-1,False,,,30.07253129097996,0,0,-3.326590102379514,5.61164012542917,8.432810481408168,False,150,41001
42,0,1,True,143,2.86,27.28125632972373,0,0,13.579268822602593,7.567636945390815,0.8855430439234255,False,143,42000
42,0,1,False,,,27.20546745238068,0,0,2.472155940182913,7.284459442197181,2.2214145915320813,False,150,42001
42,0,-1,True,128,2.56,29.79663924803718,0,0,14.43603828594431,7.567636945390815,0.8495327118449337,False,128,42000
42,0,-1,True,147,2.94,31.3026219238687,0,0,13.223630598573708,7.284459442197181,0.9643230191120443,False,147,42001
42,1,1,False,,,31.020571866560925,0,0,3.6659655737090993,7.567636945390815,3.5484529786305323,False,150,42000
42,1,1,False,,,31.604189962185405,0,0,2.2310478842528467,7.284459442197181,1.7795982859427,False,150,42001
42,1,-1,False,,,28.335061633942754,0,0,2.970910538629534,7.567636945390815,1.46716078885978,False,150,42000
42,1,-1,True,124,2.48,25.712762343547194,0,0,13.758521268752299,7.284459442197181,0.9718984580786357,False,124,42001
42,2,1,False,,,27.272232627282023,0,0,3.141579568771555,7.567636945390815,1.0375446091985752,False,150,42000
42,2,1,False,,,27.161163521671728,0,0,2.142452405566419,7.284459442197181,2.0112009700931726,False,150,42001
42,2,-1,False,,,28.339288331605704,0,0,0.4766911146179685,7.567636945390815,3.878391546922063,False,150,42000
42,2,-1,True,126,2.52,22.384005654740847,0,0,13.291398783467404,7.284459442197181,0.893378785656234,False,126,42001
42,3,1,False,,,31.45403560248139,0,0,3.345045286056553,7.567636945390815,1.8766844109010299,False,150,42000
42,3,1,True,125,2.5,22.902655104328563,0,0,13.152858148578098,7.284459442197181,0.8288556127614729,False,125,42001
42,3,-1,False,,,29.547344217608387,0,0,2.1160534768794435,7.567636945390815,2.0587695293428356,False,150,42000
42,3,-1,True,130,2.6,23.094531075545323,0,0,13.38524069003347,7.284459442197181,0.8815048615788851,False,130,42001
42,4,1,False,,,29.562625468598448,0,0,1.0360550312047987,7.567636945390815,3.366561985940144,False,150,42000
42,4,1,True,131,2.62,24.56284604875266,0,0,13.45426806099263,7.284459442197181,0.6193402387272908,False,131,42001
42,4,-1,True,150,3.0,31.30020123463586,0,0,13.172464959700443,7.567636945390815,0.8899082579656197,False,150,42000
42,4,-1,True,150,3.0,28.16959895023546,0,0,13.903462620469199,7.284459442197181,0.6589440920810964,False,150,42001
42,5,1,True,125,2.5,26.460859438800053,0,0,14.495899124688364,7.567636945390815,0.7806771791132346,False,125,42000
42,5,1,True,137,2.74,28.554025510029383,0,0,14.033459068883795,7.284459442197181,0.8673577816261445,False,137,42001
42,5,-1,False,,,28.006359592712222,0,0,2.5897572135921045,7.567636945390815,2.2529888061725947,False,150,42000
42,5,-1,False,,,26.740270615309115,0,0,1.1015678727190352,7.284459442197181,3.086752719739833,False,150,42001
42,6,1,True,131,2.62,25.049531894343833,0,0,13.51971396319264,7.567636945390815,0.8336661246447858,False,131,42000
42,6,1,True,146,2.92,26.48976311898759,0,0,12.894897193848491,7.284459442197181,0.9854773293622517,False,146,42001
42,6,-1,True,121,2.42,26.441034252031287,0,0,14.508006369636433,7.567636945390815,0.7798245406714294,False,121,42000
42,6,-1,True,120,2.4,25.578577182481677,0,0,13.93415070418353,7.284459442197181,0.8478474296541758,False,120,42001
42,7,1,False,,,27.419935797978,0,0,2.693349644612138,7.567636945390815,1.7078966574756578,False,150,42000
42,7,1,False,,,27.495114185917018,0,0,1.1355980026913781,7.284459442197181,3.778479171436491,False,150,42001
42,7,-1,True,141,2.82,28.489148323076563,0,0,14.039239454315732,7.567636945390815,0.9719419788326265,False,141,42000
42,7,-1,False,,,28.597999355298725,0,0,3.0303481385277107,7.284459442197181,1.742453909109379,False,150,42001
43,0,1,False,,,32.82057671583074,0,0,2.9378816897864874,10.372214790970396,4.909648831001591,False,150,43000
43,0,1,False,,,30.38591583184861,0,0,3.757550723036647,8.369879571339316,2.0499597105679626,False,150,43001
43,0,-1,False,,,34.651617315477225,0,0,5.694737673878894,10.372214790970396,2.0357945321094335,False,150,43000
43,0,-1,False,,,32.41923207700366,0,0,4.535911453530184,8.369879571339316,2.316175150817508,False,150,43001
43,1,1,True,107,2.14,23.712058887735267,0,0,18.01386143314083,10.372214790970396,0.7621894368681918,False,107,43000
43,1,1,True,107,2.14,22.85075219576129,0,0,15.7298280177224,8.369879571339316,0.910767014142221,False,107,43001
43,1,-1,False,,,35.15386004845092,0,0,2.937307925113435,10.372214790970396,4.630139303037218,False,150,43000
43,1,-1,False,,,38.33310605978187,0,0,3.8898356921352586,8.369879571339316,1.9776789932550436,False,150,43001
43,2,1,False,,,33.346325383593964,0,0,5.6616680056082105,10.372214790970396,1.8566343496727673,False,150,43000
43,2,1,True,148,2.96,31.97180401221671,0,0,14.864321533549585,8.369879571339316,0.8724223051242683,False,148,43001
43,2,-1,False,,,29.846447455235946,0,0,5.038604197303963,10.372214790970396,3.191583072870292,False,150,43000
43,2,-1,True,107,2.14,22.374149372915035,0,0,15.783183032298325,8.369879571339316,0.9052203470718653,False,107,43001
43,3,1,True,119,2.38,25.301409821545732,0,0,17.635122953834628,10.372214790970396,0.8453823565587312,False,119,43000
43,3,1,False,,,32.35282719972846,0,0,4.308131091716145,8.369879571339316,2.375105071598494,False,150,43001
43,3,-1,False,,,32.3679386630136,0,0,3.4051265135326516,10.372214790970396,4.058621552211641,False,150,43000
43,3,-1,True,135,2.7,30.388815516109812,0,0,15.147308541313066,8.369879571339316,0.9160494005642302,False,135,43001
43,4,1,False,,,34.27184341807303,0,0,5.805516900875821,10.372214790970396,2.610540623383482,False,150,43000
43,4,1,False,,,32.32212543776399,0,0,4.632279336746374,8.369879571339316,1.75553316154882,False,150,43001
43,4,-1,True,144,2.88,30.77889321286712,0,0,16.64551513942996,10.372214790970396,0.9127133007169769,False,144,43000
43,4,-1,True,129,2.58,26.588415589014197,0,0,15.387562190465747,8.369879571339316,0.9036215464812991,False,129,43001
43,5,1,False,,,31.094561053242984,0,0,5.245808415063991,10.372214790970396,2.802071422079028,False,150,43000
43,5,1,False,,,28.856462789400737,0,0,4.673693019014947,8.369879571339316,1.7389239503335898,False,150,43001
43,5,-1,False,,,31.736090763164032,0,0,5.39596294752086,10.372214790970396,1.950620176972462,False,150,43000
43,5,-1,False,,,29.63139418961459,0,0,3.3523415135071715,8.369879571339316,2.3522391090102373,False,150,43001
43,6,1,False,,,31.744779255984533,0,0,5.543778406686012,10.372214790970396,2.3299085789993503,False,150,43000
43,6,1,True,109,2.18,24.50646174966371,0,0,15.602851655682498,8.369879571339316,0.6829182916478083,False,109,43001
43,6,-1,False,,,28.661800612185232,0,0,6.276897430626337,10.372214790970396,2.1004591011569453,False,150,43000
43,6,-1,True,85,1.7,18.79327290579339,0,0,16.44613970276497,8.369879571339316,0.8340258458517397,False,85,43001
43,7,1,False,,,31.618470391928458,0,0,6.7045549398004445,10.372214790970396,1.4282419340854924,False,150,43000
43,7,1,False,,,31.97815709624288,0,0,4.4483100673957034,8.369879571339316,2.25372047160348,False,150,43001
43,7,-1,True,143,2.86,29.560597713307747,0,0,17.143836049888307,10.372214790970396,0.9549600910573208,False,143,43000
43,7,-1,True,89,1.78,19.882112379250596,0,0,16.389075099315725,8.369879571339316,0.9253672745341665,False,89,43001
44,0,1,True,142,2.84,26.409561037275704,0,0,14.819671834182277,9.412411461217534,0.9469088075202347,False,142,44000
44,0,1,True,98,1.96,22.157529568240943,0,0,14.397807423716873,6.877083825467334,0.9375071059774058,False,98,44001
44,0,-1,False,,,31.23417812080195,0,0,5.257488403124004,9.412411461217534,1.7896489392380508,False,150,44000
44,0,-1,False,,,31.498052806947076,0,0,2.564130754196248,6.877083825467334,1.83657718119774,False,150,44001
44,1,1,False,,,30.41191660014885,0,0,4.062078173037636,9.412411461217534,2.727318265221646,False,150,44000
44,1,1,True,145,2.9,31.466708785505013,0,0,13.338966566477831,6.877083825467334,0.8769350710524775,False,145,44001
44,1,-1,True,141,2.82,28.02734809996705,0,0,14.982739581454364,9.412411461217534,0.9550082852074466,False,141,44000
44,1,-1,True,82,1.6400000000000001,17.80190482045483,0,0,15.003032818826961,6.877083825467334,0.7093969911177738,False,82,44001
44,2,1,False,,,30.259954562978717,0,0,3.5984865195017033,9.412411461217534,3.542643078823907,False,150,44000
44,2,1,True,83,1.6600000000000001,16.331702890263692,0,0,14.736787388113585,6.877083825467334,0.9979304109564117,False,83,44001
44,2,-1,False,,,33.6121038875856,0,0,4.176267957407359,9.412411461217534,2.695412864342665,False,150,44000
44,2,-1,False,,,30.73466340485612,0,0,1.4209435335582212,6.877083825467334,2.948077786746822,False,150,44001
44,3,1,False,,,29.838735661574074,0,0,2.9256572415792323,9.412411461217534,4.193314663931251,False,150,44000
44,3,1,True,145,2.9,33.51110521422122,0,0,12.83992105777539,6.877083825467334,0.9823919140439804,False,145,44001
44,3,-1,False,,,30.115512926345925,0,0,4.318964743623818,9.412411461217534,1.7052541444367932,False,150,44000
44,3,-1,True,76,1.52,16.43768662413138,0,0,15.167806048443785,6.877083825467334,0.8717013732515948,False,76,44001
44,4,1,False,,,31.64648604042681,0,0,5.000740364933751,9.412411461217534,1.8929126191416892,False,150,44000
44,4,1,False,,,37.68300194226353,0,0,1.7070202497918237,6.877083825467334,2.578651369577366,False,150,44001
44,4,-1,False,,,27.010878648200663,0,0,3.2559978761762567,9.412411461217534,3.024922644128213,False,150,44000
44,4,-1,True,76,1.52,15.683602518095475,0,0,14.916756011283208,6.877083825467334,0.7756475003765889,False,76,44001
44,5,1,True,145,2.9,31.183870360442373,0,0,15.641455121629898,9.412411461217534,0.9168610009254482,False,145,44000
44,5,1,True,94,1.8800000000000001,20.58531672485601,0,0,15.10363369567626,6.877083825467334,0.7567914437864838,False,94,44001
44,5,-1,False,,,31.88918173781134,0,0,3.99768194884546,9.412411461217534,2.7365572953915214,False,150,44000
44,5,-1,False,,,31.549351153831548,0,0,2.509374108267245,6.877083825467334,2.167727846621848,False,150,44001
44,6,1,False,,,29.712676632992892,0,0,3.184331476151624,9.412411461217534,2.8253097968987726,False,150,44000
44,6,1,False,,,33.46445929805838,0,0,2.7124090514989563,6.877083825467334,1.9582687287153175,False,150,44001
44,6,-1,False,,,32.074402601557296,0,0,3.382911059799682,9.412411461217534,3.457801168601584,False,150,44000
44,6,-1,True,78,1.56,18.997513722952398,0,0,15.399674685728606,6.877083825467334,0.8918302957781135,False,78,44001
44,7,1,True,129,2.58,29.452572016493374,0,0,16.007390089693633,9.412411461217534,0.9511480385001746,False,129,44000
44,7,1,False,,,32.99471910687087,0,0,2.8206241980603624,6.877083825467334,1.2817853889627624,False,150,44001
44,7,-1,False,,,31.153819041028225,0,0,3.7739855797578725,9.412411461217534,3.201112876280492,False,150,44000
44,7,-1,True,127,2.54,25.814222037566026,0,0,14.170518188858745,6.877083825467334,0.9852754594156361,False,127,44001
45,0,1,True,73,1.46,16.568349350769548,0,0,17.129967050048776,8.98522665333821,0.9868586179693642,False,73,45000
45,0,1,False,,,29.36739487843595,0,0,3.076491967327491,6.666971855346987,1.0106292257437821,False,150,45001
45,0,-1,True,106,2.12,24.40289612755773,0,0,16.368009962011037,8.98522665333821,0.9311340434099767,False,106,45000
45,0,-1,True,103,2.06,19.698052778128602,0,0,13.102554431439307,6.666971855346987,0.7627222199445624,False,103,45001
45,1,1,False,,,29.552039872370546,0,0,4.10337037224855,8.98522665333821,2.72268391269618,False,150,45000
45,1,1,True,148,2.96,26.672209309956685,0,0,12.492760421049967,6.666971855346987,0.9398968279316728,False,148,45001
45,1,-1,False,,,32.27072765205382,0,0,5.065001333836918,8.98522665333821,1.9466153589882471,False,150,45000
45,1,-1,False,,,30.583361587457574,0,0,0.9447445309876319,6.666971855346987,2.674638330588253,False,150,45001
45,2,1,False,,,32.68732427976013,0,0,4.237734854267245,8.98522665333821,2.129383317871627,False,150,45000
45,2,1,False,,,29.383216642598764,0,0,1.4179886340050485,6.666971855346987,2.071909529345598,False,150,45001
45,2,-1,True,100,2.0,22.481560346474808,0,0,16.491473372789944,8.98522665333821,0.9444117527385987,False,100,45000
45,2,-1,True,108,2.16,21.08612995581699,0,0,12.922207258561938,6.666971855346987,0.9204458728148088,False,108,45001
45,3,1,True,120,2.4,25.658040056471837,0,0,15.933069890308643,8.98522665333821,0.8956953710671471,False,120,45000
45,3,1,False,,,31.670308823166515,0,0,1.4681236130850244,6.666971855346987,3.026979064218288,False,150,45001
45,3,-1,True,102,2.04,20.938344147867845,0,0,16.367645932654753,8.98522665333821,0.8096694160599605,False,102,45000
45,3,-1,False,,,27.660190573973807,0,0,1.9015521550033954,6.666971855346987,1.5485247381510363,False,150,45001
45,4,1,False,,,32.78965949315538,0,0,2.533437441367198,8.98522665333821,3.5214632927509424,False,150,45000
45,4,1,False,,,30.532622848239725,0,0,2.335023108778654,6.666971855346987,1.831139882704882,False,150,45001
45,4,-1,False,,,19.41646376136151,0,0,1.0518596738195156,8.98522665333821,5.07817131333195,False,150,45000
45,4,-1,False,,,28.025366012500744,0,0,2.5724202287763815,6.666971855346987,2.5167676833555994,False,150,45001
45,5,1,True,140,2.8000000000000003,30.516077010692744,0,0,15.763175348945262,8.98522665333821,0.8904452537088726,False,140,45000
45,5,1,True,92,1.84,17.747627168897257,0,0,13.277944722556509,6.666971855346987,0.9361626000648211,False,92,45001
45,5,-1,True,149,2.98,33.053914554203104,0,0,16.438336181729813,8.98522665333821,0.8931590796519708,False,149,45000
45,5,-1,True,129,2.58,28.348665907586156,0,0,12.786615354041677,6.666971855346987,0.9745485501044509,False,129,45001
45,6,1,False,,,31.24440150206582,0,0,4.074078357099308,8.98522665333821,2.315973352487071,False,150,45000
45,6,1,True,111,2.22,20.805824205419686,0,0,12.693534092520782,6.666971855346987,0.9870024251850891,False,111,45001
45,6,-1,False,,,34.26535626689631,0,0,4.523178570798581,8.98522665333821,2.4670060535383116,False,150,45000
45,6,-1,False,,,32.13852540323662,0,0,1.4030073763133653,6.666971855346987,1.9211699901448949,False,150,45001
45,7,1,False,,,30.68056468428791,0,0,2.903292248830165,8.98522665333821,4.371806839084534,False,150,45000
45,7,1,True,99,1.98,19.086377554648983,0,0,13.322941686283155,6.666971855346987,0.8766232328795585,False,99,45001
45,7,-1,False,,,33.051221854461836,0,0,2.118436691156318,8.98522665333821,4.142131688205848,False,150,45000
45,7,-1,True,134,2.68,29.110823793996715,0,0,13.102361814180373,6.666971855346987,0.9833446789371043,False,134,45001
46,0,1,True,120,2.4,26.333492827668092,0,0,14.905702527735874,8.332558229513689,0.983499182905626,False,120,46000
46,0,1,False,,,30.950381218066767,0,0,2.4929065592596915,7.375279955559668,2.6993765304703508,False,150,46001
46,0,-1,True,118,2.36,22.22054234978129,0,0,14.735154561056603,8.332558229513689,0.7490300825107609,False,118,46000
46,0,-1,False,,,29.477412225455947,0,0,2.523950097852851,7.375279955559668,1.607410423760643,False,150,46001
46,1,1,True,126,2.52,26.576322480274467,0,0,14.882692300863333,8.332558229513689,0.9475564880603499,False,126,46000
46,1,1,False,,,30.9085594713905,0,0,1.4774589956838913,7.375279955559668,2.391987757567792,False,150,46001
46,1,-1,True,105,2.1,22.619443259083205,0,0,15.311602949881074,8.332558229513689,0.7809158436390218,False,105,46000
46,1,-1,True,90,1.8,17.388858603743333,0,0,14.177108923145898,7.375279955559668,0.9034713135010805,False,90,46001
46,2,1,False,,,30.87001433538022,0,0,2.6737427476827156,8.332558229513689,3.516612126603075,False,150,46000
46,2,1,True,134,2.68,26.256538441026795,0,0,14.440290932253195,7.375279955559668,0.8799457306272687,False,134,46001
46,2,-1,True,129,2.58,26.761731403343745,0,0,15.056187767132545,8.332558229513689,0.9765379877440674,False,129,46000
46,2,-1,True,111,2.22,20.70464089448479,0,0,13.656502501666719,7.375279955559668,0.7888147252049048,False,111,46001
46,3,1,True,120,2.4,24.54339521399545,0,0,14.879491175752484,8.332558229513689,0.8527027494789656,False,120,46000
46,3,1,True,107,2.14,21.38312010725398,0,0,13.7653155019922,7.375279955559668,0.9953819879670611,False,107,46001
46,3,-1,True,150,3.0,30.73621714181111,0,0,14.42564168399472,8.332558229513689,0.9694612128927678,False,150,46000
46,3,-1,False,,,30.23179661128191,0,0,2.368393425370707,7.375279955559668,1.4802029253208848,False,150,46001
46,4,1,True,88,1.76,17.65189497195676,0,0,15.245910699950423,8.332558229513689,0.7362170246442534,False,88,46000
46,4,1,True,84,1.68,16.72016983114883,0,0,14.301671878827396,7.375279955559668,0.8921543438967069,False,84,46001
46,4,-1,False,,,31.674508374009644,0,0,2.957732215707242,8.332558229513689,2.999361168045253,False,150,46000
46,4,-1,True,149,2.98,30.804312727426762,0,0,13.946144746105977,7.375279955559668,0.8792646816512705,False,149,46001
46,5,1,False,,,28.466378823927567,0,0,2.5322777824128346,8.332558229513689,2.375725043307808,False,150,46000
46,5,1,True,102,2.04,18.014724598883696,0,0,13.708214299719788,7.375279955559668,0.9020783031384197,False,102,46001
46,5,-1,True,148,2.96,31.595339827101075,0,0,14.718795002253472,8.332558229513689,0.9112611974643107,False,148,46000
46,5,-1,True,131,2.62,27.045466639891302,0,0,13.510320631199205,7.375279955559668,0.9405441811531504,False,131,46001
46,6,1,False,,,32.73847483686763,0,0,3.064110816822172,8.332558229513689,2.6964734726356534,False,150,46000
46,6,1,False,,,28.822737617933182,0,0,2.9634005805769386,7.375279955559668,2.1103395008996584,False,150,46001
46,6,-1,True,102,2.04,20.510321899863257,0,0,14.855585389219893,8.332558229513689,0.8019309454574395,False,102,46000
46,6,-1,True,115,2.3000000000000003,25.723791643519213,0,0,14.079009357145603,7.375279955559668,0.7165561356074562,False,115,46001
46,7,1,False,,,32.734191575147946,0,0,3.54344221040666,8.332558229513689,1.890445276533639,False,150,46000
46,7,1,True,108,2.16,24.19107433923991,0,0,14.238285811743777,7.375279955559668,0.9847273471077113,False,108,46001
46,7,-1,True,90,1.8,17.015278120430548,0,0,14.998408669072639,8.332558229513689,0.9606757444032008,False,90,46000
46,7,-1,True,83,1.6600000000000001,15.908380547417636,0,0,14.147804420093507,7.375279955559668,0.9641035041267165,False,83,46001
47,0,1,False,,,28.17819756818474,0,0,2.378236967976232,6.590369387626066,1.4019527302199697,False,150,47000
47,0,1,True,147,2.94,27.15058437662574,0,0,14.516189474281767,8.347526195962129,0.7182712779648672,False,147,47001
47,0,-1,True,117,2.34,23.04457291917035,0,0,13.084072053706695,6.590369387626066,0.963849477390023,False,117,47000
47,0,-1,True,129,2.58,28.804773293396046,0,0,15.204196811777308,8.347526195962129,0.7793347521825849,False,129,47001
47,1,1,False,,,28.136191447834424,0,0,2.0575480730225015,6.590369387626066,1.6925612648643755,False,150,47000
47,1,1,False,,,28.570439987063704,0,0,-0.06853897912227142,8.347526195962129,6.0097462466626075,False,150,47001
47,1,-1,False,,,33.32909023445832,0,0,3.0692933636768447,6.590369387626066,2.6049890105002595,False,150,47000
47,1,-1,False,,,39.44780648888488,0,0,0.9363528190653244,8.347526195962129,7.237300033497035,False,150,47001
47,2,1,True,130,2.6,24.022286230786104,0,0,13.061360279759288,6.590369387626066,0.9524720814858426,False,130,47000
47,2,1,False,,,29.472924600960635,0,0,4.27921270412039,8.347526195962129,1.2760072324018197,False,150,47001
47,2,-1,True,128,2.56,24.128385692383254,0,0,13.10516590851313,6.590369387626066,0.8675877254140634,False,128,47000
47,2,-1,False,,,30.157647555283592,0,0,3.4951161010041165,8.347526195962129,2.6236309579980004,False,150,47001
47,3,1,True,147,2.94,29.103551058494986,0,0,12.570861068192976,6.590369387626066,0.9637830057358433,False,147,47000
47,3,1,False,,,28.648208424539565,0,0,3.1822827615119613,8.347526195962129,1.9577542511698052,False,150,47001
47,3,-1,False,,,30.581036314982025,0,0,1.7986997070190434,6.590369387626066,1.7888066186159357,False,150,47000
47,3,-1,True,142,2.84,26.9396368418043,0,0,14.131017476106315,8.347526195962129,0.9065478117773287,False,142,47001
47,4,1,False,,,31.046651369317228,0,0,1.1197641778680434,6.590369387626066,2.7614448866663146,False,150,47000
47,4,1,False,,,29.16276060026311,0,0,1.0199572457948558,8.347526195962129,4.8143038472317405,False,150,47001
47,4,-1,True,143,2.86,30.872152018216546,0,0,13.350303288341049,6.590369387626066,0.8098399182544849,False,143,47000
47,4,-1,False,,,32.12873180893371,0,0,4.574405970782933,8.347526195962129,1.089580865103999,False,150,47001
47,5,1,True,28,0.56,7.384951396055268,0,0,16.004663944775317,6.590369387626066,0.8333423252303291,False,28,47000
47,5,1,False,,,41.383445563237075,0,0,-1.062597586274919,8.347526195962129,8.314338140353236,False,150,47001
47,5,-1,False,,,28.261870910336665,0,0,2.422802758075772,6.590369387626066,1.4914375881406268,False,150,47000
47,5,-1,False,,,33.19456451791976,0,0,2.737794252001034,8.347526195962129,2.704673991309543,False,150,47001
47,6,1,False,,,28.6631539950366,0,0,2.295640040577598,6.590369387626066,1.4989447429354767,False,150,47000
47,6,1,True,149,2.98,30.676562332920803,0,0,14.168548584440018,8.347526195962129,0.7439715035050813,False,149,47001
47,6,-1,True,134,2.68,26.529718976711212,0,0,13.242519265109054,6.590369387626066,0.8485441986188763,False,134,47000
47,6,-1,False,,,32.13860168940417,0,0,2.500141898779273,8.347526195962129,2.6561715958753886,False,150,47001
47,7,1,False,,,30.92552987769478,0,0,1.3756773338439336,6.590369387626066,2.6748393633081715,False,150,47000
47,7,1,False,,,31.67435836548621,0,0,2.185486277475659,8.347526195962129,3.04392179424668,False,150,47001
47,7,-1,False,,,30.560065137588765,0,0,1.8104042056286593,6.590369387626066,1.6953321310357798,False,150,47000
47,7,-1,False,,,30.58690598147685,0,0,2.5176769662047156,8.347526195962129,2.5571727237435553,False,150,47001
