generation,candidate,sign,success,steps_to_target,time_to_target,distance_traveled,collision_ticks,collision_onsets,reward,initial_distance,final_distance,flipped,ticks,seed
0,0,1,True,88,1.76,18.22049681778836,0,0,15.796271070679389,7.615114941723648,0.9388438710442603,False,88,0
0,0,1,False,,,2.922440836532434,0,0,-1.7636534189559339,10.152347547978732,10.416000966934664,False,150,1
0,0,-1,False,,,37.870376334236745,0,0,-2.2210370464227047,7.615114941723648,8.336151988146364,False,150,0
0,0,-1,False,,,42.380252595840574,0,0,-7.138167157209274,10.152347547978732,15.790514705188016,False,150,1
0,1,1,True,104,2.08,20.99709694344274,0,0,15.623647465058138,7.615114941723648,0.9514674766655131,False,104,0
0,1,1,False,,,33.979241052427234,0,0,-0.5202206668688254,10.152347547978732,9.172568214847562,False,150,1
0,1,-1,False,,,29.619220008844458,0,0,2.890991000950582,7.615114941723648,3.224123940773087,False,150,0
0,1,-1,False,,,26.299266123557352,0,0,2.7885733629350833,10.152347547978732,5.863774185043667,False,150,1
0,2,1,True,67,1.34,17.30591989398283,0,0,16.01040641287552,7.615114941723648,0.9347085288481329,False,67,0
0,2,1,False,,,36.98899068953656,0,0,-0.8724556178217284,10.152347547978732,9.524803165800469,False,150,1
0,2,-1,False,,,46.87247965507391,0,0,-7.480020792413703,7.615114941723648,13.595135734137376,False,150,0
0,2,-1,False,,,47.99296368642952,0,0,-8.994824740595117,10.152347547978732,17.647172288573863,False,150,1
0,3,1,False,,,32.978145653141375,0,0,-2.29469690678739,7.615114941723648,8.409811848511048,False,150,0
0,3,1,False,,,34.61713589402627,0,0,0.22054335584563203,10.152347547978732,8.431804192133106,False,150,1
0,3,-1,False,,,45.21500797838249,0,0,-9.1461605389925,7.615114941723648,15.261275480716177,False,150,0
0,3,-1,False,,,36.326694294436756,0,0,1.2698805899677283,10.152347547978732,7.382466958011018,False,150,1
0,4,1,False,,,41.359351894780566,0,0,-3.230291969730869,7.615114941723648,9.345406911454546,False,150,0
0,4,1,False,,,38.23742161021929,0,0,-4.430009516850225,10.152347547978732,13.082357064828985,False,150,1
0,4,-1,False,,,23.348351364856285,0,0,-0.008864384348716996,7.615114941723648,6.123979326072373,False,150,0
0,4,-1,False,,,28.200398761807556,0,0,-1.8948627450274047,10.152347547978732,10.547210293006142,False,150,1
0,5,1,False,,,29.414173696530472,0,0,-3.0339829087070456,7.615114941723648,9.149097850430698,False,150,0
0,5,1,False,,,35.03004438472491,0,0,2.9318437816604552,10.152347547978732,5.720503766318285,False,150,1
0,5,-1,False,,,50.19911329154916,0,0,-15.92831005817466,7.615114941723648,22.043424999898335,False,150,0
0,5,-1,False,,,44.48497580812217,0,0,-5.610448361177258,10.152347547978732,14.262795909156,False,150,1
0,6,1,False,,,43.2268870454144,0,0,-6.764448430742848,7.615114941723648,12.879563372466514,False,150,0
0,6,1,True,79,1.58,19.612895436290607,0,0,18.648428577708867,10.152347547978732,0.7139189702698675,False,79,1
0,6,-1,False,,,28.774239435732206,0,0,-1.2876754134942066,7.615114941723648,7.402790355217871,False,150,0
0,6,-1,False,,,6.088988684634855,0,0,-3.206634842368132,10.152347547978732,11.858982390346874,False,150,1
0,7,1,True,109,2.18,25.42780589130301,0,0,15.669064203844878,7.615114941723648,0.8560507378787824,False,109,0
0,7,1,False,,,30.736953381001438,0,0,3.2141148921368954,10.152347547978732,5.4382326558418566,False,150,1
0,7,-1,False,,,35.797879090093424,0,0,-0.08052005328020702,7.615114941723648,6.195634995003861,False,150,0
0,7,-1,False,,,36.110246927675966,0,0,-3.9767035838652305,10.152347547978732,12.629051131843967,False,150,1
1,0,1,False,,,32.55386680601047,0,0,-17.55443727351764,7.872305478935019,23.926742752452665,False,150,1000
1,0,1,False,,,15.540687219159128,0,0,-2.8560816323915788,6.294548299982861,7.650629932374446,False,150,1001
1,0,-1,True,34,0.68,9.37431092995932,0,0,16.57290066347265,7.872305478935019,0.9594048154623701,False,34,1000
1,0,-1,False,,,49.621408779362845,0,0,-14.01061432373737,6.294548299982861,18.805162623720257,False,150,1001
1,1,1,True,28,0.56,8.111238744984524,0,0,16.750869209254017,7.872305478935019,0.8414362696810035,False,28,1000
1,1,1,False,,,52.33144522297605,0,0,-25.09685742954824,6.294548299982861,29.891405729531062,False,150,1001
1,1,-1,False,,,12.783354214983012,0,0,-3.5147372365727914,7.872305478935019,9.887042715507823,False,150,1000
1,1,-1,False,,,14.99278706046236,0,0,-2.44297789720736,6.294548299982861,7.237526197190227,False,150,1001
1,2,1,True,43,0.86,8.12332791325397,0,0,16.546612249495986,7.872305478935019,0.8956932294390326,False,43,1000
1,2,1,False,,,48.2930971314938,0,0,-16.983499787925272,6.294548299982861,21.778048087908132,False,150,1001
1,2,-1,False,,,11.351697395082693,0,0,-1.1603495523782288,7.872305478935019,7.532655031313246,False,150,1000
1,2,-1,False,,,33.16161799474851,0,0,-6.3395469908272695,6.294548299982861,11.134095290810137,False,150,1001
1,3,1,True,78,1.56,9.354832396463902,0,0,16.11961103749993,7.872305478935019,0.9726944414350955,False,78,1000
1,3,1,True,64,1.28,12.061123673102268,0,0,14.927155549135314,6.294548299982861,0.727392750847549,False,64,1001
1,3,-1,False,,,1.16566223053251,0,0,-1.2890803769630272,7.872305478935019,7.661385855898045,False,150,1000
1,3,-1,False,,,38.180890448031356,0,0,-3.752553935513756,6.294548299982861,8.54710223549663,False,150,1001
1,4,1,False,,,8.398634406855265,0,0,-0.26064989107640174,7.872305478935019,6.63295537001142,False,150,1000
1,4,1,True,46,0.92,11.427234644227987,0,0,14.885096000394785,6.294548299982861,0.9494522995880753,False,46,1001
1,4,-1,True,59,1.18,7.740281295397941,0,0,16.30638477240052,7.872305478935019,0.975920706534501,False,59,1000
1,4,-1,True,53,1.06,11.585620150455352,0,0,14.838312478914435,6.294548299982861,0.9262358210684263,False,53,1001
1,5,1,True,41,0.8200000000000001,8.311197814759623,0,0,16.513304719246293,7.872305478935019,0.949000759688727,False,41,1000
1,5,1,False,,,44.203623189084546,0,0,-12.803463006728181,6.294548299982861,17.59801130671105,False,150,1001
1,5,-1,False,,,19.644313187112903,0,0,-6.1082179327749015,7.872305478935019,12.480523411709937,False,150,1000
1,5,-1,True,70,1.4000000000000001,16.076174086429905,0,0,14.985315446988267,6.294548299982861,0.6092328529945956,False,70,1001
1,6,1,False,,,5.20950867126855,0,0,-1.1383162911631084,7.872305478935019,7.510621770098126,False,150,1000
1,6,1,False,,,14.973482418817644,0,0,-3.4019125118221685,6.294548299982861,8.196460811805045,False,150,1001
1,6,-1,True,81,1.62,10.513690959101353,0,0,16.359342569912666,7.872305478935019,0.7029629090223531,False,81,1000
1,6,-1,False,,,51.20306476176925,0,0,-24.357888940307628,6.294548299982861,29.152437240290457,False,150,1001
1,7,1,False,,,49.781955403582884,0,0,-19.750628825729912,7.872305478935019,26.12293430466492,False,150,1000
1,7,1,False,,,53.90327496072877,0,0,-27.418657969728844,6.294548299982861,32.213206269711634,False,150,1001
1,7,-1,False,,,20.631654292838185,0,0,-9.104081534467236,7.872305478935019,15.476387013402277,False,150,1000
1,7,-1,False,,,24.2211701385566,0,0,-3.049367155519886,6.294548299982861,7.843915455502747,False,150,1001
2,0,1,False,,,42.22219352072381,0,0,-2.793705662005734,9.171104247193439,10.464809909199182,False,150,2000
2,0,1,True,29,0.58,6.143574726916492,0,0,14.982962634321975,6.269351194101572,0.9963885597795964,False,29,2001
2,0,-1,False,,,18.641293653244006,0,0,1.0525470510999173,9.171104247193439,6.618557196093535,False,150,2000
2,0,-1,False,,,3.6729919816023577,0,0,0.0906516717552793,6.269351194101572,4.6786995223462915,False,150,2001
2,1,1,False,,,42.50040887908678,0,0,-4.660200258203431,9.171104247193439,12.331304505396886,False,150,2000
2,1,1,True,49,0.98,7.124261302679152,0,0,14.782520464962317,6.269351194101572,0.9968307291392569,False,49,2001
2,1,-1,False,,,10.714328428785484,0,0,-5.577383909713576,9.171104247193439,13.248488156907033,False,150,2000
2,1,-1,True,73,1.46,6.603067596097033,0,0,14.541985863304593,6.269351194101572,0.9973653307969821,False,73,2001
2,2,1,False,,,6.122319361691751,0,0,-3.798045738666424,9.171104247193439,11.469149985859879,False,150,2000
2,2,1,False,,,5.282773959728176,0,0,0.6909473814145213,6.269351194101572,4.078403812687049,False,150,2001
2,2,-1,False,,,50.33512773684167,0,0,-16.015061100907698,9.171104247193439,23.686165348101152,False,150,2000
2,2,-1,True,23,0.46,6.780743574541884,0,0,15.383639921129635,6.269351194101572,0.655711272971936,False,23,2001
2,3,1,False,,,36.25706874315169,0,0,0.25440483073517073,9.171104247193439,7.416699416458279,False,150,2000
2,3,1,True,43,0.86,6.983261305826674,0,0,14.891831512563733,6.269351194101572,0.9475196815378403,False,43,2001
2,3,-1,False,,,9.220660256439421,0,0,-2.9736525213368012,9.171104247193439,10.644756768530248,False,150,2000
2,3,-1,False,,,3.154064380262825,0,0,-1.080704533446685,6.269351194101572,5.850055727548256,False,150,2001
2,4,1,False,,,15.316121314638622,0,0,-5.96380471278621,9.171104247193439,13.634908959979676,False,150,2000
2,4,1,True,131,2.62,14.925836318249267,0,0,13.973774144283148,6.269351194101572,0.9855770498184263,False,131,2001
2,4,-1,True,96,1.92,22.719759731184404,0,0,17.32836710334725,9.171104247193439,0.8827371438461907,False,96,2000
2,4,-1,True,36,0.72,6.392311836572801,0,0,14.986002461406711,6.269351194101572,0.9233487326948604,False,36,2001
2,5,1,False,,,30.545437308392753,0,0,0.48128062467306987,9.171104247193439,7.189823622520393,False,150,2000
2,5,1,True,47,0.9400000000000001,6.288568833561735,0,0,14.83406859057072,6.269351194101572,0.9652826035308529,False,47,2001
2,5,-1,False,,,40.58499916932967,0,0,-6.351501106038358,9.171104247193439,14.022605353231812,False,150,2000
2,5,-1,False,,,13.867497201618255,0,0,0.4470962385853514,6.269351194101572,4.322254955516219,False,150,2001
2,6,1,False,,,31.188083816992577,0,0,-3.2911012600907155,9.171104247193439,10.962205507284164,False,150,2000
2,6,1,False,,,4.597808492219361,0,0,-0.30576471789354,6.269351194101572,5.075115911995111,False,150,2001
2,6,-1,False,,,27.253658607709443,0,0,4.770617571863523,9.171104247193439,2.90048667532993,False,150,2000
2,6,-1,True,44,0.88,6.666651045283477,0,0,14.965843557888771,6.269351194101572,0.8635076362127999,False,44,2001
2,7,1,False,,,42.33022263166042,0,0,-0.0075193195240014984,9.171104247193439,7.67862356671745,False,150,2000
2,7,1,True,30,0.6,6.554421162037717,0,0,15.04996495906657,6.269351194101572,0.919386235035003,False,30,2001
2,7,-1,False,,,18.884419126689913,0,0,4.384874891358563,9.171104247193439,3.2862293558348794,False,150,2000
2,7,-1,False,,,5.863120368134263,0,0,3.646500193020821,6.269351194101572,1.1228510010807595,False,150,2001
3,0,1,False,,,14.483098285236588,0,0,2.3718980578757907,6.830979194446965,2.959081136571176,False,150,3000
3,0,1,False,,,16.28833635309209,0,0,-0.6757343584342009,9.485737258288605,8.661471616722805,False,150,3001
3,0,-1,True,39,0.78,8.287319977810693,0,0,15.71600148596764,6.830979194446965,0.7249777084793271,False,39,3000
3,0,-1,False,,,41.29547137790107,0,0,-16.265291833163236,9.485737258288605,24.25102909145186,False,150,3001
3,1,1,True,31,0.62,7.403843723752206,0,0,15.646276890525664,6.830979194446965,0.8747023039213021,False,31,3000
3,1,1,False,,,50.687841712794,0,0,-27.5640436362048,9.485737258288605,35.54978089449331,False,150,3001
3,1,-1,False,,,25.96432598021302,0,0,-14.68938019149487,6.830979194446965,20.02035938594186,False,150,3000
3,1,-1,False,,,15.92500125953799,0,0,-0.3348591065302521,9.485737258288605,8.320596364818856,False,150,3001
3,2,1,True,34,0.68,7.610471462486794,0,0,15.53214960541247,6.830979194446965,0.9588295890344959,False,34,3000
3,2,1,False,,,53.57064758315864,0,0,-38.02776824711219,9.485737258288605,46.013505505400765,False,150,3001
3,2,-1,True,55,1.1,7.458279988232803,0,0,15.312148801718344,6.830979194446965,0.9688303927286263,False,55,3000
3,2,-1,False,,,20.96038313795242,0,0,3.779562875692128,9.485737258288605,4.2061743825964815,False,150,3001
3,3,1,True,61,1.22,8.162481277059422,0,0,15.311601430433917,6.830979194446965,0.9093777640130525,False,61,3000
3,3,1,False,,,19.94300828596501,0,0,-1.3654737272975368,9.485737258288605,9.35121098558614,False,150,3001
3,3,-1,True,67,1.34,8.575763737787184,0,0,15.303866361614816,6.830979194446965,0.8571128328321499,False,67,3000
3,3,-1,False,,,29.696706048255784,0,0,-3.7298319880748805,9.485737258288605,11.715569246363504,False,150,3001
3,4,1,True,36,0.72,7.20263060050698,0,0,15.526010097593343,6.830979194446965,0.9449690968536246,False,36,3000
3,4,1,False,,,34.61042757772272,0,0,-6.745889498775012,9.485737258288605,14.731626757063632,False,150,3001
3,4,-1,False,,,13.47882618665221,0,0,-0.9502527826680361,6.830979194446965,6.2812319771150005,False,150,3000
3,4,-1,False,,,17.05647919372087,0,0,4.6843317961195075,9.485737258288605,3.3014054621691074,False,150,3001
3,5,1,False,,,14.342782623050603,0,0,-3.4805861888097684,6.830979194446965,8.811565383256747,False,150,3000
3,5,1,False,,,16.45514802899401,0,0,5.360769764364075,9.485737258288605,2.624967493924536,False,150,3001
3,5,-1,True,36,0.72,8.304300021292963,0,0,15.567841521625391,6.830979194446965,0.9031376728215749,False,36,3000
3,5,-1,False,,,42.735857168159185,0,0,-8.390728274202898,9.485737258288605,16.37646553249152,False,150,3001
3,6,1,True,43,0.86,7.792418216879549,0,0,15.685844848899501,6.830979194446965,0.7151343455474647,False,43,3000
3,6,1,False,,,31.086423853319722,0,0,0.02827188153061723,9.485737258288605,7.957465376757993,False,150,3001
3,6,-1,True,62,1.24,7.632512992035833,0,0,15.248454426738093,6.830979194446965,0.9625247677088755,False,62,3000
3,6,-1,False,,,24.277868831652,0,0,-2.1574313611939306,9.485737258288605,10.143168619482553,False,150,3001
3,7,1,True,30,0.6,7.1285299835746345,0,0,15.61877470481519,6.830979194446965,0.9122044896317758,False,30,3000
3,7,1,False,,,54.69967528641884,0,0,-35.574590150745756,9.485737258288605,43.560327409034315,False,150,3001
3,7,-1,True,147,2.94,10.430254575432372,0,0,14.381567097855157,6.830979194446965,0.9794120965918129,False,147,3000
3,7,-1,False,,,16.724835234678952,0,0,-1.7475564878233716,9.485737258288605,9.733293746111976,False,150,3001
4,0,1,False,,,29.947044604821073,0,0,-4.014148839098421,9.738796858029003,12.25294569712744,False,150,4000
4,0,1,False,,,31.773932282886207,0,0,-5.255147796902191,8.004257231413446,11.759405028315653,False,150,4001
4,0,-1,False,,,41.74953967964913,0,0,-11.749866227373833,9.738796858029003,19.988663085402848,False,150,4000
4,0,-1,False,,,46.30407816722934,0,0,-20.385013380237787,8.004257231413446,26.88927061165122,False,150,4001
4,1,1,True,73,1.46,16.550492293729693,0,0,18.12459986825208,9.738796858029003,0.8841969897769273,False,73,4000
4,1,1,True,47,0.9400000000000001,10.74855392960918,0,0,16.571427578906942,8.004257231413446,0.9628296525065049,False,47,4001
4,1,-1,False,,,29.07036461153243,0,0,-4.0084486331322875,9.738796858029003,12.247245491161298,False,150,4000
4,1,-1,True,141,2.82,30.597077152169025,0,0,15.727695269834097,8.004257231413446,0.8665619615793541,False,141,4001
4,2,1,False,,,48.40158294615564,0,0,-17.24989771879988,9.738796858029003,25.48869457682889,False,150,4000
4,2,1,False,,,49.80269980973346,0,0,-21.050824986621784,8.004257231413446,27.555082218035214,False,150,4001
4,2,-1,False,,,23.001219983633447,0,0,0.24843145519911758,9.738796858029003,7.990365402829893,False,150,4000
4,2,-1,False,,,26.340865008737836,0,0,-3.2045992657165447,8.004257231413446,9.708856497129998,False,150,4001
4,3,1,False,,,28.451795746319497,0,0,-11.33691394443766,9.738796858029003,19.57571080246668,False,150,4000
4,3,1,False,,,27.914712013742445,0,0,-14.145895662917784,8.004257231413446,20.650152894331253,False,150,4001
4,3,-1,False,,,52.46930692411721,0,0,-15.680083799318187,9.738796858029003,23.91888065734721,False,150,4000
4,3,-1,False,,,53.00586553188587,0,0,-23.440241862281553,8.004257231413446,29.944499093694976,False,150,4001
4,4,1,False,,,47.33707641700052,0,0,-18.65509052200301,9.738796858029003,26.893887380032012,False,150,4000
4,4,1,False,,,46.44765291525648,0,0,-18.669065841436815,8.004257231413446,25.173323072850255,False,150,4001
4,4,-1,False,,,23.194047850673307,0,0,0.29252073468727335,9.738796858029003,7.946276123341735,False,150,4000
4,4,-1,False,,,23.103231822301993,0,0,-5.356681929592415,8.004257231413446,11.860939161005877,False,150,4001
4,5,1,False,,,26.020728078951564,0,0,-2.7419719952491795,9.738796858029003,10.980768853278192,False,150,4000
4,5,1,False,,,28.307577230394887,0,0,-4.440871171109926,8.004257231413446,10.945128402523377,False,150,4001
4,5,-1,False,,,47.39502533468981,0,0,-16.984762219265505,9.738796858029003,25.223559077294517,False,150,4000
4,5,-1,False,,,48.57506552823032,0,0,-20.91359944049245,8.004257231413446,27.417856671905877,False,150,4001
4,6,1,False,,,35.0698249540594,0,0,-5.708907343193102,9.738796858029003,13.947704201222123,False,150,4000
4,6,1,False,,,42.00080442328492,0,0,-14.477107769134445,8.004257231413446,20.98136500054791,False,150,4001
4,6,-1,False,,,35.99643394485322,0,0,-6.448964045681187,9.738796858029003,14.6877609037102,False,150,4000
4,6,-1,False,,,37.460791594666475,0,0,-11.135612203502166,8.004257231413446,17.639869434915624,False,150,4001
4,7,1,False,,,43.81641131703777,0,0,-12.225504028011324,9.738796858029003,20.46430088604034,False,150,4000
4,7,1,False,,,46.22522779449867,0,0,-17.396108140391306,8.004257231413446,23.90036537180475,False,150,4001
4,7,-1,False,,,28.844099743551876,0,0,-2.571437305473024,9.738796858029003,10.810234163502033,False,150,4000
4,7,-1,False,,,20.448300050212573,0,0,4.32515720938384,8.004257231413446,2.1791000220296137,False,150,4001
5,0,1,False,,,13.476272635418203,0,0,3.955161662897585,7.62323124870712,2.1680695858095547,False,150,5000
5,0,1,False,,,12.931925503556938,0,0,-3.1408958893145087,9.594597909508437,11.235493798822969,False,150,5001
5,0,-1,False,,,41.744869081274786,0,0,-6.497914779217796,7.62323124870712,12.62114602792494,False,150,5000
5,0,-1,True,101,2.02,26.370684809804487,0,0,17.627944740017004,9.594597909508437,0.956653169491435,False,101,5001
5,1,1,False,,,18.361165008089966,0,0,-0.19537092594152072,7.62323124870712,6.31860217464864,False,150,5000
5,1,1,False,,,24.84048619888223,0,0,2.9476294505829674,9.594597909508437,5.146968458925488,False,150,5001
5,1,-1,False,,,31.552248204696287,0,0,0.2382846222128081,7.62323124870712,5.884946626494315,False,150,5000
5,1,-1,False,,,35.263832200443055,0,0,-1.0972544044220276,9.594597909508437,9.19185231393047,False,150,5001
5,2,1,False,,,10.558871983192542,0,0,1.8251061555781039,7.62323124870712,4.298125093129015,False,150,5000
5,2,1,False,,,25.088657774832438,0,0,3.966726403296197,9.594597909508437,4.127871506212243,False,150,5001
5,2,-1,False,,,27.157543958609793,0,0,-4.570813126305796,7.62323124870712,10.694044375012924,False,150,5000
5,2,-1,False,,,29.393614866650818,0,0,-0.9175208734098017,9.594597909508437,9.012118782918243,False,150,5001
5,3,1,False,,,15.9817696457115,0,0,2.010556710251853,7.62323124870712,4.112674538455286,False,150,5000
5,3,1,False,,,27.500757564288293,0,0,2.8532409449708096,9.594597909508437,5.241356964537634,False,150,5001
5,3,-1,False,,,31.1613564572938,0,0,-6.972746266876095,7.62323124870712,13.095977515583227,False,150,5000
5,3,-1,False,,,30.781286235861266,0,0,-0.31829029970784406,9.594597909508437,8.41288820921629,False,150,5001
5,4,1,True,102,2.04,13.20500652784257,0,0,15.6126348741961,7.62323124870712,0.9905963745110281,False,102,5000
5,4,1,False,,,27.146255418001743,0,0,2.4880231375254658,9.594597909508437,5.6065747719829755,False,150,5001
5,4,-1,False,,,30.19415080412392,0,0,-10.504774969111415,7.62323124870712,16.628006217818545,False,150,5000
5,4,-1,False,,,38.96867718301413,0,0,-0.1886250366424191,9.594597909508437,8.283222946150865,False,150,5001
5,5,1,False,,,35.60981406065362,0,0,-7.92599927355988,7.62323124870712,14.049230522267024,False,150,5000
5,5,1,False,,,31.90793774688784,0,0,-1.0520572036082845,9.594597909508437,9.146655113116726,False,150,5001
5,5,-1,False,,,21.76572080334533,0,0,-1.701397625528931,7.62323124870712,7.8246288742360575,False,150,5000
5,5,-1,False,,,20.033823351087822,0,0,0.7262217068138012,9.594597909508437,7.368376202694651,False,150,5001
5,6,1,False,,,15.619175902469122,0,0,2.0834946661106617,7.62323124870712,4.039736582596484,False,150,5000
5,6,1,False,,,19.96385503784782,0,0,3.7747800389685597,9.594597909508437,4.319817870539891,False,150,5001
5,6,-1,False,,,41.25993887921477,0,0,-19.87672165220758,7.62323124870712,25.99995290091466,False,150,5000
5,6,-1,False,,,39.19391461984753,0,0,0.5067483957549843,9.594597909508437,7.587849513753464,False,150,5001
5,7,1,False,,,13.445955701659678,0,0,1.117208086797905,7.62323124870712,5.006023161909214,False,150,5000
5,7,1,False,,,21.97038703215107,0,0,2.456522027425838,9.594597909508437,5.638075882082611,False,150,5001
5,7,-1,False,,,29.719920847814585,0,0,-5.8193580856039295,7.62323124870712,11.942589334311064,False,150,5000
5,7,-1,False,,,36.499820914321994,0,0,-3.6534379112234854,9.594597909508437,11.74803582073193,False,150,5001
6,0,1,False,,,6.660079166762246,0,0,-0.24226967372182262,9.382278634163663,8.124548307885485,False,150,6000
6,0,1,False,,,1.2404827279223658,0,0,-1.234099459629367,8.535074755138247,8.269174214767613,False,150,6001
6,0,-1,True,58,1.16,10.096986356688712,0,0,17.84211627577769,9.382278634163663,0.9601623583859779,False,58,6000
6,0,-1,False,,,37.82318276428821,0,0,-4.795289131512698,8.535074755138247,11.830363886650957,False,150,6001
6,1,1,True,86,1.72,14.580546515264388,0,0,17.60001017778848,9.382278634163663,0.9222684563751873,False,86,6000
6,1,1,True,86,1.72,15.370529328578455,0,0,16.91678087014257,8.535074755138247,0.7582938849956835,False,86,6001
6,1,-1,False,,,9.941644286288883,0,0,0.9755464386586521,9.382278634163663,6.90673219550501,False,150,6000
6,1,-1,False,,,10.402246494601352,0,0,0.5006668741648697,8.535074755138247,6.534407880973376,False,150,6001
6,2,1,False,,,15.821734235765197,0,0,-4.750146901266964,9.382278634163663,12.632425535430643,False,150,6000
6,2,1,False,,,13.70474476076128,0,0,-3.4574256090876814,8.535074755138247,10.492500364225933,False,150,6001
6,2,-1,True,36,0.72,12.391352185108127,0,0,18.057187504229155,9.382278634163663,0.9650911299345108,False,36,6000
6,2,-1,True,28,0.56,9.195891038871165,0,0,17.44391582645271,8.535074755138247,0.8111589286855407,False,28,6001
6,3,1,False,,,37.677379190054616,0,0,-6.003127325064866,9.382278634163663,13.885405959228544,False,150,6000
6,3,1,True,44,0.88,9.558756266080428,0,0,17.205160678463056,8.535074755138247,0.8899140766751913,False,44,6001
6,3,-1,False,,,10.983079980277493,0,0,-1.5009579319989197,9.382278634163663,9.383236566162582,False,150,6000
6,3,-1,False,,,10.333820526795035,0,0,-1.1298003748303345,8.535074755138247,8.16487512996858,False,150,6001
6,4,1,False,,,19.638814271136777,0,0,-5.85838638001051,9.382278634163663,13.740665014174189,False,150,6000
6,4,1,False,,,16.906558664705795,0,0,-3.376975616912456,8.535074755138247,10.412050372050711,False,150,6001
6,4,-1,True,58,1.16,9.939238640686765,0,0,18.008160999411835,9.382278634163663,0.7941176347518313,False,58,6000
6,4,-1,True,49,0.98,9.138667404419062,0,0,17.229792736293067,8.535074755138247,0.8152820188451818,False,49,6001
6,5,1,False,,,3.1048077079696714,0,0,-1.124302581446659,9.382278634163663,9.006581215610321,False,150,6000
6,5,1,True,133,2.66,10.794809379562436,0,0,16.303840864999028,8.535074755138247,0.9012338901392251,False,133,6001
6,5,-1,True,65,1.3,10.007217975636442,0,0,17.95456145429619,9.382278634163663,0.7777171798674789,False,65,6000
6,5,-1,True,54,1.08,8.858574601135516,0,0,17.080851718233234,8.535074755138247,0.9142230369050175,False,54,6001
6,6,1,True,74,1.48,10.321639314973423,0,0,17.750695980505363,9.382278634163663,0.8915826536583076,False,74,6000
6,6,1,True,60,1.2,8.82058014783519,0,0,16.95850871203147,8.535074755138247,0.9765660431067815,False,60,6001
6,6,-1,False,,,4.690596354859164,0,0,0.057160524593911376,9.382278634163663,7.825118109569751,False,150,6000
6,6,-1,False,,,5.280325852325385,0,0,1.1332467605534977,8.535074755138247,5.901827994584748,False,150,6001
6,7,1,True,59,1.18,9.988387808521987,0,0,17.950527040165454,9.382278634163663,0.841751593998213,False,59,6000
6,7,1,True,48,0.96,8.630250496668134,0,0,17.176703526806225,8.535074755138247,0.8783712283320244,False,48,6001
6,7,-1,False,,,7.312650627348167,0,0,0.521454242470193,9.382278634163663,7.36082439169347,False,150,6000
6,7,-1,False,,,5.2922048213366795,0,0,0.6920724075775309,8.535074755138247,6.343002347560715,False,150,6001
7,0,1,False,,,50.7677079083867,0,0,-32.48405849823697,9.79980101121602,40.783859509452874,False,150,7000
7,0,1,False,,,43.64623345491482,0,0,-6.85892936007637,8.56184524469918,13.92077460477557,False,150,7001
7,0,-1,False,,,21.422565433265547,0,0,-1.8753538218152679,9.79980101121602,10.175154833031288,False,150,7000
7,0,-1,False,,,18.04791912488151,0,0,-4.873185991283838,8.56184524469918,11.935031235983026,False,150,7001
7,1,1,False,,,18.789151900728985,0,0,-3.299938800967915,9.79980101121602,11.599739812183946,False,150,7000
7,1,1,False,,,12.088479397270826,0,0,-0.680225198194111,8.56184524469918,7.74207044289329,False,150,7001
7,1,-1,False,,,46.45569734872964,0,0,-2.6185515265686092,9.79980101121602,10.918352537784658,False,150,7000
7,1,-1,True,35,0.7000000000000001,9.53449230491378,0,0,17.24514525383963,8.56184524469918,0.9666999908595543,False,35,7001
7,2,1,False,,,47.995705024942446,0,0,-27.83182133047351,9.79980101121602,36.13162234168942,False,150,7000
7,2,1,True,53,1.06,9.871835157850485,0,0,17.08940964933613,8.56184524469918,0.9424355953630559,False,53,7001
7,2,-1,False,,,14.963828085189013,0,0,-2.10603183715206,9.79980101121602,10.405832848368082,False,150,7000
7,2,-1,True,109,2.18,14.068810605027222,0,0,16.831034896499254,8.56184524469918,0.6408103481999397,False,109,7001
7,3,1,False,,,13.480635001258179,0,0,-3.4488006717860333,9.79980101121602,11.748601683002072,False,150,7000
7,3,1,False,,,9.480521280425826,0,0,3.563588197410658,8.56184524469918,3.498257047288534,False,150,7001
7,3,-1,False,,,33.88522307600191,0,0,-8.93105507126883,9.79980101121602,17.23085608248487,False,150,7000
7,3,-1,False,,,35.7084130102038,0,0,0.5853837715127159,8.56184524469918,6.476461473186476,False,150,7001
7,4,1,False,,,19.331161726798868,0,0,5.952709629638341,9.79980101121602,2.3470913815776813,False,150,7000
7,4,1,False,,,15.657544106924687,0,0,3.3441842857124016,8.56184524469918,3.7176609589868015,False,150,7001
7,4,-1,False,,,28.455880966600667,0,0,-19.967714380839915,9.79980101121602,28.267515392055916,False,150,7000
7,4,-1,True,60,1.2,9.133679894595447,0,0,16.96232483674187,8.56184524469918,0.9995204079573111,False,60,7001
7,5,1,False,,,24.815573972187558,0,0,-1.166003855434663,9.79980101121602,9.465804866650682,False,150,7000
7,5,1,False,,,22.73843245226318,0,0,-4.823050629651662,8.56184524469918,11.884895874350859,False,150,7001
7,5,-1,False,,,46.18096852764017,0,0,-4.778789900711285,9.79980101121602,13.078590911927334,False,150,7000
7,5,-1,False,,,45.73854339043955,0,0,-9.518379410918644,8.56184524469918,16.580224655617847,False,150,7001
7,6,1,False,,,52.597019250522244,0,0,-34.56200624582542,9.79980101121602,42.86180725704136,False,150,7000
7,6,1,False,,,46.48353145137044,0,0,-15.766527227698074,8.56184524469918,22.828372472397277,False,150,7001
7,6,-1,False,,,21.285640572510417,0,0,-5.779354882489221,9.79980101121602,14.079155893705256,False,150,7000
7,6,-1,False,,,22.587329524937676,0,0,-5.579263855597452,8.56184524469918,12.64110910029665,False,150,7001
7,7,1,False,,,19.584447792838358,0,0,-0.4723199222855461,9.79980101121602,8.772120933501572,False,150,7000
7,7,1,True,121,2.42,11.59353122294423,0,0,16.397188450005267,8.56184524469918,0.9546567946939213,False,121,7001
7,7,-1,False,,,24.471432447387635,0,0,-9.436615237751619,9.79980101121602,17.736416248967668,False,150,7000
7,7,-1,True,69,1.3800000000000001,10.947648403030485,0,0,16.890516663095664,8.56184524469918,0.9813285816035218,False,69,7001
8,0,1,True,67,1.34,7.718050560672386,0,0,15.486716443216814,7.065058865897444,0.908342422680635,False,67,8000
8,0,1,False,,,16.55340599354936,0,0,-3.4983483766490613,8.352367173194459,10.35071554984354,False,150,8001
8,0,-1,True,144,2.88,26.910298613953003,0,0,14.711978835645207,7.065058865897444,0.9130800302522455,False,144,8000
8,0,-1,False,,,22.44467097427612,0,0,-6.213892638473393,8.352367173194459,13.066259811667878,False,150,8001
8,1,1,False,,,14.976016372889939,0,0,-3.9181781081744527,7.065058865897444,9.483236974071906,False,150,8000
8,1,1,False,,,21.042553138033202,0,0,-3.0863583708630724,8.352367173194459,9.938725544057537,False,150,8001
8,1,-1,True,27,0.54,7.301588305622106,0,0,15.853734653748925,7.065058865897444,0.941324212148521,False,27,8000
8,1,-1,False,,,36.853369277100555,0,0,-12.854079656349754,8.352367173194459,19.70644682954424,False,150,8001
8,2,1,False,,,7.614284708609543,0,0,0.9833516725736664,7.065058865897444,4.581707193323776,False,150,8000
8,2,1,False,,,21.36928609276075,0,0,4.67774805156473,8.352367173194459,2.174619121629741,False,150,8001
8,2,-1,False,,,36.059499591338316,0,0,1.437889504218153,7.065058865897444,4.127169361679297,False,150,8000
8,2,-1,False,,,37.19057436261478,0,0,-0.45876089928697406,8.352367173194459,7.3111280724814565,False,150,8001
8,3,1,True,27,0.54,7.471630014305748,0,0,15.93704312662268,7.065058865897444,0.8580157392747659,False,27,8000
8,3,1,False,,,46.86842391522582,0,0,-13.783527389251734,8.352367173194459,20.63589456244622,False,150,8001
8,3,-1,False,,,20.818201604391913,0,0,-9.908171230774023,7.065058865897444,15.473230096671482,False,150,8000
8,3,-1,False,,,22.175341691914465,0,0,-3.92745489607261,8.352367173194459,10.779822069267077,False,150,8001
8,4,1,False,,,35.934068453483775,0,0,-0.6941297376830944,7.065058865897444,6.259188603580552,False,150,8000
8,4,1,False,,,35.74551104325376,0,0,2.7961111808234183,8.352367173194459,4.056255992371064,False,150,8001
8,4,-1,False,,,22.212454074010452,0,0,-5.826917695196492,7.065058865897444,11.391976561093955,False,150,8000
8,4,-1,False,,,24.589058737024637,0,0,-0.4830198376803021,8.352367173194459,7.33538701087476,False,150,8001
8,5,1,False,,,16.16534772121039,0,0,-0.33540757336443694,7.065058865897444,5.90046643926188,False,150,8000
8,5,1,False,,,21.599508015853008,0,0,-9.44755446923562,8.352367173194459,16.299921642430107,False,150,8001
8,5,-1,True,42,0.84,7.693382476832247,0,0,15.76823149452887,7.065058865897444,0.8768273713685772,False,42,8000
8,5,-1,False,,,10.670819420829956,0,0,-5.197415928147008,8.352367173194459,12.049783101341491,False,150,8001
8,6,1,False,,,21.10441768322131,0,0,-6.786221997601614,7.065058865897444,12.351280863499069,False,150,8000
8,6,1,False,,,19.130034215165754,0,0,-1.792086532161457,8.352367173194459,8.644453705355915,False,150,8001
8,6,-1,True,29,0.58,7.365001501599429,0,0,15.791164880640906,7.065058865897444,0.9838939852565378,False,29,8000
8,6,-1,False,,,27.525738022796737,0,0,-11.93294974047108,8.352367173194459,18.785316913665568,False,150,8001
8,7,1,True,41,0.8200000000000001,7.0466819650256785,0,0,15.688046867598327,7.065058865897444,0.9670119982991197,False,41,8000
8,7,1,True,139,2.7800000000000002,25.95264456897428,0,0,16.161265804559527,8.352367173194459,0.8011013686349495,False,139,8001
8,7,-1,True,70,1.4000000000000001,10.090799696758333,0,0,15.566947286230198,7.065058865897444,0.798111579667254,False,70,8000
8,7,-1,False,,,20.347485086725946,0,0,-9.395353840544194,8.352367173194459,16.24772101373868,False,150,8001
9,0,1,True,74,1.48,11.2656135286718,0,0,14.4961107034364,6.213834704363471,0.9777240009270752,False,74,9000
9,0,1,False,,,25.268125333399,0,0,-1.4484154540667664,9.5065292781639,9.454944732230672,False,150,9001
9,0,-1,True,40,0.8,7.767478778367903,0,0,14.831440182129828,6.213834704363471,0.9823945222336434,False,40,9000
9,0,-1,False,,,23.299415710783645,0,0,5.046933030585848,9.5065292781639,2.959596247578054,False,150,9001
9,1,1,True,43,0.86,8.979489142715599,0,0,14.927757172490985,6.213834704363471,0.8560775318724876,False,43,9000
9,1,1,False,,,35.89489869072581,0,0,-2.906391599065688,9.5065292781639,10.912920877229604,False,150,9001
9,1,-1,True,50,1.0,9.108746908815599,0,0,14.721899256110625,6.213834704363471,0.9919354482528479,False,50,9000
9,1,-1,False,,,13.304443436780874,0,0,0.15015879822651637,9.5065292781639,7.856370479937382,False,150,9001
9,2,1,False,,,28.300510640568838,0,0,-4.917551306702527,6.213834704363471,9.63138601106602,False,150,9000
9,2,1,False,,,16.575962990467506,0,0,1.9748149382178422,9.5065292781639,6.031714339946056,False,150,9001
9,2,-1,True,72,1.44,8.984982777573137,0,0,14.551289395126577,6.213834704363471,0.9425453092369036,False,72,9000
9,2,-1,False,,,20.25352794622128,0,0,3.3226079172500795,9.5065292781639,4.68392136091383,False,150,9001
9,3,1,False,,,38.26600208542159,0,0,-0.2228161847755945,6.213834704363471,4.9366508891390835,False,150,9000
9,3,1,False,,,38.71866189772529,0,0,-4.624398164078427,9.5065292781639,12.630927442242337,False,150,9001
9,3,-1,False,,,14.917837015358208,0,0,1.7894785790889456,6.213834704363471,2.924356125274524,False,150,9000
9,3,-1,False,,,21.249692219363006,0,0,-7.133010406200407,9.5065292781639,15.139539684364323,False,150,9001
9,4,1,False,,,48.8756608214768,0,0,-14.952097475745344,6.213834704363471,19.665932180108836,False,150,9000
9,4,1,False,,,49.75012578604376,0,0,-8.905569524060137,9.5065292781639,16.91209880222405,False,150,9001
9,4,-1,False,,,23.903507287489436,0,0,-13.147718387170634,6.213834704363471,17.861553091534123,False,150,9000
9,4,-1,False,,,25.83811347359406,0,0,-11.290858808338355,9.5065292781639,19.29738808650227,False,150,9001
9,5,1,True,31,0.62,7.904121283011536,0,0,14.985186214632197,6.213834704363471,0.9186484897312756,False,31,9000
9,5,1,False,,,39.277736331491525,0,0,-3.0922472078964818,9.5065292781639,11.098776486060387,False,150,9001
9,5,-1,False,,,17.265334656818702,0,0,-0.8531339162373791,6.213834704363471,5.566968620600849,False,150,9000
9,5,-1,False,,,22.21509016722214,0,0,-2.2940862386213245,9.5065292781639,10.30061551678524,False,150,9001
9,6,1,True,82,1.6400000000000001,14.576833150588724,0,0,14.402345643008697,6.213834704363471,0.9914890613547783,False,82,9000
9,6,1,False,,,17.559554813240922,0,0,2.5934854841977706,9.5065292781639,5.413043793966135,False,150,9001
9,6,-1,True,31,0.62,6.421112353561794,0,0,14.997334621592746,6.213834704363471,0.9065000827707246,False,31,9000
9,6,-1,True,91,1.82,17.593896083404626,0,0,17.80356351169394,9.5065292781639,0.7929657664699612,False,91,9001
9,7,1,False,,,31.051640775853425,0,0,-8.141426675298646,6.213834704363471,12.855261379662133,False,150,9000
9,7,1,False,,,33.73009794572812,0,0,-2.458691854901341,9.5065292781639,10.465221133065251,False,150,9001
9,7,-1,False,,,11.717941432631061,0,0,3.5955091054185058,6.213834704363471,1.11832559894498,False,150,9000
9,7,-1,False,,,19.886386777829085,0,0,3.6531856795980424,9.5065292781639,4.35334359856586,False,150,9001
10,0,1,False,,,12.948400629471886,0,0,3.595542106073136,7.205332057292296,2.1097899512191742,False,150,10000
10,0,1,False,,,16.135189770844804,0,0,-0.7698053532141247,8.239471254259945,7.509276607474068,False,150,10001
10,0,-1,True,132,2.64,29.3793516782077,0,0,14.890161700473536,7.205332057292296,0.9951703568187635,False,132,10000
10,0,-1,False,,,26.08066126695515,0,0,0.659885023210703,8.239471254259945,6.079586231049249,False,150,10001
10,1,1,False,,,14.069502097214729,0,0,2.5832746017375294,7.205332057292296,3.122057455554792,False,150,10000
10,1,1,False,,,8.760184353072503,0,0,-0.6664121645334308,8.239471254259945,7.405883418793374,False,150,10001
10,1,-1,True,34,0.68,7.6125588226953935,0,0,15.910916012489102,7.205332057292296,0.9544160448031958,False,34,10000
10,1,-1,False,,,39.458368012372,0,0,2.828632820426089,8.239471254259945,3.9108384338338618,False,150,10001
10,2,1,False,,,18.841763168176755,0,0,2.128179985574246,7.205332057292296,3.5771520717180656,False,150,10000
10,2,1,False,,,7.744821271990212,0,0,-0.6095071310639251,8.239471254259945,7.348978385323869,False,150,10001
10,2,-1,True,44,0.88,7.669735432961622,0,0,15.800190508442844,7.205332057292296,0.965141548849454,False,44,10000
10,2,-1,False,,,27.55205074935585,0,0,-2.9442658246787463,8.239471254259945,9.683737078938698,False,150,10001
10,3,1,True,35,0.7000000000000001,7.402698256440942,0,0,15.877513820871144,7.205332057292296,0.9778182364211538,False,35,10000
10,3,1,True,55,1.1,10.339146723333517,0,0,16.85412214605337,8.239471254259945,0.8353491082065787,False,55,10001
10,3,-1,True,145,2.9,14.908166369869315,0,0,14.804567262365364,7.205332057292296,0.9507647949269532,False,145,10000
10,3,-1,False,,,11.968622108815595,0,0,0.18477117162910683,8.239471254259945,6.554700082630838,False,150,10001
10,4,1,False,,,21.55477449241854,0,0,-0.08294693424760782,7.205332057292296,5.788278991539913,False,150,10000
10,4,1,False,,,13.33714644854036,0,0,1.7845341130330536,8.239471254259945,4.95493714122689,False,150,10001
10,4,-1,True,50,1.0,7.9826098808781385,0,0,15.916654845267036,7.205332057292296,0.788677212025263,False,50,10000
10,4,-1,True,83,1.6600000000000001,11.578113516414216,0,0,16.59446619364866,8.239471254259945,0.8150050606112856,False,83,10001
10,5,1,False,,,14.464185856917313,0,0,0.40545467212026853,7.205332057292296,5.29987738517203,False,150,10000
10,5,1,False,,,12.467493989502119,0,0,-4.676806530275249,8.239471254259945,11.416277784535206,False,150,10001
10,5,-1,True,31,0.62,7.095840435960429,0,0,15.943163693454729,7.205332057292296,0.9521683638375669,False,31,10000
10,5,-1,True,48,0.96,9.550424160017524,0,0,16.912525922183775,8.239471254259945,0.8469453320761693,False,48,10001
10,6,1,True,42,0.84,8.197404610831928,0,0,16.017732476462207,7.205332057292296,0.7675995808300907,False,42,10000
10,6,1,False,,,11.919238910532119,0,0,-0.2584981781429278,8.239471254259945,6.997969432402872,False,150,10001
10,6,-1,False,,,20.398400854050497,0,0,-0.3201692512767304,7.205332057292296,6.025501308569038,False,150,10000
10,6,-1,True,128,2.56,10.987561527080986,0,0,16.04594044357954,8.239471254259945,0.9135308106804212,False,128,10001
10,7,1,False,,,29.06389269509866,0,0,3.040952183136487,7.205332057292296,2.6643798741558156,False,150,10000
10,7,1,False,,,28.783253279442437,0,0,-4.945231830591669,8.239471254259945,11.684703084851627,False,150,10001
10,7,-1,False,,,11.369385118780949,0,0,3.2532800886115263,7.205332057292296,2.4520519686807942,False,150,10000
10,7,-1,False,,,7.700655372429574,0,0,-1.3767467196222587,8.239471254259945,8.116217973882202,False,150,10001
11,0,1,False,,,26.271287749135368,0,0,6.471047926432601,10.245588021782284,2.274540095349701,False,150,11000
11,0,1,False,,,24.547139520510076,0,0,-0.8615972154925707,7.982600126952775,7.344197342445348,False,150,11001
11,0,-1,False,,,21.749661866877993,0,0,4.104559228910103,10.245588021782284,4.641028792872194,False,150,11000
11,0,-1,False,,,14.672409555499994,0,0,-2.216906411485936,7.982600126952775,8.699506538438715,False,150,11001
11,1,1,False,,,20.157389731392076,0,0,-0.5363926968315789,10.245588021782284,9.281980718613884,False,150,11000
11,1,1,False,,,27.232449944571417,0,0,-0.31540741637342967,7.982600126952775,6.798007543326213,False,150,11001
11,1,-1,False,,,21.946158432561585,0,0,0.6404113830829814,10.245588021782284,8.105176638699302,False,150,11000
11,1,-1,False,,,12.071450567973692,0,0,-1.6438583276484464,7.982600126952775,8.12645845460122,False,150,11001
11,2,1,False,,,28.411859370784306,0,0,-8.095976283804118,10.245588021782284,16.841564305586413,False,150,11000
11,2,1,False,,,20.915588829988366,0,0,-2.243321324537959,7.982600126952775,8.725921451490734,False,150,11001
11,2,-1,False,,,46.369394902587324,0,0,-3.3457336026275595,10.245588021782284,12.091321624409858,False,150,11000
11,2,-1,False,,,44.30499533920559,0,0,1.0721675951211316,7.982600126952775,5.410432531831668,False,150,11001
11,3,1,True,75,1.5,20.752203781852874,0,0,18.594859694581693,10.245588021782284,0.9007283272005953,False,75,11000
11,3,1,False,,,41.27552028944003,0,0,-4.973614180660405,7.982600126952775,11.4562143076132,False,150,11001
11,3,-1,False,,,21.465515800795295,0,0,-2.9799996226335645,10.245588021782284,11.725587644415851,False,150,11000
11,3,-1,False,,,17.708187137148848,0,0,-3.0275302610333057,7.982600126952775,9.510130387986088,False,150,11001
11,4,1,False,,,44.83071893491634,0,0,-1.895494152832205,10.245588021782284,10.6410821746145,False,150,11000
11,4,1,False,,,43.276026378822756,0,0,-11.768342691808357,7.982600126952775,18.250942818761157,False,150,11001
11,4,-1,False,,,18.68183831155061,0,0,-0.9178453041774076,10.245588021782284,9.66343332595969,False,150,11000
11,4,-1,False,,,21.848124391924102,0,0,-6.835301984615155,7.982600126952775,13.31790211156794,False,150,11001
11,5,1,False,,,21.163842449651444,0,0,2.794013841316925,10.245588021782284,5.951574180465377,False,150,11000
11,5,1,False,,,12.082351961264864,0,0,0.312461980339951,7.982600126952775,6.170138146612823,False,150,11001
11,5,-1,False,,,17.354280650860158,0,0,-3.2200088361095975,10.245588021782284,11.965596857891907,False,150,11000
11,5,-1,False,,,25.667995834910887,0,0,-1.9157278062206484,7.982600126952775,8.398327933173428,False,150,11001
11,6,1,False,,,25.20416750226107,0,0,-6.664678249624402,10.245588021782284,15.410266271406698,False,150,11000
11,6,1,False,,,23.257341692093725,0,0,-5.42376905050039,7.982600126952775,11.906369177453175,False,150,11001
11,6,-1,False,,,47.4177021825239,0,0,-16.082155670027518,10.245588021782284,24.82774369180983,False,150,11000
11,6,-1,False,,,48.65841885721847,0,0,-29.358087127871283,7.982600126952775,35.84068725482396,False,150,11001
11,7,1,False,,,24.991022211910185,0,0,4.336231190851021,10.245588021782284,4.409356830931276,False,150,11000
11,7,1,False,,,27.23309966370123,0,0,-2.811454875872154,7.982600126952775,9.294055002824932,False,150,11001
11,7,-1,False,,,23.323891202835014,0,0,5.073864611249699,10.245588021782284,3.671723410532589,False,150,11000
11,7,-1,False,,,11.153812418989087,0,0,-0.9518401313117759,7.982600126952775,7.43444025826455,False,150,11001
12,0,1,False,,,10.236261948913928,0,0,-4.562594302314684,9.403375205303199,12.465969507617906,False,150,12000
12,0,1,False,,,17.18728277720542,0,0,-3.2928954160771178,7.790044025372896,9.582939441450028,False,150,12001
12,0,-1,False,,,38.13876912243267,0,0,-5.341421193385143,9.403375205303199,13.244796398688353,False,150,12000
12,0,-1,False,,,31.952755859345434,0,0,-10.240664863212617,7.790044025372896,16.530708888585533,False,150,12001
12,1,1,False,,,21.63966978775833,0,0,5.508754548088792,9.403375205303199,2.3946206572144115,False,150,12000
12,1,1,False,,,28.659602166273633,0,0,-5.247849374982687,7.790044025372896,11.537893400355596,False,150,12001
12,1,-1,False,,,20.449583111076976,0,0,2.4761974197882974,9.403375205303199,5.4271777855149175,False,150,12000
12,1,-1,True,64,1.28,8.563189065838541,0,0,16.378262427750773,7.790044025372896,0.7717815976221277,False,64,12001
12,2,1,False,,,21.181813295230633,0,0,0.6714905470375772,9.403375205303199,7.231884658265621,False,150,12000
12,2,1,True,33,0.66,8.09537753503543,0,0,16.5898045487883,7.790044025372896,0.8702394765845983,False,33,12001
12,2,-1,False,,,20.622073224734446,0,0,4.8095187471000855,9.403375205303199,3.0938564582031196,False,150,12000
12,2,-1,True,62,1.24,8.881001919896168,0,0,16.329855732624498,7.790044025372896,0.8401882927483998,False,62,12001
12,3,1,True,95,1.9000000000000001,16.23375650052979,0,0,17.48458447348586,9.403375205303199,0.9687907318173478,False,95,12000
12,3,1,False,,,27.812492874838558,0,0,-9.565868522767495,7.790044025372896,15.855912548140404,False,150,12001
12,3,-1,False,,,17.490996268393534,0,0,-8.341235875534696,9.403375205303199,16.24461108083792,False,150,12000
12,3,-1,True,39,0.78,8.753423410423066,0,0,16.701904545187396,7.790044025372896,0.6981394801855012,False,39,12001
12,4,1,False,,,23.49127319748938,0,0,-6.764743786360224,9.403375205303199,14.66811899166343,False,150,12000
12,4,1,True,69,1.3800000000000001,8.823174454498021,0,0,16.14929926156606,7.790044025372896,0.9507447638068376,False,69,12001
12,4,-1,False,,,37.11819006190711,0,0,-9.392452527800216,9.403375205303199,17.295827733103433,False,150,12000
12,4,-1,False,,,31.37751601943816,0,0,-10.490667585300729,7.790044025372896,16.78071161067364,False,150,12001
12,5,1,False,,,20.99194867247779,0,0,1.536370049945182,9.403375205303199,6.36700515535803,False,150,12000
12,5,1,True,37,0.74,9.626770799667637,0,0,16.471643034498477,7.790044025372896,0.9484009908744198,False,37,12001
12,5,-1,True,126,2.52,18.196021701364888,0,0,17.16159086797874,9.403375205303199,0.9817843373244672,False,126,12000
12,5,-1,True,110,2.2,9.332459364797527,0,0,15.78461929547282,7.790044025372896,0.9054247299000815,False,110,12001
12,6,1,False,,,19.85378923075582,0,0,-0.5634975352354761,9.403375205303199,8.466872740538674,False,150,12000
12,6,1,False,,,4.5879754485093,0,0,-0.7454001864729697,7.790044025372896,7.035444211845864,False,150,12001
12,6,-1,False,,,42.427456591316094,0,0,-14.778231443153109,9.403375205303199,22.681606648456334,False,150,12000
12,6,-1,True,27,0.54,8.368779624412637,0,0,16.575471755542516,7.790044025372896,0.9445722698303823,False,27,12001
12,7,1,False,,,26.58088131056542,0,0,-0.1817771746194223,9.403375205303199,8.08515237992263,False,150,12000
12,7,1,True,53,1.06,9.141518301973244,0,0,16.499128966037222,7.790044025372896,0.7609150593356767,False,53,12001
12,7,-1,False,,,13.457349113662687,0,0,-0.7459800962764663,9.403375205303199,8.649355301579664,False,150,12000
12,7,-1,True,65,1.3,8.218173734412725,0,0,16.182584001758393,7.790044025372896,0.9574600236145078,False,65,12001
13,0,1,False,,,44.85103399528992,0,0,-4.5299207611430425,6.96214105719718,9.99206181834024,False,150,13000
13,0,1,False,,,44.083526382888955,0,0,3.8331056124381258,9.169428332018564,3.836322719580444,False,150,13001
13,0,-1,False,,,18.204191690497034,0,0,-1.9834515730321454,6.96214105719718,7.445592630229324,False,150,13000
13,0,-1,False,,,18.071353901197263,0,0,-9.218243400202496,9.169428332018564,16.887671732221083,False,150,13001
13,1,1,False,,,40.71774164513943,0,0,2.283506218948389,6.96214105719718,3.178634838248814,False,150,13000
13,1,1,False,,,45.404542368100145,0,0,-0.6592158712506444,9.169428332018564,8.32864420326922,False,150,13001
13,1,-1,False,,,10.03393499156404,0,0,-3.169301917197302,6.96214105719718,8.631442974394488,False,150,13000
13,1,-1,False,,,23.946011620239474,0,0,-10.518344394479065,9.169428332018564,18.18777272649765,False,150,13001
13,2,1,False,,,37.69810351278407,0,0,-7.925403945158301,6.96214105719718,13.38754500235551,False,150,13000
13,2,1,True,37,0.74,10.21717956725061,0,0,17.821243121446575,9.169428332018564,0.9781852105719916,False,37,13001
13,2,-1,False,,,17.100378101042487,0,0,-3.2410529349158077,6.96214105719718,8.703193992113004,False,150,13000
13,2,-1,True,142,2.84,13.170102235853399,0,0,16.86932105954555,9.169428332018564,0.8801072724730248,False,142,13001
13,3,1,False,,,17.78497908583367,0,0,-2.850183882632918,6.96214105719718,8.312324939830106,False,150,13000
13,3,1,True,139,2.7800000000000002,10.903486906119934,0,0,16.948915856127687,9.169428332018564,0.8305124758908786,False,139,13001
13,3,-1,False,,,38.609051260845476,0,0,2.03624548506818,6.96214105719718,3.425895572129025,False,150,13000
13,3,-1,True,48,0.96,9.90971086087889,0,0,17.801807289378498,9.169428332018564,0.8876210426400682,False,48,13001
13,4,1,False,,,33.881960486301224,0,0,4.061191176033285,6.96214105719718,1.4009498811639174,False,150,13000
13,4,1,True,77,1.54,10.084104664661831,0,0,17.65798091779314,9.169428332018564,0.7414474142254323,False,77,13001
13,4,-1,False,,,16.300547583402917,0,0,-4.0495653830262786,6.96214105719718,9.511706440223485,False,150,13000
13,4,-1,True,51,1.02,9.992381113900612,0,0,17.698670411841164,9.169428332018564,0.9607579201774007,False,51,13001
13,5,1,False,,,14.757335490219065,0,0,-0.6507861698279251,6.96214105719718,6.1129272270251045,False,150,13000
13,5,1,False,,,8.96161044478023,0,0,4.4352636538414725,9.169428332018564,3.2341646781770956,False,150,13001
13,5,-1,False,,,40.1458429291363,0,0,-33.02503827100508,6.96214105719718,38.487179328202146,False,150,13000
13,5,-1,True,37,0.74,10.114486894124308,0,0,18.120563095393464,9.169428332018564,0.6788652366251032,False,37,13001
13,6,1,False,,,33.443246043080684,0,0,-0.16888858844459428,6.96214105719718,5.6310296456417985,False,150,13000
13,6,1,True,64,1.28,11.03021597417021,0,0,17.715399427274555,9.169428332018564,0.8140289047440118,False,64,13001
13,6,-1,False,,,14.596270985308983,0,0,-5.413406108034724,6.96214105719718,10.875547165231927,False,150,13000
13,6,-1,True,57,1.1400000000000001,9.428028879533148,0,0,17.60462736400229,9.169428332018564,0.9948009680162794,False,57,13001
13,7,1,False,,,17.23410012056051,0,0,-4.0795468469738605,6.96214105719718,9.541687904171065,False,150,13000
13,7,1,False,,,23.781297268678426,0,0,-1.9539378612593095,9.169428332018564,9.623366193277876,False,150,13001
13,7,-1,True,72,1.44,21.46351175392361,0,0,15.459951802588613,6.96214105719718,0.7821892546085741,False,72,13000
13,7,-1,True,43,0.86,9.329218570608118,0,0,17.912107982420544,9.169428332018564,0.8273203495980213,False,43,13001
14,0,1,False,,,30.904233031225786,0,0,4.039530523524857,8.728367276795208,3.188836753270371,False,150,14000
14,0,1,True,36,0.72,9.175267035903744,0,0,17.59576930679895,8.691258881274782,0.7354895744758346,False,36,14001
14,0,-1,False,,,27.6028040238179,0,0,-0.6885591286129091,8.728367276795208,7.916926405408123,False,150,14000
14,0,-1,False,,,2.263600334467999,0,0,-1.0601155893168537,8.691258881274782,8.251374470591635,False,150,14001
14,1,1,True,144,2.88,22.996813521853582,0,0,16.49788789331088,8.728367276795208,0.790479383484329,False,144,14000
14,1,1,True,60,1.2,10.35501380645636,0,0,17.170970707091058,8.691258881274782,0.920288174183729,False,60,14001
14,1,-1,False,,,12.196221407785002,0,0,-3.301801865353888,8.728367276795208,10.53016914214912,False,150,14000
14,1,-1,False,,,36.009567824776965,0,0,-2.311570516046782,8.691258881274782,9.502829397321582,False,150,14001
14,2,1,False,,,24.61668978453519,0,0,5.152360715843078,8.728367276795208,2.0760065609521337,False,150,14000
14,2,1,False,,,5.534870181960707,0,0,-1.4760886207731467,8.691258881274782,8.667347502047928,False,150,14001
14,2,-1,False,,,40.72230279637091,0,0,5.747274259630537,8.728367276795208,1.4810930171646903,False,150,14000
14,2,-1,True,33,0.66,9.35661466297129,0,0,17.528752000582063,8.691258881274782,0.8325068806927217,False,33,14001
14,3,1,False,,,17.567625371441604,0,0,-1.0106605366757193,8.728367276795208,8.239027813470926,False,150,14000
14,3,1,False,,,12.368715571369384,0,0,-6.8471101306954925,8.691258881274782,14.038369011970298,False,150,14001
14,3,-1,False,,,41.566005862357336,0,0,3.165030400550762,8.728367276795208,4.063336876244467,False,150,14000
14,3,-1,True,33,0.66,9.56983868300911,0,0,17.602357124643333,8.691258881274782,0.7589017566314523,False,33,14001
14,4,1,False,,,42.389140490858786,0,0,4.8775584402868635,8.728367276795208,2.3508088365083672,False,150,14000
14,4,1,True,28,0.56,9.278053919910304,0,0,17.739089577470857,8.691258881274782,0.6721693038039299,False,28,14001
14,4,-1,False,,,12.406110017254653,0,0,-2.8326428355298843,8.728367276795208,10.061010112325109,False,150,14000
14,4,-1,False,,,1.905554990221385,0,0,-1.3056506833084933,8.691258881274782,8.496909564583275,False,150,14001
14,5,1,False,,,28.45918651608197,0,0,-1.9166653037060724,8.728367276795208,9.145032580501304,False,150,14000
14,5,1,True,46,0.92,10.027897753199666,0,0,17.3213713443658,8.691258881274782,0.9098875369089827,False,46,14001
14,5,-1,False,,,19.852968721954426,0,0,-2.9518395493439717,8.728367276795208,10.1802068261392,False,150,14000
14,5,-1,False,,,26.150453607420804,0,0,-2.5160288837898106,8.691258881274782,9.707287765064603,False,150,14001
14,6,1,False,,,38.20390891279596,0,0,4.980160144988673,8.728367276795208,2.2482071318065566,False,150,14000
14,6,1,True,40,0.8,10.26536286350036,0,0,17.513254099566563,8.691258881274782,0.7780047817082216,False,40,14001
14,6,-1,False,,,26.066922574851375,0,0,0.03051696410652971,8.728367276795208,7.197850312688682,False,150,14000
14,6,-1,True,93,1.86,9.672796570123845,0,0,16.76418959819475,8.691258881274782,0.9970692830800354,False,93,14001
14,7,1,False,,,21.803174208710217,0,0,4.491556849603431,8.728367276795208,2.7368104271917866,False,150,14000
14,7,1,False,,,11.723956967207457,0,0,0.2348903009326886,8.691258881274782,6.956368580342093,False,150,14001
14,7,-1,True,131,2.62,32.35985545037162,0,0,16.45966023108367,8.728367276795208,0.9587070457115526,False,131,14000
14,7,-1,False,,,43.99362772380851,0,0,-8.34037435888002,8.691258881274782,15.531633240154827,False,150,14001
15,0,1,False,,,38.13588467830774,0,0,-8.150767226504666,7.4152043116096715,14.065971538114358,False,150,15000
15,0,1,False,,,38.727972215726105,0,0,-6.425756986624523,7.29733786931187,12.223094855936402,False,150,15001
15,0,-1,False,,,17.158173169650166,0,0,1.3029623833981363,7.4152043116096715,4.612241928211546,False,150,15000
15,0,-1,False,,,8.095438279567459,0,0,-1.7547180125563362,7.29733786931187,7.552055881868205,False,150,15001
15,1,1,False,,,29.554636987837352,0,0,-6.929615205373776,7.4152043116096715,12.84481951698347,False,150,15000
15,1,1,False,,,26.082988919006905,0,0,-7.2509828520198765,7.29733786931187,13.04832072133177,False,150,15001
15,1,-1,True,72,1.44,10.32972531314836,0,0,15.785799134390896,7.4152043116096715,0.9094051772187809,False,72,15000
15,1,-1,False,,,18.86257431491757,0,0,3.465978333458808,7.29733786931187,2.331359535853067,False,150,15001
15,2,1,True,38,0.76,8.547984143508035,0,0,16.151169657046342,7.4152043116096715,0.8840346545633302,False,38,15000
15,2,1,False,,,30.2880374573981,0,0,-6.776522820471918,7.29733786931187,12.573860689783803,False,150,15001
15,2,-1,True,59,1.18,10.85380907618519,0,0,15.930024366989212,7.4152043116096715,0.8951799446204627,False,59,15000
15,2,-1,False,,,24.93036814977966,0,0,-4.833821370975706,7.29733786931187,10.631159240287603,False,150,15001
15,3,1,False,,,30.952221019473335,0,0,-8.344246779876379,7.4152043116096715,14.259451091486065,False,150,15000
15,3,1,False,,,36.401340449816715,0,0,1.9954318397720636,7.29733786931187,3.8019060295398206,False,150,15001
15,3,-1,True,50,1.0,9.745127571664748,0,0,16.00466992428832,7.4152043116096715,0.9105343873213572,False,50,15000
15,3,-1,True,107,2.14,18.72772270704679,0,0,15.243396074230983,7.29733786931187,0.9839417950808904,False,107,15001
15,4,1,True,47,0.9400000000000001,9.71955843669853,0,0,15.975757982246595,7.4152043116096715,0.9694463293630771,False,47,15000
15,4,1,False,,,27.655310988113506,0,0,-2.6061158728800216,7.29733786931187,8.403453742191898,False,150,15001
15,4,-1,False,,,32.09890915712235,0,0,-4.790168348996481,7.4152043116096715,10.70537266060616,False,150,15000
15,4,-1,False,,,30.69679745419853,0,0,-5.176346284314614,7.29733786931187,10.973684153626492,False,150,15001
15,5,1,False,,,34.75484026223079,0,0,0.34724460109246813,7.4152043116096715,5.567959710517212,False,150,15000
15,5,1,False,,,27.869466505005242,0,0,-3.630528336496573,7.29733786931187,9.42786620580845,False,150,15001
15,5,-1,True,71,1.42,10.77401550247039,0,0,15.740375714771439,7.4152043116096715,0.9648285968382371,False,71,15000
15,5,-1,False,,,25.838323046315022,0,0,-2.307957928369185,7.29733786931187,8.105295797681082,False,150,15001
15,6,1,True,53,1.06,9.87435243355639,0,0,16.152427537821588,7.4152043116096715,0.7327767737880865,False,53,15000
15,6,1,True,85,1.7,13.839508665231957,0,0,15.660410406878801,7.29733786931187,0.786927462433073,False,85,15001
15,6,-1,False,,,26.695567062621375,0,0,-4.351073042030024,7.4152043116096715,10.266277353639708,False,150,15000
15,6,-1,False,,,21.046574967983663,0,0,-5.055164074525655,7.29733786931187,10.852501943837542,False,150,15001
15,7,1,True,48,0.96,10.129258762304293,0,0,16.001162897597816,7.4152043116096715,0.9340414140118573,False,48,15000
15,7,1,False,,,20.64941168877055,0,0,2.2625088185826217,7.29733786931187,3.534829050729251,False,150,15001
15,7,-1,True,42,0.84,9.226735642162557,0,0,16.31380863701123,7.4152043116096715,0.6813956745984422,False,42,15000
15,7,-1,False,,,30.325569883688445,0,0,-7.170693706051522,7.29733786931187,12.9680315753634,False,150,15001
16,0,1,False,,,21.437656231636627,0,0,-0.2932583999443825,8.750634650624164,7.5438930505685455,False,150,16000
16,0,1,False,,,19.165000286366745,0,0,-0.6431662878047343,9.54469710931843,8.687863397123163,False,150,16001
16,0,-1,False,,,49.5617424137434,0,0,-13.79016098910878,8.750634650624164,21.040795639732924,False,150,16000
16,0,-1,False,,,47.70469127708063,0,0,-21.05309450904072,9.54469710931843,29.097791618359075,False,150,16001
16,1,1,False,,,24.60878093558028,0,0,-1.3252700416317034,8.750634650624164,8.575904692255866,False,150,16000
16,1,1,False,,,34.130891931237656,0,0,-1.3715936604978094,9.54469710931843,9.416290769816253,False,150,16001
16,1,-1,False,,,18.05046351172835,0,0,2.0249057733330718,8.750634650624164,5.2257288772911,False,150,16000
16,1,-1,True,81,1.62,12.723619783770845,0,0,17.73719420068473,9.54469710931843,0.9975029086337085,False,81,16001
16,2,1,True,75,1.5,12.412136209436046,0,0,17.063395063910832,8.750634650624164,0.937239586713335,False,75,16000
16,2,1,True,91,1.82,13.648964721116256,0,0,17.687619171710104,9.54469710931843,0.9470779376083317,False,91,16001
16,2,-1,False,,,36.89210054812606,0,0,-7.3126194994035245,8.750634650624164,14.563254150027698,False,150,16000
16,2,-1,False,,,37.21403201925601,0,0,1.5469871018573582,9.54469710931843,6.497710007461087,False,150,16001
16,3,1,False,,,32.62837967837745,0,0,-4.330504887733846,8.750634650624164,11.581139538358025,False,150,16000
16,3,1,False,,,38.082257590016034,0,0,1.2294031461482313,9.54469710931843,6.81529396317021,False,150,16001
16,3,-1,False,,,27.11754577259155,0,0,0.23585296006792755,8.750634650624164,7.014781690556244,False,150,16000
16,3,-1,True,56,1.12,11.520670068192697,0,0,18.276053875993526,9.54469710931843,0.7086432333249097,False,56,16001
16,4,1,False,,,34.36334117078977,0,0,-24.03897066027358,8.750634650624164,31.289605310897674,False,150,16000
16,4,1,False,,,36.26447902896979,0,0,-19.94190912883876,9.54469710931843,27.986606238157147,False,150,16001
16,4,-1,False,,,24.94983104739278,0,0,1.4293321815488076,8.750634650624164,5.821302469075364,False,150,16000
16,4,-1,False,,,14.111129661886165,0,0,5.167996627592898,9.54469710931843,2.8767004817255493,False,150,16001
16,5,1,False,,,13.510528530415241,0,0,-0.9748833026283181,8.750634650624164,8.225517953252481,False,150,16000
16,5,1,False,,,29.64099727186445,0,0,-1.7989925605610193,9.54469710931843,9.843689669879462,False,150,16001
16,5,-1,False,,,33.95420320950434,0,0,-7.292611565989913,8.750634650624164,14.543246216614092,False,150,16000
16,5,-1,False,,,38.13418453012431,0,0,6.36780031904961,9.54469710931843,1.676896790268827,False,150,16001
16,6,1,False,,,26.555963286884936,0,0,-5.694024866033516,8.750634650624164,12.9446595166577,False,150,16000
16,6,1,False,,,30.08008094923604,0,0,-4.104643529287257,9.54469710931843,12.149340638605699,False,150,16001
16,6,-1,False,,,18.654022080962484,0,0,4.461230671856223,8.750634650624164,2.789403978767945,False,150,16000
16,6,-1,True,117,2.34,15.203998415501257,0,0,17.38596203524741,9.54469710931843,0.9887350740710308,False,117,16001
16,7,1,False,,,19.68976683102167,0,0,0.043220070559533905,8.750634650624164,7.207414580064629,False,150,16000
16,7,1,False,,,16.113322946563017,0,0,1.5809011635437027,9.54469710931843,6.463795945774725,False,150,16001
16,7,-1,False,,,44.51224373613312,0,0,-10.347666092628605,8.750634650624164,17.598300743252782,False,150,16000
16,7,-1,False,,,45.660222865549514,0,0,-8.923760469784789,9.54469710931843,16.968457579103237,False,150,16001
17,0,1,True,36,0.72,8.708047248214644,0,0,16.458780599007262,7.707738130493065,0.8889575314858057,False,36,17000
17,0,1,True,55,1.1,12.928897679649188,0,0,18.250033954170306,9.694785364862451,0.8947514106921463,False,55,17001
17,0,-1,False,,,26.40550201012339,0,0,1.8789618338294996,7.707738130493065,4.328776296663576,False,150,17000
17,0,-1,False,,,25.351792869510987,0,0,3.4775395296785696,9.694785364862451,4.717245835183899,False,150,17001
17,1,1,True,35,0.7000000000000001,9.254290728882964,0,0,16.71417960737511,7.707738130493065,0.6435585231179547,False,35,17000
17,1,1,True,50,1.0,12.964051443687158,0,0,18.488621406075858,9.694785364862451,0.7061639587865965,False,50,17001
17,1,-1,False,,,20.705807951095277,0,0,1.0677470855055087,7.707738130493065,5.139991044987563,False,150,17000
17,1,-1,False,,,18.676719827904652,0,0,4.0297301765661935,9.694785364862451,4.165055188296265,False,150,17001
17,2,1,False,,,31.976369989249303,0,0,1.7718781723888708,7.707738130493065,4.4358599581042,False,150,17000
17,2,1,False,,,24.79396675351838,0,0,1.7703410648195912,9.694785364862451,6.424444300042879,False,150,17001
17,2,-1,True,35,0.7000000000000001,9.117263003483695,0,0,16.47290840178828,7.707738130493065,0.8848297287047859,False,35,17000
17,2,-1,False,,,36.11322180097957,0,0,-0.5523604521307555,9.694785364862451,8.74714581699322,False,150,17001
17,3,1,False,,,21.011158962607553,0,0,-1.9649219371330073,7.707738130493065,8.172660067626078,False,150,17000
17,3,1,False,,,21.97492893135719,0,0,1.4128539298826832,9.694785364862451,6.7819314349797795,False,150,17001
17,3,-1,True,38,0.76,9.277005152555347,0,0,16.739266052775175,7.707738130493065,0.588472077717892,False,38,17000
17,3,-1,True,59,1.18,14.16103525608929,0,0,18.317323645332753,9.694785364862451,0.7874617195297018,False,59,17001
17,4,1,True,38,0.76,8.753099384194602,0,0,16.652691605410077,7.707738130493065,0.6750465250829897,False,38,17000
17,4,1,False,,,37.25758218893151,0,0,6.705591549681513,9.694785364862451,1.4891938151809463,False,150,17001
17,4,-1,False,,,13.052387288406223,0,0,0.3746379899707528,7.707738130493065,5.833100140522311,False,150,17000
17,4,-1,False,,,25.388464455243493,0,0,0.24089363378323214,9.694785364862451,7.953891731079233,False,150,17001
17,5,1,True,33,0.66,8.635450285391213,0,0,16.496776178987027,7.707738130493065,0.8809619515060405,False,33,17000
17,5,1,True,53,1.06,13.034988863160617,0,0,18.392568092087547,9.694785364862451,0.7722172727749081,False,53,17001
17,5,-1,False,,,30.20154854341919,0,0,-4.474873892264848,7.707738130493065,10.682612022757928,False,150,17000
17,5,-1,False,,,26.33462444735727,0,0,-3.178489634024718,9.694785364862451,11.373274998887181,False,150,17001
17,6,1,False,,,17.419569039160127,0,0,1.137674836619967,7.707738130493065,5.070063293873106,False,150,17000
17,6,1,False,,,16.107630377115814,0,0,0.37322922580758355,9.694785364862451,7.8215561390548745,False,150,17001
17,6,-1,False,,,45.3381258011523,0,0,-7.182824937002942,7.707738130493065,13.390563067496023,False,150,17000
17,6,-1,False,,,46.03505970877055,0,0,-13.33519907035066,9.694785364862451,21.529984435213123,False,150,17001
17,7,1,True,38,0.76,8.384661247447921,0,0,16.546535186821174,7.707738130493065,0.7812029436718938,False,38,17000
17,7,1,False,,,34.619635792018165,0,0,-0.8978822437157896,9.694785364862451,9.092667608578248,False,150,17001
17,7,-1,True,67,1.34,11.669461811227059,0,0,16.050460031699078,7.707738130493065,0.9872780987939888,False,67,17000
17,7,-1,False,,,24.986919737315294,0,0,2.276176630856222,9.694785364862451,5.918608734006249,False,150,17001
18,0,1,False,,,26.111531614953048,0,0,0.33812561292706445,7.5976719721151165,5.759546359188063,False,150,18000
18,0,1,False,,,15.290766296922921,0,0,-0.969752239994516,6.609328650666891,6.079080890661405,False,150,18001
18,0,-1,True,86,1.72,20.901835897270146,0,0,15.801462988555752,7.5976719721151165,0.9362089835593628,False,86,18000
18,0,-1,True,149,2.98,28.72935204860373,0,0,14.247412074486654,6.609328650666891,0.8719165761802578,False,149,18001
18,1,1,True,133,2.66,25.27480078921532,0,0,15.282722915555015,7.5976719721151165,0.9849490565601076,False,133,18000
18,1,1,True,136,2.72,25.64611404180102,0,0,14.435494258207115,6.609328650666891,0.8138343924597928,False,136,18001
18,1,-1,True,75,1.5,19.077485587444514,0,0,16.043509495954417,7.5976719721151165,0.8041624761607025,False,75,18000
18,1,-1,False,,,33.80330575386,0,0,-3.812464588395679,6.609328650666891,8.92179323906258,False,150,18001
18,2,1,True,87,1.74,20.99265895743945,0,0,15.787454123965478,7.5976719721151165,0.9402178481496407,False,87,18000
18,2,1,False,,,37.23666181006611,0,0,-2.157933012390413,6.609328650666891,7.267261663057322,False,150,18001
18,2,-1,False,,,19.785477018108512,0,0,-1.992801523672591,7.5976719721151165,8.090473495787736,False,150,18000
18,2,-1,True,77,1.54,13.936291010548935,0,0,14.947915799857306,6.609328650666891,0.8914128508095867,False,77,18001
18,3,1,False,,,37.37224218204407,0,0,0.25329852171176837,7.5976719721151165,5.844373450403353,False,150,18000
18,3,1,False,,,32.92417522307852,0,0,-7.881899494868353,6.609328650666891,12.991228145535267,False,150,18001
18,3,-1,False,,,21.697474043995943,0,0,5.05087023174725,7.5976719721151165,1.0468017403678702,False,150,18000
18,3,-1,True,108,2.16,16.740168373162362,0,0,14.551858009934982,6.609328650666891,0.9774706407319129,False,108,18001
18,4,1,False,,,53.48299013323416,0,0,-32.05480126784091,7.5976719721151165,38.15247323995592,False,150,18000
18,4,1,False,,,54.03683359303863,0,0,-35.3548593910812,6.609328650666891,40.46418804174802,False,150,18001
18,4,-1,False,,,25.383447719220516,0,0,-1.8500413048507958,7.5976719721151165,7.947713276965911,False,150,18000
18,4,-1,True,148,2.96,16.180086613138307,0,0,14.203328977352886,6.609328650666891,0.9259996733140179,False,148,18001
18,5,1,False,,,32.847699083877,0,0,-3.4354022208319694,7.5976719721151165,9.533074192947096,False,150,18000
18,5,1,False,,,31.416117413336703,0,0,-0.8285914667918493,6.609328650666891,5.937920117458757,False,150,18001
18,5,-1,True,88,1.76,18.89251292513811,0,0,15.82291568852943,7.5976719721151165,0.8947562835856836,False,88,18000
18,5,-1,False,,,16.71371509613658,0,0,-1.5714984583510598,6.609328650666891,6.680827109017949,False,150,18001
18,6,1,True,85,1.7,20.956646618358274,0,0,15.812546890449081,7.5976719721151165,0.935125081666044,False,85,18000
18,6,1,False,,,37.46352992979742,0,0,2.2086446246580174,6.609328650666891,2.9006840260088955,False,150,18001
18,6,-1,False,,,26.522153422804728,0,0,3.365509866369819,7.5976719721151165,2.7321621057453136,False,150,18000
18,6,-1,False,,,9.099217889540228,0,0,-2.3363895209654046,6.609328650666891,7.4457181716323015,False,150,18001
18,7,1,False,,,20.896271480361758,0,0,-1.5310822636045534,7.5976719721151165,7.6287542357196685,False,150,18000
18,7,1,True,109,2.18,17.735565539861703,0,0,14.612847630363564,6.609328650666891,0.9064810203033291,False,109,18001
18,7,-1,False,,,38.63485193766524,0,0,-3.4987841262773687,7.5976719721151165,9.596456098392505,False,150,18000
18,7,-1,False,,,39.12213061266608,0,0,-7.241142785567103,6.609328650666891,12.350471436234017,False,150,18001
19,0,1,False,,,35.790850896765654,0,0,-5.720981377894925,7.704412933997912,11.925394311892852,False,150,19000
19,0,1,True,26,0.52,7.641148588288813,0,0,15.978651035963164,7.156409951479781,0.9177589155166176,False,26,19001
19,0,-1,False,,,23.355635434479215,0,0,-3.866431262868634,7.704412933997912,10.070844196866574,False,150,19000
19,0,-1,True,65,1.3,8.182237070783353,0,0,15.519766194513785,7.156409951479781,0.9866437569659976,False,65,19001
19,1,1,False,,,32.7113181289277,0,0,2.7849925106084568,7.704412933997912,3.419420423389462,False,150,19000
19,1,1,True,49,0.98,7.792677033282234,0,0,15.82564056999179,7.156409951479781,0.8407693814879961,False,49,19001
19,1,-1,False,,,22.026862357865003,0,0,-7.565323925686494,7.704412933997912,13.769736859684436,False,150,19000
19,1,-1,True,27,0.54,7.995974736510211,0,0,16.325824524320392,7.156409951479781,0.5605854271593887,False,27,19001
19,2,1,False,,,21.823766910240842,0,0,-4.1923995155526255,7.704412933997912,10.396812449550568,False,150,19000
19,2,1,True,28,0.56,7.79844321304298,0,0,16.327831412599387,7.156409951479781,0.5485785388803939,False,28,19001
19,2,-1,True,61,1.22,14.39709006153541,0,0,16.40450285396527,7.704412933997912,0.6899100800326436,False,61,19000
19,2,-1,True,50,1.0,7.392344210542304,0,0,15.715844124701682,7.156409951479781,0.940565826778099,False,50,19001
19,3,1,False,,,32.9782671584911,0,0,-3.0974585520659836,7.704412933997912,9.301871486063902,False,150,19000
19,3,1,False,,,32.85095100930269,0,0,2.5166600032928095,7.156409951479781,3.139749948186983,False,150,19001
19,3,-1,False,,,35.17375455581227,0,0,-0.3477764095468894,7.704412933997912,6.552189343544804,False,150,19000
19,3,-1,True,46,0.92,7.580670494614482,0,0,15.967555061650824,7.156409951479781,0.7288548898289593,False,46,19001
19,4,1,False,,,25.9788816963543,0,0,0.5739406714432358,7.704412933997912,5.63047226255468,False,150,19000
19,4,1,True,44,0.88,7.461632052354331,0,0,15.763296301206772,7.156409951479781,0.9531136502730096,False,44,19001
19,4,-1,False,,,37.25763751476925,0,0,-0.6926554388329744,7.704412933997912,6.897068372830902,False,150,19000
19,4,-1,True,29,0.58,7.617568050646899,0,0,16.13206109649982,7.156409951479781,0.7343488549799625,False,29,19001
19,5,1,False,,,15.855746113760667,0,0,-3.6666282417365466,7.704412933997912,9.871041175734486,False,150,19000
19,5,1,False,,,27.701933076386744,0,0,0.418394106343956,7.156409951479781,5.238015845135829,False,150,19001
19,5,-1,False,,,40.5362431686845,0,0,-0.8326309771846956,7.704412933997912,7.037043911182624,False,150,19000
19,5,-1,False,,,41.47815488370411,0,0,-1.4479590653248926,7.156409951479781,7.1043690168046805,False,150,19001
19,6,1,False,,,16.290136784427144,0,0,0.059827697008095294,7.704412933997912,6.144585236989818,False,150,19000
19,6,1,True,34,0.68,8.371899637526438,0,0,15.895317944840565,7.156409951479781,0.9210920066392169,False,34,19001
19,6,-1,True,87,1.74,20.85971415476841,0,0,15.997828175624054,7.704412933997912,0.8365847583738663,False,87,19000
19,6,-1,True,32,0.64,7.654851440616619,0,0,15.947717487810792,7.156409951479781,0.8886924636689897,False,32,19001
19,7,1,False,,,20.080768838932467,0,0,-3.670221097276902,7.704412933997912,9.874634031274843,False,150,19000
19,7,1,False,,,31.573767975648348,0,0,-1.9343552007559024,7.156409951479781,7.590765152235701,False,150,19001
19,7,-1,True,104,2.08,23.66258562229255,0,0,15.849831692095304,7.704412933997912,0.8145812419026213,False,104,19000
19,7,-1,True,29,0.58,7.7662851845295595,0,0,16.024598387784902,7.156409951479781,0.8418115636948789,False,29,19001
20,0,1,False,,,24.057357726595832,0,0,-5.2184126387798235,10.155114464097156,13.87352710287701,False,150,20000
20,0,1,False,,,15.020665598212398,0,0,-11.30460417949685,9.715424167989513,19.52002834748639,False,150,20001
20,0,-1,False,,,29.607146013220806,0,0,0.5316993512666506,10.155114464097156,8.123415112830521,False,150,20000
20,0,-1,False,,,30.095300000821442,0,0,0.7462062413379036,9.715424167989513,7.469217926651621,False,150,20001
20,1,1,False,,,25.401287284686365,0,0,6.2839222191091295,10.155114464097156,2.371192244988038,False,150,20000
20,1,1,True,148,2.96,27.433504933965928,0,0,17.436430306600144,9.715424167989513,0.7989938613893852,False,148,20001
20,1,-1,False,,,28.42677303478478,0,0,2.618355344194062,10.155114464097156,6.036759119903105,False,150,20000
20,1,-1,False,,,24.858342952738045,0,0,2.9929473150507366,9.715424167989513,5.22247685293879,False,150,20001
20,2,1,True,137,2.74,30.821251002911108,0,0,17.919142232984214,10.155114464097156,0.8659722311129623,False,137,20000
20,2,1,False,,,33.31902588849358,0,0,2.139745827700887,9.715424167989513,6.07567834028865,False,150,20001
20,2,-1,False,,,21.51612955491066,0,0,4.5887019941375815,10.155114464097156,4.066412469959593,False,150,20000
20,2,-1,False,,,27.316474965035383,0,0,4.553786734548597,9.715424167989513,3.6616374334409176,False,150,20001
20,3,1,False,,,22.626581967522956,0,0,-1.9888588834914136,10.155114464097156,10.643973347588569,False,150,20000
20,3,1,False,,,19.47593187307156,0,0,-2.138181486932612,9.715424167989513,10.353605654922125,False,150,20001
20,3,-1,False,,,39.49207797034302,0,0,-1.2778152128993825,10.155114464097156,9.932929676996553,False,150,20000
20,3,-1,False,,,39.10802735306223,0,0,-1.888825593844602,9.715424167989513,10.104249761834131,False,150,20001
20,4,1,False,,,23.686029857770098,0,0,-3.661236551135506,10.155114464097156,12.316351015232673,False,150,20000
20,4,1,False,,,24.303146699857226,0,0,-1.1970001824136576,9.715424167989513,9.41242435040317,False,150,20001
20,4,-1,False,,,43.655908809128015,0,0,2.86930293587221,10.155114464097156,5.785811528224964,False,150,20000
20,4,-1,True,147,2.94,42.027774092927274,0,0,17.466045933507505,9.715424167989513,0.77937823448203,False,147,20001
20,5,1,False,,,18.352801656835616,0,0,-3.0784564077450094,10.155114464097156,11.733570871842195,False,150,20000
20,5,1,False,,,22.95710983716664,0,0,-8.465444887108495,9.715424167989513,16.680869055098036,False,150,20001
20,5,-1,False,,,19.884087866498284,0,0,-1.2316667272561364,10.155114464097156,9.886781191353291,False,150,20000
20,5,-1,False,,,20.96046315713389,0,0,-2.1169903792785307,9.715424167989513,10.332414547268042,False,150,20001
20,6,1,False,,,36.60506788306216,0,0,0.8347615814690894,10.155114464097156,7.820352882628074,False,150,20000
20,6,1,True,94,1.8800000000000001,22.969246856327167,0,0,17.813413498561996,9.715424167989513,0.9620106694275207,False,94,20001
20,6,-1,False,,,20.98221015449813,0,0,0.8089929692245782,10.155114464097156,7.846121494872586,False,150,20000
20,6,-1,False,,,20.43226584652273,0,0,-3.2379235512428,9.715424167989513,11.453347719232339,False,150,20001
20,7,1,False,,,24.154338644645808,0,0,-0.20304583715149693,10.155114464097156,8.85816030124866,False,150,20000
20,7,1,False,,,22.836289197934658,0,0,-1.5373808108918192,9.715424167989513,9.752804978881356,False,150,20001
20,7,-1,True,111,2.22,24.438504929600533,0,0,18.104234052363932,10.155114464097156,0.9408804117332374,False,111,20000
20,7,-1,True,104,2.08,23.54984385208018,0,0,17.837214078870613,9.715424167989513,0.8382100891189095,False,104,20001
21,0,1,False,,,20.673530349317208,0,0,-1.3817254877520329,8.81064771164678,8.692373199398814,False,150,21000
21,0,1,True,108,2.16,20.99950774718892,0,0,16.449981066481776,8.509053998396297,0.9790729319145314,False,108,21001
21,0,-1,True,44,0.88,10.383366865604016,0,0,17.81029027498142,8.81064771164678,0.5603574366653625,False,44,21000
21,0,-1,False,,,34.66980172066067,0,0,3.3551152400372706,8.509053998396297,3.6539387583590495,False,150,21001
21,1,1,True,32,0.64,10.149561527139527,0,0,17.663243745220583,8.81064771164678,0.8274039664261984,False,32,21000
21,1,1,False,,,44.77335183275031,0,0,-2.344972153526956,8.509053998396297,9.354026151923259,False,150,21001
21,1,-1,True,94,1.8800000000000001,10.376523184564178,0,0,17.01636392686094,8.81064771164678,0.8542837847858449,False,94,21000
21,1,-1,False,,,24.3996350020958,0,0,2.7443949528039546,8.509053998396297,4.264659045592351,False,150,21001
21,2,1,True,44,0.88,9.132651573628456,0,0,17.544038824984963,8.81064771164678,0.8266088866618191,False,44,21000
21,2,1,True,108,2.16,21.196609784438955,0,0,16.55427070072663,8.509053998396297,0.874783297669676,False,108,21001
21,2,-1,True,59,1.18,9.578518348358317,0,0,17.29077678609184,8.81064771164678,0.9298709255549444,False,59,21000
21,2,-1,False,,,26.45913093621515,0,0,1.9918857006232853,8.509053998396297,5.017168297773034,False,150,21001
21,3,1,True,28,0.56,10.226952822632434,0,0,17.720692940239402,8.81064771164678,0.8099547714073794,False,28,21000
21,3,1,False,,,56.03057771506371,0,0,-41.9799427588046,8.509053998396297,48.98899675720089,False,150,21001
21,3,-1,False,,,12.334499109927863,0,0,0.3700267932368846,8.81064771164678,6.940620918409895,False,150,21000
21,3,-1,False,,,20.786764541385235,0,0,-5.615102987627487,8.509053998396297,12.624156986023795,False,150,21001
21,4,1,True,141,2.82,33.73045870553881,0,0,16.465474385788763,8.81064771164678,0.9351733258580218,False,141,21000
21,4,1,False,,,32.85569792489148,0,0,5.839854947644495,8.509053998396297,1.1691990507518184,False,150,21001
21,4,-1,True,39,0.78,9.61108282495179,0,0,17.47179193179391,8.81064771164678,0.9488557798528744,False,39,21000
21,4,-1,False,,,33.035102384483515,0,0,0.6403323216768091,8.509053998396297,6.368721676719511,False,150,21001
21,5,1,True,28,0.56,9.682002108395505,0,0,17.559708951112782,8.81064771164678,0.9709387605340015,False,28,21000
21,5,1,False,,,55.222765762070885,0,0,-32.88951335969005,8.509053998396297,39.89856735808624,False,150,21001
21,5,-1,False,,,9.683968114225513,0,0,5.557592416493082,8.81064771164678,1.7530552951537037,False,150,21000
21,5,-1,False,,,21.766019711581688,0,0,3.5623603211712105,8.509053998396297,3.4466936772250976,False,150,21001
21,6,1,False,,,42.63178372764406,0,0,-0.5022041131703538,8.81064771164678,7.812851824817152,False,150,21000
21,6,1,False,,,37.938890467543104,0,0,-0.11097705782354271,8.509053998396297,7.120031056219858,False,150,21001
21,6,-1,True,149,2.98,12.432665808075235,0,0,16.397907756959604,8.81064771164678,0.9227399546871821,False,149,21000
21,6,-1,False,,,20.821128868902726,0,0,-2.389630325844723,8.509053998396297,9.398684324241037,False,150,21001
21,7,1,False,,,10.62220770052693,0,0,-1.1842935436616575,8.81064771164678,8.494941255308436,False,150,21000
21,7,1,False,,,26.396680719744946,0,0,5.3014086800367535,8.509053998396297,1.7076453183595564,False,150,21001
21,7,-1,False,,,43.119838341846325,0,0,3.706120852070928,8.81064771164678,3.604526859575855,False,150,21000
21,7,-1,False,,,35.61846569610779,0,0,-6.34919502581681,8.509053998396297,13.358249024213123,False,150,21001
22,0,1,False,,,28.384022670559276,0,0,-0.20377642316707134,6.5583036408842705,5.262080064051346,False,150,22000
22,0,1,False,,,23.520549256714148,0,0,-3.9715746224139883,6.171691741310358,8.643266363724365,False,150,22001
22,0,-1,True,64,1.28,16.411103483428953,0,0,15.021457577341709,6.5583036408842705,0.8968460635425625,False,64,22000
22,0,-1,True,108,2.16,31.48513189224797,0,0,14.241453584765036,6.171691741310358,0.8502381565453312,False,108,22001
22,1,1,True,44,0.88,10.54012662263756,0,0,15.429458315691981,6.5583036408842705,0.6888453251922921,False,44,22000
22,1,1,False,,,40.55008631701721,0,0,1.2231387581973328,6.171691741310358,3.4485529831130446,False,150,22001
22,1,-1,False,,,29.21729232556226,0,0,1.6831099978910231,6.5583036408842705,3.375193642993254,False,150,22000
22,1,-1,True,39,0.78,6.446823046483531,0,0,14.887212257577012,6.171691741310358,0.8944794837333467,False,39,22001
22,2,1,True,76,1.52,12.220711548787921,0,0,14.805586274859298,6.5583036408842705,0.9927173660249741,False,76,22000
22,2,1,False,,,27.85771272894187,0,0,-1.6053436771957246,6.171691741310358,6.277035418506099,False,150,22001
22,2,-1,False,,,44.765681539685325,0,0,-2.079472248874188,6.5583036408842705,7.137775889758469,False,150,22000
22,2,-1,True,27,0.54,6.719437599329149,0,0,15.14129243775159,6.171691741310358,0.7603993035587692,False,27,22001
22,3,1,True,61,1.22,9.892151895387737,0,0,15.113516052130471,6.5583036408842705,0.8347875887537993,False,61,22000
22,3,1,True,57,1.1400000000000001,7.10771926445662,0,0,14.628385439425559,6.171691741310358,0.9733063018848055,False,57,22001
22,3,-1,True,50,1.0,11.960835210754631,0,0,15.182382445711216,6.5583036408842705,0.8759211951730563,False,50,22000
22,3,-1,False,,,38.63684915968452,0,0,0.6372496573627218,6.171691741310358,4.034442083947641,False,150,22001
22,4,1,True,40,0.8,9.589627089167129,0,0,15.315463561181115,6.5583036408842705,0.8428400797031564,False,40,22000
22,4,1,False,,,43.243757989458366,0,0,2.7610653085676007,6.171691741310358,1.9106264327427762,False,150,22001
22,4,-1,False,,,20.578791865123566,0,0,2.3149194652762386,6.5583036408842705,2.743384175608031,False,150,22000
22,4,-1,False,,,15.411663439310916,0,0,-0.6730152779151216,6.171691741310358,5.344707019225479,False,150,22001
22,5,1,True,52,1.04,12.336468833038092,0,0,15.111788664437743,6.5583036408842705,0.9265149764465288,False,52,22000
22,5,1,False,,,40.9874840798843,0,0,-0.7449545437126035,6.171691741310358,5.416646285022983,False,150,22001
22,5,-1,True,80,1.6,14.714083210388313,0,0,14.79738615505408,6.5583036408842705,0.9609174858301941,False,80,22000
22,5,-1,True,34,0.68,6.439968403058445,0,0,14.92233866826641,6.171691741310358,0.9093530730439497,False,34,22001
22,6,1,True,52,1.04,13.312355886774606,0,0,15.143212766105055,6.5583036408842705,0.8950908747792138,False,52,22000
22,6,1,False,,,42.776986907069436,0,0,2.1534707679684555,6.171691741310358,2.518220973341919,False,150,22001
22,6,-1,False,,,18.372811004847904,0,0,1.003222314742582,6.5583036408842705,4.055081326141687,False,150,22000
22,6,-1,True,67,1.34,6.997913042353275,0,0,14.59805152814835,6.171691741310358,0.9036402131620119,False,67,22001
22,7,1,False,,,34.10448662391987,0,0,1.2180739752094072,6.5583036408842705,3.840229665674866,False,150,22000
22,7,1,True,125,2.5,35.21911814486386,0,0,14.056508102798158,6.171691741310358,0.8651836385122044,False,125,22001
22,7,-1,True,45,0.9,9.036953597508056,0,0,15.224203363094029,6.5583036408842705,0.88410027779024,False,45,22000
22,7,-1,False,,,33.706413777923494,0,0,2.9280322939191654,6.171691741310358,1.7436594473912082,False,150,22001
23,0,1,False,,,32.57230461054958,0,0,6.002738005991961,9.877821976340856,2.3750839703489057,False,150,23000
23,0,1,False,,,30.799461569066427,0,0,-7.704103656838863,6.693134622732086,12.897238279570967,False,150,23001
23,0,-1,False,,,25.437566858147974,0,0,0.006181917261550075,9.877821976340856,8.371640059079319,False,150,23000
23,0,-1,True,136,2.72,28.484444438247568,0,0,14.497611322226172,6.693134622732086,0.8355233005059167,False,136,23001
23,1,1,False,,,46.76745162883001,0,0,-18.31355829285037,9.877821976340856,26.69138026919117,False,150,23000
23,1,1,False,,,44.08097611835457,0,0,-4.149922930803167,6.693134622732086,9.343057553535257,False,150,23001
23,1,-1,False,,,15.444443941114063,0,0,6.372657439076756,9.877821976340856,2.0051645372641174,False,150,23000
23,1,-1,False,,,13.14412488173592,0,0,-4.323506754421432,6.693134622732086,9.516641377153531,False,150,23001
23,2,1,True,95,1.9000000000000001,17.498724593566433,0,0,18.068249413574655,9.877821976340856,0.8595725627662063,False,95,23000
23,2,1,True,61,1.22,11.381928086334728,0,0,15.116574545964287,6.693134622732086,0.966560076767802,False,61,23001
23,2,-1,False,,,35.74168441250483,0,0,-2.780509465547861,9.877821976340856,11.158331441888734,False,150,23000
23,2,-1,False,,,37.50134151617694,0,0,-1.6028803310601745,6.693134622732086,6.796014953792275,False,150,23001
23,3,1,False,,,19.388002763909412,0,0,-3.759547596469414,9.877821976340856,12.137369572810274,False,150,23000
23,3,1,False,,,23.296808066237137,0,0,-8.062927972526877,6.693134622732086,13.25606259525898,False,150,23001
23,3,-1,False,,,52.71208033909784,0,0,-30.851596527161405,9.877821976340856,39.229418503502174,False,150,23000
23,3,-1,False,,,54.66260678968304,0,0,-22.696801458342424,6.693134622732086,27.88993608107447,False,150,23001
23,4,1,False,,,43.021672555057535,0,0,-5.115036370598714,9.877821976340856,13.492858346939595,False,150,23000
23,4,1,True,30,0.6,7.558326683273581,0,0,15.565016374589291,6.693134622732086,0.8281182481427949,False,30,23001
23,4,-1,True,93,1.86,15.428508335129296,0,0,18.00364086705712,9.877821976340856,0.9441811092837441,False,93,23000
23,4,-1,False,,,28.0862585534628,0,0,2.7370006801090145,6.693134622732086,2.4561339426230773,False,150,23001
23,5,1,False,,,31.88942298124014,0,0,-7.236371949593151,9.877821976340856,15.614193925934034,False,150,23000
23,5,1,True,136,2.72,33.486661309698796,0,0,14.390974614145374,6.693134622732086,0.9421600085867113,False,136,23001
23,5,-1,True,72,1.44,14.14023555745017,0,0,18.217616185151687,9.877821976340856,0.9402057911891721,False,72,23000
23,5,-1,False,,,36.97808896745246,0,0,2.822046720212729,6.693134622732086,2.371087902519359,False,150,23001
23,6,1,False,,,16.513869680733375,0,0,2.353741569124292,9.877821976340856,6.024080407216568,False,150,23000
23,6,1,False,,,17.30230653759521,0,0,1.8530811935858345,6.693134622732086,3.3400534291462503,False,150,23001
23,6,-1,False,,,40.816364804724465,0,0,0.7084219429037488,9.877821976340856,7.669400033437128,False,150,23000
23,6,-1,False,,,41.810334559317916,0,0,0.12013648398292183,6.693134622732086,5.072998138749169,False,150,23001
23,7,1,False,,,38.23231791740739,0,0,-5.525671339106863,9.877821976340856,13.903493315447735,False,150,23000
23,7,1,True,131,2.62,34.232080561186685,0,0,14.431634789556538,6.693134622732086,0.9514998331755541,False,131,23001
23,7,-1,True,86,1.72,16.133892673397067,0,0,18.034847805676968,9.877821976340856,0.9829741706638948,False,86,23000
23,7,-1,True,39,0.78,7.953587493814988,0,0,15.50792325485346,6.693134622732086,0.7952113678786272,False,39,23001
24,0,1,False,,,10.796843377989141,0,0,-1.9742893302185138,8.947442104019423,9.421731434237936,False,150,24000
24,0,1,False,,,27.73201787214189,0,0,-5.519622191235439,8.622748189231732,12.642370380467177,False,150,24001
24,0,-1,True,144,2.88,38.36527054839847,0,0,16.560644788199042,8.947442104019423,0.946797315820401,False,144,24000
24,0,-1,False,,,42.78779160038916,0,0,-3.008048826143593,8.622748189231732,10.130797015375341,False,150,24001
24,1,1,False,,,34.24136034401972,0,0,-4.04222150158255,8.947442104019423,11.48966360560199,False,150,24000
24,1,1,False,,,34.073395500896936,0,0,-2.711547334142069,8.622748189231732,9.834295523373816,False,150,24001
24,1,-1,True,138,2.7600000000000002,19.38084813092987,0,0,16.58200686038193,8.947442104019423,0.9854352436374988,False,138,24000
24,1,-1,False,,,22.5652889677868,0,0,0.6162150569459495,8.622748189231732,6.506533132285782,False,150,24001
24,2,1,False,,,13.641944002504758,0,0,-6.440354181151353,8.947442104019423,13.8877962851708,False,150,24000
24,2,1,False,,,26.78983048835228,0,0,0.44549090075307785,8.622748189231732,6.677257288478665,False,150,24001
24,2,-1,True,135,2.7,28.06077583497599,0,0,16.73196066472357,8.947442104019423,0.8654814392958654,False,135,24000
24,2,-1,True,73,1.46,17.769259278655024,0,0,17.141747499080793,8.622748189231732,0.7510006901509433,False,73,24001
24,3,1,False,,,15.748096210065668,0,0,-2.420876767092067,8.947442104019423,9.868318871111516,False,150,24000
24,3,1,False,,,21.99406917238153,0,0,4.432960900349103,8.622748189231732,2.6897872888826364,False,150,24001
24,3,-1,False,,,45.969083609422675,0,0,-17.554971045991216,8.947442104019423,25.002413150010646,False,150,24000
24,3,-1,False,,,47.502641401563,0,0,-7.699997912579482,8.622748189231732,14.822746101811232,False,150,24001
24,4,1,False,,,16.987787441705994,0,0,3.3577599078325227,8.947442104019423,4.089682196186902,False,150,24000
24,4,1,False,,,16.12600464893749,0,0,-0.7431187560256682,8.622748189231732,7.865866945257399,False,150,24001
24,4,-1,True,126,2.52,32.40122945069433,0,0,16.784034777615787,8.947442104019423,0.9034073264036525,False,126,24000
24,4,-1,False,,,39.01648675340265,0,0,-2.4657203156473866,8.622748189231732,9.588468504879122,False,150,24001
24,5,1,False,,,39.07628816008528,0,0,3.424395759284053,8.947442104019423,4.023046344735386,False,150,24000
24,5,1,False,,,41.74934040558842,0,0,-1.105007480042505,8.622748189231732,8.227755669274249,False,150,24001
24,5,-1,False,,,17.151860410996953,0,0,4.1993125658931065,8.947442104019423,3.2481295381263244,False,150,24000
24,5,-1,False,,,26.021042144282582,0,0,-6.212224973087783,8.622748189231732,13.334973162319544,False,150,24001
24,6,1,True,140,2.8000000000000003,37.467910496817396,0,0,16.72130978388764,8.947442104019423,0.8261323201318035,False,140,24000
24,6,1,True,79,1.58,19.7504861455061,0,0,16.896889355173364,8.622748189231732,0.9358588340583714,False,79,24001
24,6,-1,False,,,10.59985139357039,0,0,-2.8322109067587515,8.947442104019423,10.279653010778183,False,150,24000
24,6,-1,False,,,18.32513204037777,0,0,0.88309685263344,8.622748189231732,6.239651336598291,False,150,24001
24,7,1,False,,,35.10183957850909,0,0,4.529071538058647,8.947442104019423,2.9183705659607946,False,150,24000
24,7,1,True,62,1.24,15.443488475081876,0,0,17.020984115378994,8.622748189231732,0.9817640738527429,False,62,24001
24,7,-1,False,,,22.501229708130403,0,0,3.137333683001647,8.947442104019423,4.310108421017781,False,150,24000
24,7,-1,False,,,27.631987013858712,0,0,2.5958139777094327,8.622748189231732,4.526934211522311,False,150,24001
25,0,1,True,46,0.92,11.655344231566168,0,0,17.349106430353462,8.608358986740983,0.7992525563875224,False,46,25000
25,0,1,False,,,43.59640259590408,0,0,-7.234603870652801,8.121373464544156,13.855977335196982,False,150,25001
25,0,-1,False,,,20.390023080922,0,0,0.5211742836618742,8.608358986740983,6.587184703079112,False,150,25000
25,0,-1,True,97,1.94,14.005090665236345,0,0,16.18593740925256,8.121373464544156,0.9654360552916008,False,97,25001
25,1,1,False,,,31.08600077537665,0,0,2.8271800411656454,8.608358986740983,4.281178945575347,False,150,25000
25,1,1,False,,,30.483341845940334,0,0,4.812035552305519,8.121373464544156,1.809337912238654,False,150,25001
25,1,-1,True,58,1.16,12.330231038232565,0,0,17.218443362718034,8.608358986740983,0.8099156240229529,False,58,25000
25,1,-1,False,,,33.90604794767484,0,0,-0.8612509043325198,8.121373464544156,7.482624368876684,False,150,25001
25,2,1,False,,,31.02089515593805,0,0,1.065202780574611,8.608358986740983,6.043156206166379,False,150,25000
25,2,1,True,99,1.98,14.00804967710529,0,0,16.18184604185128,8.121373464544156,0.9495274226928807,False,99,25001
25,2,-1,False,,,33.176889544762446,0,0,2.365869095666068,8.608358986740983,4.742489891074917,False,150,25000
25,2,-1,False,,,30.880887702069547,0,0,-0.5036985623753101,8.121373464544156,7.125072026919489,False,150,25001
25,3,1,False,,,27.505210396804532,0,0,-0.31847534922063836,8.608358986740983,7.426834335961626,False,150,25000
25,3,1,False,,,17.685239458387805,0,0,-1.8829803996517598,8.121373464544156,8.504353864195915,False,150,25001
25,3,-1,True,47,0.9400000000000001,11.392666875698312,0,0,17.323571962353235,8.608358986740983,0.8147870243877476,False,47,25000
25,3,-1,True,137,2.74,30.44619757343526,0,0,16.205301342084923,8.121373464544156,0.546072122459248,False,137,25001
25,4,1,False,,,36.49436638248824,0,0,-1.1736501235854002,8.608358986740983,8.282009110326396,False,150,25000
25,4,1,False,,,33.9508727448299,0,0,1.398491757286659,8.121373464544156,5.222881707257517,False,150,25001
25,4,-1,False,,,33.44126191974777,0,0,3.3286437286810164,8.608358986740983,3.779715258059972,False,150,25000
25,4,-1,True,107,2.14,13.968230108168266,0,0,16.094972929924133,8.121373464544156,0.9564005346200245,False,107,25001
25,5,1,False,,,39.77813153431732,0,0,4.01894519210152,8.608358986740983,3.0894137946394697,False,150,25000
25,5,1,False,,,36.37160882203974,0,0,-1.1239119094468357,8.121373464544156,7.745285373991009,False,150,25001
25,5,-1,True,92,1.84,15.863746585010572,0,0,16.768003086548212,8.608358986740983,0.9203559001927738,False,92,25000
25,5,-1,True,59,1.18,12.24251700700201,0,0,16.84553488813625,8.121373464544156,0.6858385764079076,False,59,25001
25,6,1,True,70,1.4000000000000001,13.480436969815695,0,0,16.950517677239937,8.608358986740983,0.9578413095010474,False,70,25000
25,6,1,True,73,1.46,13.552599307712601,0,0,16.530949800840432,8.121373464544156,0.8604236637037277,False,73,25001
25,6,-1,False,,,30.069803013204574,0,0,2.1509479622314993,8.608358986740983,4.95741102450949,False,150,25000
25,6,-1,False,,,32.33028400793435,0,0,1.6582791675818789,8.121373464544156,4.963094296962297,False,150,25001
25,7,1,False,,,25.779029755389164,0,0,1.8384534414079128,8.608358986740983,5.269905545333075,False,150,25000
25,7,1,False,,,22.960719531189625,0,0,-4.778673150940442,8.121373464544156,11.40004661548462,False,150,25001
25,7,-1,False,,,42.69323272678427,0,0,-6.064171995314456,8.608358986740983,13.17253098205545,False,150,25000
25,7,-1,False,,,40.16766476244848,0,0,-2.8672282627577648,8.121373464544156,9.488601727301948,False,150,25001
26,0,1,True,130,2.6,34.708485818033395,0,0,17.84400795407516,10.130788447048726,0.9867804929735812,False,130,26000
26,0,1,False,,,38.31589535773028,0,0,6.038861590193445,9.310395720291833,1.7715341300984047,False,150,26001
26,0,-1,False,,,21.362496204935066,0,0,0.41130440168778765,10.130788447048726,8.219484045360954,False,150,26000
26,0,-1,True,103,2.06,15.939925565973514,0,0,17.299698082816825,9.310395720291833,0.9806976374750137,False,103,26001
26,1,1,False,,,26.727710463192757,0,0,-6.396085033735574,10.130788447048726,15.026873480784324,False,150,26000
26,1,1,False,,,25.30980640711389,0,0,-1.229010954698608,9.310395720291833,9.03940667499044,False,150,26001
26,1,-1,False,,,32.73835274188689,0,0,-1.187945690603585,10.130788447048726,9.818734137652319,False,150,26000
26,1,-1,True,38,0.76,10.44802731755928,0,0,18.27751542549425,9.310395720291833,0.6528802947975824,False,38,26001
26,2,1,False,,,21.227005573987455,0,0,-5.312091035637885,10.130788447048726,13.942879482686635,False,150,26000
26,2,1,False,,,9.314849521919774,0,0,1.4020037187471661,9.310395720291833,6.408392001544666,False,150,26001
26,2,-1,False,,,39.23674849973455,0,0,-2.2226426993326545,10.130788447048726,10.853431146381409,False,150,26000
26,2,-1,False,,,43.741744847043705,0,0,1.6560978734917802,9.310395720291833,6.154297846800073,False,150,26001
26,3,1,False,,,32.30679303187308,0,0,-3.180418784873271,10.130788447048726,11.81120723192201,False,150,26000
26,3,1,True,47,0.9400000000000001,10.415328464612035,0,0,17.852543105793465,9.310395720291833,0.9878526144983693,False,47,26001
26,3,-1,False,,,28.61727636816592,0,0,2.78805336954715,10.130788447048726,5.842735077501594,False,150,26000
26,3,-1,False,,,29.314368882386383,0,0,2.5215572145742566,9.310395720291833,5.288838505717586,False,150,26001
26,4,1,False,,,28.10253302812839,0,0,4.231364645993508,10.130788447048726,4.399423801055238,False,150,26000
26,4,1,False,,,27.312511075707008,0,0,-3.267822617306897,9.310395720291833,11.078218337598742,False,150,26001
26,4,-1,False,,,32.95090592884754,0,0,2.885010652629699,10.130788447048726,5.745777794419038,False,150,26000
26,4,-1,True,43,0.86,11.204450592225202,0,0,18.110496241239165,9.310395720291833,0.7698994790526699,False,43,26001
26,5,1,False,,,26.14804639382975,0,0,-5.557394485438888,10.130788447048726,14.188182932487619,False,150,26000
26,5,1,False,,,31.467289420020865,0,0,-17.27750107782601,9.310395720291833,25.087896798117843,False,150,26001
26,5,-1,False,,,50.59540369741265,0,0,-26.093284706733087,10.130788447048726,34.7240731537817,False,150,26000
26,5,-1,False,,,51.2746301464652,0,0,-16.78067434841449,9.310395720291833,24.591070068706323,False,150,26001
26,6,1,False,,,21.982267822979168,0,0,-0.9292600802747579,10.130788447048726,9.560048527323483,False,150,26000
26,6,1,False,,,26.136364191858128,0,0,-14.420228164827929,9.310395720291833,22.230623885119783,False,150,26001
26,6,-1,False,,,49.5254246049355,0,0,-0.8996510356132683,10.130788447048726,9.530439482662013,False,150,26000
26,6,-1,False,,,47.96772268171882,0,0,2.545922450275384,9.310395720291833,5.264473270016469,False,150,26001
26,7,1,False,,,13.009723853795245,0,0,-1.579003834187,10.130788447048726,10.209792281235725,False,150,26000
26,7,1,False,,,26.25553982109206,0,0,-8.834145360893833,9.310395720291833,16.64454108118568,False,150,26001
26,7,-1,False,,,51.50512052770443,0,0,-16.245555161755192,10.130788447048726,24.876343608803943,False,150,26000
26,7,-1,False,,,50.736845578301946,0,0,-16.644711833389092,9.310395720291833,24.45510755368094,False,150,26001
27,0,1,False,,,17.655531527529998,0,0,2.1621630283595294,8.71475391081264,5.052590882453112,False,150,27000
27,0,1,False,,,14.764535084888333,0,0,2.508134848820845,10.205205859903506,6.197071011082675,False,150,27001
27,0,-1,False,,,39.114176223232995,0,0,1.5908113421282086,8.71475391081264,5.623942568684449,False,150,27000
27,0,-1,False,,,37.57669364527001,0,0,4.812063355161431,10.205205859903506,3.89314250474209,False,150,27001
27,1,1,False,,,20.375402279538207,0,0,-1.607450661650579,8.71475391081264,8.822204572463217,False,150,27000
27,1,1,False,,,21.541579158629094,0,0,-1.8861056516908932,10.205205859903506,10.591311511594398,False,150,27001
27,1,-1,False,,,48.75121780676522,0,0,-23.219421803999417,8.71475391081264,30.434175714811992,False,150,27000
27,1,-1,False,,,50.15752893698969,0,0,-26.07480682599221,10.205205859903506,34.78001268589563,False,150,27001
27,2,1,True,133,2.66,24.983442426125116,0,0,16.426349618763368,8.71475391081264,0.9584042920492855,False,133,27000
27,2,1,False,,,29.285351845005824,0,0,6.420586251732804,10.205205859903506,2.284619608170722,False,150,27001
27,2,-1,True,105,2.1,26.041128309583332,0,0,16.743681885077105,8.71475391081264,0.9210720257355437,False,105,27000
27,2,-1,True,103,2.06,25.585115523932302,0,0,18.32984522519803,10.205205859903506,0.8453606347054807,False,103,27001
27,3,1,False,,,18.64058554196037,0,0,0.3932273252827718,8.71475391081264,6.821526585529878,False,150,27000
27,3,1,False,,,24.544455603043392,0,0,-16.712570114649694,10.205205859903506,25.417775974553223,False,150,27001
27,3,-1,True,148,2.96,28.62451158752393,0,0,16.29791700709046,8.71475391081264,0.9368369037221937,False,148,27000
27,3,-1,False,,,28.354358578834194,0,0,5.202147739016265,10.205205859903506,3.503058120887261,False,150,27001
27,4,1,False,,,27.761069250641267,0,0,-4.376164201740497,8.71475391081264,11.590918112553164,False,150,27000
27,4,1,False,,,28.692342702331334,0,0,0.49497958063324154,10.205205859903506,8.210226279270287,False,150,27001
27,4,-1,False,,,25.99714300773054,0,0,-3.830771251673439,8.71475391081264,11.045525162486104,False,150,27000
27,4,-1,False,,,27.562580167217778,0,0,-2.485798218860606,10.205205859903506,11.19100407876414,False,150,27001
27,5,1,False,,,27.444470185675318,0,0,-6.168116245142347,8.71475391081264,13.382870155955015,False,150,27000
27,5,1,False,,,21.81972136993787,0,0,-3.4201819744309914,10.205205859903506,12.125387834334527,False,150,27001
27,5,-1,False,,,12.61034245397814,0,0,1.8935775219286508,8.71475391081264,5.321176388883988,False,150,27000
27,5,-1,False,,,8.894250830619544,0,0,-3.3309579339165922,10.205205859903506,12.036163793820112,False,150,27001
27,6,1,False,,,39.31102694472968,0,0,-4.108749768896341,8.71475391081264,11.32350367970899,False,150,27000
27,6,1,False,,,37.8678954070189,0,0,2.3978987956007343,10.205205859903506,6.307307064302782,False,150,27001
27,6,-1,False,,,12.295436851160343,0,0,-1.4855714949253447,8.71475391081264,8.700325405737983,False,150,27000
27,6,-1,False,,,9.434125080592723,0,0,0.10076597289131224,10.205205859903506,8.604439887012193,False,150,27001
27,7,1,False,,,19.515092218800017,0,0,3.231278817130825,8.71475391081264,3.9834750936818244,False,150,27000
27,7,1,True,88,1.76,15.887534852048447,0,0,18.4440298420744,10.205205859903506,0.8811760178291128,False,88,27001
27,7,-1,True,148,2.96,27.325931496323822,0,0,16.34071524876226,8.71475391081264,0.8940386620504029,False,148,27000
27,7,-1,True,146,2.92,26.639399057897396,0,0,17.821489477795154,10.205205859903506,0.9237163821083687,False,146,27001
28,0,1,True,142,2.84,27.718336154105533,0,0,14.489388685223785,6.596509574530437,0.6871208893066566,False,142,28000
28,0,1,False,,,25.120695117573074,0,0,1.473579673591878,7.7764530376561805,4.802873364064306,False,150,28001
28,0,-1,True,38,0.76,9.039179562688338,0,0,15.289709878770873,6.596509574530437,0.9267996957595634,False,38,28000
28,0,-1,False,,,39.09362340408709,0,0,1.8646296975239078,7.7764530376561805,4.411823340132281,False,150,28001
28,1,1,False,,,41.26458484877222,0,0,-2.2128926612351414,6.596509574530437,7.309402235765602,False,150,28000
28,1,1,True,28,0.56,8.540352928858113,0,0,16.711089387369633,7.7764530376561805,0.7853636502865479,False,28,28001
28,1,-1,True,147,2.94,16.827436522803374,0,0,14.413909621967662,6.596509574530437,0.7125999525627875,False,147,28000
28,1,-1,False,,,14.600024652469047,0,0,1.363685234015462,7.7764530376561805,4.912767803640717,False,150,28001
28,2,1,False,,,13.723315579293333,0,0,3.1916050423004916,6.596509574530437,1.9049045322299567,False,150,28000
28,2,1,False,,,13.203285652943961,0,0,0.24640099697792417,7.7764530376561805,6.030052040678255,False,150,28001
28,2,-1,True,149,2.98,39.12920419811151,0,0,14.38085206635093,6.596509574530437,0.7256575081795251,False,149,28000
28,2,-1,True,29,0.58,8.909790775937587,0,0,16.759885726657743,7.7764530376561805,0.726567310998439,False,29,28001
28,3,1,True,26,0.52,7.240105374122594,0,0,15.484441628845499,6.596509574530437,0.8520679456849365,False,26,28000
28,3,1,True,27,0.54,8.08944775929881,0,0,16.62525617684107,7.7764530376561805,0.8811968608151122,False,27,28001
28,3,-1,True,97,1.94,10.645145748882358,0,0,14.659332071730411,6.596509574530437,0.9671775028000382,False,97,28000
28,3,-1,True,82,1.6400000000000001,9.683055289315199,0,0,15.973488116317789,7.7764530376561805,0.9829649213383934,False,82,28001
28,4,1,False,,,31.37693228208015,0,0,-3.3936402296898986,6.596509574530437,8.490149804220351,False,150,28000
28,4,1,True,44,0.88,8.933976048647008,0,0,16.523190575089238,7.7764530376561805,0.8132624625669445,False,44,28001
28,4,-1,False,,,33.98719615089829,0,0,0.3054333426348126,6.596509574530437,4.791076231895625,False,150,28000
28,4,-1,False,,,34.398810445374814,0,0,3.5802307230903017,7.7764530376561805,2.6962223145658832,False,150,28001
28,5,1,True,71,1.42,10.964710339977655,0,0,14.97950764049576,6.596509574530437,0.9070019340346825,False,71,28000
28,5,1,True,79,1.58,14.474469949523783,0,0,16.129786074571527,7.7764530376561805,0.8566669630846554,False,79,28001
28,5,-1,False,,,44.04964432358061,0,0,-8.264025156305863,6.596509574530437,13.360534730836322,False,150,28000
28,5,-1,False,,,44.938609124758315,0,0,-8.105058413569987,7.7764530376561805,14.381511451226183,False,150,28001
28,6,1,True,34,0.68,6.702960648639725,0,0,15.28293834244649,6.596509574530437,0.9735712320839477,False,34,28000
28,6,1,True,43,0.86,8.634571657739972,0,0,16.349327654705668,7.7764530376561805,0.9971253829505178,False,43,28001
28,6,-1,False,,,40.4723766900668,0,0,1.5803227059868157,6.596509574530437,3.516186868543638,False,150,28000
28,6,-1,True,31,0.62,8.12443102875064,0,0,16.499016260698372,7.7764530376561805,0.967436776957809,False,31,28001
28,7,1,False,,,32.75151796427577,0,0,3.1551616241332123,6.596509574530437,1.9413479503972313,False,150,28000
28,7,1,False,,,26.97865026687304,0,0,4.226254650809544,7.7764530376561805,2.0501983868466485,False,150,28001
28,7,-1,True,138,2.7600000000000002,32.30064933367501,0,0,14.27533464411803,6.596509574530437,0.9411749304124176,False,138,28000
28,7,-1,False,,,36.349392019958046,0,0,-0.6257420564554481,7.7764530376561805,6.902195094111646,False,150,28001
29,0,1,True,54,1.08,10.59060561213723,0,0,17.283913966481627,8.823031649463335,0.9991176829817087,False,54,29000
29,0,1,False,,,34.968395499563236,0,0,1.9407021785266856,8.978019710017378,5.537317531490706,False,150,29001
29,0,-1,False,,,25.610581822372183,0,0,-1.6567514169834916,8.823031649463335,8.97978306644684,False,150,29000
29,0,-1,False,,,21.03979115107303,0,0,-0.5548278772850612,8.978019710017378,8.032847587302458,False,150,29001
29,1,1,True,133,2.66,32.90666987949892,0,0,16.503376247921363,8.823031649463335,0.9896554015419872,False,133,29000
29,1,1,True,136,2.72,33.91268160670182,0,0,16.714046687622186,8.978019710017378,0.9039730223952124,False,136,29001
29,1,-1,True,143,2.86,19.773004791120453,0,0,16.69421786455745,8.823031649463335,0.6988137849058896,False,143,29000
29,1,-1,False,,,13.08080025540725,0,0,-2.2014506638166065,8.978019710017378,9.67947037383399,False,150,29001
29,2,1,True,53,1.06,12.732041131695581,0,0,17.413429266441383,8.823031649463335,0.8796023830219544,False,53,29000
29,2,1,True,150,3.0,35.60385307956944,0,0,16.623277601962357,8.978019710017378,0.8547421080550403,False,150,29001
29,2,-1,False,,,9.659740392071212,0,0,-1.7293125467596202,8.823031649463335,9.052344196222954,False,150,29000
29,2,-1,True,130,2.6,24.34361731843085,0,0,16.770860713991876,8.978019710017378,0.9071589960255152,False,130,29001
29,3,1,True,52,1.04,11.435084646678037,0,0,17.43460518434821,8.823031649463335,0.8684264651151288,False,52,29000
29,3,1,False,,,32.3017905736702,0,0,5.10482476273179,8.978019710017378,2.373194947285603,False,150,29001
29,3,-1,True,78,1.56,13.12312557818638,0,0,17.10609635962838,8.823031649463335,0.936935289834957,False,78,29000
29,3,-1,True,88,1.76,16.326341095456534,0,0,17.238701364886253,8.978019710017378,0.8593183451311271,False,88,29001
29,4,1,False,,,11.60748210249508,0,0,2.079556860811344,8.823031649463335,5.24347478865199,False,150,29000
29,4,1,False,,,25.53545532944672,0,0,2.160608204493906,8.978019710017378,5.317411505523481,False,150,29001
29,4,-1,True,48,0.96,11.16214508612102,0,0,17.496843690802134,8.823031649463335,0.8461879586612049,False,48,29000
29,4,-1,False,,,37.210338575231475,0,0,4.8942687713590685,8.978019710017378,2.583750938658314,False,150,29001
29,5,1,True,52,1.04,12.128935094013663,0,0,17.33752273398821,8.823031649463335,0.9655089154751287,False,52,29000
29,5,1,True,112,2.24,31.024930046602528,0,0,17.137124005249337,8.978019710017378,0.7208957047680543,False,112,29001
29,5,-1,True,76,1.52,11.068574590235011,0,0,17.21426825031097,8.823031649463335,0.8487633991523694,False,76,29000
29,5,-1,False,,,7.22438103000841,0,0,-2.9858770371193946,8.978019710017378,10.463896747136785,False,150,29001
29,6,1,False,,,22.193454414196847,0,0,-6.941543324138508,8.823031649463335,14.264574973601853,False,150,29000
29,6,1,False,,,15.62253516974591,0,0,-1.7474657216757372,8.978019710017378,9.225485431693114,False,150,29001
29,6,-1,False,,,42.266005953119596,0,0,1.240164253608886,8.823031649463335,6.082867395854466,False,150,29000
29,6,-1,False,,,47.50538384320594,0,0,-20.000558141744023,8.978019710017378,27.47857785176134,False,150,29001
29,7,1,False,,,10.216870013808098,0,0,2.161849446031992,8.823031649463335,5.161182203431357,False,150,29000
29,7,1,False,,,21.450193594118872,0,0,-2.1909165715596064,8.978019710017378,9.668936281577002,False,150,29001
29,7,-1,False,,,42.77776381824146,0,0,-6.671867702226043,8.823031649463335,13.9948993516894,False,150,29000
29,7,-1,False,,,43.10835544196142,0,0,1.793045296745101,8.978019710017378,5.684974413272295,False,150,29001
30,0,1,True,58,1.16,14.048065206946834,0,0,17.526737737626817,8.882241559148271,0.775503821521455,False,58,30000
30,0,1,True,38,0.76,9.678795907164679,0,0,17.513584894633553,8.880110786370984,0.9865258917374369,False,38,30001
30,0,-1,False,,,27.817158522822997,0,0,1.4367296090176467,8.882241559148271,5.945511950130629,False,150,30000
30,0,-1,False,,,6.82900773965047,0,0,-0.9105653783899019,8.880110786370984,8.290676164760885,False,150,30001
30,1,1,False,,,19.618139335412206,0,0,5.621252724679279,8.882241559148271,1.760988834468995,False,150,30000
30,1,1,True,114,2.2800000000000002,13.078779850650893,0,0,16.861046619472425,8.880110786370984,0.8790641668985657,False,114,30001
30,1,-1,True,81,1.62,19.787852038997762,0,0,17.193564987415005,8.882241559148271,0.8786765717332691,False,81,30000
30,1,-1,True,32,0.64,9.87327102453086,0,0,17.858104316051197,8.880110786370984,0.7020064703197889,False,32,30001
30,2,1,True,67,1.34,17.864126163164077,0,0,17.402088269034124,8.882241559148271,0.8101532901141499,False,67,30000
30,2,1,True,34,0.68,10.443899686501418,0,0,17.95397812525906,8.880110786370984,0.5861326611119255,False,34,30001
30,2,-1,True,122,2.44,16.800221133167348,0,0,16.68973600829843,8.882241559148271,0.9725055508498536,False,122,30000
30,2,-1,False,,,7.880490885275392,0,0,0.19037077557385507,8.880110786370984,7.189740010797129,False,150,30001
30,3,1,False,,,18.983596047597466,0,0,-1.0436661521494015,8.882241559148271,8.425907711297672,False,150,30000
30,3,1,True,103,2.06,12.090216196397188,0,0,17.10272745088544,8.880110786370984,0.7473833354855483,False,103,30001
30,3,-1,False,,,41.92564236448947,0,0,-7.3456753928579746,8.882241559148271,14.727916952006256,False,150,30000
30,3,-1,True,35,0.7000000000000001,10.053550744777821,0,0,17.5747274223725,8.880110786370984,0.9553833639984851,False,35,30001
30,4,1,True,62,1.24,15.986032378627227,0,0,17.632632049094376,8.882241559148271,0.6296095100538972,False,62,30000
30,4,1,True,39,0.78,9.183916439412014,0,0,17.62602608979613,8.880110786370984,0.8640846965748569,False,39,30001
30,4,-1,True,96,1.92,16.859854403230745,0,0,17.179196661977258,8.882241559148271,0.7430448971710215,False,96,30000
30,4,-1,True,45,0.9,9.449811957335834,0,0,17.71071742755028,8.880110786370984,0.7193933588207073,False,45,30001
30,5,1,True,61,1.22,16.180641613435217,0,0,17.434047100194142,8.882241559148271,0.8381944589541315,False,61,30000
30,5,1,True,38,0.76,10.586522277217032,0,0,17.54508555211567,8.880110786370984,0.9550252342553178,False,38,30001
30,5,-1,False,,,21.84286251557224,0,0,2.8922843297861522,8.882241559148271,4.489957229362138,False,150,30000
30,5,-1,False,,,7.841291638959831,0,0,0.0257614166831523,8.880110786370984,7.3543493696878315,False,150,30001
30,6,1,True,64,1.28,15.788228361972644,0,0,17.394469750542957,8.882241559148271,0.8477718086053164,False,64,30000
30,6,1,True,35,0.7000000000000001,9.440718460468231,0,0,17.708231793057642,8.880110786370984,0.821878993313344,False,35,30001
30,6,-1,False,,,30.89349274879144,0,0,1.82828925507687,8.882241559148271,5.553952304071405,False,150,30000
30,6,-1,True,70,1.4000000000000001,10.217639996883841,0,0,17.191541475411316,8.880110786370984,0.988569310959672,False,70,30001
30,7,1,True,95,1.9000000000000001,17.72998364208592,0,0,16.941717027239093,8.882241559148271,0.990524531909181,False,95,30000
30,7,1,True,38,0.76,9.874464026886475,0,0,17.615518334694883,8.880110786370984,0.884592451676105,False,38,30001
30,7,-1,False,,,37.043330239801996,0,0,4.0579844467763,8.882241559148271,3.324257112371981,False,150,30000
30,7,-1,True,46,0.92,9.123979953141207,0,0,17.44362242218049,8.880110786370984,0.976488364190501,False,46,30001
31,0,1,False,,,41.24122385593054,0,0,-0.6389875294255503,7.194006919170754,6.332994448596312,False,150,31000
31,0,1,False,,,40.54045460729414,0,0,1.9792258483804595,7.695320190053505,4.216094341673045,False,150,31001
31,0,-1,True,143,2.86,27.352677430998366,0,0,14.771424837645547,7.194006919170754,0.9925820815252265,False,143,31000
31,0,-1,True,100,2.0,23.283575591603945,0,0,15.866955168520576,7.695320190053505,0.8283650215329382,False,100,31001
31,1,1,False,,,38.69263799576157,0,0,-1.0355115010731721,7.194006919170754,6.729518420243942,False,150,31000
31,1,1,True,101,2.02,25.39618904306591,0,0,15.694878126097876,7.695320190053505,0.9904420639556406,False,101,31001
31,1,-1,False,,,36.530070989186974,0,0,-0.03710301563473442,7.194006919170754,5.7311099348055,False,150,31000
31,1,-1,False,,,36.53423282927504,0,0,2.4962531156472005,7.695320190053505,3.6990670744063117,False,150,31001
31,2,1,False,,,42.89555898886339,0,0,0.39327580512111315,7.194006919170754,5.300731114049659,False,150,31000
31,2,1,False,,,44.76568784157382,0,0,-3.1728859918700767,7.695320190053505,9.368206181923593,False,150,31001
31,2,-1,False,,,25.795287449555754,0,0,-2.471316389468285,7.194006919170754,8.165323308639064,False,150,31000
31,2,-1,True,150,3.0,25.788844414444373,0,0,15.399676112088592,7.695320190053505,0.7956440779649283,False,150,31001
31,3,1,False,,,21.59957101557865,0,0,2.058092671052197,7.194006919170754,3.6359142481185778,False,150,31000
31,3,1,False,,,34.30694275190056,0,0,1.2380655648109555,7.695320190053505,4.957254625242553,False,150,31001
31,3,-1,False,,,39.35906168896123,0,0,-0.26740137242446993,7.194006919170754,5.9614082915952435,False,150,31000
31,3,-1,True,133,2.66,34.271805358817616,0,0,15.483967629816561,7.695320190053505,0.8813525602369642,False,133,31001
31,4,1,False,,,35.85271333490403,0,0,1.1695405639681695,7.194006919170754,4.524466355202597,False,150,31000
31,4,1,True,87,1.74,23.440774004897264,0,0,16.068306238410976,7.695320190053505,0.7570139516425315,False,87,31001
31,4,-1,True,127,2.54,29.234847453855977,0,0,15.005009775115447,7.194006919170754,0.9189971440553218,False,127,31000
31,4,-1,True,104,2.08,23.551826194381622,0,0,15.808556496197822,7.695320190053505,0.8467636938556902,False,104,31001
31,5,1,True,102,2.04,23.99624590187804,0,0,15.326961141332966,7.194006919170754,0.8470457778378,False,102,31000
31,5,1,True,72,1.44,17.055964261869313,0,0,16.351315884923352,7.695320190053505,0.6240043051301524,False,72,31001
31,5,-1,True,83,1.6600000000000001,18.798343524991726,0,0,15.496883034114378,7.194006919170754,0.8671238850563803,False,83,31000
31,5,-1,True,72,1.44,17.940879778853084,0,0,15.978564430182434,7.695320190053505,0.9967557598710695,False,72,31001
31,6,1,False,,,21.721416467502483,0,0,-4.222867866690335,7.194006919170754,9.916874785861118,False,150,31000
31,6,1,False,,,27.10865785002794,0,0,3.178873826489059,7.695320190053505,3.016446363564453,False,150,31001
31,6,-1,True,79,1.58,23.61085478216507,0,0,15.61758265983607,7.194006919170754,0.786424259334688,False,79,31000
31,6,-1,True,73,1.46,20.83481349587062,0,0,16.05764445979372,7.695320190053505,0.9076757302597858,False,73,31001
31,7,1,False,,,47.95077037300669,0,0,-3.272570840952765,7.194006919170754,8.966577760123547,False,150,31000
31,7,1,False,,,47.10770309598126,0,0,1.8870518850712745,7.695320190053505,4.308268304982251,False,150,31001
31,7,-1,False,,,13.939299819044756,0,0,-2.2154415533358103,7.194006919170754,7.909448472506566,False,150,31000
31,7,-1,False,,,17.194718316589995,0,0,2.011479701083744,7.695320190053505,4.183840488969762,False,150,31001
32,0,1,True,44,0.88,9.838412631874187,0,0,17.652443820096913,9.06420454434389,0.971760724246981,False,44,32000
32,0,1,False,,,26.90603947171356,0,0,-0.30432986665011785,7.093987868108297,5.8983177347584155,False,150,32001
32,0,-1,False,,,38.924637815139846,0,0,-1.286186822343763,9.06420454434389,8.85039136668766,False,150,32000
32,0,-1,True,56,1.12,14.643422515087611,0,0,15.621651089693225,7.093987868108297,0.9123367784150741,False,56,32001
32,1,1,True,55,1.1,11.733778015867255,0,0,17.719301227562582,9.06420454434389,0.7949033167813081,False,55,32000
32,1,1,True,49,0.98,11.85970913678166,0,0,16.01121674651918,7.093987868108297,0.5927711215891186,False,49,32001
32,1,-1,False,,,35.136664640860204,0,0,3.232794701590559,9.06420454434389,4.3314098427533425,False,150,32000
32,1,-1,False,,,24.108264218734558,0,0,0.3690624216158047,7.093987868108297,5.224925446492497,False,150,32001
32,2,1,False,,,10.398002062156133,0,0,0.7292316172668658,9.06420454434389,6.834972927077023,False,150,32000
32,2,1,True,76,1.52,14.381174614281393,0,0,15.527617932767303,7.093987868108297,0.8063699353409963,False,76,32001
32,2,-1,True,34,0.68,10.556134455789099,0,0,17.900024120737385,9.06420454434389,0.8241804236065061,False,34,32000
32,2,-1,True,62,1.24,15.441445223967433,0,0,15.563732056809577,7.093987868108297,0.9102558112987184,False,62,32001
32,3,1,True,53,1.06,10.073558664117275,0,0,17.725860851253206,9.06420454434389,0.8083436930906844,False,53,32000
32,3,1,True,76,1.52,14.476085440373364,0,0,15.480080239164145,7.093987868108297,0.8539076289441505,False,76,32001
32,3,-1,False,,,45.07243834827114,0,0,4.8033591191244716,9.06420454434389,2.7608454252194305,False,150,32000
32,3,-1,False,,,39.610100835571124,0,0,4.4413800792342695,7.093987868108297,1.152607788874028,False,150,32001
32,4,1,True,36,0.72,10.666134533756523,0,0,17.784813769336754,9.06420454434389,0.919390775007136,False,36,32000
32,4,1,True,60,1.2,14.918503437453529,0,0,15.53565253088918,7.093987868108297,0.9583353372191185,False,60,32001
32,4,-1,False,,,31.982200231756966,0,0,3.051594257318868,9.06420454434389,4.512610287025027,False,150,32000
32,4,-1,False,,,23.240909785983934,0,0,2.277696578155498,7.093987868108297,3.316291289952815,False,150,32001
32,5,1,True,43,0.86,11.02901268661894,0,0,17.814087947664717,9.06420454434389,0.8201165966791757,False,43,32000
32,5,1,True,65,1.3,13.400660100624636,0,0,15.776411661461378,7.093987868108297,0.667576206646919,False,65,32001
32,5,-1,True,49,0.98,10.22459738936291,0,0,17.643191350828854,9.06420454434389,0.9310131935150405,False,49,32000
32,5,-1,False,,,36.29235373570452,0,0,1.3568987482795016,7.093987868108297,4.237089119828797,False,150,32001
32,6,1,False,,,41.881584633922934,0,0,-1.2913270501953866,9.06420454434389,8.85553159453929,False,150,32000
32,6,1,True,66,1.32,14.674879633486741,0,0,15.777538695794842,7.093987868108297,0.6564491723134565,False,66,32001
32,6,-1,False,,,24.492412545422603,0,0,-0.11354259479220175,9.06420454434389,7.677747139136097,False,150,32000
32,6,-1,False,,,31.34316766687845,0,0,3.200994153295103,7.093987868108297,2.3929937148131923,False,150,32001
32,7,1,True,49,0.98,10.721112794992864,0,0,17.859677689101858,9.06420454434389,0.7145268552420335,False,49,32000
32,7,1,True,83,1.6600000000000001,14.21144302711141,0,0,15.307597329203112,7.093987868108297,0.9563905389051852,False,83,32001
32,7,-1,False,,,43.32800224014329,0,0,-7.549102563452314,9.06420454434389,15.113307107796226,False,150,32000
32,7,-1,False,,,44.888546287307335,0,0,-3.6162800503690056,7.093987868108297,9.210267918477319,False,150,32001
33,0,1,False,,,33.31327685120297,0,0,-3.0659764881760587,7.763008706410336,9.328985194586402,False,150,33000
33,0,1,True,31,0.62,6.8134549655118395,0,0,15.648167030042348,6.681851709729574,0.7236846796872252,False,31,33001
33,0,-1,True,49,0.98,13.400299204052322,0,0,16.557019413811297,7.763008706410336,0.7159892925990399,False,49,33000
33,0,-1,True,23,0.46,7.03419029705934,0,0,15.500623145876148,6.681851709729574,0.9512285638534257,False,23,33001
33,1,1,True,54,1.08,14.792899501479017,0,0,16.499069208283238,7.763008706410336,0.723939498127099,False,54,33000
33,1,1,True,23,0.46,7.1255153408311,0,0,15.57135074920912,6.681851709729574,0.8805009605204519,False,23,33001
33,1,-1,True,65,1.3,11.569626047004913,0,0,16.29823239411024,7.763008706410336,0.8147763123000982,False,65,33000
33,1,-1,True,33,0.66,6.756193942000309,0,0,15.482594011973053,6.681851709729574,0.8692576977565224,False,33,33001
33,2,1,True,53,1.06,10.30579705503571,0,0,16.393549922049136,7.763008706410336,0.8394587843612026,False,53,33000
33,2,1,True,30,0.6,7.318154164077417,0,0,15.498609684838861,6.681851709729574,0.883242024890714,False,30,33001
33,2,-1,True,150,3.0,35.457957175632394,0,0,15.36079287550577,7.763008706410336,0.9022158309045826,False,150,33000
33,2,-1,True,24,0.48,6.975389375764108,0,0,15.582963333973181,6.681851709729574,0.858888375756391,False,24,33001
33,3,1,False,,,27.198871052812034,0,0,-1.00767209547019,7.763008706410336,7.270680801880549,False,150,33000
33,3,1,True,25,0.5,7.244296487389089,0,0,15.457301240388148,6.681851709729574,0.9745504693414244,False,25,33001
33,3,-1,True,89,1.78,19.766269513456475,0,0,15.99039712316365,7.763008706410336,0.8826115832466876,False,89,33000
33,3,-1,False,,,33.737038949915245,0,0,-0.6281729513450762,6.681851709729574,5.810024661074654,False,150,33001
33,4,1,True,134,2.68,34.339186160936464,0,0,15.685199147584983,7.763008706410336,0.7378095588253715,False,134,33000
33,4,1,True,128,2.56,35.85406638140561,0,0,14.58469316748917,6.681851709729574,0.8171585422404136,False,128,33001
33,4,-1,True,52,1.04,10.805322376127917,0,0,16.25341325535995,7.763008706410336,0.9895954510503887,False,52,33000
33,4,-1,True,58,1.16,9.658197089886409,0,0,15.191445028066909,6.681851709729574,0.9104066816626669,False,58,33001
33,5,1,False,,,27.135031342933658,0,0,2.8463017189204862,7.763008706410336,3.4167069874898597,False,150,33000
33,5,1,False,,,27.439920906269847,0,0,0.733887220187954,6.681851709729574,4.44796448954163,False,150,33001
33,5,-1,False,,,42.23727354238307,0,0,4.135371362044637,7.763008706410336,2.127637344365716,False,150,33000
33,5,-1,False,,,45.34124372574883,0,0,-2.71149894054064,6.681851709729574,7.893350650270216,False,150,33001
33,6,1,False,,,43.8123984515232,0,0,-14.444239264155172,7.763008706410336,20.70724797056553,False,150,33000
33,6,1,True,24,0.48,7.25874557167741,0,0,15.775168611247098,6.681851709729574,0.6666830984824741,False,24,33001
33,6,-1,False,,,17.72816377989096,0,0,1.5322073016073965,7.763008706410336,4.730801404802938,False,150,33000
33,6,-1,True,85,1.7,8.639882270147812,0,0,14.904066550698014,6.681851709729574,0.9277851590315614,False,85,33001
33,7,1,False,,,45.530936176865296,0,0,-7.088136477391265,7.763008706410336,13.351145183801625,False,150,33000
33,7,1,True,24,0.48,7.306397800450043,0,0,15.625297360110325,6.681851709729574,0.8165543496192482,False,24,33001
33,7,-1,True,65,1.3,11.387616642583541,0,0,16.131403990544722,7.763008706410336,0.9816047158656154,False,65,33000
33,7,-1,True,44,0.88,8.323341573829008,0,0,15.40658106843538,6.681851709729574,0.8352706412941958,False,44,33001
34,0,1,False,,,35.41178580486671,0,0,5.043348758925492,9.904737609791837,3.3613888508663576,False,150,34000
34,0,1,True,47,0.9400000000000001,11.256228628443989,0,0,15.995778334221187,7.35806277161038,0.8922844373891943,False,47,34001
34,0,-1,True,68,1.36,17.919569173168345,0,0,18.461274582320392,9.904737609791837,0.7634630274714475,False,68,34000
34,0,-1,True,51,1.02,12.449074767433647,0,0,16.062362723802686,7.35806277161038,0.7857000478076955,False,51,34001
34,1,1,False,,,30.647282383505942,0,0,1.82785697286077,9.904737609791837,6.57688063693108,False,150,34000
34,1,1,True,73,1.46,19.818056032397603,0,0,15.69156570074697,7.35806277161038,0.936497070863414,False,73,34001
34,1,-1,False,,,41.94144801541336,0,0,2.479625253402202,9.904737609791837,5.925112356389641,False,150,34000
34,1,-1,False,,,35.17814086628816,0,0,-6.896018553642666,7.35806277161038,12.754081325253072,False,150,34001
34,2,1,True,109,2.18,18.864123384349647,0,0,17.884454252809615,9.904737609791837,0.9302833569822307,False,109,34000
34,2,1,True,107,2.14,13.686087538182274,0,0,15.314797748922658,7.35806277161038,0.973265022687731,False,107,34001
34,2,-1,True,55,1.1,14.935083199875546,0,0,18.387212154284455,9.904737609791837,0.9675254555073863,False,55,34000
34,2,-1,False,,,44.51454117318678,0,0,2.299897792546303,7.35806277161038,3.558164979064101,False,150,34001
34,3,1,True,94,1.8800000000000001,19.347080847690677,0,0,18.136152169928334,9.904737609791837,0.8285854398635082,False,94,34000
34,3,1,True,55,1.1,11.424601520548576,0,0,15.825749256777437,7.35806277161038,0.9823135148329467,False,55,34001
34,3,-1,True,60,1.2,15.873584474475582,0,0,18.724445553221962,9.904737609791837,0.5802920565698806,False,60,34000
34,3,-1,False,,,40.75942091113536,0,0,2.4430373944247474,7.35806277161038,3.4150253771856542,False,150,34001
34,4,1,True,83,1.6600000000000001,15.256633724277776,0,0,18.315149394582086,9.904737609791837,0.7595882152097582,False,83,34000
34,4,1,True,46,0.92,10.904256858996085,0,0,16.332187873427134,7.35806277161038,0.5658748981832475,False,46,34001
34,4,-1,True,136,2.72,37.400854160942394,0,0,17.709033362307746,9.904737609791837,0.8357042474841049,False,136,34000
34,4,-1,False,,,39.4609692976922,0,0,-3.706316700015698,7.35806277161038,9.564379471626086,False,150,34001
34,5,1,True,72,1.44,19.059016795522126,0,0,18.19680895441248,9.904737609791837,0.9879286553793638,False,72,34000
34,5,1,True,37,0.74,9.829300629270909,0,0,16.00660483919338,7.35806277161038,0.9814579324170034,False,37,34001
34,5,-1,True,72,1.44,15.909785478546285,0,0,18.29454121226025,9.904737609791837,0.8901963975315937,False,72,34000
34,5,-1,True,147,2.94,34.39992203591584,0,0,14.998925687789427,7.35806277161038,0.8891370838209715,False,147,34001
34,6,1,False,,,40.8849393423807,0,0,3.411694536253721,9.904737609791837,4.993043073538124,False,150,34000
34,6,1,True,78,1.56,21.24550574349583,0,0,15.657532297700499,7.35806277161038,0.9205304739098824,False,78,34001
34,6,-1,True,133,2.66,33.718092793139355,0,0,17.63882495667462,9.904737609791837,0.9359126531172288,False,133,34000
34,6,-1,False,,,23.13303538123234,0,0,-7.491927435526922,7.35806277161038,13.349990207137324,False,150,34001
34,7,1,False,,,50.932858229594295,0,0,-6.585568932140062,9.904737609791837,14.990306541931915,False,150,34000
34,7,1,False,,,50.142688733989445,0,0,-14.241444041946238,7.35806277161038,20.099506813556644,False,150,34001
34,7,-1,False,,,32.79771395533392,0,0,-13.408516447690921,9.904737609791837,21.813254057482773,False,150,34000
34,7,-1,False,,,34.97098693034511,0,0,-14.640949886552503,7.35806277161038,20.4990126581629,False,150,34001
35,0,1,True,57,1.1400000000000001,12.769101561864767,0,0,15.197530143825217,6.73559117718944,0.9680610333642246,False,57,35000
35,0,1,True,129,2.58,22.799256316953002,0,0,14.735631896653425,6.86556864923925,0.8399367525858397,False,129,35001
35,0,-1,True,119,2.38,31.91998743416236,0,0,14.760306491980703,6.73559117718944,0.785284685208751,False,119,35000
35,0,-1,True,81,1.62,20.360210609903678,0,0,15.09644297880071,6.86556864923925,0.9591256704385459,False,81,35001
35,1,1,False,,,41.94831962334307,0,0,0.5233657568129373,6.73559117718944,4.712225420376528,False,150,35000
35,1,1,True,149,2.98,42.458460177423916,0,0,14.46871039399424,6.86556864923925,0.9068582552450325,False,149,35001
35,1,-1,False,,,16.984676313354708,0,0,0.024015162395627003,6.73559117718944,5.211576014793812,False,150,35000
35,1,-1,False,,,18.515772651425138,0,0,-2.0556664141831247,6.86556864923925,7.421235063422399,False,150,35001
35,2,1,False,,,43.91401217461655,0,0,1.5171576804849525,6.73559117718944,3.7184334967044985,False,150,35000
35,2,1,True,105,2.1,26.209424923669907,0,0,14.827016311331935,6.86556864923925,0.9885523379073291,False,105,35001
35,2,-1,True,52,1.04,11.085586500067313,0,0,15.352407594084362,6.73559117718944,0.8631835831050811,False,52,35000
35,2,-1,False,,,22.606415203825907,0,0,1.0739804102169008,6.86556864923925,4.291588239022363,False,150,35001
35,3,1,True,64,1.28,12.266063051989226,0,0,15.099499291775277,6.73559117718944,0.996091885414165,False,64,35000
35,3,1,False,,,21.773143389960623,0,0,-2.3208536706840137,6.86556864923925,7.686422319923292,False,150,35001
35,3,-1,False,,,41.2000248088474,0,0,1.4076021292855025,6.73559117718944,3.827989047903957,False,150,35000
35,3,-1,False,,,41.92407871051038,0,0,-1.875075032414398,6.86556864923925,7.240643681653662,False,150,35001
35,4,1,False,,,47.44749388950713,0,0,-17.74368782424528,6.73559117718944,22.97927900143469,False,150,35000
35,4,1,False,,,41.69658982721214,0,0,-0.27948651814417785,6.86556864923925,5.645055167383443,False,150,35001
35,4,-1,True,48,0.96,11.065885630880476,0,0,15.412910799445058,6.73559117718944,0.842680377744383,False,48,35000
35,4,-1,True,107,2.14,19.834891706261505,0,0,15.082037861862897,6.86556864923925,0.7135307873763654,False,107,35001
35,5,1,True,35,0.7000000000000001,10.201300494226487,0,0,15.479163042332525,6.73559117718944,0.9064281348569164,False,35,35000
35,5,1,True,99,1.98,22.925599263026655,0,0,15.114960759950588,6.86556864923925,0.7606078892886761,False,99,35001
35,5,-1,True,150,3.0,35.07077762938923,0,0,14.289563432264597,6.73559117718944,0.9460277449248621,False,150,35000
35,5,-1,True,118,2.36,26.17280719069301,0,0,14.783866000653196,6.86556864923925,0.9017026485860696,False,118,35001
35,6,1,False,,,39.57525412452762,0,0,2.671320546591291,6.73559117718944,2.5642706305981586,False,150,35000
35,6,1,True,118,2.36,28.967680220894188,0,0,14.762924693624058,6.86556864923925,0.9226439556152077,False,118,35001
35,6,-1,True,65,1.3,14.350244237330926,0,0,15.147704193712702,6.73559117718944,0.9378869834767364,False,65,35000
35,6,-1,False,,,32.69479425888384,0,0,0.3882529779105164,6.86556864923925,4.977315671328741,False,150,35001
35,7,1,True,32,0.64,9.606624158965836,0,0,15.79205542514773,6.73559117718944,0.6235357520417112,False,32,35000
35,7,1,True,108,2.16,27.83329908854555,0,0,14.988827018291268,6.86556864923925,0.7967416309479961,False,108,35001
35,7,-1,True,131,2.62,33.458464764046184,0,0,14.466062858064902,6.73559117718944,0.95952831912454,False,131,35000
35,7,-1,True,123,2.46,20.78641970281748,0,0,14.698701016371203,6.86556864923925,0.9368676328680594,False,123,35001
36,0,1,True,81,1.62,14.845566193425656,0,0,16.78445242331378,8.43488609831338,0.8404336749996018,False,81,36000
36,0,1,True,49,0.98,12.198043956371261,0,0,15.801864499497906,7.234567502793486,0.9427030032955808,False,49,36001
36,0,-1,True,41,0.8200000000000001,11.159068688408803,0,0,17.099846607235413,8.43488609831338,0.9250394910779667,False,41,36000
36,0,-1,True,51,1.02,11.135160854527744,0,0,16.06404510801398,7.234567502793486,0.6605223947795105,False,51,36001
36,1,1,False,,,37.6500363758487,0,0,-1.6484731814730664,8.43488609831338,8.583359279786468,False,150,36000
36,1,1,False,,,40.48633881253994,0,0,-3.159658759931154,7.234567502793486,8.894226262724652,False,150,36001
36,1,-1,True,51,1.02,12.572563704856888,0,0,17.029461331688047,8.43488609831338,0.8954247666253327,False,51,36000
36,1,-1,True,51,1.02,11.046168654469705,0,0,15.947941126436286,7.234567502793486,0.7766263763572021,False,51,36001
36,2,1,False,,,44.70578238358277,0,0,0.9305236145503923,8.43488609831338,6.004362483763005,False,150,36000
36,2,1,True,58,1.16,14.794802766543526,0,0,15.753277450160876,7.234567502793486,0.9012900526326096,False,58,36001
36,2,-1,True,85,1.7,16.23744434613169,0,0,16.60375183684561,8.43488609831338,0.9811342614677765,False,85,36000
36,2,-1,True,81,1.62,13.95327432348926,0,0,15.527204421590554,7.234567502793486,0.8973630812029376,False,81,36001
36,3,1,True,59,1.18,14.00880606861511,0,0,17.011174926984374,8.43488609831338,0.8337111713290088,False,59,36000
36,3,1,True,41,0.8200000000000001,11.658022723239634,0,0,15.916834838369446,7.234567502793486,0.90773266442404,False,41,36001
36,3,-1,True,108,2.16,29.01541681165462,0,0,16.474117505122262,8.43488609831338,0.8807685931911298,False,108,36000
36,3,-1,True,50,1.0,14.263759187108853,0,0,15.779602619611437,7.234567502793486,0.9549648831820502,False,50,36001
36,4,1,False,,,35.448806271345795,0,0,4.006308301258186,8.43488609831338,2.9285777970552096,False,150,36000
36,4,1,False,,,43.83492641756212,0,0,-0.7672011288582281,7.234567502793486,6.501768631651722,False,150,36001
36,4,-1,False,,,36.90276483353626,0,0,-0.19034969028703275,8.43488609831338,7.125235788600414,False,150,36000
36,4,-1,False,,,37.53019565972496,0,0,-4.297719064363374,7.234567502793486,10.032286567156868,False,150,36001
36,5,1,True,47,0.9400000000000001,12.711657854128617,0,0,17.06217320836506,8.43488609831338,0.9027128899483242,False,47,36000
36,5,1,True,51,1.02,11.61625905436493,0,0,15.757250853304107,7.234567502793486,0.9673166494893777,False,51,36001
36,5,-1,True,48,0.96,11.822370014171463,0,0,17.269328660759502,8.43488609831338,0.6855574375538801,False,48,36000
36,5,-1,True,48,0.96,12.755879134821145,0,0,15.967807117062007,7.234567502793486,0.7867603857314794,False,48,36001
36,6,1,True,115,2.3000000000000003,16.90771434870613,0,0,16.473862074495873,8.43488609831338,0.8110240238175093,False,115,36000
36,6,1,True,101,2.02,12.380767393775269,0,0,15.267065039907258,7.234567502793486,0.9575024628862328,False,101,36001
36,6,-1,False,,,41.8408789405533,0,0,-6.523406783047086,8.43488609831338,13.45829288136048,False,150,36000
36,6,-1,True,77,1.54,21.58544787934784,0,0,15.66322135174991,7.234567502793486,0.8013461510435794,False,77,36001
36,7,1,False,,,39.042949368859254,0,0,2.3937410272046966,8.43488609831338,4.54114507110869,False,150,36000
36,7,1,True,59,1.18,14.030909194893805,0,0,15.689158231811712,7.234567502793486,0.9554092709817746,False,59,36001
36,7,-1,True,103,2.06,28.492794366362745,0,0,16.410587484400146,8.43488609831338,0.994298613913242,False,103,36000
36,7,-1,True,47,0.9400000000000001,11.299938299179136,0,0,15.872967931157515,7.234567502793486,0.8915995716359716,False,47,36001
37,0,1,True,74,1.48,18.5194233725336,0,0,16.598721262979417,8.316984517481307,0.9782632545018928,False,74,37000
37,0,1,True,78,1.56,21.248250325829034,0,0,17.995598414244384,9.513552079740462,0.73795366549608,False,78,37001
37,0,-1,True,75,1.5,16.28031160731299,0,0,16.64795448689336,8.316984517481307,0.9190300305879491,False,75,37000
37,0,-1,True,76,1.52,17.635998575894313,0,0,17.887548995562884,9.513552079740462,0.8660030841775801,False,76,37001
37,1,1,True,91,1.82,17.5618562845818,0,0,16.435436545746327,8.316984517481307,0.9715479717349813,False,91,37000
37,1,1,True,103,2.06,19.491581855128448,0,0,17.53761282934638,9.513552079740462,0.9459392503940878,False,103,37001
37,1,-1,False,,,41.75391757958426,0,0,2.0668468894236094,8.316984517481307,4.750137628057701,False,150,37000
37,1,-1,False,,,42.82022989166036,0,0,-0.3414984001327488,9.513552079740462,8.355050479873217,False,150,37001
37,2,1,True,79,1.58,21.721287800362884,0,0,16.599787782372893,8.316984517481307,0.9271967351084153,False,79,37000
37,2,1,True,85,1.7,22.264090533816642,0,0,17.73448864815366,9.513552079740462,0.9290634315868026,False,85,37001
37,2,-1,True,61,1.22,14.315581547167989,0,0,16.785221678593683,8.316984517481307,0.9217628388876284,False,61,37000
37,2,-1,True,130,2.6,19.711281671825258,0,0,17.32570853617634,9.513552079740462,0.8878435435641328,False,130,37001
37,3,1,True,67,1.34,16.423249906905546,0,0,16.743251102883367,8.316984517481307,0.9037334145979439,False,67,37000
37,3,1,True,85,1.7,19.21880515778957,0,0,17.792770199777365,9.513552079740462,0.8707818799630972,False,85,37001
37,3,-1,False,,,40.08778792562059,0,0,4.818611278210751,8.316984517481307,1.9983732392705593,False,150,37000
37,3,-1,False,,,37.82431710420859,0,0,0.36045156031360914,9.513552079740462,7.653100519426864,False,150,37001
37,4,1,True,60,1.2,14.841124503656072,0,0,16.717672913931313,8.316984517481307,0.9993116035499984,False,60,37000
37,4,1,True,102,2.04,22.110953626780475,0,0,17.72108519912929,9.513552079740462,0.7724668806111762,False,102,37001
37,4,-1,True,94,1.8800000000000001,23.834097810521296,0,0,16.39863683964465,8.316984517481307,0.9783476778366674,False,94,37000
37,4,-1,True,73,1.46,18.597594363085843,0,0,17.928891430447717,9.513552079740462,0.8546606492927482,False,73,37001
37,5,1,False,,,46.28268440855722,0,0,4.7578913943227565,8.316984517481307,2.0590931231585583,False,150,37000
37,5,1,True,64,1.28,17.168279190579767,0,0,18.042640102411305,9.513552079740462,0.8309119773291601,False,64,37001
37,5,-1,True,103,2.06,16.650026507146926,0,0,16.324264319042328,8.316984517481307,0.9627201984389859,False,103,37000
37,5,-1,False,,,20.1974521515527,0,0,5.173680250208182,9.513552079740462,2.839871829532286,False,150,37001
37,6,1,True,59,1.18,14.041720971374783,0,0,16.776434923445542,8.316984517481307,0.9505495940357659,False,59,37000
37,6,1,True,99,1.98,21.94684776259819,0,0,17.639692688135565,9.513552079740462,0.8838593916049012,False,99,37001
37,6,-1,False,,,40.43094751486783,0,0,-0.6044873944062641,8.316984517481307,7.421471911887575,False,150,37000
37,6,-1,True,77,1.54,19.084774758503702,0,0,17.866442066580714,9.513552079740462,0.8771100131597497,False,77,37001
37,7,1,True,108,2.16,33.29531881348569,0,0,16.382362059246866,8.316984517481307,0.854622458234453,False,108,37000
37,7,1,True,88,1.76,26.063644178608683,0,0,17.943298713351215,9.513552079740462,0.6902533663892498,False,88,37001
37,7,-1,True,110,2.2,16.370023643415326,0,0,16.23213451378206,8.316984517481307,0.9848500036992519,False,110,37000
37,7,-1,False,,,20.16802272511229,0,0,6.465765778470421,9.513552079740462,1.5477863012700432,False,150,37001
38,0,1,False,,,38.72486454488599,0,0,-1.9389843133188225,6.293696718806072,6.732681032124904,False,150,38000
38,0,1,True,73,1.46,19.828449900171208,0,0,17.45792554916716,9.062069643284012,0.8741440941168542,False,73,38001
38,0,-1,True,57,1.1400000000000001,13.67709434955487,0,0,14.852139858381994,6.293696718806072,0.8715568604240796,False,57,38000
38,0,-1,True,120,2.4,23.174633164399957,0,0,16.939419784010624,9.062069643284012,0.9226498592733887,False,120,38001
38,1,1,True,48,0.96,11.978257667355145,0,0,14.86570339064371,6.293696718806072,0.9479933281623655,False,48,38000
38,1,1,True,86,1.72,17.23714250556679,0,0,17.535979992599273,9.062069643284012,0.66608965068474,False,86,38001
38,1,-1,True,68,1.36,18.667322179420914,0,0,14.796292959851613,6.293696718806072,0.8174037589544575,False,68,38000
38,1,-1,True,89,1.78,23.20711632230658,0,0,17.177957275888843,9.062069643284012,0.9941123673951725,False,89,38001
38,2,1,True,58,1.16,16.52470444707689,0,0,15.043288735050785,6.293696718806072,0.6704079837552883,False,58,38000
38,2,1,True,51,1.02,16.014007194462685,0,0,17.589390223744182,9.062069643284012,0.962679419539831,False,51,38001
38,2,-1,True,63,1.26,13.214575179680798,0,0,14.679623901305536,6.293696718806072,0.9840728175005375,False,63,38000
38,2,-1,False,,,18.44833877333479,0,0,4.014674688400913,9.062069643284012,3.547394954883107,False,150,38001
38,3,1,True,39,0.78,10.495273443346992,0,0,15.047652021527222,6.293696718806072,0.8560446972788508,False,39,38000
38,3,1,True,77,1.54,23.065578693017144,0,0,17.381712933594564,9.062069643284012,0.9103567096894526,False,77,38001
38,3,-1,False,,,31.445101393350214,0,0,-4.9744632481153745,6.293696718806072,9.768159966921456,False,150,38000
38,3,-1,True,89,1.78,20.405399293583674,0,0,17.354306253930147,9.062069643284012,0.8177633893538682,False,89,38001
38,4,1,True,50,1.0,13.054938596297763,0,0,15.005965085887166,6.293696718806072,0.7877316329189045,False,50,38000
38,4,1,True,78,1.56,21.48922144685916,0,0,17.431662398491,9.062069643284012,0.8504072447930119,False,78,38001
38,4,-1,True,48,0.96,13.005150139436285,0,0,15.009026341006805,6.293696718806072,0.8046703777992684,False,48,38000
38,4,-1,True,75,1.5,17.82227292520004,0,0,17.492552724266936,9.062069643284012,0.8195169190170801,False,75,38001
38,5,1,True,49,0.98,11.396734925076661,0,0,15.006293461767946,6.293696718806072,0.7974032570381251,False,49,38000
38,5,1,True,102,2.04,25.29454728715992,0,0,17.25544873882348,9.062069643284012,0.7866209044605343,False,102,38001
38,5,-1,True,48,0.96,11.704877829816951,0,0,14.986050808048807,6.293696718806072,0.8276459107572659,False,48,38000
38,5,-1,True,75,1.5,19.21544082723882,0,0,17.37605333474434,9.062069643284012,0.9360163085396744,False,75,38001
38,6,1,True,56,1.12,13.85863946502219,0,0,14.806818794187441,6.293696718806072,0.9268779246186318,False,56,38000
38,6,1,True,101,2.02,19.826420480400344,0,0,17.127932780307717,9.062069643284012,0.9241368629762966,False,101,38001
38,6,-1,True,54,1.08,13.134925341420882,0,0,15.150046002564206,6.293696718806072,0.6036507162418668,False,54,38000
38,6,-1,True,93,1.86,20.04653997644849,0,0,17.26207576796991,9.062069643284012,0.8699938753141079,False,93,38001
38,7,1,True,42,0.84,10.411376225115498,0,0,15.013941260927028,6.293696718806072,0.8597554578790461,False,42,38000
38,7,1,False,,,37.91464866671607,0,0,5.186133534631503,9.062069643284012,2.375936108652508,False,150,38001
38,7,-1,True,53,1.06,12.675235186469642,0,0,15.009479203819861,6.293696718806072,0.7542175149862113,False,53,38000
38,7,-1,True,95,1.9000000000000001,21.023943311778908,0,0,17.278693628996958,9.062069643284012,0.833376014287061,False,95,38001
39,0,1,True,56,1.12,17.168275129710644,0,0,18.30374596648513,9.634853397378686,0.771107430893554,False,56,39000
39,0,1,True,25,0.5,7.787672092469933,0,0,16.31706323442752,7.314700294448144,0.747637060020625,False,25,39001
39,0,-1,True,101,2.02,17.753594520269402,0,0,17.74096667818715,9.634853397378686,0.8838867191915412,False,101,39000
39,0,-1,True,40,0.8,8.678543280166796,0,0,15.923362157057042,7.314700294448144,0.9913381373911058,False,40,39001
39,1,1,True,141,2.82,36.435062907953835,0,0,17.27313206522323,9.634853397378686,0.9517213321554696,False,141,39000
39,1,1,True,36,0.72,10.045317045696557,0,0,16.097949776760263,7.314700294448144,0.8567505176878849,False,36,39001
39,1,-1,True,56,1.12,13.825591895755904,0,0,18.195535046597236,9.634853397378686,0.8793183507814535,False,56,39000
39,1,-1,True,26,0.52,7.6832651869463495,0,0,16.072910463874518,7.314700294448144,0.981789830573627,False,26,39001
39,2,1,True,74,1.48,15.51025230396696,0,0,18.057026711348463,9.634853397378686,0.8378266860302261,False,74,39000
39,2,1,True,33,0.66,7.805701151128063,0,0,15.989740735936671,7.314700294448144,0.9949595585114734,False,33,39001
39,2,-1,True,52,1.04,15.836633383592298,0,0,18.181526993859173,9.634853397378686,0.9333264035195179,False,52,39000
39,2,-1,True,23,0.46,7.319416757784567,0,0,16.20192701678894,7.314700294448144,0.8827732776592037,False,23,39001
39,3,1,True,53,1.06,12.119598719206751,0,0,18.339245772521448,9.634853397378686,0.7656076248572444,False,53,39000
39,3,1,True,48,0.96,11.429873191394725,0,0,16.119711356555896,7.314700294448144,0.7149889378922504,False,48,39001
39,3,-1,False,,,35.505780634426586,0,0,7.101801096163264,9.634853397378686,1.0330523012154282,False,150,39000
39,3,-1,True,26,0.52,7.601750860777981,0,0,16.11475845047533,7.314700294448144,0.9399418439728175,False,26,39001
39,4,1,True,53,1.06,15.01380115945857,0,0,18.16324423391626,9.634853397378686,0.941609163462428,False,53,39000
39,4,1,True,25,0.5,7.6268037225500676,0,0,16.28214607076055,7.314700294448144,0.7825542236875968,False,25,39001
39,4,-1,True,70,1.4000000000000001,15.722569228627325,0,0,18.22545841246028,9.634853397378686,0.7093949849184094,False,70,39000
39,4,-1,True,53,1.06,11.67581948972189,0,0,15.813549055035026,7.314700294448144,0.9711512394131205,False,53,39001
39,5,1,False,,,29.37137441958072,0,0,3.181984280012993,9.634853397378686,4.952869117365707,False,150,39000
39,5,1,False,,,32.893331402261815,0,0,2.3001118968180063,7.314700294448144,3.514588397630149,False,150,39001
39,5,-1,True,48,0.96,13.31463728226921,0,0,18.241327183457862,9.634853397378686,0.913526213920826,False,48,39000
39,5,-1,True,25,0.5,7.894681085888959,0,0,16.200469494688427,7.314700294448144,0.8642307997597167,False,25,39001
39,6,1,False,,,35.991748519495886,0,0,5.150988509751816,9.634853397378686,2.983864887626884,False,150,39000
39,6,1,False,,,35.19399848021615,0,0,0.6990236643721375,7.314700294448144,5.1156766300760115,False,150,39001
39,6,-1,False,,,29.411929364954606,0,0,-6.946170091383815,9.634853397378686,15.081023488762522,False,150,39000
39,6,-1,True,23,0.46,7.418031252242757,0,0,16.25778848722513,7.314700294448144,0.8269118072230153,False,23,39001
39,7,1,True,139,2.7800000000000002,32.48067059543077,0,0,17.274186655215992,9.634853397378686,0.9706667421627012,False,139,39000
39,7,1,True,57,1.1400000000000001,11.928804530559244,0,0,16.01047343684739,7.314700294448144,0.7342268576007533,False,57,39001
39,7,-1,True,64,1.28,17.95370168302081,0,0,18.112693016858795,9.634853397378686,0.8821603805198944,False,64,39000
39,7,-1,True,24,0.48,7.638728331335111,0,0,16.280964353439266,7.314700294448144,0.7937359410088769,False,24,39001
40,0,1,True,43,0.86,10.156052671394617,0,0,17.58451907085446,8.950210201389673,0.9356911305352175,False,43,40000
40,0,1,True,34,0.68,8.069083492818384,0,0,14.68198334563143,6.007111528687685,0.9851281830562544,False,34,40001
40,0,-1,True,47,0.9400000000000001,15.378781171610047,0,0,17.723584751223406,8.950210201389673,0.7566254501662696,False,47,40000
40,0,-1,False,,,50.67092814178724,0,0,1.8607178561936977,6.007111528687685,2.6463936724940065,False,150,40001
40,1,1,True,71,1.42,20.85528221851903,0,0,17.559218289545594,8.950210201389673,0.6809919118440856,False,71,40000
40,1,1,True,52,1.04,13.666448726779635,0,0,14.816768718969668,6.007111528687685,0.6703428097180175,False,52,40001
40,1,-1,False,,,22.200390549809082,0,0,0.8301140241017411,8.950210201389673,6.620096177287938,False,150,40000
40,1,-1,True,40,0.8,7.59133008855111,0,0,14.676959979588322,6.007111528687685,0.9301515490993655,False,40,40001
40,2,1,False,,,44.11179436092814,0,0,-0.18168761844804315,8.950210201389673,7.631897819837733,False,150,40000
40,2,1,True,39,0.78,9.940051483108519,0,0,14.692547870988589,6.007111528687685,0.9245636576990972,False,39,40001
40,2,-1,False,,,34.219662290041505,0,0,1.0679246258098907,8.950210201389673,6.382285575579787,False,150,40000
40,2,-1,True,45,0.9,9.269810531286907,0,0,14.669173773457683,6.007111528687685,0.8879377552300044,False,45,40001
40,3,1,True,72,1.44,19.300989158923624,0,0,17.328962318607484,8.950210201389673,0.9012478827821964,False,72,40000
40,3,1,True,111,2.22,30.125481075016815,0,0,14.061733848534931,6.007111528687685,0.8353776801527593,False,111,40001
40,3,-1,False,,,31.55495426856223,0,0,-3.249025464539489,8.950210201389673,10.699235665929175,False,150,40000
40,3,-1,True,43,0.86,8.37567489083577,0,0,14.63063580985165,6.007111528687685,0.9464757188360363,False,43,40001
40,4,1,True,42,0.84,14.026420944373008,0,0,17.769458984324285,8.950210201389673,0.760751217065392,False,42,40000
40,4,1,False,,,44.43394160705102,0,0,-0.4702760018665786,6.007111528687685,4.977387530554284,False,150,40001
40,4,-1,False,,,19.4106910291331,0,0,6.316937155024032,8.950210201389673,1.1332730463656546,False,150,40000
40,4,-1,False,,,21.78905246438397,0,0,2.2217857215213694,6.007111528687685,2.285325807166329,False,150,40001
40,5,1,False,,,47.229607696974,0,0,0.9737323200037789,8.950210201389673,6.476477881385902,False,150,40000
40,5,1,False,,,47.84618098636458,0,0,-1.2878717062299598,6.007111528687685,5.7949832349176695,False,150,40001
40,5,-1,False,,,26.03593628723955,0,0,-0.491192908680174,8.950210201389673,7.941403110069856,False,150,40000
40,5,-1,True,64,1.28,13.12613118222097,0,0,14.406576949580451,6.007111528687685,0.9605345791072373,False,64,40001
40,6,1,True,106,2.12,14.311953867912004,0,0,16.994248119861098,8.950210201389673,0.8959620815285815,False,106,40000
40,6,1,False,,,19.47297754754127,0,0,1.492387348357972,6.007111528687685,3.0147241803297318,False,150,40001
40,6,-1,False,,,51.15587832551574,0,0,3.559342968782345,8.950210201389673,3.8908672326073344,False,150,40000
40,6,-1,False,,,54.725524828155876,0,0,-14.615736315450228,6.007111528687685,19.12284784413783,False,150,40001
40,7,1,True,100,2.0,16.007533992007712,0,0,16.97384035230931,8.950210201389673,0.9763698490803696,False,100,40000
40,7,1,True,50,1.0,9.840121111950122,0,0,14.535442189054848,6.007111528687685,0.9716693396328381,False,50,40001
40,7,-1,False,,,46.7446450338016,0,0,0.25975216067727014,8.950210201389673,7.19045804071241,False,150,40000
40,7,-1,False,,,43.04535451689362,0,0,-3.360372705377803,6.007111528687685,7.86748423406551,False,150,40001
41,0,1,False,,,43.20712363702827,0,0,-11.350714921379554,7.633645307919271,17.484360229298776,False,150,41000
41,0,1,True,18,0.36,5.4243670384779215,0,0,14.474319585329898,5.61164012542917,0.957320540099273,False,18,41001
41,0,-1,False,,,18.64798953477169,0,0,3.470182071964462,7.633645307919271,2.663463235954831,False,150,41000
41,0,-1,True,40,0.8,7.883434727935011,0,0,14.245768777001409,5.61164012542917,0.9658713484277641,False,40,41001
41,1,1,True,49,0.98,12.080726839683646,0,0,16.376222457680385,7.633645307919271,0.7674228502388851,False,49,41000
41,1,1,True,50,1.0,10.4984841321269,0,0,14.222782211015884,5.61164012542917,0.8888579144132888,False,50,41001
41,1,-1,False,,,32.03112646338009,0,0,-7.339675182872133,7.633645307919271,13.473320490791428,False,150,41000
41,1,-1,True,21,0.42,6.441167554141053,0,0,14.723022471607964,5.61164012542917,0.6786176538212071,False,21,41001
41,2,1,True,58,1.16,13.313205791505762,0,0,16.09657681550158,7.633645307919271,0.9570684924176891,False,58,41000
41,2,1,True,28,0.56,6.02807137406213,0,0,14.458999624711108,5.61164012542917,0.8726405007180615,False,28,41001
41,2,-1,True,52,1.04,12.593292931266557,0,0,16.187622120028863,7.633645307919271,0.9260231878904109,False,52,41000
41,2,-1,True,20,0.4,6.2135870103167266,0,0,14.458702930999692,5.61164012542917,0.9529371944294781,False,20,41001
41,3,1,False,,,39.23630416878253,0,0,2.4383907577396915,7.633645307919271,3.6952545501795866,False,150,41000
41,3,1,True,19,0.38,5.244137425907854,0,0,14.429888525163612,5.61164012542917,0.9917516002655569,False,19,41001
41,3,-1,True,49,0.98,11.438858265705756,0,0,16.18719812704408,7.633645307919271,0.9564471808751912,False,49,41000
41,3,-1,True,21,0.42,5.869181791110105,0,0,14.795058488006296,5.61164012542917,0.606581637422874,False,21,41001
41,4,1,True,46,0.92,11.983683346044806,0,0,16.234007644947056,7.633645307919271,0.9396376629722172,False,46,41000
41,4,1,True,21,0.42,6.1828219452841555,0,0,14.449024093224489,5.61164012542917,0.9526160322046815,False,21,41001
41,4,-1,False,,,38.61659729401169,0,0,4.025757228920283,7.633645307919271,2.107888078998988,False,150,41000
41,4,-1,False,,,39.80857882264973,0,0,-3.24758450981379,5.61164012542917,7.359224635242966,False,150,41001
41,5,1,True,48,0.96,12.821467131975202,0,0,16.237517052161703,7.633645307919271,0.9161282557575704,False,48,41000
41,5,1,True,19,0.38,5.751965738241231,0,0,14.499604722843634,5.61164012542917,0.9220354025855366,False,19,41001
41,5,-1,False,,,36.29735435918878,0,0,-0.46821642945984476,7.633645307919271,6.601861737379123,False,150,41000
41,5,-1,False,,,33.458533737153196,0,0,0.9671249338445531,5.61164012542917,3.144515191584616,False,150,41001
41,6,1,True,76,1.52,18.735532578023015,0,0,16.078833034500974,7.633645307919271,0.7948122734182967,False,76,41000
41,6,1,True,87,1.74,18.693423650870457,0,0,13.90711514472359,5.61164012542917,0.8345249807055836,False,87,41001
41,6,-1,True,145,2.9,38.19059748936778,0,0,15.317022659999264,7.633645307919271,0.866622647920029,False,145,41000
41,6,-1,True,19,0.38,5.872087985235421,0,0,14.610198632194752,5.61164012542917,0.8114414932344167,False,19,41001
41,7,1,True,65,1.3,12.768637867206822,0,0,16.139532279342752,7.633645307919271,0.8441130285765232,False,65,41000
41,7,1,False,,,25.22270032149613,0,0,3.090751900314237,5.61164012542917,1.0208882251149418,False,150,41001
41,7,-1,True,146,2.92,46.79018421172256,0,0,15.221837036305022,7.633645307919271,0.9518082716142711,False,146,41000
41,7,-1,True,18,0.36,5.757960519714326,0,0,14.469983858550187,5.61164012542917,0.9616562668789839,False,18,41001
42,0,1,False,,,36.376281765603146,0,0,-1.2851198123903484,7.567636945390815,7.352756757781177,False,150,42000
42,0,1,True,47,0.9400000000000001,13.093766505037564,0,0,15.95293948262166,7.284459442197181,0.8615199595755211,False,47,42001
42,0,-1,True,118,2.36,35.091473449946164,0,0,15.435818678303606,7.567636945390815,0.9518182670872113,False,118,42000
42,0,-1,True,82,1.6400000000000001,23.050235021019947,0,0,15.496437806385085,7.284459442197181,0.9680216358120989,False,82,42001
42,1,1,True,35,0.7000000000000001,10.7515691232146,0,0,16.253660661666167,7.567636945390815,0.96397628372465,False,35,42000
42,1,1,True,55,1.1,15.806357687545994,0,0,15.926457060907655,7.284459442197181,0.8080023812895271,False,55,42001
42,1,-1,True,60,1.2,11.991983711713862,0,0,16.107577778718337,7.567636945390815,0.8600591666724778,False,60,42000
42,1,-1,True,107,2.14,19.342027811281937,0,0,15.375418036922282,7.284459442197181,0.8390414052749019,False,107,42001
42,2,1,False,,,18.873223383016107,0,0,-0.439216037220671,7.567636945390815,6.506852982611485,False,150,42000
42,2,1,False,,,14.060321998958075,0,0,0.7626159567500976,7.284459442197181,5.021843485447082,False,150,42001
42,2,-1,True,37,0.74,10.07639607424196,0,0,16.377809123902864,7.567636945390815,0.8198278214879499,False,37,42000
42,2,-1,True,62,1.24,17.114642315847284,0,0,15.998151673778054,7.284459442197181,0.6663077684191262,False,62,42001
42,3,1,True,68,1.36,13.206777421337348,0,0,16.134403407871076,7.567636945390815,0.7532335375197412,False,68,42000
42,3,1,True,69,1.3800000000000001,14.219884523758813,0,0,15.595154773027016,7.284459442197181,0.9993046691701652,False,69,42001
42,3,-1,True,47,0.9400000000000001,14.50054702493131,0,0,16.128718527583104,7.567636945390815,0.9689184178077125,False,47,42000
42,3,-1,True,53,1.06,13.881804161960618,0,0,15.774450540126649,7.284459442197181,0.9800089020705343,False,53,42001
42,4,1,True,41,0.8200000000000001,13.006291079200519,0,0,16.171399313666697,7.567636945390815,0.9862376317241208,False,41,42000
42,4,1,False,,,41.12725251807053,0,0,4.00469158862345,7.284459442197181,1.7797678535737338,False,150,42001
42,4,-1,True,118,2.36,17.139262810912136,0,0,15.388764339027599,7.567636945390815,0.9988726063632225,False,118,42000
42,4,-1,True,98,1.96,12.361859839117466,0,0,15.35700216703463,7.284459442197181,0.9474572751625584,False,98,42001
42,5,1,True,41,0.8200000000000001,10.078176644366055,0,0,16.218044306553626,7.567636945390815,0.9395926388371909,False,41,42000
42,5,1,True,64,1.28,16.012628728225316,0,0,15.848176702970997,7.284459442197181,0.7962827392261855,False,64,42001
42,5,-1,True,51,1.02,14.578674137700753,0,0,16.26640034686708,7.567636945390815,0.7912365985237362,False,51,42000
42,5,-1,True,72,1.44,18.519113232474474,0,0,15.597785631123452,7.284459442197181,0.9666738110737283,False,72,42001
42,6,1,True,48,0.96,11.702397260714571,0,0,16.192835438398895,7.567636945390815,0.8948015069919207,False,48,42000
42,6,1,True,52,1.04,14.461831086935124,0,0,15.966174261260397,7.284459442197181,0.7982851809367864,False,52,42001
42,6,-1,False,,,38.86348278430979,0,0,-0.5408582028366082,7.567636945390815,6.608495148227427,False,150,42000
42,6,-1,True,111,2.22,25.754484004445793,0,0,15.248866310730985,7.284459442197181,0.9255931314662021,False,111,42001
42,7,1,True,139,2.7800000000000002,38.928726507075865,0,0,15.302060466350838,7.567636945390815,0.8755764790399794,False,139,42000
42,7,1,True,66,1.32,15.634636781730102,0,0,15.639318207321452,7.284459442197181,0.9851412348757298,False,66,42001
42,7,-1,False,,,40.282406764814624,0,0,-1.0229876829121618,7.567636945390815,7.0906246283029795,False,150,42000
42,7,-1,False,,,39.31892456918338,0,0,1.2032363940275228,7.284459442197181,4.581223048169662,False,150,42001
43,0,1,False,,,47.709373896982136,0,0,-2.9595070783126234,10.372214790970396,11.831721869283035,False,150,43000
43,0,1,False,,,46.270177311953645,0,0,-1.661305487307955,8.369879571339316,8.531185058647289,False,150,43001
43,0,-1,False,,,6.015539041621245,0,0,-3.2508507541225073,10.372214790970396,12.12306554509292,False,150,43000
43,0,-1,False,,,20.498714340901873,0,0,-3.9269781506835395,8.369879571339316,10.796857722022883,False,150,43001
43,1,1,False,,,20.18179708404847,0,0,-2.6983776928188252,10.372214790970396,11.570592483789248,False,150,43000
43,1,1,False,,,18.441011434698588,0,0,-2.429667277721271,8.369879571339316,9.299546849060606,False,150,43001
43,1,-1,False,,,44.13973063081646,0,0,5.27467709511363,10.372214790970396,3.5975376958567846,False,150,43000
43,1,-1,False,,,43.923458181515365,0,0,2.3162164565339847,8.369879571339316,4.553663114805351,False,150,43001
43,2,1,True,110,2.2,30.164205765932856,0,0,18.544822899409056,10.372214790970396,0.7273918915613503,False,110,43000
43,2,1,True,113,2.2600000000000002,28.925853824935867,0,0,16.26854583565254,8.369879571339316,0.9713337356867962,False,113,43001
43,2,-1,True,95,1.9000000000000001,21.143996998490255,0,0,18.43475095156101,10.372214790970396,0.9874638394093899,False,95,43000
43,2,-1,False,,,30.38455549901141,0,0,3.8064902038956614,8.369879571339316,3.0633893674436705,False,150,43001
43,3,1,True,115,2.3000000000000003,32.75114731632844,0,0,18.556136765548764,10.372214790970396,0.6660780254216347,False,115,43000
43,3,1,True,95,1.9000000000000001,22.13461478404592,0,0,16.54250086659061,8.369879571339316,0.8773787047487163,False,95,43001
43,3,-1,True,136,2.72,31.847738338053787,0,0,18.13561168335785,10.372214790970396,0.8766031076125627,False,136,43000
43,3,-1,False,,,38.571366692435994,0,0,0.46730838314990897,8.369879571339316,6.402571188189421,False,150,43001
43,4,1,False,,,26.348968925501474,0,0,-6.1197362031903015,10.372214790970396,14.991950994160709,False,150,43000
43,4,1,False,,,20.07416225096618,0,0,-3.738015877994317,8.369879571339316,10.607895449333661,False,150,43001
43,4,-1,False,,,44.28829481976342,0,0,0.15807873035093611,10.372214790970396,8.714136060619477,False,150,43000
43,4,-1,True,118,2.36,37.399956277808705,0,0,16.43584165361437,8.369879571339316,0.7540379177249594,False,118,43001
43,5,1,False,,,25.97659082207946,0,0,-3.229655247507197,10.372214790970396,12.101870038477603,False,150,43000
43,5,1,False,,,23.20142400323913,0,0,-1.3808316704588777,8.369879571339316,8.250711241798202,False,150,43001
43,5,-1,False,,,44.24704227174367,0,0,2.3434768579016607,10.372214790970396,6.528737933068753,False,150,43000
43,5,-1,False,,,45.358034135418876,0,0,0.08800236067735412,8.369879571339316,6.781877210661977,False,150,43001
43,6,1,False,,,26.27273816143334,0,0,7.046058416354693,10.372214790970396,1.8261563746157177,False,150,43000
43,6,1,False,,,23.378885765806103,0,0,-1.2982668933114245,8.369879571339316,8.168146464650768,False,150,43001
43,6,-1,True,102,2.04,30.25520433347682,0,0,18.74516845296564,10.372214790970396,0.6070463380047671,False,102,43000
43,6,-1,False,,,44.42224107516936,0,0,1.5282432378721686,8.369879571339316,5.341636333467164,False,150,43001
43,7,1,False,,,37.84372009105451,0,0,4.062465898227371,10.372214790970396,4.809748892743037,False,150,43000
43,7,1,False,,,34.74931571311646,0,0,3.3096299298468903,8.369879571339316,3.560249641492434,False,150,43001
43,7,-1,True,128,2.56,28.124485233022106,0,0,18.289891133015185,10.372214790970396,0.802323657955226,False,128,43000
43,7,-1,True,92,1.84,21.905659654086715,0,0,16.516390552457914,8.369879571339316,0.9334890188814102,False,92,43001
44,0,1,True,94,1.8800000000000001,23.781839622222016,0,0,17.49854903797397,9.412411461217534,0.9738624232435662,False,94,44000
44,0,1,False,,,13.14290493504954,0,0,-9.044982842645508,6.877083825467334,14.422066668112869,False,150,44001
44,0,-1,False,,,42.42254571919741,0,0,6.5076741160634946,9.412411461217534,1.4047373451540444,False,150,44000
44,0,-1,True,107,2.14,24.609271672404958,0,0,15.118752883063928,6.877083825467334,0.6883309424034165,False,107,44001
44,1,1,True,81,1.62,21.55034648473715,0,0,17.88755838454346,9.412411461217534,0.7148530766740759,False,81,44000
44,1,1,False,,,43.03244698476137,0,0,-2.4936500181212633,6.877083825467334,7.870733843588614,False,150,44001
44,1,-1,True,75,1.5,12.327861102385457,0,0,17.676483465300873,9.412411461217534,0.9859279959166641,False,75,44000
44,1,-1,False,,,21.168163276405757,0,0,-3.9299655906682442,6.877083825467334,9.307049416135605,False,150,44001
44,2,1,True,49,0.98,12.51588845289007,0,0,18.16471638325811,9.412411461217534,0.757695077959426,False,49,44000
44,2,1,True,107,2.14,26.896816448626755,0,0,15.04489618436479,6.877083825467334,0.7621876411025598,False,107,44001
44,2,-1,False,,,33.86518735524633,0,0,0.6591234282479148,9.412411461217534,7.253288032969628,False,150,44000
44,2,-1,True,108,2.16,26.382634810673103,0,0,14.869891193689728,6.877083825467334,0.9271926317776163,False,108,44001
44,3,1,True,53,1.06,14.820600037358611,0,0,17.939223220181976,9.412411461217534,0.9431882410355613,False,53,44000
44,3,1,True,87,1.74,22.40084487750093,0,0,15.11638629379864,6.877083825467334,0.890697531668701,False,87,44001
44,3,-1,True,107,2.14,30.338964694918104,0,0,17.5236465736998,9.412411461217534,0.8187648875177348,False,107,44000
44,3,-1,False,,,23.31844441635745,0,0,-18.823423383309155,6.877083825467334,24.200507208776415,False,150,44001
44,4,1,True,63,1.26,12.873106645152781,0,0,17.838332641869385,9.412411461217534,0.9440788193481504,False,63,44000
44,4,1,True,118,2.36,25.125471844551445,0,0,14.902495673278597,6.877083825467334,0.7945881521887529,False,118,44001
44,4,-1,False,,,42.890200519428234,0,0,0.4368131381352922,9.412411461217534,7.475598323082251,False,150,44000
44,4,-1,True,98,1.96,27.225414916467475,0,0,15.007988481050173,6.877083825467334,0.8890953444171721,False,98,44001
44,5,1,True,42,0.84,12.830815632350284,0,0,18.182799315441866,9.412411461217534,0.8096121457756704,False,42,44000
44,5,1,False,,,41.38400875402465,0,0,2.295580923484822,6.877083825467334,3.081502901982531,False,150,44001
44,5,-1,True,54,1.08,12.051282633819794,0,0,18.057447348614648,9.412411461217534,0.8149641126028895,False,54,44000
44,5,-1,True,117,2.34,27.704630821077526,0,0,14.783769308233827,6.877083825467334,0.9233145172335238,False,117,44001
44,6,1,True,55,1.1,15.791819394858303,0,0,17.89037053520072,9.412411461217534,0.9720409260168162,False,55,44000
44,6,1,True,109,2.18,24.702269241949814,0,0,14.80678322171424,6.877083825467334,0.9803006037531095,False,109,44001
44,6,-1,False,,,33.81780631534033,0,0,-0.9072126621679817,9.412411461217534,8.819624123385521,False,150,44000
44,6,-1,True,100,2.0,22.16749966336443,0,0,14.973567343365938,6.877083825467334,0.9035164821014078,False,100,44001
44,7,1,False,,,36.254058802556834,0,0,-4.416825962600193,9.412411461217534,12.329237423817736,False,150,44000
44,7,1,True,107,2.14,28.51863579412776,0,0,14.834318300530972,6.877083825467334,0.9727655249363742,False,107,44001
44,7,-1,False,,,43.20682101244111,0,0,5.794027830515174,9.412411461217534,2.118383630702368,False,150,44000
44,7,-1,True,113,2.2600000000000002,27.171723323633703,0,0,15.008237583499803,6.877083825467334,0.7388462419675458,False,113,44001
45,0,1,True,81,1.62,19.091476330223156,0,0,17.418060863342617,8.98522665333821,0.7571657899955961,False,81,45000
45,0,1,True,37,0.74,9.04080076159612,0,0,15.514789615207773,6.666971855346987,0.7821822401392156,False,37,45001
45,0,-1,True,108,2.16,24.771838193079677,0,0,17.278900821700105,8.98522665333821,0.6263258316381112,False,108,45000
45,0,-1,True,45,0.9,12.45421573345422,0,0,15.27573738894035,6.666971855346987,0.9412344664066387,False,45,45001
45,1,1,True,74,1.48,19.468378009261436,0,0,17.52856360187195,8.98522665333821,0.7166630514662619,False,74,45000
45,1,1,True,52,1.04,12.86288382201108,0,0,15.278413956144245,6.666971855346987,0.8685578992027436,False,52,45001
45,1,-1,True,112,2.24,29.26009674636804,0,0,17.380329200028658,8.98522665333821,0.484897453309563,False,112,45000
45,1,-1,False,,,44.692356214300254,0,0,3.437720070166752,6.666971855346987,1.7292517851802431,False,150,45001
45,2,1,True,72,1.44,17.65451765102358,0,0,17.45306886888007,8.98522665333821,0.8121577844581396,False,72,45000
45,2,1,True,47,0.9400000000000001,11.58542848254301,0,0,15.350163851388917,6.666971855346987,0.8468080039580718,False,47,45001
45,2,-1,False,,,32.29071888488272,0,0,5.314038765409597,8.98522665333821,2.171187887928633,False,150,45000
45,2,-1,True,64,1.28,14.236464143370707,0,0,15.23215912723789,6.666971855346987,0.7948127281090994,False,64,45001
45,3,1,True,112,2.24,28.239298951905415,0,0,17.10851308529221,8.98522665333821,0.7567135680460138,False,112,45000
45,3,1,True,65,1.3,14.129637965603722,0,0,15.231313336461163,6.666971855346987,0.7856585188858259,False,65,45001
45,3,-1,False,,,40.68218353391987,0,0,2.582881712618451,8.98522665333821,4.90234494071977,False,150,45000
45,3,-1,True,53,1.06,13.883513983093478,0,0,15.18968213669013,6.666971855346987,0.9472897186568575,False,53,45001
45,4,1,True,80,1.6,19.268582687604404,0,0,17.660829883415932,8.98522665333821,0.5243967699222774,False,80,45000
45,4,1,True,51,1.02,11.371871947721822,0,0,15.38750393268197,6.666971855346987,0.7694679226650177,False,51,45001
45,4,-1,False,,,34.397768901648256,0,0,4.060584848358653,8.98522665333821,3.424641804979563,False,150,45000
45,4,-1,True,84,1.68,21.522632364009873,0,0,15.00975880576959,6.666971855346987,0.8172130495773972,False,84,45001
45,5,1,False,,,38.44551319744389,0,0,3.161787082879049,8.98522665333821,4.323439570459177,False,150,45000
45,5,1,True,48,0.96,11.394063433542401,0,0,15.337289102907626,6.666971855346987,0.8496827524393639,False,48,45001
45,5,-1,True,147,2.94,31.725082590210825,0,0,16.876119267100737,8.98522665333821,0.6391073862374914,False,147,45000
45,5,-1,True,48,0.96,12.718538386690533,0,0,15.323011883506144,6.666971855346987,0.8639599718408436,False,48,45001
45,6,1,True,78,1.56,22.171734694167043,0,0,17.403202188375793,8.98522665333821,0.8020244649624172,False,78,45000
45,6,1,True,52,1.04,12.345060752857476,0,0,15.417045417130318,6.666971855346987,0.7299264382166688,False,52,45001
45,6,-1,False,,,35.848061849808836,0,0,3.647434906297118,8.98522665333821,3.837791747041104,False,150,45000
45,6,-1,True,51,1.02,12.376200814907504,0,0,15.158531638463575,6.666971855346987,0.9984402168834141,False,51,45001
45,7,1,True,100,2.0,23.39376292124011,0,0,17.33577764134471,8.98522665333821,0.6494490119935113,False,100,45000
45,7,1,True,60,1.2,13.904427446284542,0,0,15.113078086691434,6.666971855346987,0.9538937686555526,False,60,45001
45,7,-1,True,87,1.74,24.669803994424228,0,0,17.24531472910276,8.98522665333821,0.8699119242354593,False,87,45000
45,7,-1,True,63,1.26,14.766176398070119,0,0,15.1574764679035,6.666971855346987,0.8794953874434883,False,63,45001
46,0,1,False,,,45.06720401224014,0,0,-1.837320314684541,8.332558229513689,8.669878544198237,False,150,46000
46,0,1,False,,,45.663662859848166,0,0,-2.3708091444761186,7.375279955559668,8.246089100035796,False,150,46001
46,0,-1,True,126,2.52,22.41528573175969,0,0,16.26913573650693,8.332558229513689,0.8034224930067604,False,126,46000
46,0,-1,True,83,1.6600000000000001,19.26031809160846,0,0,15.558271951304896,7.375279955559668,0.9870080042547755,False,83,46001
46,1,1,True,58,1.16,15.399239561177762,0,0,16.82292921694127,8.332558229513689,0.9296290125724235,False,58,46000
46,1,1,True,69,1.3800000000000001,19.004876485621153,0,0,15.970933054657316,7.375279955559668,0.7143469009023545,False,69,46001
46,1,-1,True,62,1.24,17.555410560351476,0,0,16.74755208572651,8.332558229513689,0.965006143787182,False,62,46000
46,1,-1,True,61,1.22,15.83485319125197,0,0,15.81140818280957,7.375279955559668,0.9538717727500974,False,61,46001
46,2,1,True,101,2.02,18.615081478504198,0,0,16.43749271969078,8.332558229513689,0.8850655098229132,False,101,46000
46,2,1,True,101,2.02,20.112572789583627,0,0,15.467591163778028,7.375279955559668,0.8976887917816422,False,101,46001
46,2,-1,True,95,1.9000000000000001,27.941126776881397,0,0,16.522260639406092,8.332558229513689,0.8602975901076069,False,95,46000
46,2,-1,True,72,1.44,23.301628286461852,0,0,15.892425674950367,7.375279955559668,0.7628542806093067,False,72,46001
46,3,1,True,50,1.0,13.498603936148136,0,0,16.86141956863048,8.332558229513689,0.9711386608832115,False,50,46000
46,3,1,True,55,1.1,15.08355787885643,0,0,15.90816865461612,7.375279955559668,0.9171113009435502,False,55,46001
46,3,-1,True,72,1.44,16.186564468353158,0,0,16.634927703258708,8.332558229513689,0.9776305262549815,False,72,46000
46,3,-1,True,58,1.16,14.005041443377166,0,0,15.848799222755607,7.375279955559668,0.9464807328040622,False,58,46001
46,4,1,True,55,1.1,15.412520912994804,0,0,16.910967939876684,8.332558229513689,0.8715902896370049,False,55,46000
46,4,1,True,54,1.08,14.530890161914414,0,0,15.85429571421458,7.375279955559668,0.9809842413450877,False,54,46001
46,4,-1,True,76,1.52,18.439980603164525,0,0,16.920335629529344,8.332558229513689,0.6522225999843441,False,76,46000
46,4,-1,True,58,1.16,13.150534541836137,0,0,15.887218637264226,7.375279955559668,0.9080613182954447,False,58,46001
46,5,1,True,86,1.72,21.954723909776614,0,0,16.5997141130274,8.332558229513689,0.8728441164862936,False,86,46000
46,5,1,True,67,1.34,18.19177457715805,0,0,15.803056556903325,7.375279955559668,0.9022233986563432,False,67,46001
46,5,-1,True,59,1.18,16.283389404679472,0,0,16.91917499516216,8.332558229513689,0.8233832343515329,False,59,46000
46,5,-1,True,63,1.26,16.57639128967405,0,0,15.74644557904152,7.375279955559668,0.998834376518149,False,63,46001
46,6,1,True,60,1.2,15.957244276433803,0,0,16.85142210901378,8.332558229513689,0.8811361204999113,False,60,46000
46,6,1,False,,,36.7085448662882,0,0,-3.2429439869424144,7.375279955559668,9.118223942502095,False,150,46001
46,6,-1,True,57,1.1400000000000001,13.76634519453346,0,0,16.901138784419036,8.332558229513689,0.8614194450946547,False,57,46000
46,6,-1,True,70,1.4000000000000001,16.110211458824303,0,0,15.770776612041193,7.375279955559668,0.9045033435184795,False,70,46001
46,7,1,True,65,1.3,17.870392166235142,0,0,16.700778610732385,8.332558229513689,0.9817796187813056,False,65,46000
46,7,1,True,54,1.08,15.904525834585431,0,0,16.0179618535318,7.375279955559668,0.817318102027868,False,54,46001
46,7,-1,True,86,1.72,16.62065523410561,0,0,16.566492513608328,8.332558229513689,0.9060657159053653,False,86,46000
46,7,-1,True,80,1.6,14.72260952809358,0,0,15.70853658358698,7.375279955559668,0.866743371972693,False,80,46001
47,0,1,False,,,49.580101046418065,0,0,-0.6472221773615248,6.590369387626066,5.7375915649876035,False,150,47000
47,0,1,False,,,46.53545227926851,0,0,-1.29865967971326,8.347526195962129,8.146185875675394,False,150,47001
47,0,-1,True,64,1.28,11.36739821668198,0,0,14.976639526340955,6.590369387626066,0.9737298612851147,False,64,47000
47,0,-1,True,73,1.46,13.840971156094989,0,0,16.640435865542177,8.347526195962129,0.977090330419956,False,73,47001
47,1,1,True,112,2.24,30.48874214790622,0,0,14.628688741128322,6.590369387626066,0.8416806464977475,False,112,47000
47,1,1,True,80,1.6,22.720238165794015,0,0,16.63008162029526,8.347526195962129,0.9174445756668667,False,80,47001
47,1,-1,True,28,0.56,8.567014426510584,0,0,15.393238664825132,6.590369387626066,0.9171307228009346,False,28,47000
47,1,-1,True,48,0.96,12.375600791968884,0,0,16.942526727345484,8.347526195962129,0.9249994686166444,False,48,47001
47,2,1,False,,,50.643615756601065,0,0,-0.09470676013832557,6.590369387626066,5.185076147764403,False,150,47000
47,2,1,False,,,50.167854600406955,0,0,-1.4200866206651042,8.347526195962129,8.267612816627235,False,150,47001
47,2,-1,True,148,2.96,23.77544568689391,0,0,14.166495479381059,6.590369387626066,0.9438739082450103,False,148,47000
47,2,-1,True,108,2.16,20.46977471685519,0,0,16.42047990755249,8.347526195962129,0.8470462884096438,False,108,47001
47,3,1,True,27,0.54,7.643599303994503,0,0,15.400582501353487,6.590369387626066,0.9197868862725816,False,27,47000
47,3,1,True,129,2.58,40.01494458171589,0,0,16.133265385202094,8.347526195962129,0.9242608107600411,False,129,47001
47,3,-1,False,,,40.36446262390339,0,0,-1.2665316821136652,6.590369387626066,6.356901069739737,False,150,47000
47,3,-1,False,,,37.55485876181118,0,0,0.0703194816832531,8.347526195962129,6.777206714278883,False,150,47001
47,4,1,False,,,41.578533643579824,0,0,-1.3480578910642484,6.590369387626066,6.438427278690328,False,150,47000
47,4,1,True,60,1.2,16.728242502620585,0,0,16.76420361978881,8.347526195962129,0.9833225761733223,False,60,47001
47,4,-1,True,40,0.8,7.768793610571417,0,0,15.250596744536107,6.590369387626066,0.9397726430899583,False,40,47000
47,4,-1,True,66,1.32,12.85352137532251,0,0,16.73013784245684,8.347526195962129,0.9573883535052907,False,66,47001
47,5,1,False,,,47.25419908629082,0,0,0.29896218416385234,6.590369387626066,4.791407203462219,False,150,47000
47,5,1,False,,,45.72561710831195,0,0,1.9691384109595196,8.347526195962129,4.878387785002613,False,150,47001
47,5,-1,True,31,0.62,7.169233511056148,0,0,15.541703233067453,6.590369387626066,0.7386661545586122,False,31,47000
47,5,-1,False,,,32.445953343062804,0,0,0.42002424842686437,8.347526195962129,6.427501947535272,False,150,47001
47,6,1,False,,,47.189300995922366,0,0,-1.1633426223900472,6.590369387626066,6.2537120100161205,False,150,47000
47,6,1,False,,,49.886696254578354,0,0,0.7972617552103733,8.347526195962129,6.050264440751759,False,150,47001
47,6,-1,True,37,0.74,7.273578734245231,0,0,15.423843864013964,6.590369387626066,0.7965255236121062,False,37,47000
47,6,-1,True,74,1.48,11.479991883141686,0,0,16.70037232234785,8.347526195962129,0.9071538736142829,False,74,47001
47,7,1,True,30,0.6,8.500466639075533,0,0,15.311817807008474,6.590369387626066,0.9785515806175942,False,30,47000
47,7,1,True,36,0.72,10.324604770752554,0,0,17.053975713629075,8.347526195962129,0.9335504823330554,False,36,47001
47,7,-1,True,108,2.16,31.77823323956113,0,0,14.649644343667152,6.590369387626066,0.8607250439589172,False,108,47000
47,7,-1,True,94,1.8800000000000001,25.57842780922219,0,0,16.40927814394112,8.347526195962129,0.9982480520210089,False,94,47001
