generation,candidate,sign,success,steps_to_target,time_to_target,distance_traveled,collision_ticks,collision_onsets,reward,initial_distance,final_distance,flipped,ticks,seed
0,0,1,True,120,2.4,17.027578263521463,0,0,15.500725673334946,7.615114941723648,0.914389268388708,False,120,0
0,0,1,False,,,26.10902190541875,0,0,0.30552820538503567,10.152347547978732,8.346819342593706,False,150,1
0,0,-1,False,,,8.033528602617245,0,0,-2.2882695408150866,7.615114941723648,8.403384482538737,False,150,0
0,0,-1,False,,,3.376387044431204,0,0,-2.4184970971203668,10.152347547978732,11.070844645099102,False,150,1
0,1,1,False,,,51.361998784612545,0,0,-21.4911963727223,7.615114941723648,27.60631131444592,False,150,0
0,1,1,True,113,2.2600000000000002,32.27066427529629,0,0,18.032074714300656,10.152347547978732,0.9902728336780791,False,113,1
0,1,-1,False,,,28.24823154620388,0,0,-11.673456984116152,7.615114941723648,17.788571925839822,False,150,0
0,1,-1,False,,,3.9530261391296833,0,0,-1.071724776987579,10.152347547978732,9.72407232496631,False,150,1
0,2,1,False,,,3.8271471537754813,0,0,-2.854082422863939,7.615114941723648,8.9691973645876,False,150,0
0,2,1,False,,,57.212830132753304,0,0,-39.80994561459624,10.152347547978732,48.46229316257495,False,150,1
0,2,-1,False,,,16.611086549940083,0,0,4.304705520716661,7.615114941723648,1.8104094210069939,False,150,0
0,2,-1,False,,,17.098391293088685,0,0,2.707999264142276,10.152347547978732,5.944348283836465,False,150,1
0,3,1,False,,,42.40393085006975,0,0,1.1616769444200885,7.615114941723648,4.953437997303582,False,150,0
0,3,1,False,,,41.91483158075657,0,0,2.9622058400143407,10.152347547978732,5.690141707964394,False,150,1
0,3,-1,True,94,1.8800000000000001,14.09577214663255,0,0,15.845253364633107,7.615114941723648,0.8298615770905476,False,94,0
0,3,-1,False,,,8.442089480997788,0,0,-2.443746429335468,10.152347547978732,11.096093977314204,False,150,1
0,4,1,True,70,1.4000000000000001,14.206331495544484,0,0,15.982782093819077,7.615114941723648,0.9323328479045744,False,70,0
0,4,1,False,,,12.644076673927716,0,0,1.819384545725481,10.152347547978732,6.8329630022532495,False,150,1
0,4,-1,False,,,56.33531322117831,0,0,-35.68553326850419,7.615114941723648,41.80064821022778,False,150,0
0,4,-1,False,,,53.764802919822266,0,0,-22.793062634525825,10.152347547978732,31.44541018250452,False,150,1
0,5,1,False,,,3.147955510565102,0,0,-2.096229450400549,7.615114941723648,8.211344392124197,False,150,0
0,5,1,False,,,1.781087614351233,0,0,-1.534853952142963,10.152347547978732,10.187201500121693,False,150,1
0,5,-1,False,,,48.130675289539646,0,0,-11.50033568680539,7.615114941723648,17.61545062852906,False,150,0
0,5,-1,False,,,37.7304860702154,0,0,-3.064353788412375,10.152347547978732,11.716701336391107,False,150,1
0,6,1,False,,,2.085794561600723,0,0,-1.983184027108003,7.615114941723648,8.09829896883165,False,150,0
0,6,1,False,,,3.777181306608663,0,0,-2.5932323178164136,10.152347547978732,11.245579865795152,False,150,1
0,6,-1,False,,,12.074915682634984,0,0,-0.5838918622800956,7.615114941723648,6.6990068040037425,False,150,0
0,6,-1,False,,,23.33092661024762,0,0,1.2396449057671506,10.152347547978732,7.412702642211593,False,150,1
0,7,1,False,,,9.17765353513162,0,0,0.9380905460479905,7.615114941723648,5.177024395675656,False,150,0
0,7,1,False,,,6.988176009560331,0,0,-2.866232667566566,10.152347547978732,11.518580215545311,False,150,1
0,7,-1,False,,,10.917803792755382,0,0,-3.3206472520024937,7.615114941723648,9.435762193726156,False,150,0
0,7,-1,False,,,23.74980077566976,0,0,-4.944522350061066,10.152347547978732,13.596869898039806,False,150,1
1,0,1,False,,,10.818406543497288,0,0,0.2363947631838495,7.872305478935019,6.1359107157511685,False,150,1000
1,0,1,False,,,11.576316147476046,0,0,-0.24950012097368662,6.294548299982861,5.044048420956547,False,150,1001
1,0,-1,False,,,12.431675110209733,0,0,0.7297342381620682,7.872305478935019,5.642571240772949,False,150,1000
1,0,-1,False,,,7.105189953001363,0,0,-1.226434915792381,6.294548299982861,6.0209832157752405,False,150,1001
1,1,1,False,,,5.175124081887014,0,0,0.08619557809713035,7.872305478935019,6.286109900837888,False,150,1000
1,1,1,False,,,38.59110159232373,0,0,-11.068278480600714,6.294548299982861,15.862826780583596,False,150,1001
1,1,-1,False,,,12.279347195245892,0,0,-0.8578365259019906,7.872305478935019,7.230142004837008,False,150,1000
1,1,-1,False,,,13.465795251403657,0,0,-0.40957491221420367,6.294548299982861,5.2041232121970635,False,150,1001
1,2,1,False,,,13.868106545225837,0,0,-0.8850181654252749,7.872305478935019,7.257323644360293,False,150,1000
1,2,1,False,,,29.93809536395439,0,0,-6.326944229548197,6.294548299982861,11.121492529531078,False,150,1001
1,2,-1,False,,,9.403262748934969,0,0,-1.235498052809672,7.872305478935019,7.60780353174469,False,150,1000
1,2,-1,False,,,21.725786123544555,0,0,-3.325957662058088,6.294548299982861,8.120505962040959,False,150,1001
1,3,1,False,,,37.71134125284992,0,0,-17.20855870834598,7.872305478935019,23.580864187281005,False,150,1000
1,3,1,False,,,37.4240734899536,0,0,-15.317600476465346,6.294548299982861,20.112148776448226,False,150,1001
1,3,-1,False,,,15.846132363072462,0,0,0.9065480013524649,7.872305478935019,5.4657574775825735,False,150,1000
1,3,-1,False,,,54.93914826457385,0,0,-36.75534364810265,6.294548299982861,41.54989194808547,False,150,1001
1,4,1,False,,,6.988086239074267,0,0,-0.045302672576207605,7.872305478935019,6.417608151511225,False,150,1000
1,4,1,False,,,7.569415322423569,0,0,-3.0679937505472044,6.294548299982861,7.862542050530078,False,150,1001
1,4,-1,False,,,12.750823342102562,0,0,-0.06863439223854098,7.872305478935019,6.440939871173559,False,150,1000
1,4,-1,False,,,10.874325303048682,0,0,-0.9815239229628949,6.294548299982861,5.776072222945754,False,150,1001
1,5,1,False,,,7.428185755407476,0,0,2.3980965418965923,7.872305478935019,3.974208937038455,False,150,1000
1,5,1,False,,,53.77453371822678,0,0,-32.64261363364862,6.294548299982861,37.43716193363141,False,150,1001
1,5,-1,False,,,17.94444475067508,0,0,-9.948508801315302,7.872305478935019,16.320814280250346,False,150,1000
1,5,-1,False,,,21.92483040331521,0,0,-3.4912276279361913,6.294548299982861,8.285775927919056,False,150,1001
1,6,1,False,,,18.953927818823228,0,0,-11.625808010116078,7.872305478935019,17.99811348905112,False,150,1000
1,6,1,False,,,23.632619223596997,0,0,-6.053143089070451,6.294548299982861,10.847691389053322,False,150,1001
1,6,-1,False,,,9.304719158439378,0,0,1.9475804160437584,7.872305478935019,4.424725062891259,False,150,1000
1,6,-1,False,,,42.43194017324185,0,0,-29.29604708908555,6.294548299982861,34.090595389068355,False,150,1001
1,7,1,False,,,13.853378811585092,0,0,-3.8287837887997904,7.872305478935019,10.201089267734831,False,150,1000
1,7,1,False,,,21.083215411596065,0,0,-4.296990680710679,6.294548299982861,9.09153898069355,False,150,1001
1,7,-1,False,,,5.887375100939596,0,0,1.6879629579426383,7.872305478935019,4.684342520992379,False,150,1000
1,7,-1,False,,,30.49973959240793,0,0,-9.78245577829803,6.294548299982861,14.57700407828091,False,150,1001
2,0,1,False,,,56.21223863670847,0,0,-38.01407339523795,9.171104247193439,45.68517764243135,False,150,2000
2,0,1,False,,,16.438868608459057,0,0,-3.2754369529013543,6.269351194101572,8.044788147002931,False,150,2001
2,0,-1,False,,,18.624869723701245,0,0,1.0970093784954684,9.171104247193439,6.574094868697969,False,150,2000
2,0,-1,False,,,28.228183765144937,0,0,-17.873108482267288,6.269351194101572,22.64245967636885,False,150,2001
2,1,1,False,,,60.1044454528152,0,0,-47.971978640153274,9.171104247193439,55.643082887346736,False,150,2000
2,1,1,False,,,55.244462371317255,0,0,-31.044311699902302,6.269351194101572,35.81366289400381,False,150,2001
2,1,-1,False,,,34.26921908257161,0,0,-4.724001765683554,9.171104247193439,12.39510601287701,False,150,2000
2,1,-1,False,,,31.977339442044002,0,0,-19.14195242051888,6.269351194101572,23.911303614620422,False,150,2001
2,2,1,False,,,57.194540695525255,0,0,-39.69721353161972,9.171104247193439,47.36831777881313,False,150,2000
2,2,1,False,,,12.739013631642038,0,0,0.17422523767840836,6.269351194101572,4.5951259564231774,False,150,2001
2,2,-1,False,,,25.126992555915677,0,0,2.827925554897819,9.171104247193439,4.843178692295631,False,150,2000
2,2,-1,False,,,24.16037401442908,0,0,-14.395037776534666,6.269351194101572,19.164388970636264,False,150,2001
2,3,1,False,,,32.041787497118236,0,0,0.6299495898394605,9.171104247193439,7.041154657353989,False,150,2000
2,3,1,False,,,33.211635730376436,0,0,-20.018005318776652,6.269351194101572,24.78735651287819,False,150,2001
2,3,-1,False,,,50.39959389536785,0,0,-28.41287134676394,9.171104247193439,36.08397559395732,False,150,2000
2,3,-1,False,,,12.929872356687248,0,0,0.8803482139356718,6.269351194101572,3.889002980165911,False,150,2001
2,4,1,False,,,55.47362490503206,0,0,-34.61415943892514,9.171104247193439,42.28526368611852,False,150,2000
2,4,1,False,,,34.39806180162394,0,0,-10.01901342539154,6.269351194101572,14.788364619493125,False,150,2001
2,4,-1,True,94,1.8800000000000001,20.288907718280328,0,0,17.426583156487254,9.171104247193439,0.8045210907061894,False,94,2000
2,4,-1,False,,,31.06752942266834,0,0,-18.611252964136934,6.269351194101572,23.380604158238494,False,150,2001
2,5,1,False,,,35.655184509733424,0,0,1.5402776608698803,9.171104247193439,6.130826586323561,False,150,2000
2,5,1,False,,,7.674377934901724,0,0,2.228541880569967,6.269351194101572,2.54080931353161,False,150,2001
2,5,-1,False,,,48.528304847194086,0,0,-30.16390890100219,9.171104247193439,37.835013148195564,False,150,2000
2,5,-1,False,,,6.640974595757472,0,0,1.3363143138405587,6.269351194101572,3.4330368802610116,False,150,2001
2,6,1,False,,,22.9446953710156,0,0,5.898956245264218,9.171104247193439,1.7721480019292284,False,150,2000
2,6,1,False,,,9.45719504819244,0,0,2.55313715550076,6.269351194101572,2.21621403860083,False,150,2001
2,6,-1,False,,,48.76066620979316,0,0,-10.951558163473525,9.171104247193439,18.62266241066699,False,150,2000
2,6,-1,False,,,10.176281187975494,0,0,0.3114290564085563,6.269351194101572,4.457922137693014,False,150,2001
2,7,1,False,,,54.33278695899669,0,0,-32.43251751888624,9.171104247193439,40.1036217660796,False,150,2000
2,7,1,False,,,13.019743893977518,0,0,-0.0013474370669084648,6.269351194101572,4.77069863116848,False,150,2001
2,7,-1,False,,,13.949046586103833,0,0,-0.9287381454991066,9.171104247193439,8.599842392692544,False,150,2000
2,7,-1,False,,,10.64198081207133,0,0,-0.6086013299450511,6.269351194101572,5.377952524046622,False,150,2001
3,0,1,False,,,11.641488413736448,0,0,-0.3635848918029982,6.830979194446965,5.6945640862499625,False,150,3000
3,0,1,False,,,39.0660854614846,0,0,-6.161906871227746,9.485737258288605,14.147644129516378,False,150,3001
3,0,-1,False,,,10.10215205037074,0,0,0.4976692658214562,6.830979194446965,4.833309928625508,False,150,3000
3,0,-1,False,,,10.906686832518298,0,0,-3.1464985158989296,9.485737258288605,11.132235774187544,False,150,3001
3,1,1,False,,,15.805817636623106,0,0,-6.493860086116318,6.830979194446965,11.824839280563308,False,150,3000
3,1,1,False,,,8.68468046529876,0,0,-5.165860601840006,9.485737258288605,13.151597860128616,False,150,3001
3,1,-1,False,,,15.14963869390294,0,0,-2.6724852339242897,6.830979194446965,8.003464428371258,False,150,3000
3,1,-1,False,,,46.800756256429274,0,0,-26.81945324301154,9.485737258288605,34.805190501300075,False,150,3001
3,2,1,False,,,7.780502869860126,0,0,0.28612958859063553,6.830979194446965,5.044849605856329,False,150,3000
3,2,1,False,,,49.98176995468765,0,0,-24.910260851166335,9.485737258288605,32.89599810945483,False,150,3001
3,2,-1,False,,,19.84848708757019,0,0,-6.8630687472570076,6.830979194446965,12.194047941703992,False,150,3000
3,2,-1,False,,,20.740435849177363,0,0,-1.7466830108661207,9.485737258288605,9.732420269154725,False,150,3001
3,3,1,False,,,35.81764093763636,0,0,-20.287186212521853,6.830979194446965,25.61816540696876,False,150,3000
3,3,1,False,,,12.83834697007751,0,0,-4.030167134089519,9.485737258288605,12.015904392378127,False,150,3001
3,3,-1,False,,,7.6402277006837975,0,0,0.24774277590550725,6.830979194446965,5.083236418541457,False,150,3000
3,3,-1,False,,,3.858574177895033,0,0,-1.687336192472736,9.485737258288605,9.67307345076134,False,150,3001
3,4,1,False,,,12.7837592284539,0,0,-0.2961797174123001,6.830979194446965,5.627158911859264,False,150,3000
3,4,1,False,,,11.32104844157299,0,0,-0.7682979802113319,9.485737258288605,8.754035238499936,False,150,3001
3,4,-1,False,,,15.274231554409205,0,0,-6.00876144658137,6.830979194446965,11.339740641028351,False,150,3000
3,4,-1,False,,,5.6460756234745855,0,0,-2.18439132601571,9.485737258288605,10.170128584304317,False,150,3001
3,5,1,False,,,43.18057747901696,0,0,-25.05838892449001,6.830979194446965,30.38936811893691,False,150,3000
3,5,1,False,,,45.01289172086175,0,0,-13.41879368710131,9.485737258288605,21.40453094538993,False,150,3001
3,5,-1,False,,,50.27068859152251,0,0,-25.695222544573152,6.830979194446965,31.026201739020074,False,150,3000
3,5,-1,False,,,57.10232243889405,0,0,-44.66491370153266,9.485737258288605,52.65065095982128,False,150,3001
3,6,1,False,,,5.862031748414064,0,0,-0.40321895470652436,6.830979194446965,5.734198149153489,False,150,3000
3,6,1,False,,,51.94626747846376,0,0,-35.15435474736798,9.485737258288605,43.14009200565652,False,150,3001
3,6,-1,False,,,29.829124416431018,0,0,-15.006226075903653,6.830979194446965,20.33720527035064,False,150,3000
3,6,-1,False,,,30.897903104633563,0,0,-9.037320192988345,9.485737258288605,17.023057451276966,False,150,3001
3,7,1,False,,,11.935811446085136,0,0,0.1933395842325606,6.830979194446965,5.1376396102144035,False,150,3000
3,7,1,False,,,7.654690394756946,0,0,-2.790758940563446,9.485737258288605,10.776496198852062,False,150,3001
3,7,-1,False,,,15.152432434100788,0,0,-7.605305072389163,6.830979194446965,12.93628426683615,False,150,3000
3,7,-1,False,,,35.04598638390402,0,0,-6.308611287450657,9.485737258288605,14.294348545739279,False,150,3001
4,0,1,False,,,30.46849330151346,0,0,-11.288506846599166,9.738796858029003,19.527303704628192,False,150,4000
4,0,1,False,,,9.179390335178306,0,0,-3.3613629564339353,8.004257231413446,9.865620187847389,False,150,4001
4,0,-1,False,,,35.89683810374119,0,0,-14.34863499115614,9.738796858029003,22.587431849185162,False,150,4000
4,0,-1,False,,,33.52591734130151,0,0,-18.6001155670566,8.004257231413446,25.104372798470038,False,150,4001
4,1,1,False,,,38.29966528861519,0,0,-13.778960715641576,9.738796858029003,22.017757573670597,False,150,4000
4,1,1,False,,,34.207266554093124,0,0,-16.494759434381155,8.004257231413446,22.999016665794592,False,150,4001
4,1,-1,False,,,3.3128120094628897,0,0,-2.528682802721028,9.738796858029003,10.767479660750041,False,150,4000
4,1,-1,False,,,12.479119574076774,0,0,-2.0912700290788724,8.004257231413446,8.595527260492318,False,150,4001
4,2,1,False,,,55.085006299726864,0,0,-27.362044862689398,9.738796858029003,35.60084172071832,False,150,4000
4,2,1,False,,,52.42829780366447,0,0,-23.958097056071395,8.004257231413446,30.462354287484796,False,150,4001
4,2,-1,False,,,58.85585831411926,0,0,-17.314985491912807,9.738796858029003,25.55378234994182,False,150,4000
4,2,-1,False,,,50.131230232394245,0,0,-23.044273165193733,8.004257231413446,29.54853039660714,False,150,4001
4,3,1,False,,,34.17857193747288,0,0,-10.680176637424037,9.738796858029003,18.918973495453056,False,150,4000
4,3,1,False,,,28.48886285642518,0,0,-15.141059249144698,8.004257231413446,21.64531648055817,False,150,4001
4,3,-1,False,,,8.527012592700826,0,0,-2.12544965166787,9.738796858029003,10.364246509696875,False,150,4000
4,3,-1,False,,,17.913934080575995,0,0,-2.5464080665763396,8.004257231413446,9.05066529798979,False,150,4001
4,4,1,False,,,32.969428019799636,0,0,-2.9542891917589884,9.738796858029003,11.193086049787992,False,150,4000
4,4,1,False,,,34.560822180288554,0,0,-9.459933374057325,8.004257231413446,15.964190605470787,False,150,4001
4,4,-1,False,,,4.037991747378949,0,0,-1.720178024477604,9.738796858029003,9.958974882506606,False,150,4000
4,4,-1,False,,,1.9120270541119393,0,0,-1.5422277769803892,8.004257231413446,8.046485008393834,False,150,4001
4,5,1,False,,,18.47242446249677,0,0,-8.505262735179533,9.738796858029003,16.744059593208554,False,150,4000
4,5,1,False,,,6.897347838747633,0,0,-1.1729170049340283,8.004257231413446,7.677174236347473,False,150,4001
4,5,-1,False,,,26.60848244463774,0,0,-3.785748579255203,9.738796858029003,12.02454543728421,False,150,4000
4,5,-1,False,,,26.756245060580653,0,0,-9.831531702596806,8.004257231413446,16.33578893401027,False,150,4001
4,6,1,False,,,3.222081498039219,0,0,-1.7960295228264223,9.738796858029003,10.034826380855424,False,150,4000
4,6,1,False,,,8.065428880059104,0,0,-1.4251332136439838,8.004257231413446,7.929390445057429,False,150,4001
4,6,-1,False,,,27.466637468292426,0,0,-4.586478534128715,9.738796858029003,12.825275392157724,False,150,4000
4,6,-1,False,,,24.358459787522794,0,0,-9.304358635330189,8.004257231413446,15.808615866743656,False,150,4001
4,7,1,False,,,55.42431311996637,0,0,-29.109514139701606,9.738796858029003,37.34831099773052,False,150,4000
4,7,1,False,,,54.72077078134132,0,0,-25.863555878829303,8.004257231413446,32.367813110242686,False,150,4001
4,7,-1,False,,,48.2264234720703,0,0,-14.40327654422307,9.738796858029003,22.64207340225209,False,150,4000
4,7,-1,False,,,46.28630684577057,0,0,-22.55566960979684,8.004257231413446,29.059926841210245,False,150,4001
5,0,1,False,,,20.72304182504304,0,0,-1.0931779931969288,7.62323124870712,7.216409241904048,False,150,5000
5,0,1,False,,,28.47149959294932,0,0,1.3216969326457335,9.594597909508437,6.772900976862716,False,150,5001
5,0,-1,False,,,37.62060816718073,0,0,-15.80013362370768,7.62323124870712,21.923364872414822,False,150,5000
5,0,-1,False,,,45.38060468680321,0,0,-5.795401453402709,9.594597909508437,13.88999936291117,False,150,5001
5,1,1,False,,,25.201392745957715,0,0,-6.574388640161367,7.62323124870712,12.697619888868502,False,150,5000
5,1,1,False,,,27.275043436240612,0,0,2.079845061232491,9.594597909508437,6.014752848275961,False,150,5001
5,1,-1,False,,,55.21287991471117,0,0,-41.41973161040337,7.62323124870712,47.542962859110474,False,150,5000
5,1,-1,False,,,56.55360410478721,0,0,-32.05082457903306,9.594597909508437,40.14542248854142,False,150,5001
5,2,1,False,,,56.40506092771886,0,0,-43.06264994807843,7.62323124870712,49.18588119678555,False,150,5000
5,2,1,False,,,57.47892247149091,0,0,-43.164618445957274,9.594597909508437,51.25921635546571,False,150,5001
5,2,-1,False,,,46.162192428176176,0,0,-16.397919047114776,7.62323124870712,22.52115029582191,False,150,5000
5,2,-1,False,,,38.753156956445814,0,0,-5.250385085926076,9.594597909508437,13.34498299543453,False,150,5001
5,3,1,False,,,11.255677136774759,0,0,-1.2478193268189248,7.62323124870712,7.371050575526044,False,150,5000
5,3,1,False,,,22.952251378245936,0,0,4.611067817145838,9.594597909508437,3.4835300923626105,False,150,5001
5,3,-1,False,,,18.55895758397529,0,0,-3.0512106391272225,7.62323124870712,9.174441887834345,False,150,5000
5,3,-1,False,,,9.637762684065692,0,0,-4.108725682223379,9.594597909508437,12.203323591731838,False,150,5001
5,4,1,False,,,18.782264582699142,0,0,-9.604976054095102,7.62323124870712,15.72820730280223,False,150,5000
5,4,1,False,,,19.725037812476263,0,0,-10.634514597767646,9.594597909508437,18.729112507276106,False,150,5001
5,4,-1,False,,,36.703074477867666,0,0,-13.748480709278844,7.62323124870712,19.87171195798598,False,150,5000
5,4,-1,False,,,32.57110183027038,0,0,-0.6915316498270836,9.594597909508437,8.786129559335532,False,150,5001
5,5,1,False,,,49.24972777717113,0,0,-32.26358757117133,7.62323124870712,38.386818819878364,False,150,5000
5,5,1,False,,,51.42723167137692,0,0,-28.683432685078138,9.594597909508437,36.77803059458651,False,150,5001
5,5,-1,False,,,33.94001959513276,0,0,0.1294519477084395,7.62323124870712,5.993779300998686,False,150,5000
5,5,-1,False,,,39.25075350303536,0,0,-2.9524722818320255,9.594597909508437,11.04707019134048,False,150,5001
5,6,1,False,,,10.399484218681367,0,0,-2.482607950892814,7.62323124870712,8.60583919959994,False,150,5000
5,6,1,False,,,17.956744020823482,0,0,2.9508924410363226,9.594597909508437,5.143705468472139,False,150,5001
5,6,-1,False,,,43.117680805140566,0,0,-14.237005121696187,7.62323124870712,20.360236370403335,False,150,5000
5,6,-1,False,,,8.66354039817052,0,0,-2.654456376017341,9.594597909508437,10.749054285525785,False,150,5001
5,7,1,False,,,56.277672866002646,0,0,-43.65131188413095,7.62323124870712,49.774543132838076,False,150,5000
5,7,1,False,,,57.5901616366223,0,0,-36.18584002443975,9.594597909508437,44.280437933948136,False,150,5001
5,7,-1,False,,,34.40364918460414,0,0,-10.814333786569573,7.62323124870712,16.93756503527671,False,150,5000
5,7,-1,False,,,29.027383114501472,0,0,1.9132132848487833,9.594597909508437,6.1813846246596755,False,150,5001
6,0,1,False,,,38.73151134281973,0,0,-22.951438033336867,9.382278634163663,30.83371666750046,False,150,6000
6,0,1,False,,,39.081688131924665,0,0,-22.57138702963339,8.535074755138247,29.606461784771575,False,150,6001
6,0,-1,False,,,9.87801575758141,0,0,2.8342728116387144,9.382278634163663,5.048005822524964,False,150,6000
6,0,-1,False,,,11.165229627979013,0,0,3.115861943119218,8.535074755138247,3.9192128120190515,False,150,6001
6,1,1,False,,,21.740337791789763,0,0,-4.389704097135699,9.382278634163663,12.27198273129937,False,150,6000
6,1,1,False,,,21.01745466943094,0,0,-4.831449791768191,8.535074755138247,11.866524546906446,False,150,6001
6,1,-1,False,,,30.26668575272365,0,0,-18.297232713863398,9.382278634163663,26.179511348027052,False,150,6000
6,1,-1,False,,,30.127930419209164,0,0,-17.807467297292263,8.535074755138247,24.842542052430506,False,150,6001
6,2,1,False,,,16.79946872112671,0,0,-4.480765270843106,9.382278634163663,12.363043905006776,False,150,6000
6,2,1,False,,,16.128592128361,0,0,-4.395770786398597,8.535074755138247,11.430845541536852,False,150,6001
6,2,-1,False,,,40.14364546172479,0,0,-21.39651839978892,9.382278634163663,29.27879703395252,False,150,6000
6,2,-1,False,,,39.506556519397854,0,0,-21.631523281515022,8.535074755138247,28.666598036653216,False,150,6001
6,3,1,False,,,21.839325192723763,0,0,-10.731240581261119,9.382278634163663,18.6135192154248,False,150,6000
6,3,1,False,,,22.144426430648622,0,0,-10.165403847493916,8.535074755138247,17.20047860263218,False,150,6001
6,3,-1,False,,,19.68097176517823,0,0,-7.519334278196959,9.382278634163663,15.401612912360639,False,150,6000
6,3,-1,False,,,19.27843136904807,0,0,-7.065153628615814,8.535074755138247,14.100228383754075,False,150,6001
6,4,1,False,,,13.509762999206528,0,0,-2.510602545069178,9.382278634163663,10.392881179232845,False,150,6000
6,4,1,False,,,14.076745047499712,0,0,-2.6073397449529496,8.535074755138247,9.642414500091201,False,150,6001
6,4,-1,False,,,28.87896990070566,0,0,-15.827100640988144,9.382278634163663,23.709379275151832,False,150,6000
6,4,-1,False,,,28.014524240014644,0,0,-14.908895156587581,8.535074755138247,21.94396991172585,False,150,6001
6,5,1,False,,,37.72653970700476,0,0,-20.78417285977316,9.382278634163663,28.666451493936783,False,150,6000
6,5,1,False,,,36.84741142587367,0,0,-19.29710592193174,8.535074755138247,26.332180677069974,False,150,6001
6,5,-1,False,,,12.257683218693103,0,0,0.7214316037377173,9.382278634163663,7.160847030425945,False,150,6000
6,5,-1,False,,,7.370118588271822,0,0,1.086916905041257,8.535074755138247,5.9481578500969885,False,150,6001
6,6,1,False,,,30.57629553909288,0,0,-16.210437858865777,9.382278634163663,24.09271649302946,False,150,6000
6,6,1,False,,,28.97131243479426,0,0,-15.522715660945192,8.535074755138247,22.55779041608346,False,150,6001
6,6,-1,False,,,11.382618447104642,0,0,-0.5263563776192148,9.382278634163663,8.408635011782877,False,150,6000
6,6,-1,False,,,9.879052612929586,0,0,2.2752992263811884,8.535074755138247,4.759775528757061,False,150,6001
6,7,1,False,,,11.343212774172546,0,0,-0.9328529717219204,9.382278634163663,8.815131605885583,False,150,6000
6,7,1,False,,,9.788605338545983,0,0,0.4133980841720324,8.535074755138247,6.621676670966213,False,150,6001
6,7,-1,False,,,30.70318658371247,0,0,-18.00357811635194,9.382278634163663,25.885856750515607,False,150,6000
6,7,-1,False,,,29.639615940263962,0,0,-16.962615676358617,8.535074755138247,23.997690431496878,False,150,6001
7,0,1,False,,,25.350067062812254,0,0,5.10153329391461,9.79980101121602,3.1982677173014213,False,150,7000
7,0,1,False,,,39.652777006411405,0,0,-13.870793615262086,8.56184524469918,20.93263885996128,False,150,7001
7,0,-1,False,,,27.00978285153378,0,0,1.5448154398728366,9.79980101121602,6.7549855713432,False,150,7000
7,0,-1,False,,,11.346643266449984,0,0,6.01380989556926,8.56184524469918,1.048035349129933,False,150,7001
7,1,1,False,,,23.355822268694272,0,0,3.4722555749974067,9.79980101121602,4.827545436218631,False,150,7000
7,1,1,False,,,29.185219680043215,0,0,-14.352847530444862,8.56184524469918,21.41469277514407,False,150,7001
7,1,-1,False,,,7.3563989299994565,0,0,-1.9267739236023573,9.79980101121602,10.226574934818377,False,150,7000
7,1,-1,False,,,13.577270301695878,0,0,-2.208899392043876,8.56184524469918,9.270744636743057,False,150,7001
7,2,1,False,,,19.88237705651375,0,0,4.29598409608526,9.79980101121602,4.003816915130774,False,150,7000
7,2,1,False,,,32.32706220506549,0,0,-17.11925591397975,8.56184524469918,24.181101158678917,False,150,7001
7,2,-1,True,146,2.92,18.70736127888726,0,0,17.381304798562468,9.79980101121602,0.9584962126535603,False,146,7000
7,2,-1,False,,,17.15367209764624,0,0,-10.73322957645845,8.56184524469918,17.795074821157655,False,150,7001
7,3,1,False,,,20.48791219664102,0,0,-2.341040369007583,9.79980101121602,10.640841380223605,False,150,7000
7,3,1,False,,,29.311038349275062,0,0,-18.189910128539232,8.56184524469918,25.251755373238407,False,150,7001
7,3,-1,False,,,12.171914797348489,0,0,2.850072108466208,9.79980101121602,5.449728902749817,False,150,7000
7,3,-1,False,,,14.093593972517827,0,0,-3.7075746071846796,8.56184524469918,10.769419851883871,False,150,7001
7,4,1,False,,,18.615595056611067,0,0,6.139280893311095,9.79980101121602,2.160520117904932,False,150,7000
7,4,1,False,,,7.625757565050254,0,0,2.7913032341704276,8.56184524469918,4.270542010528768,False,150,7001
7,4,-1,False,,,10.544970582509064,0,0,-2.9651208961011966,9.79980101121602,11.264921907317245,False,150,7000
7,4,-1,False,,,25.914079776826153,0,0,-16.155063847188067,8.56184524469918,23.21690909188727,False,150,7001
7,5,1,False,,,28.745098754639432,0,0,2.610318138574561,9.79980101121602,5.689482872641466,False,150,7000
7,5,1,False,,,24.581409134164875,0,0,-15.893082234794047,8.56184524469918,22.954927479493254,False,150,7001
7,5,-1,False,,,31.719593533948206,0,0,-5.055806208136909,9.79980101121602,13.355607219352942,False,150,7000
7,5,-1,False,,,21.557229787754363,0,0,-8.373157764259469,8.56184524469918,15.435003008958665,False,150,7001
7,6,1,False,,,49.941433930136505,0,0,-12.34886958024555,9.79980101121602,20.6486705914616,False,150,7000
7,6,1,False,,,12.205750680969896,0,0,5.513085373642126,8.56184524469918,1.548759871057063,False,150,7001
7,6,-1,False,,,30.424600559376294,0,0,1.1703701650110807,9.79980101121602,7.129430846204953,False,150,7000
7,6,-1,False,,,41.44506328975372,0,0,-23.987646046082943,8.56184524469918,31.049491290782036,False,150,7001
7,7,1,False,,,19.503347761806832,0,0,6.371878737522863,9.79980101121602,1.927922273693165,False,150,7000
7,7,1,False,,,17.34523495765656,0,0,-10.390593315170499,8.56184524469918,17.4524385598697,False,150,7001
7,7,-1,False,,,15.346465114672347,0,0,-0.07244384257670416,9.79980101121602,8.372244853792724,False,150,7000
7,7,-1,False,,,19.352226869985078,0,0,-6.3713147176701,8.56184524469918,13.4331599623693,False,150,7001
8,0,1,False,,,16.821560401319978,0,0,1.8058258414288049,7.065058865897444,3.759233024468658,False,150,8000
8,0,1,False,,,43.95303430205605,0,0,-19.62517033894062,8.352367173194459,26.47753751213506,False,150,8001
8,0,-1,False,,,39.998979653472574,0,0,-24.072274734856585,7.065058865897444,29.63733360075398,False,150,8000
8,0,-1,False,,,33.193378113895655,0,0,-0.9930412995319069,8.352367173194459,7.845408472726371,False,150,8001
8,1,1,False,,,37.18973432360833,0,0,-22.19463151809253,7.065058865897444,27.759690383989934,False,150,8000
8,1,1,False,,,26.57880446503942,0,0,3.2277314725969912,8.352367173194459,3.6246357005974708,False,150,8001
8,1,-1,False,,,18.945546935715356,0,0,1.2867753124094237,7.065058865897444,4.278283553488036,False,150,8000
8,1,-1,False,,,3.482391261558628,0,0,-2.0240056346176436,8.352367173194459,8.876372807812102,False,150,8001
8,2,1,False,,,6.6301929233147785,0,0,2.784922332819871,7.065058865897444,2.780136533077585,False,150,8000
8,2,1,False,,,15.252879596595859,0,0,-0.5652087157886296,8.352367173194459,7.417575888983091,False,150,8001
8,2,-1,False,,,36.48780545029966,0,0,-21.836769311598797,7.065058865897444,27.4018281774962,False,150,8000
8,2,-1,False,,,30.18079038827968,0,0,-0.289833021348074,8.352367173194459,7.142200194542544,False,150,8001
8,3,1,False,,,11.738544177656435,0,0,3.5857468130546857,7.065058865897444,1.9793120528427701,False,150,8000
8,3,1,False,,,9.127627456169371,0,0,-2.5224351223805885,8.352367173194459,9.374802295575055,False,150,8001
8,3,-1,False,,,36.03651700845657,0,0,-21.117638755064586,7.065058865897444,26.682697620961996,False,150,8000
8,3,-1,True,67,1.34,15.631258464601617,0,0,16.946966529673865,8.352367173194459,0.7354006435205952,False,67,8001
8,4,1,False,,,21.297967915697438,0,0,-13.497448923823164,7.065058865897444,19.062507789720634,False,150,8000
8,4,1,False,,,21.326624103395766,0,0,4.377894264171671,8.352367173194459,2.4744729090227966,False,150,8001
8,4,-1,False,,,19.516225784246764,0,0,-4.180000281577337,7.065058865897444,9.745059147474786,False,150,8000
8,4,-1,False,,,20.790796583433934,0,0,5.166022662891176,8.352367173194459,1.6863445103032901,False,150,8001
8,5,1,False,,,19.412842132986608,0,0,-4.812122974947779,7.065058865897444,10.377181840845237,False,150,8000
8,5,1,True,117,2.34,17.614194071823587,0,0,16.214903367675635,8.352367173194459,0.9674638055188298,False,117,8001
8,5,-1,False,,,16.206185148871374,0,0,-9.496663827266628,7.065058865897444,15.061722693164093,False,150,8000
8,5,-1,False,,,11.2093623485225,0,0,0.8777106874533734,8.352367173194459,5.974656485741084,False,150,8001
8,6,1,False,,,30.33097990864395,0,0,-19.293454330204078,7.065058865897444,24.858513196101512,False,150,8000
8,6,1,False,,,26.809264924652688,0,0,-1.3241489532657795,8.352367173194459,8.176516126460246,False,150,8001
8,6,-1,False,,,14.751076989224844,0,0,4.223491809803846,7.065058865897444,1.3415670560936095,False,150,8000
8,6,-1,False,,,44.45058302132804,0,0,-5.56846285080039,8.352367173194459,12.420830023994878,False,150,8001
8,7,1,False,,,19.18739891292478,0,0,-4.284204099558302,7.065058865897444,9.849262965455758,False,150,8000
8,7,1,False,,,21.184704360212848,0,0,4.4834894523510265,8.352367173194459,2.3688777208434337,False,150,8001
8,7,-1,False,,,15.765489690943344,0,0,-1.8231244292186795,7.065058865897444,7.388183295116122,False,150,8000
8,7,-1,False,,,24.34835187847419,0,0,0.26662188997494596,8.352367173194459,6.585745283219521,False,150,8001
9,0,1,False,,,16.006066968468637,0,0,-2.0285092321944767,6.213834704363471,6.742343936557947,False,150,9000
9,0,1,False,,,15.606988115419684,0,0,1.5212860417876133,9.5065292781639,6.485243236376285,False,150,9001
9,0,-1,False,,,11.532365200402289,0,0,-0.796160595662883,6.213834704363471,5.509995300026353,False,150,9000
9,0,-1,False,,,9.695299979175712,0,0,-2.6238848906953276,9.5065292781639,10.630414168859234,False,150,9001
9,1,1,False,,,20.310722189897863,0,0,-8.50013101320662,6.213834704363471,13.213965717570112,False,150,9000
9,1,1,False,,,29.01436111796859,0,0,-2.8388209195981613,9.5065292781639,10.845350197762063,False,150,9001
9,1,-1,False,,,3.26952859939002,0,0,-1.608835006070856,6.213834704363471,6.322669710434326,False,150,9000
9,1,-1,False,,,18.65103094091974,0,0,2.380126839099918,9.5065292781639,5.626402439063983,False,150,9001
9,2,1,False,,,21.64544690131121,0,0,-12.360687956040229,6.213834704363471,17.074522660403723,False,150,9000
9,2,1,False,,,16.956802745171718,0,0,2.580117857230287,9.5065292781639,5.426411420933619,False,150,9001
9,2,-1,False,,,16.983577109960535,0,0,0.042455500382272776,6.213834704363471,4.671379203981197,False,150,9000
9,2,-1,False,,,15.04689188168736,0,0,-1.235902567929793,9.5065292781639,9.242431846093696,False,150,9001
9,3,1,False,,,5.036249594834043,0,0,-1.3256206039567477,6.213834704363471,6.039455308320218,False,150,9000
9,3,1,False,,,3.391130488802234,0,0,-2.328870540183758,9.5065292781639,10.33539981834766,False,150,9001
9,3,-1,False,,,13.591399246504368,0,0,-1.6158230297866452,6.213834704363471,6.329657734150115,False,150,9000
9,3,-1,False,,,13.118069726839416,0,0,1.3365552899528448,9.5065292781639,6.669973988211054,False,150,9001
9,4,1,False,,,16.70480734473838,0,0,-3.9210052592614915,6.213834704363471,8.634839963624971,False,150,9000
9,4,1,False,,,13.923562477491995,0,0,1.0302758884404986,9.5065292781639,6.9762533897234,False,150,9001
9,4,-1,False,,,16.92032425374167,0,0,-7.561248568097959,6.213834704363471,12.275083272461446,False,150,9000
9,4,-1,False,,,16.156750154829403,0,0,2.1423356270977574,9.5065292781639,5.864193651066146,False,150,9001
9,5,1,False,,,18.252274031461912,0,0,-4.712959118810851,6.213834704363471,9.426793823174338,False,150,9000
9,5,1,False,,,22.0875051440605,0,0,2.1620337850313436,9.5065292781639,5.844495493132558,False,150,9001
9,5,-1,False,,,7.748840791945946,0,0,-1.6672109539698703,6.213834704363471,6.38104565833334,False,150,9000
9,5,-1,False,,,6.520571112972947,0,0,-1.6423297442847204,9.5065292781639,9.648859022448619,False,150,9001
9,6,1,False,,,42.404263543253194,0,0,-22.354747543385177,6.213834704363471,27.06858224774859,False,150,9000
9,6,1,False,,,37.20035151430367,0,0,-12.047910393180942,9.5065292781639,20.054439671344856,False,150,9001
9,6,-1,True,72,1.44,8.377845966017208,0,0,14.494797844158896,6.213834704363471,0.9990368602045824,False,72,9000
9,6,-1,False,,,6.3353396406263,0,0,-3.2535814396350276,9.5065292781639,11.260110717798941,False,150,9001
9,7,1,False,,,21.401455818431817,0,0,-3.1659767672965184,6.213834704363471,7.879811471659992,False,150,9000
9,7,1,False,,,14.967253834521394,0,0,0.8513785044520377,9.5065292781639,7.155150773711861,False,150,9001
9,7,-1,False,,,20.448434582100344,0,0,-11.261087640095392,6.213834704363471,15.974922344458886,False,150,9000
9,7,-1,False,,,10.983590313844331,0,0,0.010967692194266153,9.5065292781639,7.995561585969632,False,150,9001
10,0,1,False,,,10.226173026880621,0,0,4.518830148870885,7.205332057292296,1.1865019084214232,False,150,10000
10,0,1,False,,,11.050894355504141,0,0,-1.1149905130113673,8.239471254259945,7.854461767271311,False,150,10001
10,0,-1,False,,,11.279971363681714,0,0,1.8873094233664376,7.205332057292296,3.8180226339258567,False,150,10000
10,0,-1,False,,,9.686615900711617,0,0,-0.44033357751161184,8.239471254259945,7.1798048317715555,False,150,10001
10,1,1,True,33,0.66,7.8127457712483075,0,0,16.021449854364448,7.205332057292296,0.8538822029278483,False,33,10000
10,1,1,False,,,9.57919191070326,0,0,-3.3291335594151126,8.239471254259945,10.068604813675075,False,150,10001
10,1,-1,False,,,36.14491039307953,0,0,-19.111487173911673,7.205332057292296,24.816819231203954,False,150,10000
10,1,-1,False,,,35.22275603116958,0,0,-19.28736327493867,8.239471254259945,26.026834529198602,False,150,10001
10,2,1,False,,,13.23701709209566,0,0,-1.465127162335417,7.205332057292296,7.170459219627712,False,150,10000
10,2,1,False,,,10.130395197006917,0,0,-0.5312570483846121,8.239471254259945,7.270728302644556,False,150,10001
10,2,-1,False,,,17.915500111544343,0,0,-1.3738900769163762,7.205332057292296,7.0792221342086705,False,150,10000
10,2,-1,False,,,7.58804780307082,0,0,1.210761291574008,8.239471254259945,5.5287099626859355,False,150,10001
10,3,1,False,,,16.548006396610067,0,0,-3.1539833916007396,7.205332057292296,8.859315448893042,False,150,10000
10,3,1,False,,,16.73993136448108,0,0,-2.7493926646240476,8.239471254259945,9.488863918883997,False,150,10001
10,3,-1,False,,,10.32460473148739,0,0,4.008207487023336,7.205332057292296,1.6971245702689777,False,150,10000
10,3,-1,False,,,9.907745451892685,0,0,-0.22452950594426724,8.239471254259945,6.964000760204211,False,150,10001
10,4,1,True,59,1.18,8.648656312243556,0,0,15.712357385023445,7.205332057292296,0.9029746722688526,False,59,10000
10,4,1,False,,,8.453519134773147,0,0,-2.8026356121035545,8.239471254259945,9.542106866363508,False,150,10001
10,4,-1,False,,,20.223137418713602,0,0,-5.128169258531621,7.205332057292296,10.833501315823927,False,150,10000
10,4,-1,False,,,18.47616847296531,0,0,-3.4857728877114535,8.239471254259945,10.225244141971412,False,150,10001
10,5,1,True,98,1.96,10.674823082119481,0,0,15.311269005180456,7.205332057292296,0.9140630521118472,False,98,10000
10,5,1,False,,,5.181847573921387,0,0,-1.2324581498536151,8.239471254259945,7.971929404113559,False,150,10001
10,5,-1,False,,,26.362401283600033,0,0,-12.719054636553071,7.205332057292296,18.424386693845385,False,150,10000
10,5,-1,False,,,21.45506412457612,0,0,-3.6237882415003746,8.239471254259945,10.363259495760332,False,150,10001
10,6,1,False,,,18.917091969119504,0,0,0.58311257857448,7.205332057292296,5.122219478717823,False,150,10000
10,6,1,False,,,12.493714961114,0,0,-1.513807275106138,8.239471254259945,8.253278529366082,False,150,10001
10,6,-1,False,,,14.654695736575716,0,0,-4.01461768268093,7.205332057292296,9.719949739973234,False,150,10000
10,6,-1,False,,,15.355686896575351,0,0,-3.293320855113584,8.239471254259945,10.03279210937354,False,150,10001
10,7,1,False,,,19.480075172063486,0,0,-7.536440340779153,7.205332057292296,13.241772398071463,False,150,10000
10,7,1,False,,,21.6465145799651,0,0,-8.330963215604857,8.239471254259945,15.070434469864823,False,150,10001
10,7,-1,False,,,13.782419053564835,0,0,3.0799689507285772,7.205332057292296,2.6253631065637384,False,150,10000
10,7,-1,False,,,5.733472563452688,0,0,-2.633768513567127,8.239471254259945,9.373239767827082,False,150,10001
11,0,1,False,,,26.4716440607397,0,0,2.9657569574522524,10.245588021782284,5.779831064330048,False,150,11000
11,0,1,False,,,25.506238885109255,0,0,-1.2568375293534788,7.982600126952775,7.739437656306253,False,150,11001
11,0,-1,False,,,5.533001695884714,0,0,-2.42165252523794,10.245588021782284,11.16724054702023,False,150,11000
11,0,-1,False,,,8.832975481282736,0,0,-4.640964007846695,7.982600126952775,11.123564134799492,False,150,11001
11,1,1,False,,,19.009346756576758,0,0,4.649644181967983,10.245588021782284,4.095943839814309,False,150,11000
11,1,1,False,,,12.377401113434848,0,0,-1.7239676165090991,7.982600126952775,8.206567743461873,False,150,11001
11,1,-1,False,,,11.958373835479259,0,0,-2.2172026461594236,10.245588021782284,10.96279066794171,False,150,11000
11,1,-1,False,,,4.575260504166968,0,0,-3.395621407758197,7.982600126952775,9.878221534710983,False,150,11001
11,2,1,False,,,19.25631588192924,0,0,6.016565234423944,10.245588021782284,2.729022787358349,False,150,11000
11,2,1,False,,,7.401530798857864,0,0,-4.382639642587292,7.982600126952775,10.865239769540084,False,150,11001
11,2,-1,False,,,12.345119880007013,0,0,0.9414488193421356,10.245588021782284,7.8041392024401475,False,150,11000
11,2,-1,False,,,22.347148717842877,0,0,-5.799179463127173,7.982600126952775,12.28177959007996,False,150,11001
11,3,1,False,,,3.218439731190404,0,0,-1.8702506560103942,10.245588021782284,10.615838677792677,False,150,11000
11,3,1,False,,,46.56221565300269,0,0,-18.095531151119957,7.982600126952775,24.57813127807273,False,150,11001
11,3,-1,False,,,19.431344537782493,0,0,6.15228757501774,10.245588021782284,2.5933004467645477,False,150,11000
11,3,-1,False,,,16.8647538534958,0,0,-1.9129648283339917,7.982600126952775,8.395564955286765,False,150,11001
11,4,1,False,,,5.233545411047965,0,0,-2.0827935003693887,10.245588021782284,10.828381522151673,False,150,11000
11,4,1,False,,,7.748498784706588,0,0,-1.4806651841893113,7.982600126952775,7.963265311142085,False,150,11001
11,4,-1,False,,,18.53435548597343,0,0,6.269264013300138,10.245588021782284,2.4763240084821554,False,150,11000
11,4,-1,False,,,11.848103798154966,0,0,-2.0939693130063546,7.982600126952775,8.57656943995913,False,150,11001
11,5,1,False,,,6.146538613347423,0,0,-5.124590091727046,10.245588021782284,13.870178113509354,False,150,11000
11,5,1,False,,,4.640045748694585,0,0,-2.186449992378249,7.982600126952775,8.669050119331025,False,150,11001
11,5,-1,False,,,7.281620069203738,0,0,-1.4913713517169491,10.245588021782284,10.236959373499232,False,150,11000
11,5,-1,False,,,17.169783063549794,0,0,-4.206449744361964,7.982600126952775,10.689049871314749,False,150,11001
11,6,1,False,,,5.022331094086562,0,0,-1.3002048843127192,10.245588021782284,10.045792906095002,False,150,11000
11,6,1,False,,,20.848413121880196,0,0,-1.2258613916722287,7.982600126952775,7.708461518625013,False,150,11001
11,6,-1,False,,,6.276855173759636,0,0,-4.250683885905004,10.245588021782284,12.996271907687305,False,150,11000
11,6,-1,False,,,5.035853173376935,0,0,-1.9858021756022535,7.982600126952775,8.468402302555027,False,150,11001
11,7,1,False,,,14.647666614263716,0,0,1.2522975207937816,10.245588021782284,7.493290500988501,False,150,11000
11,7,1,False,,,11.428141964844935,0,0,-2.0948518280966533,7.982600126952775,8.577451955049428,False,150,11001
11,7,-1,False,,,11.69016350423387,0,0,-0.5602655466662179,10.245588021782284,9.305853568448502,False,150,11000
11,7,-1,False,,,21.495212977007355,0,0,-3.7932652621973393,7.982600126952775,10.27586538915012,False,150,11001
12,0,1,False,,,14.630408650234312,0,0,-1.4953941097621393,9.403375205303199,9.398769315065337,False,150,12000
12,0,1,False,,,5.846019769014139,0,0,1.1404234460320066,7.790044025372896,5.149620579340888,False,150,12001
12,0,-1,False,,,4.492797445705071,0,0,-1.6194960617430685,9.403375205303199,9.522871267046266,False,150,12000
12,0,-1,False,,,10.238114886650138,0,0,1.1189742967972076,7.790044025372896,5.171069728575687,False,150,12001
12,1,1,False,,,13.910068162208718,0,0,-1.1855038844005226,9.403375205303199,9.08887908970372,False,150,12000
12,1,1,False,,,8.504630073807553,0,0,1.2487593437201017,7.790044025372896,5.041284681652793,False,150,12001
12,1,-1,False,,,4.631269936675161,0,0,-1.7085833362700236,9.403375205303199,9.611958541573221,False,150,12000
12,1,-1,False,,,12.700408638987634,0,0,-0.7012383268364608,7.790044025372896,6.991282352209356,False,150,12001
12,2,1,False,,,9.192691349717744,0,0,-2.3654213762028284,9.403375205303199,10.268796581506031,False,150,12000
12,2,1,False,,,9.591913311660205,0,0,0.5756590231366052,7.790044025372896,5.714385002236289,False,150,12001
12,2,-1,False,,,7.84427907630365,0,0,-1.9914531264587538,9.403375205303199,9.894828331761952,False,150,12000
12,2,-1,False,,,5.875702723081565,0,0,0.6019088579616729,7.790044025372896,5.688135167411222,False,150,12001
12,3,1,False,,,12.03617811928114,0,0,-2.7758373161002394,9.403375205303199,10.679212521403446,False,150,12000
12,3,1,False,,,7.0547582387156025,0,0,0.9433148219817891,7.790044025372896,5.346729203391106,False,150,12001
12,3,-1,False,,,8.425195039213834,0,0,-1.0728519507130738,9.403375205303199,8.976227156016272,False,150,12000
12,3,-1,False,,,6.518683121374507,0,0,0.32350623183135907,7.790044025372896,5.966537793541535,False,150,12001
12,4,1,False,,,22.670618512008282,0,0,-4.657894309478873,9.403375205303199,12.56126951478208,False,150,12000
12,4,1,False,,,13.484748213395847,0,0,-0.7713225242153835,7.790044025372896,7.0613665495882785,False,150,12001
12,4,-1,False,,,4.292517552984843,0,0,-2.2828386836198113,9.403375205303199,10.186213888923014,False,150,12000
12,4,-1,False,,,17.195014969889428,0,0,-0.3593642533527022,7.790044025372896,6.649408278725605,False,150,12001
12,5,1,False,,,44.93835533146369,0,0,-13.597298172946262,9.403375205303199,21.500673378249488,False,150,12000
12,5,1,False,,,22.0166619429945,0,0,-5.59696877375993,7.790044025372896,11.887012799132846,False,150,12001
12,5,-1,False,,,29.601810361936288,0,0,-8.246722718598711,9.403375205303199,16.15009792390192,False,150,12000
12,5,-1,False,,,14.32978764568807,0,0,-3.4533882583708655,7.790044025372896,9.74343228374377,False,150,12001
12,6,1,False,,,9.199878750312873,0,0,-2.43454809218201,9.403375205303199,10.337923297485212,False,150,12000
12,6,1,False,,,7.068594805013975,0,0,0.8221070712480125,7.790044025372896,5.467936954124882,False,150,12001
12,6,-1,False,,,6.769892155067641,0,0,-1.6831936504452945,9.403375205303199,9.586568855748492,False,150,12000
12,6,-1,False,,,8.347790234915788,0,0,0.7420858372900889,7.790044025372896,5.547958188082806,False,150,12001
12,7,1,False,,,12.840425617675178,0,0,-1.921614128122763,9.403375205303199,9.824989333425961,False,150,12000
12,7,1,False,,,16.476343994393822,0,0,-3.1599307102745344,7.790044025372896,9.449974735647436,False,150,12001
12,7,-1,False,,,6.811166832132865,0,0,-1.6762440061492516,9.403375205303199,9.57961921145245,False,150,12000
12,7,-1,False,,,8.615109723565089,0,0,0.2560610416256508,7.790044025372896,6.033982983747244,False,150,12001
13,0,1,False,,,24.64218495468719,0,0,4.086036029463926,6.96214105719718,1.3761050277332605,False,150,13000
13,0,1,False,,,19.494308151678254,0,0,-4.9430931817097035,9.169428332018564,12.61252151372828,False,150,13001
13,0,-1,False,,,51.63516612559229,0,0,-34.51384197628472,6.96214105719718,39.97598303348183,False,150,13000
13,0,-1,True,33,0.66,10.586278862755869,0,0,18.23379767489294,9.169428332018564,0.6056306571256223,False,33,13001
13,1,1,True,48,0.96,12.91739438078682,0,0,15.487654905718822,6.96214105719718,0.9944861514783618,False,48,13000
13,1,1,False,,,34.80409879920609,0,0,-15.788190544759377,9.169428332018564,23.457618876777964,False,150,13001
13,1,-1,False,,,47.34041543557818,0,0,-34.11037473487859,6.96214105719718,39.5725157920757,False,150,13000
13,1,-1,False,,,26.979178087286716,0,0,-7.170938685847451,9.169428332018564,14.840367017866031,False,150,13001
13,2,1,False,,,18.173563900894706,0,0,0.41679931674589243,6.96214105719718,5.045341740451287,False,150,13000
13,2,1,False,,,11.743184028489292,0,0,1.6110340965979983,9.169428332018564,6.058394235420579,False,150,13001
13,2,-1,False,,,23.443518221234207,0,0,-9.151475167122303,6.96214105719718,14.6136162243195,False,150,13000
13,2,-1,False,,,11.564987634314845,0,0,2.0287514746605684,9.169428332018564,5.640676857358023,False,150,13001
13,3,1,False,,,8.740895246118502,0,0,-2.137601619093319,6.96214105719718,7.5997426762905,False,150,13000
13,3,1,False,,,14.67600367849815,0,0,0.12416706702647096,9.169428332018564,7.545261264992106,False,150,13001
13,3,-1,False,,,14.183546530464135,0,0,1.7112386391300056,6.96214105719718,3.750902418067189,False,150,13000
13,3,-1,False,,,9.70542981030169,0,0,1.2015089187987908,9.169428332018564,6.4679194132197715,False,150,13001
13,4,1,False,,,7.824164565194933,0,0,-2.092963833898364,6.96214105719718,7.555104891095545,False,150,13000
13,4,1,False,,,7.852574400504304,0,0,0.29900703922144856,9.169428332018564,7.370421292797114,False,150,13001
13,4,-1,False,,,15.050159929360033,0,0,0.39408578100604497,6.96214105719718,5.068055276191134,False,150,13000
13,4,-1,False,,,12.872616935753568,0,0,2.311949446093374,9.169428332018564,5.357478885925215,False,150,13001
13,5,1,False,,,9.124371616937573,0,0,-2.276447335518892,6.96214105719718,7.738588392716075,False,150,13000
13,5,1,False,,,10.744058710272618,0,0,2.494696555937229,9.169428332018564,5.174731776081342,False,150,13001
13,5,-1,False,,,11.659177469208508,0,0,-0.3807433177460002,6.96214105719718,5.842884374943179,False,150,13000
13,5,-1,False,,,14.724654213686643,0,0,0.6632662231267756,9.169428332018564,7.006162108891805,False,150,13001
13,6,1,False,,,3.237615480390708,0,0,-3.7236291655098204,6.96214105719718,9.185770222707013,False,150,13000
13,6,1,False,,,18.235156746666068,0,0,-1.398584868484898,9.169428332018564,9.06801320050347,False,150,13001
13,6,-1,False,,,17.32921572101532,0,0,2.0064099283618164,6.96214105719718,3.4557311288353856,False,150,13000
13,6,-1,False,,,8.332220472516646,0,0,2.2763596651331524,9.169428332018564,5.393068666885414,False,150,13001
13,7,1,False,,,18.339292600420222,0,0,2.993799206081618,6.96214105719718,2.4683418511155817,False,150,13000
13,7,1,False,,,13.879148928899497,0,0,-1.0562310484827604,9.169428332018564,8.725659380501323,False,150,13001
13,7,-1,False,,,49.69115434664249,0,0,-26.06217194046891,6.96214105719718,31.524312997665984,False,150,13000
13,7,-1,False,,,21.710072964655183,0,0,-3.6540416327627145,9.169428332018564,11.323469964781296,False,150,13001
14,0,1,False,,,17.628115247760142,0,0,3.000697274645087,8.728367276795208,4.227670002150135,False,150,14000
14,0,1,False,,,10.040830097001589,0,0,1.3721362917483757,8.691258881274782,5.8191225895264225,False,150,14001
14,0,-1,False,,,8.577185470603217,0,0,-1.7939207085216655,8.728367276795208,9.022287985316872,False,150,14000
14,0,-1,False,,,5.806457074794213,0,0,0.4997817947114461,8.691258881274782,6.691477086563335,False,150,14001
14,1,1,False,,,13.711725692068864,0,0,1.9495275923618118,8.728367276795208,5.278839684433396,False,150,14000
14,1,1,False,,,5.641163030428756,0,0,0.6039491806251047,8.691258881274782,6.587309700649676,False,150,14001
14,1,-1,False,,,14.731519268682582,0,0,-0.05168561117501981,8.728367276795208,7.280052887970227,False,150,14000
14,1,-1,False,,,10.160535112233703,0,0,1.1168714939481768,8.691258881274782,6.074387387326616,False,150,14001
14,2,1,False,,,5.686871148932897,0,0,-4.706932006909077,8.728367276795208,11.935299283704309,False,150,14000
14,2,1,False,,,15.009297319506405,0,0,0.21065427501306555,8.691258881274782,6.980604606261725,False,150,14001
14,2,-1,False,,,21.19590553597378,0,0,5.097386527192449,8.728367276795208,2.1309807496027617,False,150,14000
14,2,-1,False,,,7.258061500597293,0,0,0.9922144530730417,8.691258881274782,6.19904442820174,False,150,14001
14,3,1,False,,,10.940247447190895,0,0,-2.7765695039481386,8.728367276795208,10.004936780743355,False,150,14000
14,3,1,False,,,18.8898019730436,0,0,-0.6028086196144926,8.691258881274782,7.794067500889284,False,150,14001
14,3,-1,False,,,15.626870919425171,0,0,2.5356653573544494,8.728367276795208,4.692701919440769,False,150,14000
14,3,-1,False,,,9.377952805591237,0,0,0.7841983378654224,8.691258881274782,6.407060543409359,False,150,14001
14,4,1,False,,,20.21150309890225,0,0,3.939265482466657,8.728367276795208,3.2891017943285568,False,150,14000
14,4,1,False,,,5.287520119828506,0,0,-0.1326566532002405,8.691258881274782,7.323915534475022,False,150,14001
14,4,-1,False,,,8.907867224841029,0,0,-7.338434930473142,8.728367276795208,14.56680220726837,False,150,14000
14,4,-1,False,,,16.120460538248135,0,0,-0.22151030449732162,8.691258881274782,7.412769185772115,False,150,14001
14,5,1,False,,,21.936871654200885,0,0,4.93228703466485,8.728367276795208,2.2960802421303588,False,150,14000
14,5,1,False,,,12.961353509931596,0,0,-2.2587969468834834,8.691258881274782,9.450055828158266,False,150,14001
14,5,-1,False,,,9.804708335943971,0,0,-2.4389508704705496,8.728367276795208,9.667318147265762,False,150,14000
14,5,-1,False,,,14.791848259548416,0,0,-0.010922075032861266,8.691258881274782,7.202180956307653,False,150,14001
14,6,1,False,,,14.723234067243594,0,0,1.2291333347334434,8.728367276795208,5.999233942061763,False,150,14000
14,6,1,False,,,10.731136772588505,0,0,0.6853427354023177,8.691258881274782,6.5059161458724635,False,150,14001
14,6,-1,False,,,9.337327896334351,0,0,-1.565291926859501,8.728367276795208,8.793659203654707,False,150,14000
14,6,-1,False,,,14.830773465915723,0,0,0.8849149432213477,8.691258881274782,6.3063439380534545,False,150,14001
14,7,1,False,,,3.5806681722633398,0,0,-3.3771195035642014,8.728367276795208,10.60548678035942,False,150,14000
14,7,1,False,,,16.91894270726477,0,0,-1.2316293271718364,8.691258881274782,8.422888208446626,False,150,14001
14,7,-1,True,132,2.64,17.3439137777002,0,0,16.46217904085723,8.728367276795208,0.9461882359379883,False,132,14000
14,7,-1,False,,,15.28466746679256,0,0,-2.340733768115428,8.691258881274782,9.531992649390212,False,150,14001
15,0,1,False,,,21.452570423254134,0,0,-4.882912973323635,7.4152043116096715,10.79811728493332,False,150,15000
15,0,1,False,,,22.283143997390336,0,0,-4.976544111223348,7.29733786931187,10.773881980535231,False,150,15001
15,0,-1,False,,,34.4030510736446,0,0,-17.6007163867568,7.4152043116096715,23.51592069836648,False,150,15000
15,0,-1,False,,,35.70985011795393,0,0,-24.88884465565528,7.29733786931187,30.686182524967112,False,150,15001
15,1,1,False,,,12.594819392723773,0,0,2.736198380247899,7.4152043116096715,3.1790059313617944,False,150,15000
15,1,1,False,,,3.437887717451233,0,0,-2.007537260158184,7.29733786931187,7.804875129470053,False,150,15001
15,1,-1,False,,,10.125186242982272,0,0,4.552844129333337,7.4152043116096715,1.362360182276346,False,150,15000
15,1,-1,False,,,11.511988995929368,0,0,-2.3227721841501943,7.29733786931187,8.120110053462067,False,150,15001
15,2,1,True,57,1.1400000000000001,9.53170361791266,0,0,15.92715939207709,7.4152043116096715,0.9180449195325827,False,57,15000
15,2,1,False,,,5.524393773351685,0,0,-2.5466630714717007,7.29733786931187,8.344000940783575,False,150,15001
15,2,-1,False,,,7.650684039281544,0,0,-0.2654784319596071,7.4152043116096715,6.180682743569278,False,150,15000
15,2,-1,False,,,12.664290382304861,0,0,-1.2825620537030975,7.29733786931187,7.079899923014967,False,150,15001
15,3,1,False,,,28.62040656724499,0,0,-11.460551519115189,7.4152043116096715,17.375755830724877,False,150,15000
15,3,1,False,,,42.02531000187494,0,0,-13.517411378626683,7.29733786931187,19.314749247938572,False,150,15001
15,3,-1,False,,,51.78688346377627,0,0,-31.1745196358625,7.4152043116096715,37.0897239474721,False,150,15000
15,3,-1,False,,,52.531840497373025,0,0,-40.01491913760363,7.29733786931187,45.81225700691548,False,150,15001
15,4,1,False,,,9.47269701468987,0,0,2.2361845524301076,7.4152043116096715,3.679019759179586,False,150,15000
15,4,1,False,,,1.3686638051656024,0,0,-1.577112278430936,7.29733786931187,7.374450147742805,False,150,15001
15,4,-1,False,,,9.400258193270592,0,0,2.615229707671767,7.4152043116096715,3.2999746039379256,False,150,15000
15,4,-1,False,,,12.17106283105058,0,0,-2.272876947098215,7.29733786931187,8.07021481641009,False,150,15001
15,5,1,False,,,9.718424434873258,0,0,-0.9116879536686902,7.4152043116096715,6.826892265278361,False,150,15000
15,5,1,False,,,13.831195406982355,0,0,-2.575466417390014,7.29733786931187,8.37280428670189,False,150,15001
15,5,-1,False,,,15.140498144967532,0,0,3.681671508076064,7.4152043116096715,2.2335328035336217,False,150,15000
15,5,-1,False,,,3.773517151010696,0,0,-1.952544676447307,7.29733786931187,7.749882545759176,False,150,15001
15,6,1,False,,,9.599680957521711,0,0,1.6415088057242533,7.4152043116096715,4.273695505885435,False,150,15000
15,6,1,False,,,3.5430710404531207,0,0,-1.781217558694949,7.29733786931187,7.578555428006818,False,150,15001
15,6,-1,False,,,8.407101382634005,0,0,2.7541283581779887,7.4152043116096715,3.161075953431705,False,150,15000
15,6,-1,False,,,14.737362505072284,0,0,-1.6689316406525363,7.29733786931187,7.466269509964405,False,150,15001
15,7,1,False,,,8.966754893433832,0,0,1.7713679524784551,7.4152043116096715,4.143836359131227,False,150,15000
15,7,1,False,,,6.580781787869712,0,0,-2.6957510865090475,7.29733786931187,8.493088955820925,False,150,15001
15,7,-1,False,,,12.341608116007395,0,0,2.653567166205709,7.4152043116096715,3.261637145403985,False,150,15000
15,7,-1,False,,,10.22489356179981,0,0,-2.886538156596065,7.29733786931187,8.683876025907944,False,150,15001
16,0,1,False,,,12.814331223132044,0,0,-2.254691981459093,8.750634650624164,9.50532663208326,False,150,16000
16,0,1,False,,,13.011965576267043,0,0,4.108938894094163,9.54469710931843,3.9357582152242796,False,150,16001
16,0,-1,False,,,7.307994454391678,0,0,-1.497550154333385,8.750634650624164,8.748184804957548,False,150,16000
16,0,-1,False,,,3.1069225370006546,0,0,-1.6523141879809924,9.54469710931843,9.69701129729942,False,150,16001
16,1,1,False,,,14.857988009670606,0,0,-2.310158975106768,8.750634650624164,9.560793625730934,False,150,16000
16,1,1,False,,,16.924707481292455,0,0,1.9455192898947695,9.54469710931843,6.0991778194236765,False,150,16001
16,1,-1,False,,,4.85116648050857,0,0,-1.6047426705827388,8.750634650624164,8.855377321206902,False,150,16000
16,1,-1,False,,,2.5949429308890704,0,0,-1.2033401656854492,9.54469710931843,9.248037275003878,False,150,16001
16,2,1,False,,,15.304126818500608,0,0,-2.6199433748823413,8.750634650624164,9.87057802550651,False,150,16000
16,2,1,False,,,12.534674436139467,0,0,-1.0616747227184726,9.54469710931843,9.106371832036901,False,150,16001
16,2,-1,False,,,6.0781389871678195,0,0,-1.1956509258976997,8.750634650624164,8.446285576521863,False,150,16000
16,2,-1,False,,,3.7779942973688097,0,0,-0.9897491558919683,9.54469710931843,9.034446265210397,False,150,16001
16,3,1,False,,,20.856939502047048,0,0,-4.039916556852004,8.750634650624164,11.290551207476181,False,150,16000
16,3,1,False,,,20.269387451413632,0,0,-4.417598859115949,9.54469710931843,12.46229596843439,False,150,16001
16,3,-1,False,,,6.883516055042394,0,0,-3.737602629694689,8.750634650624164,10.98823728031887,False,150,16000
16,3,-1,False,,,12.138789961519217,0,0,-2.981444677873778,9.54469710931843,11.026141787192214,False,150,16001
16,4,1,False,,,28.784658875978124,0,0,0.5550260637620836,8.750634650624164,6.69560858686209,False,150,16000
16,4,1,False,,,2.4150587142843087,0,0,-1.4650767388659987,9.54469710931843,9.509773848184427,False,150,16001
16,4,-1,False,,,11.445997386989548,0,0,-2.5714478206491354,8.750634650624164,9.822082471273307,False,150,16000
16,4,-1,False,,,13.159402220939606,0,0,3.455593534409087,9.54469710931843,4.589103574909361,False,150,16001
16,5,1,False,,,12.438057790588047,0,0,-2.682531633181698,8.750634650624164,9.933166283805871,False,150,16000
16,5,1,False,,,11.21626968819855,0,0,-0.8186705834170548,9.54469710931843,8.863367692735483,False,150,16001
16,5,-1,False,,,9.197900474401404,0,0,-2.815962023890978,8.750634650624164,10.066596674515154,False,150,16000
16,5,-1,False,,,6.052433561262618,0,0,0.8299493011161772,9.54469710931843,7.214747808202251,False,150,16001
16,6,1,False,,,12.672333276649336,0,0,-6.893198434058587,8.750634650624164,14.143833084682775,False,150,16000
16,6,1,False,,,16.37716205044051,0,0,-2.2057295947568027,9.54469710931843,10.250426704075235,False,150,16001
16,6,-1,False,,,22.378457981974982,0,0,-4.9367919181848405,8.750634650624164,12.187426568809018,False,150,16000
16,6,-1,False,,,19.378268853008425,0,0,-3.8971330713985726,9.54469710931843,11.941830180717014,False,150,16001
16,7,1,False,,,7.975189141428406,0,0,-3.1592638875104213,8.750634650624164,10.4098985381346,False,150,16000
16,7,1,False,,,15.578992094611573,0,0,-0.9938181263671356,9.54469710931843,9.038515235685571,False,150,16001
16,7,-1,False,,,13.403078566292312,0,0,-1.679825351300855,8.750634650624164,8.930460001925018,False,150,16000
16,7,-1,False,,,12.685486373407212,0,0,-2.4088502947333574,9.54469710931843,10.453547404051792,False,150,16001
17,0,1,False,,,6.065371721271378,0,0,-1.026267867160791,7.707738130493065,7.234005997653855,False,150,17000
17,0,1,False,,,11.5484092521705,0,0,-1.3486504376174449,9.694785364862451,9.543435802479895,False,150,17001
17,0,-1,False,,,7.320131808823372,0,0,-0.920998376956777,7.707738130493065,7.128736507449841,False,150,17000
17,0,-1,False,,,11.278199976251713,0,0,-2.2397208125180836,9.694785364862451,10.43450617738054,False,150,17001
17,1,1,False,,,12.217719204861156,0,0,-0.24106067858635938,7.707738130493065,6.448798809079424,False,150,17000
17,1,1,False,,,18.77410633947508,0,0,0.23789801788255444,9.694785364862451,7.9568873469798955,False,150,17001
17,1,-1,False,,,13.092611257713443,0,0,-3.422050102867302,7.707738130493065,9.629788233360385,False,150,17000
17,1,-1,False,,,14.590006028024137,0,0,-1.094386941859373,9.694785364862451,9.28917230672183,False,150,17001
17,2,1,False,,,7.324505478272965,0,0,-0.2001729375253109,7.707738130493065,6.407911068018375,False,150,17000
17,2,1,False,,,13.371326034466328,0,0,-1.4698344597936717,9.694785364862451,9.664619824656121,False,150,17001
17,2,-1,False,,,7.242458564622283,0,0,-1.4861761722023525,7.707738130493065,7.693914302695417,False,150,17000
17,2,-1,False,,,19.078494580770403,0,0,1.800302233327273,9.694785364862451,6.394483131535177,False,150,17001
17,3,1,False,,,10.15246423480106,0,0,-0.05067947959340121,7.707738130493065,6.2584176100864655,False,150,17000
17,3,1,False,,,10.174430271273433,0,0,-1.3370950218024256,9.694785364862451,9.531880386664875,False,150,17001
17,3,-1,False,,,11.717568471759177,0,0,-1.784923461250853,7.707738130493065,7.992661591743917,False,150,17000
17,3,-1,False,,,17.063657738933365,0,0,-1.1787756039337842,9.694785364862451,9.37356096879624,False,150,17001
17,4,1,False,,,9.436860282010551,0,0,0.6271018853556556,7.707738130493065,5.580636245137408,False,150,17000
17,4,1,False,,,15.057375199142715,0,0,-1.1217274958509846,9.694785364862451,9.316512860713434,False,150,17001
17,4,-1,False,,,8.326780080919905,0,0,-3.586408335196633,7.707738130493065,9.794146465689712,False,150,17000
17,4,-1,False,,,4.536877390412641,0,0,-2.744855678783063,9.694785364862451,10.939641043645524,False,150,17001
17,5,1,False,,,6.1551132765794785,0,0,-0.9617173194223351,7.707738130493065,7.169455449915399,False,150,17000
17,5,1,False,,,20.92240328382424,0,0,3.0510187006952645,9.694785364862451,5.14376666416719,False,150,17001
17,5,-1,False,,,9.007145412828535,0,0,-0.6739512069042906,7.707738130493065,6.881689337397355,False,150,17000
17,5,-1,False,,,13.452341316979853,0,0,-1.0067373486035325,9.694785364862451,9.201522713465982,False,150,17001
17,6,1,False,,,7.770187856715414,0,0,-0.027431128620375264,7.707738130493065,6.23516925911344,False,150,17000
17,6,1,False,,,12.80746943373128,0,0,-1.4914995905690662,9.694785364862451,9.686284955431516,False,150,17001
17,6,-1,False,,,6.092574147784352,0,0,-1.6733842621776838,7.707738130493065,7.881122392670748,False,150,17000
17,6,-1,False,,,12.800619536651869,0,0,-1.6004477715731877,9.694785364862451,9.795233136435638,False,150,17001
17,7,1,False,,,7.118262066007784,0,0,0.34478143678681544,7.707738130493065,5.8629566937062485,False,150,17000
17,7,1,False,,,14.370352726700888,0,0,-0.9635453859185195,9.694785364862451,9.15833075078097,False,150,17001
17,7,-1,False,,,6.479917101409551,0,0,-1.4463192983184892,7.707738130493065,7.654057428811553,False,150,17000
17,7,-1,False,,,12.397280352120985,0,0,-2.3067829148001016,9.694785364862451,10.501568279662557,False,150,17001
18,0,1,False,,,23.69819618926851,0,0,2.689711280218031,7.5976719721151165,3.4079606918971,False,150,18000
18,0,1,False,,,23.112463345050703,0,0,-3.9433771946157092,6.609328650666891,9.052705845282606,False,150,18001
18,0,-1,False,,,8.061747359347683,0,0,-3.635054773266508,7.5976719721151165,9.732726745381639,False,150,18000
18,0,-1,False,,,9.442096554098864,0,0,-4.886088442077952,6.609328650666891,9.995417092744862,False,150,18001
18,1,1,False,,,17.5835851209204,0,0,4.925008463164395,7.5976719721151165,1.1726635089507287,False,150,18000
18,1,1,False,,,14.754514229137811,0,0,-2.1211115435538854,6.609328650666891,7.230440194220776,False,150,18001
18,1,-1,True,91,1.82,14.947702039602234,0,0,15.764173243093936,7.5976719721151165,0.9234987290211868,False,91,18000
18,1,-1,False,,,12.231646306695874,0,0,0.07793681295596835,6.609328650666891,5.031391837710921,False,150,18001
18,2,1,False,,,24.520354069874372,0,0,3.507778373263678,7.5976719721151165,2.5898935988514538,False,150,18000
18,2,1,False,,,20.490098277706974,0,0,-0.8556091718810627,6.609328650666891,5.964937822547952,False,150,18001
18,2,-1,False,,,2.6320756308851467,0,0,-2.293078067936363,7.5976719721151165,8.390750040051485,False,150,18000
18,2,-1,False,,,6.381581642262758,0,0,-4.443847923731088,6.609328650666891,9.553176574397993,False,150,18001
18,3,1,True,134,2.68,14.530495716767232,0,0,15.295336211066793,7.5976719721151165,0.9623357610483328,False,134,18000
18,3,1,False,,,7.231190174751341,0,0,-2.8305107396702307,6.609328650666891,7.939839390337135,False,150,18001
18,3,-1,True,103,2.06,14.855126099733647,0,0,15.687308346759407,7.5976719721151165,0.8803636253557127,False,103,18000
18,3,-1,False,,,14.143756755589633,0,0,-1.6442171158705252,6.609328650666891,6.753545766537415,False,150,18001
18,4,1,False,,,22.845073591502548,0,0,4.573376987072789,7.5976719721151165,1.5242949850423337,False,150,18000
18,4,1,False,,,17.70842944441784,0,0,-0.2691277641238835,6.609328650666891,5.378456414790773,False,150,18001
18,4,-1,False,,,12.039843601951787,0,0,2.007303488181229,7.5976719721151165,4.0903684839338865,False,150,18000
18,4,-1,False,,,5.170078742387969,0,0,-2.0671308365261165,6.609328650666891,7.176459487193007,False,150,18001
18,5,1,False,,,28.076871186134735,0,0,1.3283424268291106,7.5976719721151165,4.769329545286018,False,150,18000
18,5,1,False,,,31.982132794972124,0,0,-6.931825398138485,6.609328650666891,12.041154048805383,False,150,18001
18,5,-1,False,,,5.7599350771686995,0,0,-3.795703519388419,7.5976719721151165,9.893375491503551,False,150,18000
18,5,-1,False,,,5.8345933133761445,0,0,-3.2629439631967196,6.609328650666891,8.37227261386363,False,150,18001
18,6,1,False,,,36.49679299572823,0,0,-23.04250273363505,7.5976719721151165,29.14017470575012,False,150,18000
18,6,1,False,,,39.91099977585429,0,0,-21.435613927266814,6.609328650666891,26.544942577933668,False,150,18001
18,6,-1,False,,,21.52256974386607,0,0,4.095077093485268,7.5976719721151165,2.0025948786298597,False,150,18000
18,6,-1,False,,,23.69690895838001,0,0,1.5388078613417462,6.609328650666891,3.5705207893251583,False,150,18001
18,7,1,False,,,12.379339311415961,0,0,-2.870694820297868,7.5976719721151165,8.968366792412994,False,150,18000
18,7,1,False,,,7.133885111493284,0,0,-3.418306341130452,6.609328650666891,8.527634991797358,False,150,18001
18,7,-1,True,66,1.32,12.90256260245391,0,0,15.986573363864295,7.5976719721151165,0.9510986082508223,False,66,18000
18,7,-1,False,,,10.264118103686865,0,0,-1.0309967493635117,6.609328650666891,6.1403254000304015,False,150,18001
19,0,1,True,135,2.7,17.71601151204445,0,0,15.388469764913967,7.704412933997912,0.9659431690839504,False,135,19000
19,0,1,False,,,7.564379296592815,0,0,1.4449431285160095,7.156409951479781,4.211466822963781,False,150,19001
19,0,-1,False,,,18.614623972473733,0,0,5.0605588573076155,7.704412933997912,1.1438540766903078,False,150,19000
19,0,-1,False,,,6.020673426415816,0,0,0.7072469374025911,7.156409951479781,4.949163014077189,False,150,19001
19,1,1,True,139,2.7800000000000002,16.559376647036892,0,0,15.34566174971516,7.704412933997912,0.9687511842827594,False,139,19000
19,1,1,False,,,4.7814819333417695,0,0,0.7670933998258227,7.156409951479781,4.889316551653957,False,150,19001
19,1,-1,False,,,22.61180753058489,0,0,5.0890031378407485,7.704412933997912,1.1154097961571745,False,150,19000
19,1,-1,False,,,5.870858466967145,0,0,-0.22181597723536955,7.156409951479781,5.87822592871515,False,150,19001
19,2,1,False,,,16.669641064944198,0,0,2.155600298012252,7.704412933997912,4.048812635985661,False,150,19000
19,2,1,False,,,14.699935132998002,0,0,1.2957945817620955,7.156409951479781,4.3606153697176975,False,150,19001
19,2,-1,True,70,1.4000000000000001,15.944641414169183,0,0,16.03735864892207,7.704412933997912,0.967054285075844,False,70,19000
19,2,-1,False,,,12.56863358579366,0,0,-0.011714091883143353,7.156409951479781,5.668124043362924,False,150,19001
19,3,1,True,82,1.6400000000000001,15.765874366884075,0,0,15.960241557622574,7.704412933997912,0.9241713763753444,False,82,19000
19,3,1,False,,,10.429228470274154,0,0,1.572509222754252,7.156409951479781,4.083900728725528,False,150,19001
19,3,-1,False,,,16.961333461788733,0,0,3.5814467299867174,7.704412933997912,2.6229662040112065,False,150,19000
19,3,-1,False,,,7.129211381694953,0,0,1.8357540834156267,7.156409951479781,3.8206558680641534,False,150,19001
19,4,1,False,,,22.32409760559988,0,0,4.972608121766861,7.704412933997912,1.231804812231063,False,150,19000
19,4,1,False,,,15.985945058915135,0,0,0.0844503620935216,7.156409951479781,5.571959589386259,False,150,19001
19,4,-1,False,,,18.848304046163307,0,0,4.668558461587522,7.704412933997912,1.5358544724104,False,150,19000
19,4,-1,False,,,6.840986818126014,0,0,1.3733437938126518,7.156409951479781,4.283066157667128,False,150,19001
19,5,1,False,,,22.05608715522601,0,0,4.778165806414291,7.704412933997912,1.4262471275836337,False,150,19000
19,5,1,False,,,13.519237534560318,0,0,-0.15737579013574832,7.156409951479781,5.813785741615528,False,150,19001
19,5,-1,True,135,2.7,17.460139304357252,0,0,15.389761154084733,7.704412933997912,0.9646517799131877,False,135,19000
19,5,-1,False,,,8.212459585200158,0,0,1.4216733315967616,7.156409951479781,4.234736619883033,False,150,19001
19,6,1,False,,,6.821092458970712,0,0,-3.43909405386358,7.704412933997912,9.643506987861512,False,150,19000
19,6,1,False,,,13.42105697367104,0,0,3.088895961148619,7.156409951479781,2.5675139903311806,False,150,19001
19,6,-1,False,,,28.695337635218156,0,0,2.6037241550998917,7.704412933997912,3.6006887788980264,False,150,19000
19,6,-1,False,,,17.942814648435128,0,0,-3.4778129535972635,7.156409951479781,9.134222905077053,False,150,19001
19,7,1,True,75,1.5,15.013194793146702,0,0,16.019041013515693,7.704412933997912,0.9353719204822241,False,75,19000
19,7,1,False,,,6.444921942396026,0,0,1.3883187166836577,7.156409951479781,4.268091234796122,False,150,19001
19,7,-1,False,,,17.97956436431519,0,0,4.855731344677527,7.704412933997912,1.3486815893203894,False,150,19000
19,7,-1,False,,,16.595966331625714,0,0,0.32700246494464613,7.156409951479781,5.329407486535134,False,150,19001
20,0,1,False,,,33.4061482920916,0,0,2.364622720707988,10.155114464097156,6.290491743389179,False,150,20000
20,0,1,False,,,33.398404363497335,0,0,2.0347286441108476,9.715424167989513,6.180695523878678,False,150,20001
20,0,-1,False,,,7.117013754441065,0,0,-4.242763240528413,10.155114464097156,12.897877704625591,False,150,20000
20,0,-1,False,,,3.0956461611280344,0,0,-3.275190345471392,9.715424167989513,11.490614513460919,False,150,20001
20,1,1,True,97,1.94,20.886363079813087,0,0,18.339496131974172,10.155114464097156,0.8456183321229894,False,97,20000
20,1,1,False,,,25.722314129914466,0,0,3.665053429195101,9.715424167989513,4.55037073879443,False,150,20001
20,1,-1,True,85,1.7,17.381421792503932,0,0,18.48759972012574,10.155114464097156,0.8175147439714229,False,85,20000
20,1,-1,False,,,24.563572000855384,0,0,6.284212026020082,9.715424167989513,1.9312121419694372,False,150,20001
20,2,1,True,90,1.8,18.099147799210744,0,0,18.443772981179603,10.155114464097156,0.811341482917562,False,90,20000
20,2,1,False,,,22.15900078651247,0,0,3.811608831511804,9.715424167989513,4.403815336477735,False,150,20001
20,2,-1,True,77,1.54,17.15488038679563,0,0,18.566234650246564,10.155114464097156,0.8188798138505985,False,77,20000
20,2,-1,False,,,20.394665118271536,0,0,4.9799750406774965,9.715424167989513,3.2354491273120236,False,150,20001
20,3,1,True,71,1.42,17.609982440913903,0,0,18.4492160512531,10.155114464097156,0.9958984128440608,False,71,20000
20,3,1,False,,,24.99894748606798,0,0,2.8118708261420586,9.715424167989513,5.403553341847479,False,150,20001
20,3,-1,True,100,2.0,19.34513738167713,0,0,18.23311877545079,10.155114464097156,0.921995688646373,False,100,20000
20,3,-1,False,,,15.936140790272098,0,0,3.453210078466525,9.715424167989513,4.762214089523011,False,150,20001
20,4,1,False,,,8.832242002018468,0,0,-1.9142975150840953,10.155114464097156,10.56941197918125,False,150,20000
20,4,1,False,,,8.398626874194177,0,0,-1.7749380251301736,9.715424167989513,9.990362193119685,False,150,20001
20,4,-1,True,61,1.22,18.320149064385927,0,0,18.811640973244117,10.155114464097156,0.7334734908530446,False,61,20000
20,4,-1,False,,,27.040968691533728,0,0,4.918041840121382,9.715424167989513,3.2973823278681356,False,150,20001
20,5,1,False,,,8.843978127387214,0,0,-4.63186271612763,10.155114464097156,13.286977180224806,False,150,20000
20,5,1,False,,,4.478893841592671,0,0,-4.687646951970473,9.715424167989513,12.903071119960005,False,150,20001
20,5,-1,False,,,32.76320521743358,0,0,4.091271525552374,10.155114464097156,4.563842938544793,False,150,20000
20,5,-1,False,,,32.52566486667536,0,0,5.403815496360667,9.715424167989513,2.81160867162885,False,150,20001
20,6,1,True,91,1.82,17.569258472265133,0,0,18.255075504087515,10.155114464097156,0.9900389600096509,False,91,20000
20,6,1,False,,,22.527368435695966,0,0,5.679407244040711,9.715424167989513,2.536016923948808,False,150,20001
20,6,-1,True,81,1.62,16.879270746964902,0,0,18.377091728736357,10.155114464097156,0.9680227353608065,False,81,20000
20,6,-1,False,,,21.587178198958444,0,0,5.077510961348456,9.715424167989513,3.1379132066410604,False,150,20001
20,7,1,False,,,17.52674366796134,0,0,4.616003553462967,10.155114464097156,4.039110910634201,False,150,20000
20,7,1,False,,,12.470439922925769,0,0,0.8734099566548676,9.715424167989513,7.342014211334644,False,150,20001
20,7,-1,True,59,1.18,18.813514850719073,0,0,18.887913263541915,10.155114464097156,0.6772012005552465,False,59,20000
20,7,-1,False,,,31.044663087174595,0,0,5.992612793005303,9.715424167989513,2.222811374984215,False,150,20001
21,0,1,False,,,13.921412678095356,0,0,0.24783436358919775,8.81064771164678,7.062813348057584,False,150,21000
21,0,1,False,,,15.52894575184633,0,0,-0.08696051053084561,8.509053998396297,7.096014508927142,False,150,21001
21,0,-1,False,,,14.00319628913659,0,0,-3.546993487416586,8.81064771164678,10.857641199063373,False,150,21000
21,0,-1,True,63,1.26,15.886267713602763,0,0,16.922532411698274,8.509053998396297,0.9565215866980253,False,63,21001
21,1,1,False,,,10.134494128792129,0,0,2.714096795540823,8.81064771164678,4.5965509161059845,False,150,21000
21,1,1,False,,,14.332491896945072,0,0,3.557074714155897,8.509053998396297,3.4519792842404122,False,150,21001
21,1,-1,False,,,31.33195186004557,0,0,-11.334142095735217,8.81064771164678,18.64478980738202,False,150,21000
21,1,-1,False,,,31.96824885123467,0,0,-2.744587991922196,8.509053998396297,9.753641990318505,False,150,21001
21,2,1,False,,,32.700711136815976,0,0,-17.571769866298908,8.81064771164678,24.882417577945695,False,150,21000
21,2,1,False,,,35.28448598271131,0,0,-3.9410711558696008,8.509053998396297,10.950125154265905,False,150,21001
21,2,-1,False,,,15.177266030576156,0,0,4.510859345453773,8.81064771164678,2.7997883661930065,False,150,21000
21,2,-1,False,,,23.42101898229178,0,0,-16.193326836997812,8.509053998396297,23.20238083539413,False,150,21001
21,3,1,False,,,15.20826690748861,0,0,-1.405423068467738,8.81064771164678,8.716070780114517,False,150,21000
21,3,1,False,,,20.963946344715506,0,0,2.027829993737485,8.509053998396297,4.981224004658835,False,150,21001
21,3,-1,False,,,14.945094446803939,0,0,-0.6016489600481629,8.81064771164678,7.912296671694942,False,150,21000
21,3,-1,False,,,20.3339783679226,0,0,3.2099616351762292,8.509053998396297,3.799092363220083,False,150,21001
21,4,1,False,,,27.578219908332095,0,0,-10.537835204651518,8.81064771164678,17.848482916298316,False,150,21000
21,4,1,False,,,49.62460720458987,0,0,-15.61709448634308,8.509053998396297,22.6261484847394,False,150,21001
21,4,-1,False,,,11.648234239444948,0,0,1.2429040739670982,8.81064771164678,6.067743637679695,False,150,21000
21,4,-1,False,,,17.456915505700007,0,0,-11.742598599088504,8.509053998396297,18.751652597484824,False,150,21001
21,5,1,False,,,11.902129692898308,0,0,0.6490417156391923,8.81064771164678,6.661605996007586,False,150,21000
21,5,1,False,,,21.37421400815706,0,0,3.1008498457228915,8.509053998396297,3.9082041526734197,False,150,21001
21,5,-1,False,,,27.450318391516262,0,0,-2.290570125649391,8.81064771164678,9.60121783729617,False,150,21000
21,5,-1,False,,,21.623789914150056,0,0,2.091865662215044,8.509053998396297,4.91718833618128,False,150,21001
21,6,1,False,,,24.177135460824395,0,0,-8.506979571943523,8.81064771164678,15.817627283590319,False,150,21000
21,6,1,False,,,24.825946224767957,0,0,2.5612270032975903,8.509053998396297,4.447826995098728,False,150,21001
21,6,-1,False,,,15.221269722534453,0,0,2.2071993120385427,8.81064771164678,5.103448399608267,False,150,21000
21,6,-1,False,,,16.763510478604484,0,0,3.9462000746064674,8.509053998396297,3.0628539237898345,False,150,21001
21,7,1,False,,,10.36466109495981,0,0,2.227296342989945,8.81064771164678,5.083351368656864,False,150,21000
21,7,1,False,,,13.994798889893795,0,0,-1.6541642694352467,8.509053998396297,8.663218267831542,False,150,21001
21,7,-1,False,,,18.403136443408464,0,0,-4.838725851281888,8.81064771164678,12.149373562928677,False,150,21000
21,7,-1,False,,,29.775440651602892,0,0,2.397506614097776,8.509053998396297,4.6115473842985315,False,150,21001
22,0,1,False,,,21.56836505235005,0,0,-3.008101396006886,6.5583036408842705,8.06640503689116,False,150,22000
22,0,1,False,,,20.414104179538892,0,0,-5.682804092339264,6.171691741310358,10.354495833649636,False,150,22001
22,0,-1,False,,,11.151682624571677,0,0,-1.292114668036538,6.5583036408842705,6.3504183089208075,False,150,22000
22,0,-1,True,34,0.68,6.676409883312895,0,0,14.98043026471073,6.171691741310358,0.8512614765996291,False,34,22001
22,1,1,False,,,11.989067042133184,0,0,-1.865794554806212,6.5583036408842705,6.9240981956904815,False,150,22000
22,1,1,True,66,1.32,6.701097157483787,0,0,14.541632138042276,6.171691741310358,0.9700596032680879,False,66,22001
22,1,-1,False,,,25.4238447371053,0,0,-2.479699840136454,6.5583036408842705,7.538003481020729,False,150,22000
22,1,-1,False,,,28.841040331335932,0,0,-6.212565265537008,6.171691741310358,10.884257006847378,False,150,22001
22,2,1,False,,,48.965242686809646,0,0,-19.81008782831665,6.5583036408842705,24.868391469200915,False,150,22000
22,2,1,False,,,50.825466504875095,0,0,-26.88876995773627,6.171691741310358,31.56046169904653,False,150,22001
22,2,-1,False,,,17.448305658682262,0,0,-1.2135524011001437,6.5583036408842705,6.27185604198443,False,150,22000
22,2,-1,False,,,16.888715647528052,0,0,2.337438897780163,6.171691741310358,2.3342528435302214,False,150,22001
22,3,1,False,,,7.940316882962669,0,0,-2.3732610649111257,6.5583036408842705,7.431564705795401,False,150,22000
22,3,1,False,,,11.406708339845146,0,0,3.4214149955367117,6.171691741310358,1.250276745773662,False,150,22001
22,3,-1,False,,,22.510811374039424,0,0,-3.745146235644082,6.5583036408842705,8.803449876528358,False,150,22000
22,3,-1,False,,,16.907997933688854,0,0,-4.403112663688758,6.171691741310358,9.074804404999128,False,150,22001
22,4,1,False,,,26.439955755399364,0,0,-7.098648902401003,6.5583036408842705,12.15695254328529,False,150,22000
22,4,1,False,,,21.22193440531958,0,0,-7.7921489077817006,6.171691741310358,12.463840649092075,False,150,22001
22,4,-1,False,,,5.0587861567874,0,0,-2.1844666164737445,6.5583036408842705,7.242770257358017,False,150,22000
22,4,-1,True,37,0.74,7.034230878320618,0,0,15.033968286036664,6.171691741310358,0.7677234552736965,False,37,22001
22,5,1,False,,,26.05852860020895,0,0,-1.8106487800241287,6.5583036408842705,6.868952420908398,False,150,22000
22,5,1,False,,,21.408953919521704,0,0,-3.9518514074076876,6.171691741310358,8.623543148718058,False,150,22001
22,5,-1,False,,,14.406776546337989,0,0,-0.4228060324177547,6.5583036408842705,5.481109673302024,False,150,22000
22,5,-1,False,,,7.231131086725233,0,0,1.726551411489219,6.171691741310358,2.945140329821152,False,150,22001
22,6,1,False,,,19.456772868074676,0,0,0.7287540604014686,6.5583036408842705,4.329549580482801,False,150,22000
22,6,1,False,,,13.033601364663104,0,0,1.3702476606217107,6.171691741310358,3.301444080688646,False,150,22001
22,6,-1,False,,,11.400765391992556,0,0,-1.3556118021006622,6.5583036408842705,6.413915442984932,False,150,22000
22,6,-1,False,,,14.801795602300373,0,0,2.2560240331863772,6.171691741310358,2.415667708124005,False,150,22001
22,7,1,False,,,22.91269901343744,0,0,-0.6484599216946149,6.5583036408842705,5.706763562578884,False,150,22000
22,7,1,False,,,20.18017280479471,0,0,-3.9592843845663657,6.171691741310358,8.630976125876733,False,150,22001
22,7,-1,False,,,10.381797306714072,0,0,-1.8950040087099682,6.5583036408842705,6.953307649594238,False,150,22000
22,7,-1,False,,,6.527061395456925,0,0,1.9354069683714954,6.171691741310358,2.736284772938889,False,150,22001
23,0,1,False,,,40.16865378717018,0,0,-16.575322091978336,9.877821976340856,24.953144068319208,False,150,23000
23,0,1,False,,,31.22598889650526,0,0,-9.106324671616958,6.693134622732086,14.299459294349061,False,150,23001
23,0,-1,False,,,13.292115534939175,0,0,-3.1730032048477845,9.877821976340856,11.55082518118865,False,150,23000
23,0,-1,False,,,21.45531958220074,0,0,1.9792466314705017,6.693134622732086,3.2138879912615854,False,150,23001
23,1,1,False,,,24.861137325163163,0,0,-1.7099135161585397,9.877821976340856,10.087735492499394,False,150,23000
23,1,1,False,,,19.73287494965231,0,0,-2.013951415648327,6.693134622732086,7.207086038380415,False,150,23001
23,1,-1,False,,,5.125316651340397,0,0,-1.826593540980576,9.877821976340856,10.204415517321431,False,150,23000
23,1,-1,False,,,9.10780408210895,0,0,-0.1365055272158574,6.693134622732086,5.329640149947942,False,150,23001
23,2,1,False,,,24.904904105344762,0,0,-10.733992187579343,9.877821976340856,19.11181416392022,False,150,23000
23,2,1,False,,,15.677231088570956,0,0,-2.0367257717124385,6.693134622732086,7.229860394444524,False,150,23001
23,2,-1,False,,,4.888485554952618,0,0,-1.543610255241821,9.877821976340856,9.921432231582676,False,150,23000
23,2,-1,False,,,4.5294061692974,0,0,-0.9318860912091874,6.693134622732086,6.1250207139412725,False,150,23001
23,3,1,False,,,20.634211598154682,0,0,-2.7618073708649797,9.877821976340856,11.13962934720584,False,150,23000
23,3,1,False,,,9.04216067299431,0,0,-0.2550079972225462,6.693134622732086,5.4481426199546314,False,150,23001
23,3,-1,False,,,19.453563969523408,0,0,-6.304764076182078,9.877821976340856,14.68258605252295,False,150,23000
23,3,-1,False,,,13.25295514080019,0,0,-0.8821580015797102,6.693134622732086,6.075292624311795,False,150,23001
23,4,1,False,,,21.253958580440504,0,0,-4.986251172473791,9.877821976340856,13.364073148814667,False,150,23000
23,4,1,False,,,14.807717305298398,0,0,-1.8789592820379966,6.693134622732086,7.072093904770082,False,150,23001
23,4,-1,False,,,12.136138713774722,0,0,-2.918242504299622,9.877821976340856,11.296064480640485,False,150,23000
23,4,-1,False,,,7.312272653959811,0,0,-0.813918242877236,6.693134622732086,6.007052865609321,False,150,23001
23,5,1,False,,,6.1988266366210585,0,0,-1.9781029467789264,9.877821976340856,10.355924923119781,False,150,23000
23,5,1,False,,,11.496754054760958,0,0,-2.209452885625814,6.693134622732086,7.402587508357903,False,150,23001
23,5,-1,False,,,24.3690228116409,0,0,-8.580962088551294,9.877821976340856,16.95878406489217,False,150,23000
23,5,-1,False,,,18.414585307040507,0,0,-2.971412284174839,6.693134622732086,8.164546906906935,False,150,23001
23,6,1,False,,,10.7994722387222,0,0,-2.3033536054245265,9.877821976340856,10.681175581765384,False,150,23000
23,6,1,False,,,7.467189347519023,0,0,-0.4797630712642399,6.693134622732086,5.672897693996325,False,150,23001
23,6,-1,False,,,21.505937541053264,0,0,-3.015200110699464,9.877821976340856,11.393022087040334,False,150,23000
23,6,-1,False,,,14.672100729488236,0,0,-0.9729215758745497,6.693134622732086,6.166056198606635,False,150,23001
23,7,1,False,,,30.264675765249315,0,0,-12.259495811335215,9.877821976340856,20.637317787676093,False,150,23000
23,7,1,False,,,18.36025537026291,0,0,-3.31552416875119,6.693134622732086,8.508658791483281,False,150,23001
23,7,-1,False,,,10.836689823040995,0,0,-1.7081286711436026,9.877821976340856,10.085950647484458,False,150,23000
23,7,-1,False,,,6.024725319777741,0,0,-0.26864801843023134,6.693134622732086,5.4617826411623165,False,150,23001
24,0,1,False,,,9.07076661131171,0,0,-2.3629248406181014,8.947442104019423,9.81036694463753,False,150,24000
24,0,1,False,,,18.250023469492856,0,0,5.033663606033453,8.622748189231732,2.0890845831982885,False,150,24001
24,0,-1,False,,,26.89343287443261,0,0,-3.6817160842417413,8.947442104019423,11.129158188261169,False,150,24000
24,0,-1,False,,,26.26045528744949,0,0,4.010021806026975,8.622748189231732,3.112726383204767,False,150,24001
24,1,1,False,,,32.14634106196485,0,0,-1.7088662456647858,8.947442104019423,9.156308349684215,False,150,24000
24,1,1,False,,,30.10172025909365,0,0,2.5576775199146446,8.622748189231732,4.5650706693171,False,150,24001
24,1,-1,False,,,8.121436344882053,0,0,-1.8177042503906258,8.947442104019423,9.265146354410048,False,150,24000
24,1,-1,False,,,15.814583905700042,0,0,4.711862168092342,8.622748189231732,2.410886021139399,False,150,24001
24,2,1,False,,,17.051400222659623,0,0,-1.48168309374062,8.947442104019423,8.929125197760042,False,150,24000
24,2,1,False,,,22.415454580474233,0,0,5.8503979291415575,8.622748189231732,1.272350260090185,False,150,24001
24,2,-1,False,,,19.588655727290735,0,0,-1.7168329051565447,8.947442104019423,9.164275009175967,False,150,24000
24,2,-1,True,66,1.32,14.759981031267003,0,0,16.985724506833918,8.622748189231732,0.9770236823978183,False,66,24001
24,3,1,False,,,4.96561737307123,0,0,-1.7438473317729364,8.947442104019423,9.191289435792358,False,150,24000
24,3,1,False,,,19.271679785759748,0,0,5.663303444791497,8.622748189231732,1.4594447444402434,False,150,24001
24,3,-1,False,,,27.489712480226423,0,0,-2.6257830837920118,8.947442104019423,10.073225187811436,False,150,24000
24,3,-1,False,,,27.77208667487988,0,0,3.6001343159589236,8.622748189231732,3.522613873272816,False,150,24001
24,4,1,False,,,26.65711757377866,0,0,-0.7462395274728411,8.947442104019423,8.193681631492272,False,150,24000
24,4,1,False,,,26.8407490450899,0,0,3.78590942880661,8.622748189231732,3.3368387604251306,False,150,24001
24,4,-1,False,,,5.718360641490199,0,0,-2.6410531634729346,8.947442104019423,10.088495267492366,False,150,24000
24,4,-1,False,,,18.367757799937117,0,0,2.3083617072819944,8.622748189231732,4.814386481949739,False,150,24001
24,5,1,False,,,9.41209142848344,0,0,-2.641126220144141,8.947442104019423,10.088568324163571,False,150,24000
24,5,1,True,117,2.34,16.624860096868467,0,0,16.488436195285214,8.622748189231732,0.9643119939465282,False,117,24001
24,5,-1,False,,,28.83799142890824,0,0,-2.7443048073035863,8.947442104019423,10.19174691132301,False,150,24000
24,5,-1,False,,,23.77062171650655,0,0,5.578570609507258,8.622748189231732,1.5441775797244885,False,150,24001
24,6,1,False,,,17.273089748268337,0,0,-0.020518638049133744,8.947442104019423,7.467960742068556,False,150,24000
24,6,1,True,76,1.52,15.53739223571313,0,0,16.97182323751241,8.622748189231732,0.8909249517193243,False,76,24001
24,6,-1,False,,,17.728859545582402,0,0,-1.813344880405082,8.947442104019423,9.260786984424504,False,150,24000
24,6,-1,True,59,1.18,14.125529213976339,0,0,17.115206694795337,8.622748189231732,0.9175414944364002,False,59,24001
24,7,1,False,,,5.283712542280679,0,0,-2.304742944779102,8.947442104019423,9.752185048798529,False,150,24000
24,7,1,True,145,2.9,17.934674219281316,0,0,16.20562381991779,8.622748189231732,0.9671243693139553,False,145,24001
24,7,-1,False,,,26.309388258731754,0,0,0.1340914618270188,8.947442104019423,7.313350642192413,False,150,24000
24,7,-1,False,,,23.629891760029484,0,0,3.921895967366192,8.622748189231732,3.2008522218655453,False,150,24001
25,0,1,False,,,15.885739555381633,0,0,-0.10276894143739498,8.608358986740983,7.211127928178377,False,150,25000
25,0,1,False,,,18.512676502224593,0,0,-7.9080080836743845,8.121373464544156,14.52938154821856,False,150,25001
25,0,-1,False,,,12.003423590630822,0,0,-1.1505282690508853,8.608358986740983,8.258887255791867,False,150,25000
25,0,-1,False,,,11.221853313065898,0,0,-2.2703178579191334,8.121373464544156,8.891691322463291,False,150,25001
25,1,1,False,,,17.1032336538181,0,0,0.036995270625547236,8.608358986740983,7.071363716115435,False,150,25000
25,1,1,False,,,14.874311137699067,0,0,-5.495429643350301,8.121373464544156,12.116803107894475,False,150,25001
25,1,-1,False,,,17.16716710308508,0,0,0.30338908677998644,8.608358986740983,6.804969899960995,False,150,25000
25,1,-1,False,,,14.063118916421313,0,0,-1.7559065437040033,8.121373464544156,8.377280008248158,False,150,25001
25,2,1,False,,,20.49451919884908,0,0,1.3731438711141757,8.608358986740983,5.735215115626806,False,150,25000
25,2,1,False,,,11.756789692185894,0,0,-0.4672237362467283,8.121373464544156,7.0885972007908835,False,150,25001
25,2,-1,False,,,14.400964821415878,0,0,-0.30164087689543745,8.608358986740983,7.409999863636419,False,150,25000
25,2,-1,False,,,20.584194384463245,0,0,-8.148008752908636,8.121373464544156,14.769382217452812,False,150,25001
25,3,1,False,,,13.836941462758436,0,0,-0.44053797906295544,8.608358986740983,7.548896965803937,False,150,25000
25,3,1,False,,,9.3862417451863,0,0,-2.9253143020245718,8.121373464544156,9.54668776656874,False,150,25001
25,3,-1,False,,,14.451847592697213,0,0,-0.694553586352931,8.608358986740983,7.802912573093913,False,150,25000
25,3,-1,False,,,16.859121350786243,0,0,-3.1931881433376175,8.121373464544156,9.814561607881783,False,150,25001
25,4,1,False,,,11.342596932665375,0,0,-0.5677688426392875,8.608358986740983,7.6761278293802695,False,150,25000
25,4,1,False,,,30.95494196068117,0,0,-7.208338006424071,8.121373464544156,13.829711470968247,False,150,25001
25,4,-1,False,,,27.788510958873943,0,0,3.4959693929112547,8.608358986740983,3.6123895938297355,False,150,25000
25,4,-1,False,,,26.400784635892432,0,0,-9.560252710864644,8.121373464544156,16.181626175408823,False,150,25001
25,5,1,False,,,28.621936320578147,0,0,0.6955916519703169,8.608358986740983,6.412767334770665,False,150,25000
25,5,1,False,,,31.31929602710419,0,0,-13.533887287319315,8.121373464544156,20.155260751863494,False,150,25001
25,5,-1,False,,,7.806466636916911,0,0,-3.3557668428362732,8.608358986740983,10.464125829577277,False,150,25000
25,5,-1,False,,,9.986742921385657,0,0,-3.5544664109732005,8.121373464544156,10.175839875517369,False,150,25001
25,6,1,False,,,32.67001544523379,0,0,-8.898046146003596,8.608358986740983,16.006405132744593,False,150,25000
25,6,1,False,,,43.77910172858682,0,0,-21.926674037576472,8.121373464544156,28.548047502120596,False,150,25001
25,6,-1,False,,,24.82103663594726,0,0,-12.068966243282095,8.608358986740983,19.177325230023104,False,150,25000
25,6,-1,False,,,25.807014171830513,0,0,-4.074683063185285,8.121373464544156,10.696056527729464,False,150,25001
25,7,1,False,,,11.32737403347115,0,0,-1.7751557590492528,8.608358986740983,8.883514745790235,False,150,25000
25,7,1,False,,,3.505361231499623,0,0,-2.064076523945223,8.121373464544156,8.68544998848938,False,150,25001
25,7,-1,False,,,21.22204173361555,0,0,0.8621371018749695,8.608358986740983,6.246221884866013,False,150,25000
25,7,-1,False,,,18.386040596386184,0,0,-4.430378696935221,8.121373464544156,11.051752161479396,False,150,25001
26,0,1,False,,,31.887681654766443,0,0,-3.891961564400039,10.130788447048726,12.522750011448771,False,150,26000
26,0,1,False,,,22.905312804260138,0,0,-6.66560062582546,9.310395720291833,14.47599634611731,False,150,26001
26,0,-1,False,,,4.711191946778758,0,0,-1.9362334539732704,10.130788447048726,10.567021901021995,False,150,26000
26,0,-1,True,50,1.0,10.665368546713678,0,0,17.944823562750152,9.310395720291833,0.8655721575416849,False,50,26001
26,1,1,False,,,23.858990431488895,0,0,0.23516749072879128,10.130788447048726,8.395620956319943,False,150,26000
26,1,1,False,,,14.192702450704108,0,0,-2.3632401626215715,9.310395720291833,10.173635882913407,False,150,26001
26,1,-1,False,,,12.849131651428907,0,0,-1.8836007500818905,10.130788447048726,10.514389197130615,False,150,26000
26,1,-1,False,,,15.056376588379726,0,0,6.0840316132381735,9.310395720291833,1.7263641070536806,False,150,26001
26,2,1,False,,,26.727409081439095,0,0,-0.4982303196690082,10.130788447048726,9.129018766717733,False,150,26000
26,2,1,False,,,18.464158446551366,0,0,-2.6512159754281575,9.310395720291833,10.461611695719995,False,150,26001
26,2,-1,False,,,4.390882402398469,0,0,-1.3272252542222305,10.130788447048726,9.958013701270955,False,150,26000
26,2,-1,True,51,1.02,10.375985321373891,0,0,17.826342682267168,9.310395720291833,0.9740530380246688,False,51,26001
26,3,1,False,,,15.600510169656394,0,0,-1.7570481105766966,10.130788447048726,10.387836557625421,False,150,26000
26,3,1,False,,,13.33974823367039,0,0,2.398786097387182,9.310395720291833,5.411609622904679,False,150,26001
26,3,-1,False,,,21.938628557070423,0,0,0.6667801473930428,10.130788447048726,7.964008299655693,False,150,26000
26,3,-1,False,,,11.137138050599562,0,0,0.9575926317486363,9.310395720291833,6.852803088543196,False,150,26001
26,4,1,False,,,21.729089873538292,0,0,1.204070718259534,10.130788447048726,7.426717728789203,False,150,26000
26,4,1,False,,,20.46017338720338,0,0,-1.5486893760478424,9.310395720291833,9.359085096339674,False,150,26001
26,4,-1,False,,,14.518208709389784,0,0,-0.5228221292852852,10.130788447048726,9.15361057633401,False,150,26000
26,4,-1,False,,,14.660108163611598,0,0,5.302792518431197,9.310395720291833,2.507603201860643,False,150,26001
26,5,1,False,,,17.77788544983241,0,0,-0.619122111613131,10.130788447048726,9.249910558661856,False,150,26000
26,5,1,False,,,18.072230002498618,0,0,6.585232335324343,9.310395720291833,1.2251633849675054,False,150,26001
26,5,-1,False,,,26.680933360340948,0,0,-0.025295358421715833,10.130788447048726,8.656083805470445,False,150,26000
26,5,-1,False,,,17.104977339160254,0,0,-3.4178724122176467,9.310395720291833,11.228268132509491,False,150,26001
26,6,1,False,,,21.36417376361147,0,0,0.646674087440154,10.130788447048726,7.984114359608581,False,150,26000
26,6,1,False,,,8.555083100066835,0,0,1.2016186523872174,9.310395720291833,6.608777067904614,False,150,26001
26,6,-1,False,,,12.18861174261565,0,0,-2.078612321281522,10.130788447048726,10.709400768330248,False,150,26000
26,6,-1,False,,,10.679714534634128,0,0,4.329676533770169,9.310395720291833,3.4807191865216747,False,150,26001
26,7,1,False,,,18.986530239001947,0,0,0.7945917766770823,10.130788447048726,7.836196670371647,False,150,26000
26,7,1,False,,,16.984972060098123,0,0,1.2521378535692196,9.310395720291833,6.558257866722623,False,150,26001
26,7,-1,False,,,11.981187073892006,0,0,-1.897976127374709,10.130788447048726,10.528764574423434,False,150,26000
26,7,-1,False,,,5.664386099245074,0,0,2.1907231794644066,9.310395720291833,5.619672540827433,False,150,26001
27,0,1,False,,,17.91571912682868,0,0,-1.5267954248358706,8.71475391081264,8.741549335648509,False,150,27000
27,0,1,False,,,18.251818062826928,0,0,-1.2841300626014729,10.205205859903506,9.989335922504978,False,150,27001
27,0,-1,False,,,7.962755498255429,0,0,-1.9112159035760226,8.71475391081264,9.125969814388661,False,150,27000
27,0,-1,False,,,6.9402232916916144,0,0,-1.999111736007001,10.205205859903506,10.704317595910506,False,150,27001
27,1,1,False,,,17.713333161586117,0,0,-2.188713138175781,8.71475391081264,9.403467048988421,False,150,27000
27,1,1,False,,,18.96901897638223,0,0,-1.4591151306526975,10.205205859903506,10.164320990556202,False,150,27001
27,1,-1,False,,,9.707339031698352,0,0,-1.3111424446851914,8.71475391081264,8.52589635549783,False,150,27000
27,1,-1,False,,,11.744892203279859,0,0,-0.6417936123566288,10.205205859903506,9.346999472260134,False,150,27001
27,2,1,False,,,16.0145422942178,0,0,-1.2395793388247105,8.71475391081264,8.45433324963735,False,150,27000
27,2,1,False,,,16.721609674935863,0,0,-1.2286674978554908,10.205205859903506,9.933873357758996,False,150,27001
27,2,-1,False,,,7.900571802083424,0,0,-1.2499931986829165,8.71475391081264,8.464747109495555,False,150,27000
27,2,-1,False,,,7.04722758706628,0,0,-0.5360226109211469,10.205205859903506,9.241228470824652,False,150,27001
27,3,1,False,,,5.330625948365938,0,0,-2.964460914140237,8.71475391081264,10.179214824952888,False,150,27000
27,3,1,False,,,4.896767227794225,0,0,-2.713097938277328,10.205205859903506,11.418303798180844,False,150,27001
27,3,-1,False,,,23.04651734372002,0,0,-1.8092983449990028,8.71475391081264,9.024052255811641,False,150,27000
27,3,-1,False,,,22.552887579180233,0,0,1.058540034929031,10.205205859903506,7.646665824974485,False,150,27001
27,4,1,False,,,14.816533398539265,0,0,-1.2818105971188178,8.71475391081264,8.496564507931456,False,150,27000
27,4,1,False,,,12.809483456006756,0,0,-1.4975193440255217,10.205205859903506,10.202725203929033,False,150,27001
27,4,-1,False,,,15.13849786699505,0,0,-0.8876099609500098,8.71475391081264,8.102363871762648,False,150,27000
27,4,-1,False,,,15.989063311566907,0,0,0.3338614643206721,10.205205859903506,8.371344395582833,False,150,27001
27,5,1,False,,,10.623145649182007,0,0,-0.5429748487894959,8.71475391081264,7.757728759602136,False,150,27000
27,5,1,False,,,7.614375041548545,0,0,-1.935835815978707,10.205205859903506,10.641041675882212,False,150,27001
27,5,-1,False,,,19.61831951001834,0,0,-0.7311460864136913,8.71475391081264,7.94589999722633,False,150,27000
27,5,-1,False,,,20.281063135583196,0,0,-0.7779688605204234,10.205205859903506,9.483174720423929,False,150,27001
27,6,1,False,,,4.1612425779010715,0,0,-2.3764999954346977,8.71475391081264,9.591253906247344,False,150,27000
27,6,1,False,,,4.375009203802105,0,0,-2.5731442389724957,10.205205859903506,11.27835009887601,False,150,27001
27,6,-1,False,,,27.66247156517358,0,0,-5.95098889734522,8.71475391081264,13.165742808157873,False,150,27000
27,6,-1,False,,,29.495097567504626,0,0,-5.216624515385692,10.205205859903506,13.921830375289208,False,150,27001
27,7,1,False,,,28.315032337952637,0,0,-5.691259057441995,8.71475391081264,12.906012968254647,False,150,27000
27,7,1,False,,,27.229716864354923,0,0,0.18775245305004673,10.205205859903506,8.517453406853466,False,150,27001
27,7,-1,False,,,20.70626883052543,0,0,0.2994600261512048,8.71475391081264,6.915293884661436,False,150,27000
27,7,-1,False,,,18.798723053936385,0,0,1.2641482974650542,10.205205859903506,7.441057562438458,False,150,27001
28,0,1,False,,,7.7953161180345925,0,0,1.6223487169090824,6.596509574530437,3.474160857621354,False,150,28000
28,0,1,False,,,6.851587981649601,0,0,1.026222249797749,7.7764530376561805,5.25023078785843,False,150,28001
28,0,-1,True,33,0.66,7.542292911096232,0,0,15.322205501248837,6.596509574530437,0.9443040732816004,False,33,28000
28,0,-1,False,,,15.87456603979593,0,0,-0.42327716850192587,7.7764530376561805,6.699730206158115,False,150,28001
28,1,1,True,54,1.08,7.539233207919693,0,0,15.1191015238225,6.596509574530437,0.9374080507079395,False,54,28000
28,1,1,False,,,9.799220742120367,0,0,2.262263696735091,7.7764530376561805,4.014189340921116,False,150,28001
28,1,-1,False,,,17.23997954676545,0,0,1.4867562734921296,6.596509574530437,3.609753301038329,False,150,28000
28,1,-1,False,,,20.21543694714088,0,0,0.0035609070214885352,7.7764530376561805,6.272892130634691,False,150,28001
28,2,1,False,,,11.849235914092535,0,0,1.6869970482370529,6.596509574530437,3.4095125262933843,False,150,28000
28,2,1,False,,,10.11024898824521,0,0,2.4990541831553266,7.7764530376561805,3.7773988545008734,False,150,28001
28,2,-1,True,31,0.62,7.684984466677717,0,0,15.636784295472035,6.596509574530437,0.6497252790584025,False,31,28000
28,2,-1,False,,,13.29293054598075,0,0,2.170267340871734,7.7764530376561805,4.106185696784469,False,150,28001
28,3,1,True,35,0.7000000000000001,7.156881941370084,0,0,15.341998686394422,6.596509574530437,0.9045108881360154,False,35,28000
28,3,1,False,,,13.376509514702704,0,0,1.1790441356732548,7.7764530376561805,5.0974089019829485,False,150,28001
28,3,-1,False,,,7.836657127701519,0,0,1.6509136970794185,6.596509574530437,3.4455958774510322,False,150,28000
28,3,-1,False,,,6.630372072846451,0,0,0.9990612725688757,7.7764530376561805,5.2773917650873035,False,150,28001
28,4,1,True,55,1.1,7.465372348053693,0,0,15.098918108001886,6.596509574530437,0.9475914665285546,False,55,28000
28,4,1,False,,,7.687016683891741,0,0,1.15187921324114,7.7764530376561805,5.124573824415045,False,150,28001
28,4,-1,False,,,10.337858890474429,0,0,3.985485386972613,6.596509574530437,1.1110241875578415,False,150,28000
28,4,-1,False,,,7.750387769066007,0,0,1.7107452054962118,7.7764530376561805,4.565707832159967,False,150,28001
28,5,1,False,,,7.128508211273829,0,0,2.141107104039207,6.596509574530437,2.9554024704912543,False,150,28000
28,5,1,False,,,9.0488953996551,0,0,1.2017337209388788,7.7764530376561805,5.0747193167173,False,150,28001
28,5,-1,True,35,0.7000000000000001,7.373740966314994,0,0,15.287706102992109,6.596509574530437,0.9588034715383281,False,35,28000
28,5,-1,False,,,14.55676373904276,0,0,1.8813912964964001,7.7764530376561805,4.395061741159799,False,150,28001
28,6,1,False,,,7.519014971716515,0,0,1.6933891026111176,6.596509574530437,3.403120471919339,False,150,28000
28,6,1,False,,,9.170009190568836,0,0,-0.5522085425815783,7.7764530376561805,6.828661580237758,False,150,28001
28,6,-1,False,,,10.989160769195845,0,0,3.826790590874847,6.596509574530437,1.269718983655602,False,150,28000
28,6,-1,False,,,7.499184247332505,0,0,0.8813954071318022,7.7764530376561805,5.395057630524377,False,150,28001
28,7,1,True,39,0.78,6.901534079768718,0,0,15.244331276160548,6.596509574530437,0.962178298369891,False,39,28000
28,7,1,False,,,11.071363691275991,0,0,1.8430901508803221,7.7764530376561805,4.433362886775884,False,150,28001
28,7,-1,False,,,6.816981553796838,0,0,1.9089410446894406,6.596509574530437,3.1875685298410192,False,150,28000
28,7,-1,False,,,6.526594494041726,0,0,1.0057183445437432,7.7764530376561805,5.270734693112436,False,150,28001
29,0,1,True,53,1.06,11.0744557612652,0,0,17.429679678963424,8.823031649463335,0.8633519704999145,False,53,29000
29,0,1,False,,,11.75183137979305,0,0,-3.0403930758922897,8.978019710017378,10.51841278590968,False,150,29001
29,0,-1,False,,,4.718532267991965,0,0,-1.6208632243025456,8.823031649463335,8.94389487376588,False,150,29000
29,0,-1,False,,,12.618632791302767,0,0,-0.031834663451246796,8.978019710017378,7.509854373468624,False,150,29001
29,1,1,False,,,28.09626835880173,0,0,4.610769704939662,8.823031649463335,2.712261944523691,False,150,29000
29,1,1,False,,,4.839776875663315,0,0,-2.5953607638608096,8.978019710017378,10.073380473878197,False,150,29001
29,1,-1,False,,,14.548091700510902,0,0,-3.046526123483896,8.823031649463335,10.36955777294724,False,150,29000
29,1,-1,False,,,19.86325186459064,0,0,1.0919209210450815,8.978019710017378,6.3860987889723075,False,150,29001
29,2,1,False,,,7.11158685278512,0,0,-0.15580339980270363,8.823031649463335,7.478835049266038,False,150,29000
29,2,1,False,,,9.135105244359293,0,0,-1.5627370270023733,8.978019710017378,9.04075673701975,False,150,29001
29,2,-1,False,,,12.498854072160261,0,0,3.403387711531074,8.823031649463335,3.9196439379322743,False,150,29000
29,2,-1,False,,,13.85698783884817,0,0,-1.1371582064059365,8.978019710017378,8.615177916423313,False,150,29001
29,3,1,False,,,14.161716361546762,0,0,-0.7713533314977543,8.823031649463335,8.094384980961088,False,150,29000
29,3,1,False,,,10.148913427247075,0,0,-1.5929648166639627,8.978019710017378,9.07098452668134,False,150,29001
29,3,-1,False,,,11.630270030866468,0,0,0.8243092046328743,8.823031649463335,6.4987224448304595,False,150,29000
29,3,-1,False,,,16.28547325617483,0,0,-1.1551375436305937,8.978019710017378,8.63315725364797,False,150,29001
29,4,1,False,,,25.30367018410731,0,0,-1.5243071535657289,8.823031649463335,8.847338803029075,False,150,29000
29,4,1,False,,,17.397718122461292,0,0,-0.45641848044896993,8.978019710017378,7.934438190466347,False,150,29001
29,4,-1,False,,,12.468021835036728,0,0,2.546451324255349,8.823031649463335,4.776580325207986,False,150,29000
29,4,-1,False,,,16.55678145205227,0,0,-0.28241484459091204,8.978019710017378,7.760434554608289,False,150,29001
29,5,1,True,125,2.5,12.306536453390516,0,0,16.64503607211346,8.823031649463335,0.9279955773498824,False,125,29000
29,5,1,False,,,9.944792795240833,0,0,-2.961932086210715,8.978019710017378,10.439951796228105,False,150,29001
29,5,-1,False,,,3.786666600714473,0,0,-1.3110506852451167,8.823031649463335,8.63408233470845,False,150,29000
29,5,-1,False,,,10.757402120091516,0,0,-0.6794181826916157,8.978019710017378,8.157437892708993,False,150,29001
29,6,1,False,,,30.604686979361695,0,0,-8.914768044856752,8.823031649463335,16.2377996943201,False,150,29000
29,6,1,False,,,12.410556371279355,0,0,-0.9572190893394028,8.978019710017378,8.43523879935678,False,150,29001
29,6,-1,False,,,5.181031288689792,0,0,0.2871392302348441,8.823031649463335,7.03589241922849,False,150,29000
29,6,-1,False,,,6.070354470582264,0,0,-1.6287929853300878,8.978019710017378,9.106812695347465,False,150,29001
29,7,1,False,,,17.56090759105855,0,0,4.652636386941757,8.823031649463335,2.6703952625215757,False,150,29000
29,7,1,False,,,16.738587013186983,0,0,-0.49240352479859695,8.978019710017378,7.970423234815974,False,150,29001
29,7,-1,True,109,2.18,11.734644892290264,0,0,16.80807580334235,8.823031649463335,0.9249558461209895,False,109,29000
29,7,-1,False,,,9.480592638243627,0,0,-3.5376125914741072,8.978019710017378,11.015632301491495,False,150,29001
30,0,1,False,,,16.90108048656426,0,0,-10.365073255537816,8.882241559148271,17.747314814686103,False,150,30000
30,0,1,False,,,12.21129051041186,0,0,2.239589912370106,8.880110786370984,5.140520874000907,False,150,30001
30,0,-1,False,,,17.452043989711274,0,0,4.8509555768981665,8.882241559148271,2.5312859822501097,False,150,30000
30,0,-1,False,,,11.086486518137198,0,0,2.181305266983503,8.880110786370984,5.198805519387509,False,150,30001
30,1,1,False,,,21.89317907639193,0,0,3.706676652601651,8.882241559148271,3.6755649065466325,False,150,30000
30,1,1,False,,,11.94612282334014,0,0,-0.4682181769216067,8.880110786370984,7.84832896329259,False,150,30001
30,1,-1,False,,,15.069890368784442,0,0,1.8563452778004716,8.882241559148271,5.525896281347809,False,150,30000
30,1,-1,False,,,22.293019762829612,0,0,5.388432879756752,8.880110786370984,1.9916779066142327,False,150,30001
30,2,1,False,,,17.61698065683458,0,0,5.581785067591214,8.882241559148271,1.8004564915570624,False,150,30000
30,2,1,False,,,10.71045210783301,0,0,2.575243653931361,8.880110786370984,4.80486713243965,False,150,30001
30,2,-1,False,,,5.938154233854676,0,0,-2.83449020052248,8.882241559148271,10.216731759670761,False,150,30000
30,2,-1,False,,,21.174680355513875,0,0,4.037751341964651,8.880110786370984,3.342359444406355,False,150,30001
30,3,1,False,,,9.272836487141952,0,0,-3.7230154628043977,8.882241559148271,11.105257021952692,False,150,30000
30,3,1,False,,,17.33107669926351,0,0,1.4421359434496697,8.880110786370984,5.937974842921332,False,150,30001
30,3,-1,False,,,22.045821559477314,0,0,3.639113851435009,8.882241559148271,3.7431277077132705,False,150,30000
30,3,-1,False,,,10.730140281335464,0,0,0.6919307428520935,8.880110786370984,6.68818004351889,False,150,30001
30,4,1,True,149,2.98,18.026238258132775,0,0,16.40901329746606,8.882241559148271,0.983228261682218,False,149,30000
30,4,1,False,,,19.800359837608674,0,0,0.8976791708113367,8.880110786370984,6.482431615559664,False,150,30001
30,4,-1,False,,,18.064356660420103,0,0,5.007051530891344,8.882241559148271,2.375190028256936,False,150,30000
30,4,-1,False,,,8.408138619194565,0,0,2.3706137554986504,8.880110786370984,5.00949703087236,False,150,30001
30,5,1,False,,,33.96326815699771,0,0,-6.21787874301852,8.882241559148271,13.600120302166816,False,150,30000
30,5,1,False,,,19.052316997956467,0,0,3.9914489538468585,8.880110786370984,3.3886618325241464,False,150,30001
30,5,-1,False,,,19.548997789191596,0,0,5.055249686337537,8.882241559148271,2.3269918728107313,False,150,30000
30,5,-1,False,,,6.452348239083374,0,0,0.9176743035388548,8.880110786370984,6.462436482832128,False,150,30001
30,6,1,False,,,18.427676799290527,0,0,6.041612377697185,8.882241559148271,1.3406291814510969,False,150,30000
30,6,1,False,,,11.967393640115349,0,0,3.349691992091085,8.880110786370984,4.030418794279928,False,150,30001
30,6,-1,False,,,18.87276414426199,0,0,5.803426006951241,8.882241559148271,1.578815552197041,False,150,30000
30,6,-1,False,,,12.22362972695741,0,0,3.0346775195074924,8.880110786370984,4.34543326686352,False,150,30001
30,7,1,False,,,19.6727559409464,0,0,4.207967610958405,8.882241559148271,3.1742739481898745,False,150,30000
30,7,1,False,,,10.560655208544329,0,0,1.2264551133121777,8.880110786370984,6.153655673058806,False,150,30001
30,7,-1,False,,,8.2234312000747,0,0,0.444832016670479,8.882241559148271,6.937409542477791,False,150,30000
30,7,-1,False,,,18.351721452871598,0,0,0.9712209599612718,8.880110786370984,6.408889826409724,False,150,30001
31,0,1,False,,,10.196934031528832,0,0,-2.109680656375427,7.194006919170754,7.803687575546182,False,150,31000
31,0,1,False,,,15.497184341887499,0,0,5.0111175624775575,7.695320190053505,1.184202627575958,False,150,31001
31,0,-1,False,,,12.677117389192114,0,0,0.43669383520710314,7.194006919170754,5.257313083963649,False,150,31000
31,0,-1,True,78,1.56,13.232774293362413,0,0,15.988075119817696,7.695320190053505,0.9272450702358123,False,78,31001
31,1,1,False,,,14.680180229275413,0,0,-0.8326637573414253,7.194006919170754,6.526670676512178,False,150,31000
31,1,1,False,,,18.59345504404413,0,0,4.371351811330589,7.695320190053505,1.8239683787229293,False,150,31001
31,1,-1,False,,,9.359112973037409,0,0,-2.5518499554766367,7.194006919170754,8.245856874647394,False,150,31000
31,1,-1,False,,,14.845407265043255,0,0,3.7227271449723967,7.695320190053505,2.4725930450811204,False,150,31001
31,2,1,False,,,12.16748973137969,0,0,1.410705882824395,7.194006919170754,4.2833010363463595,False,150,31000
31,2,1,True,123,2.46,14.415030802206456,0,0,15.485409504921229,7.695320190053505,0.9799106851322843,False,123,31001
31,2,-1,False,,,25.415615179466542,0,0,-6.474629089745287,7.194006919170754,12.168636008916055,False,150,31000
31,2,-1,False,,,17.838760917677824,0,0,3.155579037992993,7.695320190053505,3.0397411520605324,False,150,31001
31,3,1,False,,,39.69651995740009,0,0,-21.460854567880855,7.194006919170754,27.15486148705157,False,150,31000
31,3,1,False,,,40.46019497566565,0,0,-23.485092704129237,7.695320190053505,29.680412894182695,False,150,31001
31,3,-1,False,,,20.571322515437178,0,0,1.2716006562135378,7.194006919170754,4.422406262957229,False,150,31000
31,3,-1,True,50,1.0,13.7499502554022,0,0,16.37169491325387,7.695320190053505,0.8236252767996364,False,50,31001
31,4,1,False,,,12.822103594578623,0,0,-1.6498460013109137,7.194006919170754,7.343852920481666,False,150,31000
31,4,1,False,,,16.89019130348669,0,0,4.906417141096214,7.695320190053505,1.288903048957304,False,150,31001
31,4,-1,False,,,12.330190918198639,0,0,-1.0243213254545873,7.194006919170754,6.71832824462534,False,150,31000
31,4,-1,False,,,15.465857010503095,0,0,3.347802096291545,7.695320190053505,2.847518093761972,False,150,31001
31,5,1,False,,,17.080178937134363,0,0,1.2875950811598602,7.194006919170754,4.406411838010892,False,150,31000
31,5,1,True,96,1.92,14.066097710647602,0,0,15.837362723006171,7.695320190053505,0.8979574670473385,False,96,31001
31,5,-1,False,,,10.245346889660048,0,0,-2.6179577635916016,7.194006919170754,8.311964682762362,False,150,31000
31,5,-1,False,,,14.313152420740318,0,0,0.980093288576185,7.695320190053505,5.215226901477319,False,150,31001
31,6,1,False,,,11.370669445316025,0,0,-1.725550454079051,7.194006919170754,7.419557373249804,False,150,31000
31,6,1,False,,,16.489811667973214,0,0,2.868194530522923,7.695320190053505,3.327125659530595,False,150,31001
31,6,-1,False,,,27.758687853143883,0,0,-9.645098087595727,7.194006919170754,15.339105006766491,False,150,31000
31,6,-1,False,,,6.9745350935294335,0,0,-0.8041800390729343,7.695320190053505,6.999500229126438,False,150,31001
31,7,1,False,,,11.138416670398918,0,0,-1.1334055474698073,7.194006919170754,6.82741246664056,False,150,31000
31,7,1,False,,,13.796230628947997,0,0,-0.6794305082167251,7.695320190053505,6.874750698270229,False,150,31001
31,7,-1,False,,,15.305612358684794,0,0,-0.5006934218868423,7.194006919170754,6.194700341057595,False,150,31000
31,7,-1,True,67,1.34,13.607561535475709,0,0,16.05609343167592,7.695320190053505,0.9692267583775891,False,67,31001
32,0,1,False,,,10.909459082864055,0,0,0.558913080136122,9.06420454434389,7.005291464207766,False,150,32000
32,0,1,False,,,14.127110921814127,0,0,1.023079044045989,7.093987868108297,4.570908824062307,False,150,32001
32,0,-1,False,,,20.528067253459568,0,0,-3.1351618950693037,9.06420454434389,10.69936643941321,False,150,32000
32,0,-1,False,,,9.406001174431463,0,0,-6.842074854761492,7.093987868108297,12.436062722869817,False,150,32001
32,1,1,False,,,7.299769970340612,0,0,-0.28595369216197325,9.06420454434389,7.8501582365058615,False,150,32000
32,1,1,False,,,8.136887235072326,0,0,-3.288685697070887,7.093987868108297,8.882673565179193,False,150,32001
32,1,-1,False,,,24.69468361260404,0,0,0.9911327455759738,9.06420454434389,6.57307179876792,False,150,32000
32,1,-1,True,128,2.56,17.530594347351297,0,0,14.905999673320679,7.093987868108297,0.9079881947876235,False,128,32001
32,2,1,False,,,12.818575917789179,0,0,0.4632596282900825,9.06420454434389,7.100944916053805,False,150,32000
32,2,1,False,,,18.623630776604795,0,0,1.0902029694116884,7.093987868108297,4.503784898696607,False,150,32001
32,2,-1,False,,,33.8884039061747,0,0,-12.995193561473585,9.06420454434389,20.559398105817497,False,150,32000
32,2,-1,False,,,41.387261318457995,0,0,-23.441472086561994,7.093987868108297,29.035459954670245,False,150,32001
32,3,1,False,,,46.459694095330526,0,0,-18.65163457787268,9.06420454434389,26.21583912221657,False,150,32000
32,3,1,False,,,10.52232251417848,0,0,-7.534631940458674,7.093987868108297,13.128619808566993,False,150,32001
32,3,-1,False,,,10.152044328973636,0,0,1.380600614328976,9.06420454434389,6.183603930014912,False,150,32000
32,3,-1,False,,,14.792174458732799,0,0,1.4039368659936535,7.093987868108297,4.190051002114644,False,150,32001
32,4,1,False,,,18.42057912241818,0,0,-1.7772022173834663,9.06420454434389,9.341406761727361,False,150,32000
32,4,1,False,,,6.425052381502549,0,0,-3.1653720522260835,7.093987868108297,8.759359920334397,False,150,32001
32,4,-1,False,,,5.880999697250002,0,0,0.1450841076430735,9.06420454434389,7.419120436700815,False,150,32000
32,4,-1,False,,,10.856673920630817,0,0,-1.7148888070656414,7.093987868108297,7.308876675173937,False,150,32001
32,5,1,False,,,16.74959775306108,0,0,-3.705882001867063,9.06420454434389,11.270086546210958,False,150,32000
32,5,1,False,,,22.52748257528163,0,0,-1.7424317210943734,7.093987868108297,7.336419589202669,False,150,32001
32,5,-1,False,,,19.263861951538246,0,0,-2.3147305988273836,9.06420454434389,9.878935143171283,False,150,32000
32,5,-1,False,,,7.976953587175033,0,0,-5.168619506894843,7.093987868108297,10.762607375003167,False,150,32001
32,6,1,False,,,15.316648825755987,0,0,-0.528275329976829,9.06420454434389,8.092479874320725,False,150,32000
32,6,1,False,,,11.104939073662907,0,0,-1.1190711923422296,7.093987868108297,6.713059060450525,False,150,32001
32,6,-1,False,,,10.341373898873849,0,0,-0.7312320622191751,9.06420454434389,8.295436606563063,False,150,32000
32,6,-1,True,124,2.48,16.907663682736267,0,0,15.005164736569276,7.093987868108297,0.8488231315390249,False,124,32001
32,7,1,False,,,6.59636475661261,0,0,0.47628938999517756,9.06420454434389,7.0879151543487104,False,150,32000
32,7,1,False,,,16.625574958601135,0,0,2.346669615106298,7.093987868108297,3.247318253002,False,150,32001
32,7,-1,False,,,23.586619194030924,0,0,2.425026729229641,9.06420454434389,5.139177815114271,False,150,32000
32,7,-1,False,,,17.09212373525618,0,0,0.5975959153494705,7.093987868108297,4.996391952758829,False,150,32001
33,0,1,False,,,9.470383606905505,0,0,-2.06992838623475,7.763008706410336,8.332937092645086,False,150,33000
33,0,1,False,,,8.999444600014172,0,0,0.5495021933118334,6.681851709729574,4.632349516417739,False,150,33001
33,0,-1,False,,,50.6058775200478,0,0,-12.400294639274547,7.763008706410336,18.66330334568491,False,150,33000
33,0,-1,True,23,0.46,7.181164387920856,0,0,15.521943179369055,6.681851709729574,0.9299085303605172,False,23,33001
33,1,1,False,,,49.71454058336744,0,0,-10.614402670018029,7.763008706410336,16.87741137642839,False,150,33000
33,1,1,True,28,0.56,7.516513329106488,0,0,15.443763971269767,6.681851709729574,0.9580877384598087,False,28,33001
33,1,-1,False,,,22.07659925434321,0,0,3.8830091171266248,7.763008706410336,2.3799995892837207,False,150,33000
33,1,-1,False,,,8.25747261003337,0,0,1.4516293862064167,6.681851709729574,3.7302223235231735,False,150,33001
33,2,1,False,,,13.100021021334655,0,0,-2.4252092599673314,7.763008706410336,8.688217966377671,False,150,33000
33,2,1,False,,,10.143197301917374,0,0,2.2165627186974817,6.681851709729574,2.965288991032119,False,150,33001
33,2,-1,False,,,16.3125905055112,0,0,-6.9450511947449955,7.763008706410336,13.20805990115535,False,150,33000
33,2,-1,False,,,14.43373158736189,0,0,1.0418629683391125,6.681851709729574,4.139988741390479,False,150,33001
33,3,1,True,77,1.54,11.494238476426784,0,0,16.033965830728604,7.763008706410336,0.9590428756817311,False,77,33000
33,3,1,False,,,6.437719520623731,0,0,1.3333803221456504,6.681851709729574,3.8484713875839343,False,150,33001
33,3,-1,False,,,16.341410305829783,0,0,-0.7808577702330148,7.763008706410336,7.043866476643365,False,150,33000
33,3,-1,True,32,0.64,8.021469286210506,0,0,15.415495349472728,6.681851709729574,0.946356360256845,False,32,33001
33,4,1,False,,,45.76524635824091,0,0,-6.40496941819947,7.763008706410336,12.66797812460983,False,150,33000
33,4,1,False,,,18.74486336760751,0,0,1.6239405966464744,6.681851709729574,3.557911113083104,False,150,33001
33,4,-1,False,,,8.519707955074754,0,0,-0.5253367903816164,7.763008706410336,6.788345496791951,False,150,33000
33,4,-1,False,,,11.21900644119713,0,0,3.4193307836572298,6.681851709729574,1.7625209260723569,False,150,33001
33,5,1,False,,,28.995387997320357,0,0,-14.057350931303976,7.763008706410336,20.320359637714333,False,150,33000
33,5,1,False,,,13.557827359721845,0,0,3.4702184802599674,6.681851709729574,1.7116332294696197,False,150,33001
33,5,-1,False,,,7.554322136168662,0,0,-0.9010691033253238,7.763008706410336,7.164077809735659,False,150,33000
33,5,-1,False,,,7.055656310187674,0,0,1.4826264807198435,6.681851709729574,3.6992252290097443,False,150,33001
33,6,1,False,,,13.12833325915276,0,0,-3.994078085718721,7.763008706410336,10.257086792129076,False,150,33000
33,6,1,False,,,14.502492007825122,0,0,3.03936428451708,6.681851709729574,2.1424874252125177,False,150,33001
33,6,-1,False,,,19.825303089594016,0,0,-0.8720112999903606,7.763008706410336,7.135020006400695,False,150,33000
33,6,-1,False,,,8.54249697468037,0,0,1.9198501986890915,6.681851709729574,3.2620015110405083,False,150,33001
33,7,1,False,,,7.100131223103783,0,0,-1.2009639765042062,7.763008706410336,7.463972682914541,False,150,33000
33,7,1,False,,,10.818377174610433,0,0,2.405094344662493,6.681851709729574,2.7767573650671085,False,150,33001
33,7,-1,False,,,28.94685995032705,0,0,-4.535128548453622,7.763008706410336,10.798137254863963,False,150,33000
33,7,-1,False,,,19.851038306964856,0,0,0.6487974902643265,6.681851709729574,4.53305421946526,False,150,33001
34,0,1,False,,,13.92123139275032,0,0,2.5262865652108086,9.904737609791837,5.878451044581038,False,150,34000
34,0,1,False,,,19.345377291377368,0,0,-3.571343767472496,7.35806277161038,9.429406539082898,False,150,34001
34,0,-1,False,,,19.159681130352716,0,0,5.099753451158099,9.904737609791837,3.304984158633747,False,150,34000
34,0,-1,False,,,10.870681729143246,0,0,-1.3484102957468638,7.35806277161038,7.206473067357243,False,150,34001
34,1,1,False,,,13.495619122675782,0,0,-0.16118286119608458,9.904737609791837,8.56592047098792,False,150,34000
34,1,1,False,,,38.07658331823744,0,0,-2.917270100719348,7.35806277161038,8.775332872329743,False,150,34001
34,1,-1,True,113,2.2600000000000002,19.19420058464417,0,0,17.804581410873894,9.904737609791837,0.9701561989179491,False,113,34000
34,1,-1,False,,,5.781771286473251,0,0,-0.4496316422888583,7.35806277161038,6.307694413899238,False,150,34001
34,2,1,False,,,9.561470838734872,0,0,-3.063881287646293,9.904737609791837,11.468618897438144,False,150,34000
34,2,1,False,,,16.394814840128614,0,0,-4.628318227207295,7.35806277161038,10.4863809988177,False,150,34001
34,2,-1,False,,,23.79059789476091,0,0,4.78807288571265,9.904737609791837,3.616664724079193,False,150,34000
34,2,-1,False,,,13.25020231559646,0,0,-1.9522598361417531,7.35806277161038,7.810322607752132,False,150,34001
34,3,1,False,,,17.369169269048594,0,0,5.6643421619754255,9.904737609791837,2.740395447816422,False,150,34000
34,3,1,False,,,9.980345344627473,0,0,2.0030883721388597,7.35806277161038,3.8549743994715446,False,150,34001
34,3,-1,False,,,48.509441613786855,0,0,0.1804845548796834,9.904737609791837,8.224253054912172,False,150,34000
34,3,-1,False,,,47.95838267729475,0,0,-7.434157846851209,7.35806277161038,13.292220618461615,False,150,34001
34,4,1,False,,,2.292868934714188,0,0,-2.1845259847470073,9.904737609791837,10.589263594538847,False,150,34000
34,4,1,False,,,14.02395152672405,0,0,-3.561946663803491,7.35806277161038,9.420009435413888,False,150,34001
34,4,-1,True,114,2.2800000000000002,27.817681652257104,0,0,17.824116578247683,9.904737609791837,0.9406210315441671,False,114,34000
34,4,-1,False,,,33.688310868495485,0,0,-0.9314560636755327,7.35806277161038,6.789518835285914,False,150,34001
34,5,1,False,,,8.166843740427971,0,0,-2.7915742870929323,9.904737609791837,11.19631189688478,False,150,34000
34,5,1,False,,,10.604576570216231,0,0,-3.498004699774085,7.35806277161038,9.356067471384485,False,150,34001
34,5,-1,False,,,24.397864605352762,0,0,6.914967354438496,9.904737609791837,1.4897702553533458,False,150,34000
34,5,-1,False,,,17.363489022857372,0,0,4.460175017413229,7.35806277161038,1.3978877541971617,False,150,34001
34,6,1,False,,,20.370704153471692,0,0,5.300605207011764,9.904737609791837,3.1041324027800785,False,150,34000
34,6,1,False,,,9.862001527770301,0,0,-1.3713580654430964,7.35806277161038,7.229420837053476,False,150,34001
34,6,-1,False,,,6.328115229583363,0,0,-2.5889282053866274,9.904737609791837,10.993665815178472,False,150,34000
34,6,-1,False,,,16.190220855018627,0,0,-3.2348668127392974,7.35806277161038,9.092929584349692,False,150,34001
34,7,1,False,,,31.46722871946777,0,0,-15.975922393295276,9.904737609791837,24.380660003087137,False,150,34000
34,7,1,False,,,26.22783729493203,0,0,-10.855132534506614,7.35806277161038,16.713195306117022,False,150,34001
34,7,-1,False,,,11.226090163243837,0,0,-1.7357167925720773,9.904737609791837,10.14045440236392,False,150,34000
34,7,-1,False,,,10.94737949621642,0,0,3.979770714654874,7.35806277161038,1.8782920569555133,False,150,34001
35,0,1,False,,,12.203984733975943,0,0,-1.4833170449742958,6.73559117718944,6.718908222163735,False,150,35000
35,0,1,False,,,20.04781667951982,0,0,3.766122784888882,6.86556864923925,1.5994458643503817,False,150,35001
35,0,-1,False,,,35.689956042522105,0,0,-11.258815801894164,6.73559117718944,16.49440697908363,False,150,35000
35,0,-1,False,,,3.591499888703864,0,0,-1.986081454673155,6.86556864923925,7.351650103912403,False,150,35001
35,1,1,False,,,7.644226441473037,0,0,-1.0653114838246767,6.73559117718944,6.300902661014116,False,150,35000
35,1,1,False,,,17.01117986222535,0,0,0.38279327801798746,6.86556864923925,4.982775371221261,False,150,35001
35,1,-1,False,,,7.69839279925154,0,0,-2.0732888990012723,6.73559117718944,7.308880076190714,False,150,35000
35,1,-1,False,,,16.78478473092417,0,0,2.342555248972023,6.86556864923925,3.023013400267246,False,150,35001
35,2,1,False,,,2.277438525114336,0,0,-1.7058361075598596,6.73559117718944,6.941427284749299,False,150,35000
35,2,1,False,,,13.784435800739507,0,0,1.8442443855375594,6.86556864923925,3.5213242637017075,False,150,35001
35,2,-1,False,,,52.35705489776983,0,0,-22.358729086500738,6.73559117718944,27.594320263690147,False,150,35000
35,2,-1,False,,,12.423286635137364,0,0,-2.0082068888769165,6.86556864923925,7.373775538116166,False,150,35001
35,3,1,False,,,46.12370529276927,0,0,-9.72789635517907,6.73559117718944,14.963487532368537,False,150,35000
35,3,1,False,,,10.119245453131466,0,0,-2.603538961103331,6.86556864923925,7.969107610342588,False,150,35001
35,3,-1,False,,,11.279366521276245,0,0,-2.414198034811326,6.73559117718944,7.649789212000772,False,150,35000
35,3,-1,False,,,16.92032015746958,0,0,1.9217093806146022,6.86556864923925,3.4438592686246694,False,150,35001
35,4,1,False,,,16.24796016913005,0,0,1.185997228608811,6.73559117718944,4.049593948580628,False,150,35000
35,4,1,False,,,15.288781330114439,0,0,-1.5310007583086656,6.86556864923925,6.896569407547914,False,150,35001
35,4,-1,False,,,3.1063970593753516,0,0,-1.5685711409886276,6.73559117718944,6.804162318178067,False,150,35000
35,4,-1,False,,,16.346300751233393,0,0,3.26319413255624,6.86556864923925,2.1023745166830223,False,150,35001
35,5,1,False,,,19.85974326762178,0,0,-0.41617827526901685,6.73559117718944,5.651769452458468,False,150,35000
35,5,1,False,,,12.276863199698944,0,0,1.6901715034754137,6.86556864923925,3.6753971457638452,False,150,35001
35,5,-1,False,,,9.845780278401044,0,0,-2.0780643490825046,6.73559117718944,7.313655526271945,False,150,35000
35,5,-1,False,,,19.15613185220207,0,0,3.3167914629780575,6.86556864923925,2.0487771862612054,False,150,35001
35,6,1,False,,,25.79915785314228,0,0,0.12759238249287552,6.73559117718944,5.107998794696564,False,150,35000
35,6,1,True,85,1.7,11.025570672311176,0,0,15.02632837271052,6.86556864923925,0.9892402765287347,False,85,35001
35,6,-1,False,,,5.680968867414262,0,0,-0.815647467899012,6.73559117718944,6.051238645088452,False,150,35000
35,6,-1,False,,,12.237554008687571,0,0,-0.7294495638538987,6.86556864923925,6.095018213093147,False,150,35001
35,7,1,False,,,21.247655442754784,0,0,-5.591714015083787,6.73559117718944,10.82730519227324,False,150,35000
35,7,1,False,,,11.323600926007606,0,0,-1.6280544241946802,6.86556864923925,6.993623073433929,False,150,35001
35,7,-1,False,,,20.47828921123401,0,0,-3.745332766120444,6.73559117718944,8.980923943309913,False,150,35000
35,7,-1,False,,,18.7021061174312,0,0,1.6137825168879372,6.86556864923925,3.751786132351322,False,150,35001
36,0,1,False,,,13.654041283504224,0,0,-2.1373849878326943,8.43488609831338,9.072271086146074,False,150,36000
36,0,1,False,,,21.18149913449774,0,0,2.553958996662272,7.234567502793486,3.1806085061312155,False,150,36001
36,0,-1,False,,,48.817089059364136,0,0,-18.001697063833056,8.43488609831338,24.936583162146434,False,150,36000
36,0,-1,False,,,10.504349238112674,0,0,-4.744489824283053,7.234567502793486,10.479057327076566,False,150,36001
36,1,1,False,,,8.888970901578015,0,0,-2.8599025670226674,8.43488609831338,9.794788665336055,False,150,36000
36,1,1,False,,,6.9942702028042785,0,0,-2.703428791632259,7.234567502793486,8.437996294425753,False,150,36001
36,1,-1,False,,,13.581760627217122,0,0,-4.009978977208062,8.43488609831338,10.944865075521468,False,150,36000
36,1,-1,False,,,14.325428588909352,0,0,1.8771811981367574,7.234567502793486,3.857386304656728,False,150,36001
36,2,1,False,,,7.721044183604105,0,0,-0.8549740289799236,8.43488609831338,7.789860127293302,False,150,36000
36,2,1,False,,,16.492536166215192,0,0,2.4077421688137512,7.234567502793486,3.3268253339797362,False,150,36001
36,2,-1,False,,,10.589571529605184,0,0,-2.907859984986917,8.43488609831338,9.842746083300305,False,150,36000
36,2,-1,False,,,1.882780963749046,0,0,-1.707710289119514,7.234567502793486,7.442277791912999,False,150,36001
36,3,1,False,,,10.77318446572568,0,0,-1.64135794130837,8.43488609831338,8.576244039621749,False,150,36000
36,3,1,False,,,21.377928214847383,0,0,2.8111459333845663,7.234567502793486,2.9234215694089323,False,150,36001
36,3,-1,False,,,47.82098781032708,0,0,-12.925382858439708,8.43488609831338,19.860268956753114,False,150,36000
36,3,-1,False,,,45.657369669322684,0,0,-12.220224967073166,7.234567502793486,17.95479246986668,False,150,36001
36,4,1,False,,,6.515924597918117,0,0,-2.4735834494120077,8.43488609831338,9.408469547725394,False,150,36000
36,4,1,False,,,7.924875254867603,0,0,-1.3368516425032768,7.234567502793486,7.071419145296762,False,150,36001
36,4,-1,False,,,24.76936032037065,0,0,2.292931521359093,8.43488609831338,4.641954576954299,False,150,36000
36,4,-1,False,,,22.9957667245114,0,0,3.332892972260939,7.234567502793486,2.4016745305325595,False,150,36001
36,5,1,True,90,1.8,13.446722912685669,0,0,16.65943575297219,8.43488609831338,0.8754503453411904,False,90,36000
36,5,1,False,,,15.127220265296474,0,0,1.389070219961285,7.234567502793486,4.3454972828322,False,150,36001
36,5,-1,False,,,19.317237434666115,0,0,-0.872744810369648,8.43488609831338,7.807630908683031,False,150,36000
36,5,-1,False,,,19.60168563632954,0,0,3.34024722624989,7.234567502793486,2.394320276543607,False,150,36001
36,6,1,False,,,9.974522598794348,0,0,-1.3140061899125932,8.43488609831338,8.248892288225973,False,150,36000
36,6,1,False,,,14.53916305448332,0,0,0.2146518611264559,7.234567502793486,5.519915641667029,False,150,36001
36,6,-1,False,,,22.50193377923883,0,0,-4.53234069260572,8.43488609831338,11.467226790919126,False,150,36000
36,6,-1,False,,,18.728776224267545,0,0,2.531791782221557,7.234567502793486,3.2027757205719296,False,150,36001
36,7,1,False,,,13.943520840933811,0,0,3.390298818778235,8.43488609831338,3.5445872795351456,False,150,36000
36,7,1,False,,,6.675004722243198,0,0,-2.395630801240694,7.234567502793486,8.130198304034183,False,150,36001
36,7,-1,False,,,35.70488284798675,0,0,-2.049544342890333,8.43488609831338,8.984430441203719,False,150,36000
36,7,-1,False,,,41.38206754052262,0,0,-1.6112423906741236,7.234567502793486,7.345809893467635,False,150,36001
37,0,1,False,,,20.998822645685834,0,0,4.111717441969713,8.316984517481307,2.7052670755115975,False,150,37000
37,0,1,False,,,9.983734413257789,0,0,-1.912607065865273,9.513552079740462,9.926159145605734,False,150,37001
37,0,-1,False,,,2.2329260734128438,0,0,-1.5827012670897083,8.316984517481307,8.399685784571014,False,150,37000
37,0,-1,False,,,10.894199374542273,0,0,-2.1554823623221093,9.513552079740462,10.169034442062578,False,150,37001
37,1,1,False,,,16.53381814087943,0,0,0.8417581985821948,8.316984517481307,5.97522631889912,False,150,37000
37,1,1,False,,,12.642437292491186,0,0,-1.6427375949647887,9.513552079740462,9.65628967470525,False,150,37001
37,1,-1,False,,,17.422269347490857,0,0,3.347275259957055,8.316984517481307,3.469709257524275,False,150,37000
37,1,-1,False,,,16.06779177509036,0,0,2.0205890575940604,9.513552079740462,5.992963022146401,False,150,37001
37,2,1,False,,,12.200262618307123,0,0,1.6379374700719171,8.316984517481307,5.179047047409389,False,150,37000
37,2,1,False,,,16.91651315811658,0,0,2.853562925411417,9.513552079740462,5.15998915432905,False,150,37001
37,2,-1,False,,,20.554644458061276,0,0,4.314406596655965,8.316984517481307,2.5025779208253423,False,150,37000
37,2,-1,False,,,19.87961433379192,0,0,4.5365915507618615,9.513552079740462,3.4769605289786045,False,150,37001
37,3,1,False,,,17.68537765760495,0,0,3.5790832163222897,8.316984517481307,3.2379013011590327,False,150,37000
37,3,1,False,,,17.66373683086441,0,0,3.334833373312378,9.513552079740462,4.6787187064281,False,150,37001
37,3,-1,False,,,17.12797984869076,0,0,3.3170923050056573,8.316984517481307,3.4998922124756575,False,150,37000
37,3,-1,False,,,20.340137888801543,0,0,2.718999400075367,9.513552079740462,5.2945526796651015,False,150,37001
37,4,1,False,,,2.8937851034631357,0,0,-1.828680673282425,8.316984517481307,8.645665190763731,False,150,37000
37,4,1,False,,,8.320839060487145,0,0,-2.4100596621798727,9.513552079740462,10.423611741920341,False,150,37001
37,4,-1,False,,,23.55301875720103,0,0,0.3073305748315682,8.316984517481307,6.509653942649753,False,150,37000
37,4,-1,False,,,26.798528945797692,0,0,1.9971271702078377,9.513552079740462,6.01642490953264,False,150,37001
37,5,1,True,98,1.96,19.100633696861266,0,0,16.49555444869361,8.316984517481307,0.8414300687877001,False,98,37000
37,5,1,False,,,22.394655441097008,0,0,6.2693298711361365,9.513552079740462,1.7442222086043357,False,150,37001
37,5,-1,False,,,14.74326168157757,0,0,2.1608056994461697,8.316984517481307,4.656178818035139,False,150,37000
37,5,-1,False,,,14.37528708526408,0,0,2.378026248070813,9.513552079740462,5.635525831669656,False,150,37001
37,6,1,False,,,19.77745138336025,0,0,5.141965687792794,8.316984517481307,1.675018829688518,False,150,37000
37,6,1,False,,,20.791939133307388,0,0,4.415457969674346,9.513552079740462,3.5980941100661283,False,150,37001
37,6,-1,False,,,14.646376354893075,0,0,3.5939410836629886,8.316984517481307,3.223043433818331,False,150,37000
37,6,-1,False,,,9.180041061697313,0,0,-1.825147842178205,9.513552079740462,9.838699921918666,False,150,37001
37,7,1,False,,,15.005941408745395,0,0,0.2778465438416489,8.316984517481307,6.539137973639657,False,150,37000
37,7,1,False,,,16.834578417900072,0,0,5.32094647906825,9.513552079740462,2.6926056006722177,False,150,37001
37,7,-1,False,,,16.13944504880396,0,0,4.765466763151913,8.316984517481307,2.051517754329398,False,150,37000
37,7,-1,False,,,21.32326571440108,0,0,5.1036374991191895,9.513552079740462,2.909914580621277,False,150,37001
38,0,1,False,,,28.453808573707686,0,0,-1.7981822652921045,6.293696718806072,6.591878984098184,False,150,38000
38,0,1,False,,,24.335860587475196,0,0,4.925057249116184,9.062069643284012,2.637012394167837,False,150,38001
38,0,-1,False,,,6.564852403973107,0,0,-1.9540807559833102,6.293696718806072,6.747777474789381,False,150,38000
38,0,-1,False,,,17.135225985611857,0,0,6.0226990036093335,9.062069643284012,1.5393706396746876,False,150,38001
38,1,1,False,,,2.9988806356582685,0,0,-1.6937616573950003,6.293696718806072,6.487458376201071,False,150,38000
38,1,1,False,,,19.266986171958163,0,0,5.471427441337245,9.062069643284012,2.090642201946771,False,150,38001
38,1,-1,False,,,17.976029443824732,0,0,2.533480086208373,6.293696718806072,2.2602166325977096,False,150,38000
38,1,-1,False,,,21.21150966197091,0,0,5.44888524379185,9.062069643284012,2.113184399492167,False,150,38001
38,2,1,False,,,13.152763371460022,0,0,-2.2462503763142365,6.293696718806072,7.039947095120314,False,150,38000
38,2,1,False,,,19.705509105232075,0,0,4.060469243421114,9.062069643284012,3.501600399862904,False,150,38001
38,2,-1,False,,,42.33589248605206,0,0,-1.4199270385804237,6.293696718806072,6.213623757386517,False,150,38000
38,2,-1,True,111,2.22,18.986803673915635,0,0,16.977112950923985,9.062069643284012,0.9749566923600338,False,111,38001
38,3,1,False,,,16.510565107135253,0,0,-0.17859086247214429,6.293696718806072,4.9722875812782155,False,150,38000
38,3,1,False,,,19.87152378666691,0,0,5.427065330962108,9.062069643284012,2.135004312321908,False,150,38001
38,3,-1,False,,,9.844035273781454,0,0,-1.6655089515579704,6.293696718806072,6.4592056703640415,False,150,38000
38,3,-1,False,,,19.58643946254423,0,0,6.314185500524314,9.062069643284012,1.2478841427597052,False,150,38001
38,4,1,False,,,11.090853557708842,0,0,-1.460900872097254,6.293696718806072,6.25459759090333,False,150,38000
38,4,1,False,,,17.246769769116103,0,0,6.121874298139117,9.062069643284012,1.440195345144902,False,150,38001
38,4,-1,False,,,16.61863047110084,0,0,1.9734505236614288,6.293696718806072,2.8202461951446423,False,150,38000
38,4,-1,False,,,18.862437032996727,0,0,6.0363468801445865,9.062069643284012,1.5257227631394379,False,150,38001
38,5,1,False,,,15.062646841166385,0,0,1.6820961596477877,6.293696718806072,3.1116005591582834,False,150,38000
38,5,1,False,,,18.596304096569472,0,0,6.333475053586402,9.062069643284012,1.2285945896976218,False,150,38001
38,5,-1,False,,,4.369941269966477,0,0,-2.276544019315291,6.293696718806072,7.070240738121367,False,150,38000
38,5,-1,False,,,16.738344101133453,0,0,5.554336440228686,9.062069643284012,2.00773320305533,False,150,38001
38,6,1,False,,,13.925611050899137,0,0,0.1926683079090068,6.293696718806072,4.601028410897064,False,150,38000
38,6,1,True,150,3.0,17.309027672648526,0,0,16.612931513680987,9.062069643284012,0.9491381296030337,False,150,38001
38,6,-1,False,,,8.621185096012383,0,0,-2.54743736688558,6.293696718806072,7.3411340856916585,False,150,38000
38,6,-1,False,,,21.544330492398984,0,0,5.8798506951983205,9.062069643284012,1.6822189480857024,False,150,38001
38,7,1,False,,,20.29811437970367,0,0,2.198381189541525,6.293696718806072,2.595315529264547,False,150,38000
38,7,1,False,,,24.39791061076973,0,0,5.787603086926427,9.062069643284012,1.7744665563575917,False,150,38001
38,7,-1,False,,,2.8299359245157687,0,0,-1.8320095656735023,6.293696718806072,6.625706284479573,False,150,38000
38,7,-1,False,,,18.369776993897634,0,0,5.782575444840822,9.062069643284012,1.7794941984432016,False,150,38001
39,0,1,True,63,1.26,13.569449126169125,0,0,18.26420130523915,9.634853397378686,0.7406520921395375,False,63,39000
39,0,1,False,,,18.49674384656569,0,0,3.622754513027431,7.314700294448144,2.1919457814207255,False,150,39001
39,0,-1,False,,,13.567536612677936,0,0,-1.2997912676784127,9.634853397378686,9.434644665057098,False,150,39000
39,0,-1,False,,,9.795127152590066,0,0,1.4316613662915891,7.314700294448144,4.383038928156563,False,150,39001
39,1,1,False,,,25.120082123851006,0,0,-1.3486161628209703,9.634853397378686,9.483469560199655,False,150,39000
39,1,1,False,,,17.889619330992208,0,0,-0.05963275460771371,7.314700294448144,5.874333049055857,False,150,39001
39,1,-1,False,,,10.883074022553474,0,0,0.2093622893184468,9.634853397378686,7.925491108060238,False,150,39000
39,1,-1,False,,,15.441757239520582,0,0,2.9454978737790705,7.314700294448144,2.869202420669093,False,150,39001
39,2,1,False,,,6.587738293525515,0,0,-1.6093754730256515,9.634853397378686,9.744228870404337,False,150,39000
39,2,1,False,,,16.00415783173513,0,0,0.9262651847570131,7.314700294448144,4.888435109691144,False,150,39001
39,2,-1,False,,,10.733605034344688,0,0,-1.838012086731051,9.634853397378686,9.972865484109736,False,150,39000
39,2,-1,False,,,7.315849599585673,0,0,0.9957881010676899,7.314700294448144,4.818912193380453,False,150,39001
39,3,1,False,,,18.23723279803563,0,0,6.436659451357415,9.634853397378686,1.6981939460212727,False,150,39000
39,3,1,False,,,8.764732014244148,0,0,2.6493974938331655,7.314700294448144,3.1653028006150072,False,150,39001
39,3,-1,False,,,7.599417395401068,0,0,0.9864913905280019,9.634853397378686,7.148362006850683,False,150,39000
39,3,-1,False,,,9.920200084497038,0,0,0.7036102085853166,7.314700294448144,5.111090085862832,False,150,39001
39,4,1,False,,,40.59465596816888,0,0,6.320010065948623,9.634853397378686,1.8148433314300814,False,150,39000
39,4,1,False,,,20.4988646765676,0,0,3.918447354689644,7.314700294448144,1.896252939758504,False,150,39001
39,4,-1,False,,,19.36480600918855,0,0,-4.568887944499294,9.634853397378686,12.703741341877992,False,150,39000
39,4,-1,False,,,23.25715350517271,0,0,0.5530053618020734,7.314700294448144,5.26169493264607,False,150,39001
39,5,1,False,,,26.259180610724425,0,0,1.2754539562256517,9.634853397378686,6.859399441153036,False,150,39000
39,5,1,False,,,17.313161914894163,0,0,3.6687696681817985,7.314700294448144,2.145930626266368,False,150,39001
39,5,-1,False,,,11.939355402171449,0,0,-1.7595520398937063,9.634853397378686,9.894405437272392,False,150,39000
39,5,-1,False,,,9.410455187260748,0,0,3.5746074411772386,7.314700294448144,2.240092853270927,False,150,39001
39,6,1,False,,,51.60355962179226,0,0,-22.412781096189264,9.634853397378686,30.54763449356792,False,150,39000
39,6,1,True,22,0.44,7.411474218727056,0,0,16.12693157199525,7.314700294448144,0.9677687224528961,False,22,39001
39,6,-1,False,,,39.428320499701606,0,0,-16.876481509880453,9.634853397378686,25.011334907259148,False,150,39000
39,6,-1,False,,,23.00912700829973,0,0,-9.820605166048516,7.314700294448144,15.635305460496673,False,150,39001
39,7,1,False,,,11.532077348625975,0,0,0.05536824242330319,9.634853397378686,8.079485154955382,False,150,39000
39,7,1,False,,,9.467209409819663,0,0,2.7679332917836703,7.314700294448144,3.0467670026645015,False,150,39001
39,7,-1,False,,,26.749930095666475,0,0,-1.8933968887278534,9.634853397378686,10.028250286106553,False,150,39000
39,7,-1,False,,,12.16679709619292,0,0,3.501441953633487,7.314700294448144,2.313258340814674,False,150,39001
40,0,1,False,,,3.4656610526516447,0,0,-1.0231367399099074,8.950210201389673,8.47334694129958,False,150,40000
40,0,1,False,,,8.146814087027291,0,0,3.434066545342763,6.007111528687685,1.0730449833449351,False,150,40001
40,0,-1,False,,,20.332183109172735,0,0,2.7695828901301374,8.950210201389673,4.6806273112595385,False,150,40000
40,0,-1,True,38,0.76,7.426833534678029,0,0,14.876886744628443,6.007111528687685,0.7502247840592415,False,38,40001
40,1,1,False,,,5.403525543605551,0,0,-1.2738844882982783,8.950210201389673,8.72409468968795,False,150,40000
40,1,1,True,51,1.02,7.4988809398996095,0,0,14.582414710586658,6.007111528687685,0.9146968181010284,False,51,40001
40,1,-1,False,,,6.474167693160291,0,0,-1.212718746949471,8.950210201389673,8.662928948339143,False,150,40000
40,1,-1,True,50,1.0,7.067247554527823,0,0,14.536142846667062,6.007111528687685,0.9709686820206261,False,50,40001
40,2,1,False,,,10.571862015038661,0,0,0.045328586942966584,8.950210201389673,7.404881614446706,False,150,40000
40,2,1,True,60,1.2,9.073780212263662,0,0,14.487588112017685,6.007111528687685,0.9195234166700029,False,60,40001
40,2,-1,False,,,26.38844018357305,0,0,3.9796730301264414,8.950210201389673,3.4705371712632425,False,150,40000
40,2,-1,False,,,9.09038531991384,0,0,2.774550441321697,6.007111528687685,1.7325610873660053,False,150,40001
40,3,1,False,,,20.607892091067715,0,0,3.0958897811224944,8.950210201389673,4.3543204202671815,False,150,40000
40,3,1,False,,,9.988649181006265,0,0,0.6456733212981944,6.007111528687685,3.8614382073894906,False,150,40001
40,3,-1,False,,,15.147565527599847,0,0,-0.7411343352475234,8.950210201389673,8.191344536637196,False,150,40000
40,3,-1,False,,,18.164225501091096,0,0,-3.575259166624443,6.007111528687685,8.08237069531213,False,150,40001
40,4,1,False,,,7.365405781309419,0,0,-1.5236580350259719,8.950210201389673,8.973868236415644,False,150,40000
40,4,1,False,,,6.740755789900996,0,0,0.5013595506465875,6.007111528687685,4.005751978041096,False,150,40001
40,4,-1,False,,,21.580883818817046,0,0,1.0062833479094215,8.950210201389673,6.44392685348025,False,150,40000
40,4,-1,False,,,22.808204178602125,0,0,-1.5854960983859423,6.007111528687685,6.092607627073626,False,150,40001
40,5,1,False,,,10.00090118656414,0,0,-0.7017657894423649,8.950210201389673,8.151975990832037,False,150,40000
40,5,1,False,,,7.393083164750737,0,0,1.7720657108572124,6.007111528687685,2.735045817830487,False,150,40001
40,5,-1,False,,,6.069814671621898,0,0,-1.0706578698238876,8.950210201389673,8.52086807121356,False,150,40000
40,5,-1,True,41,0.8200000000000001,8.336898687086236,0,0,14.724497861175342,6.007111528687685,0.8726136675123427,False,41,40001
40,6,1,False,,,11.020504319171163,0,0,0.4037990146713202,8.950210201389673,7.046411186718352,False,150,40000
40,6,1,False,,,16.20447115987453,0,0,1.0755625892055969,6.007111528687685,3.431548939482095,False,150,40001
40,6,-1,False,,,19.396693386535752,0,0,1.6792112094050846,8.950210201389673,5.770998991984589,False,150,40000
40,6,-1,False,,,11.146046863275739,0,0,0.6351106212466278,6.007111528687685,3.872000907441057,False,150,40001
40,7,1,False,,,8.71406263206899,0,0,0.24445011207722322,8.950210201389673,7.205760089312449,False,150,40000
40,7,1,False,,,11.935614580509515,0,0,1.1322506951197244,6.007111528687685,3.374860833567976,False,150,40001
40,7,-1,False,,,20.270084396472654,0,0,2.283229706860066,8.950210201389673,5.166980494529606,False,150,40000
40,7,-1,False,,,23.218591997007536,0,0,1.4718990227487339,6.007111528687685,3.0352125059389565,False,150,40001
41,0,1,False,,,20.005602314804825,0,0,-0.4602500149065025,7.633645307919271,6.5938953228257775,False,150,41000
41,0,1,False,,,8.557082277599473,0,0,0.44495245129415784,5.61164012542917,3.6666876741350105,False,150,41001
41,0,-1,True,71,1.42,12.780665803622535,0,0,16.349797990171666,7.633645307919271,0.5738473177476077,False,71,41000
41,0,-1,False,,,19.063576397640723,0,0,2.383864706973696,5.61164012542917,1.727775418455488,False,150,41001
41,1,1,False,,,23.197584566168914,0,0,-2.3725291436226943,7.633645307919271,8.506174451541987,False,150,41000
41,1,1,False,,,13.584893105356347,0,0,1.5706916465051317,5.61164012542917,2.5409484789240553,False,150,41001
41,1,-1,False,,,13.312258051386227,0,0,-1.2395076336299713,7.633645307919271,7.373152941549241,False,150,41000
41,1,-1,False,,,8.653174532266465,0,0,3.07341953447798,5.61164012542917,1.0382205909512021,False,150,41001
41,2,1,False,,,19.02482597606563,0,0,-2.276585905540162,7.633645307919271,8.410231213459433,False,150,41000
41,2,1,False,,,7.832218474368971,0,0,1.3434114859468578,5.61164012542917,2.768228639482325,False,150,41001
41,2,-1,False,,,12.09359438623225,0,0,0.8113122123968219,7.633645307919271,5.322333095522448,False,150,41000
41,2,-1,False,,,5.241169153165422,0,0,0.5419248948374031,5.61164012542917,3.569715230591765,False,150,41001
41,3,1,False,,,12.877420208897751,0,0,-0.46023468639416176,7.633645307919271,6.593879994313432,False,150,41000
41,3,1,False,,,5.16703557440735,0,0,0.5203551219168459,5.61164012542917,3.5912850035123225,False,150,41001
41,3,-1,False,,,6.518800286368658,0,0,-0.7587856042965625,7.633645307919271,6.892430912215833,False,150,41000
41,3,-1,False,,,8.408153848496672,0,0,1.8189953932117982,5.61164012542917,2.2926447322173957,False,150,41001
41,4,1,False,,,20.618225204007295,0,0,-1.009902863021819,7.633645307919271,7.143548170941089,False,150,41000
41,4,1,False,,,11.541084398491774,0,0,1.3004188271894093,5.61164012542917,2.8112212982397717,False,150,41001
41,4,-1,False,,,22.554681564520656,0,0,-8.005290504016203,7.633645307919271,14.138935811935486,False,150,41000
41,4,-1,False,,,14.036933041567448,0,0,-0.5627583322851157,5.61164012542917,4.674398457714284,False,150,41001
41,5,1,False,,,24.121916713773107,0,0,-1.0390522798922766,7.633645307919271,7.172697587811549,False,150,41000
41,5,1,False,,,17.146072842709504,0,0,2.595290284999096,5.61164012542917,1.516349840430086,False,150,41001
41,5,-1,False,,,14.651306287415396,0,0,-1.2029678262142705,7.633645307919271,7.3366131341335405,False,150,41000
41,5,-1,False,,,4.860582884087023,0,0,0.4705097887013032,5.61164012542917,3.641130336727865,False,150,41001
41,6,1,False,,,51.641347783908934,0,0,-21.254916467722964,7.633645307919271,27.38856177564221,False,150,41000
41,6,1,False,,,35.84966587229987,0,0,-14.59381093239172,5.61164012542917,18.70545105782091,False,150,41001
41,6,-1,False,,,12.993841528957303,0,0,-3.7783593404990583,7.633645307919271,9.912004648418353,False,150,41000
41,6,-1,False,,,18.56402397595427,0,0,1.7748277081257966,5.61164012542917,2.3368124173033764,False,150,41001
41,7,1,False,,,49.30475074784146,0,0,-11.248016092127713,7.633645307919271,17.38166140004701,False,150,41000
41,7,1,False,,,11.944970918991283,0,0,1.0776731228195338,5.61164012542917,3.033967002609644,False,150,41001
41,7,-1,False,,,27.29951640117826,0,0,-12.229957259272165,7.633645307919271,18.363602567191457,False,150,41000
41,7,-1,False,,,12.855268056857046,0,0,-0.014981079290364517,5.61164012542917,4.126621204719533,False,150,41001
42,0,1,False,,,22.53261143704352,0,0,2.4922571247794885,7.567636945390815,3.575379820611326,False,150,42000
42,0,1,False,,,23.111998553679104,0,0,3.722622289393701,7.284459442197181,2.061837152803492,False,150,42001
42,0,-1,False,,,5.565423871920536,0,0,-1.050285887303641,7.567636945390815,7.117922832694455,False,150,42000
42,0,-1,False,,,11.942941354231138,0,0,-1.6154739583929694,7.284459442197181,7.399933400590149,False,150,42001
42,1,1,False,,,40.417987116165996,0,0,1.0488286046529471,7.567636945390815,5.018808340737886,False,150,42000
42,1,1,False,,,44.37618839242495,0,0,1.8246915751199029,7.284459442197181,3.9597678670772973,False,150,42001
42,1,-1,False,,,11.35641805191949,0,0,-1.1526864378401047,7.567636945390815,7.220323383230919,False,150,42000
42,1,-1,False,,,19.47285257916041,0,0,2.137940833827262,7.284459442197181,3.646518608369919,False,150,42001
42,2,1,False,,,54.30655685834053,0,0,-24.840940289910684,7.567636945390815,30.908577235301436,False,150,42000
42,2,1,False,,,41.63465222996162,0,0,-22.621312060153222,7.284459442197181,28.40577150235037,False,150,42001
42,2,-1,False,,,25.166216972902443,0,0,-6.537904783418602,7.567636945390815,12.605541728809431,False,150,42000
42,2,-1,False,,,26.20423262876479,0,0,-4.301712105304033,7.284459442197181,10.08617154750122,False,150,42001
42,3,1,False,,,12.737782271606743,0,0,-3.4176101608760523,7.567636945390815,9.485247106266877,False,150,42000
42,3,1,False,,,18.59305265846549,0,0,-2.14326338188999,7.284459442197181,7.92772282408717,False,150,42001
42,3,-1,False,,,24.68482182863852,0,0,3.8290879445142085,7.567636945390815,2.238549000876613,False,150,42000
42,3,-1,False,,,20.005850380358904,0,0,3.7538298953703038,7.284459442197181,2.030629546826887,False,150,42001
42,4,1,False,,,19.348444863853267,0,0,1.9571597740121152,7.567636945390815,4.1104771713787,False,150,42000
42,4,1,False,,,15.083976654788419,0,0,-1.93010810178242,7.284459442197181,7.7145675439796,False,150,42001
42,4,-1,False,,,10.400736605577505,0,0,-0.43056232819502305,7.567636945390815,6.498199273585837,False,150,42000
42,4,-1,False,,,13.938312155004589,0,0,-1.8963494005718595,7.284459442197181,7.680808842769042,False,150,42001
42,5,1,False,,,12.971514244288652,0,0,-2.6671686871900304,7.567636945390815,8.734805632580862,False,150,42000
42,5,1,False,,,12.148640849908311,0,0,-3.0192285526496008,7.284459442197181,8.803687994846793,False,150,42001
42,5,-1,False,,,15.37074295882575,0,0,-2.6602870448312776,7.567636945390815,8.727923990222099,False,150,42000
42,5,-1,False,,,19.170043017832217,0,0,0.9226799711338951,7.284459442197181,4.861779471063285,False,150,42001
42,6,1,False,,,9.856576474660494,0,0,-0.8462638415744994,7.567636945390815,6.913900786965313,False,150,42000
42,6,1,False,,,14.358947387409895,0,0,-1.3836964661344315,7.284459442197181,7.168155908331618,False,150,42001
42,6,-1,False,,,18.46150904616158,0,0,1.4438669332708691,7.567636945390815,4.623770012119946,False,150,42000
42,6,-1,False,,,14.314686141935494,0,0,1.9022848261331282,7.284459442197181,3.882174616064064,False,150,42001
42,7,1,False,,,9.447486953076973,0,0,-2.4500581854265207,7.567636945390815,8.517695130817348,False,150,42000
42,7,1,False,,,19.236722514275442,0,0,1.4334407211474296,7.284459442197181,4.35101872104975,False,150,42001
42,7,-1,False,,,6.647074765527698,0,0,-0.2698663717154399,7.567636945390815,6.337503317106254,False,150,42000
42,7,-1,False,,,12.393050164013555,0,0,-4.652584095697058,7.284459442197181,10.437043537894251,False,150,42001
43,0,1,False,,,31.93017641133454,0,0,4.12581719794457,10.372214790970396,4.746397593025834,False,150,43000
43,0,1,False,,,29.18396354171029,0,0,3.5583592132020954,8.369879571339316,3.3115203581372255,False,150,43001
43,0,-1,False,,,13.579888373886869,0,0,2.9390894882565153,10.372214790970396,5.933125302713892,False,150,43000
43,0,-1,False,,,12.777067275740325,0,0,0.6951129212324474,8.369879571339316,6.174766650106868,False,150,43001
43,1,1,True,61,1.22,18.156722473897887,0,0,18.89788275828738,10.372214790970396,0.8643320326830217,False,61,43000
43,1,1,True,51,1.02,14.38262026870999,0,0,17.041736048698517,8.369879571339316,0.8181435226408015,False,51,43001
43,1,-1,False,,,20.810539146236717,0,0,7.226264205923965,10.372214790970396,1.6459505850464435,False,150,43000
43,1,-1,True,120,2.4,15.969279008634294,0,0,16.257452405158354,8.369879571339316,0.9124271661809683,False,120,43001
43,2,1,True,111,2.22,21.592579248228155,0,0,18.26818920376048,10.372214790970396,0.9940255872099251,False,111,43000
43,2,1,False,,,22.35933966842597,0,0,5.506879872836375,8.369879571339316,1.3629996985029482,False,150,43001
43,2,-1,True,95,1.9000000000000001,18.42981866975108,0,0,18.49090640468502,10.372214790970396,0.9313083862853822,False,95,43000
43,2,-1,False,,,19.063118656884065,0,0,4.430250610173293,8.369879571339316,2.4396289611660236,False,150,43001
43,3,1,True,149,2.98,24.600153574611102,0,0,17.898926599349764,10.372214790970396,0.983288191620643,False,149,43000
43,3,1,True,129,2.58,21.26585884425448,0,0,16.115649914648763,8.369879571339316,0.9642296566905592,False,129,43001
43,3,-1,True,101,2.02,18.62186107232985,0,0,18.4636954149439,10.372214790970396,0.8985193760265041,False,101,43000
43,3,-1,True,72,1.44,13.553110048868799,0,0,16.73223960709298,8.369879571339316,0.9176399642463449,False,72,43001
43,4,1,True,120,2.4,19.1458246574808,0,0,18.27039689735846,10.372214790970396,0.9018178936119434,False,120,43000
43,4,1,False,,,19.22524653843466,0,0,4.755746947738176,8.369879571339316,2.1141326236011495,False,150,43001
43,4,-1,False,,,24.520837773181064,0,0,7.561716038007922,10.372214790970396,1.3104987529624896,False,150,43000
43,4,-1,True,51,1.02,12.653319742352455,0,0,16.89698455301938,8.369879571339316,0.9628950183199387,False,51,43001
43,5,1,True,102,2.04,19.969474826019294,0,0,18.370932667202016,10.372214790970396,0.9812821237683865,False,102,43000
43,5,1,True,56,1.12,12.711384810907813,0,0,16.907103403311368,8.369879571339316,0.9027761680279529,False,56,43001
43,5,-1,True,117,2.34,18.706458034650304,0,0,18.263890553029327,10.372214790970396,0.938324237941078,False,117,43000
43,5,-1,True,87,1.74,13.864415223126349,0,0,16.608505977597673,8.369879571339316,0.8913735937416485,False,87,43001
43,6,1,False,,,17.79810861989177,0,0,4.227867294562875,10.372214790970396,4.644347496407542,False,150,43000
43,6,1,False,,,16.21790396705941,0,0,1.9368155703014691,8.369879571339316,4.933064001037846,False,150,43001
43,6,-1,True,69,1.3800000000000001,18.65573092710287,0,0,18.76331236358682,10.372214790970396,0.9189024273835816,False,69,43000
43,6,-1,True,48,0.96,13.458952004080999,0,0,17.131761312664366,8.369879571339316,0.7581182586749527,False,48,43001
43,7,1,False,,,18.997791581706593,0,0,5.506225430027761,10.372214790970396,3.3659893609426486,False,150,43000
43,7,1,False,,,16.22244402752572,0,0,2.7005328802741504,8.369879571339316,4.1693466910651855,False,150,43001
43,7,-1,True,93,1.86,19.817509304918488,0,0,18.49431984479645,10.372214790970396,0.9478949461739561,False,93,43000
43,7,-1,True,60,1.2,13.368886504846149,0,0,16.771650097891346,8.369879571339316,0.9982294734479715,False,60,43001
44,0,1,False,,,12.145962873902555,0,0,-0.7627742248429152,9.412411461217534,8.675185686060448,False,150,44000
44,0,1,False,,,21.456143019414895,0,0,2.764854285798385,6.877083825467334,2.61222953966897,False,150,44001
44,0,-1,False,,,22.3423432439729,0,0,3.1376427977464303,9.412411461217534,4.774768663471114,False,150,44000
44,0,-1,False,,,23.222079003812897,0,0,-3.1629656506331516,6.877083825467334,8.540049476100492,False,150,44001
44,1,1,False,,,25.760777526098693,0,0,4.094722906169079,9.412411461217534,3.817688555048464,False,150,44000
44,1,1,False,,,13.578729666115402,0,0,-1.0337871673561503,6.877083825467334,6.410870992823484,False,150,44001
44,1,-1,False,,,11.694620837021052,0,0,-0.7467026760205336,9.412411461217534,8.659114137238067,False,150,44000
44,1,-1,False,,,24.17809578058172,0,0,2.6865919223708654,6.877083825467334,2.690491903096489,False,150,44001
44,2,1,False,,,15.516666245841671,0,0,1.185045367282153,9.412411461217534,6.72736609393538,False,150,44000
44,2,1,False,,,21.03591133125795,0,0,2.4521414381958992,6.877083825467334,2.9249423872714546,False,150,44001
44,2,-1,False,,,36.70743840656794,0,0,-0.9250624530300209,9.412411461217534,8.837473914247578,False,150,44000
44,2,-1,False,,,26.864392418696983,0,0,2.3591000836006333,6.877083825467334,3.0179837418667095,False,150,44001
44,3,1,False,,,24.284684912649578,0,0,3.8882705552891963,9.412411461217534,4.0241409059283475,False,150,44000
44,3,1,False,,,19.32745717308967,0,0,2.334019120255001,6.877083825467334,3.0430647052123576,False,150,44001
44,3,-1,False,,,33.7109352337153,0,0,-1.7935172319761592,9.412411461217534,9.705928693193716,False,150,44000
44,3,-1,False,,,16.875622763203296,0,0,2.799239234235156,6.877083825467334,2.577844591232196,False,150,44001
44,4,1,False,,,20.632908804818914,0,0,1.1093392080890303,9.412411461217534,6.803072253128508,False,150,44000
44,4,1,False,,,12.769175602119361,0,0,-0.9403780389148961,6.877083825467334,6.31746186438223,False,150,44001
44,4,-1,False,,,13.975727640786866,0,0,-0.1457502355884398,9.412411461217534,8.058161696805973,False,150,44000
44,4,-1,False,,,25.85950973332374,0,0,3.5106764564547133,6.877083825467334,1.866407369012634,False,150,44001
44,5,1,False,,,27.489671697731676,0,0,5.347652818402506,9.412411461217534,2.5647586428150313,False,150,44000
44,5,1,False,,,29.04270122622234,0,0,-0.42308705220357323,6.877083825467334,5.800170877670918,False,150,44001
44,5,-1,False,,,8.629571863734183,0,0,-3.1225562870521677,9.412411461217534,11.034967748269711,False,150,44000
44,5,-1,False,,,14.94832019968685,0,0,1.7292997192868051,6.877083825467334,3.6477841061805476,False,150,44001
44,6,1,False,,,27.465858280948176,0,0,4.93699934051214,9.412411461217534,2.9754121207053967,False,150,44000
44,6,1,False,,,17.04309522547006,0,0,1.9401339576334555,6.877083825467334,3.436949867833902,False,150,44001
44,6,-1,False,,,35.55525917418087,0,0,-9.650891020585798,9.412411461217534,17.563302481803355,False,150,44000
44,6,-1,False,,,17.916698822805735,0,0,1.2202140015785476,6.877083825467334,4.156869823888798,False,150,44001
44,7,1,False,,,13.230506240491449,0,0,-0.6211816825977836,9.412411461217534,8.533593143815317,False,150,44000
44,7,1,False,,,21.003160289486168,0,0,2.55803158347984,6.877083825467334,2.819052241987519,False,150,44001
44,7,-1,False,,,20.06791285455535,0,0,2.722103409431801,9.412411461217534,5.190308051785739,False,150,44000
44,7,-1,False,,,13.679819590428199,0,0,0.31952790640272033,6.877083825467334,5.057555919064613,False,150,44001
45,0,1,False,,,21.433636326555717,0,0,4.138510916723777,8.98522665333821,3.346715736614437,False,150,45000
45,0,1,False,,,19.198582597656856,0,0,1.5799151317686133,6.666971855346987,3.587056723578373,False,150,45001
45,0,-1,True,71,1.42,19.065172712597832,0,0,17.275423631678755,8.98522665333821,0.9998030216594561,False,71,45000
45,0,-1,False,,,20.678226294325523,0,0,2.407112373087842,6.666971855346987,2.7598594822591576,False,150,45001
45,1,1,True,61,1.22,15.265066892072584,0,0,17.376617526315925,8.98522665333821,0.9986091270222873,False,61,45000
45,1,1,False,,,22.466681237516816,0,0,2.2871490996373622,6.666971855346987,2.8798227557096325,False,150,45001
45,1,-1,False,,,24.420922293776762,0,0,6.232111198449431,8.98522665333821,1.253115454888795,False,150,45000
45,1,-1,False,,,19.82066532200494,0,0,2.147656399881444,6.666971855346987,3.0193154554655446,False,150,45001
45,2,1,True,48,0.96,15.926232106547744,0,0,17.642753394688064,8.98522665333821,0.8624732586501496,False,48,45000
45,2,1,False,,,24.047623433044738,0,0,0.7499661273299036,6.666971855346987,4.417005728017086,False,150,45001
45,2,-1,False,,,16.421410734340167,0,0,2.6176828386618114,8.98522665333821,4.867543814676421,False,150,45000
45,2,-1,False,,,14.792230490132413,0,0,2.736432622358995,6.666971855346987,2.4305392329879996,False,150,45001
45,3,1,False,,,22.253729848357715,0,0,4.102497205457391,8.98522665333821,3.3827294478808256,False,150,45000
45,3,1,False,,,12.88955573099996,0,0,1.5890093751548842,6.666971855346987,3.577962480192102,False,150,45001
45,3,-1,True,53,1.06,17.474258998491962,0,0,17.638915167082448,8.98522665333821,0.8163114862557631,False,53,45000
45,3,-1,False,,,22.93435203388718,0,0,2.5577050379741113,6.666971855346987,2.6092668173728906,False,150,45001
45,4,1,True,103,2.06,21.32191173611326,0,0,16.99969918202577,8.98522665333821,0.955527471312447,False,103,45000
45,4,1,False,,,20.100323475792763,0,0,2.910477948463102,6.666971855346987,2.256493906883891,False,150,45001
45,4,-1,False,,,24.095235929316164,0,0,5.218756912206836,8.98522665333821,2.266469741131377,False,150,45000
45,4,-1,False,,,23.560427433653125,0,0,3.416328301732869,6.666971855346987,1.7506435536141267,False,150,45001
45,5,1,False,,,18.60385818015728,0,0,4.918520592259855,8.98522665333821,2.5667060610783614,False,150,45000
45,5,1,False,,,20.29894947658073,0,0,2.5765523157390975,6.666971855346987,2.5904195396079026,False,150,45001
45,5,-1,True,53,1.06,15.903176157597516,0,0,17.628075511949064,8.98522665333821,0.8271511413891479,False,53,45000
45,5,-1,False,,,20.415515077621677,0,0,2.1522619815746986,6.666971855346987,3.0147098737722966,False,150,45001
45,6,1,False,,,23.536056412674387,0,0,6.008009999443876,8.98522665333821,1.4772166538943414,False,150,45000
45,6,1,False,,,18.649709255837852,0,0,2.6259582413094704,6.666971855346987,2.541013614037528,False,150,45001
45,6,-1,False,,,21.54400410583148,0,0,5.516623366703634,8.98522665333821,1.9686032866345875,False,150,45000
45,6,-1,False,,,18.60451101332677,0,0,0.979236487085656,6.666971855346987,4.18773536826133,False,150,45001
45,7,1,False,,,25.975924064989336,0,0,3.5897366269675164,8.98522665333821,3.895490026370698,False,150,45000
45,7,1,False,,,21.615577284171962,0,0,2.8008817118896303,6.666971855346987,2.36609014345737,False,150,45001
45,7,-1,True,58,1.16,15.445495589591413,0,0,17.421336669459965,8.98522665333821,0.9838899838782509,False,58,45000
45,7,-1,False,,,12.154931146930046,0,0,-1.7750335252080867,6.666971855346987,6.942005380555073,False,150,45001
46,0,1,False,,,18.24620788817306,0,0,3.8285798824081665,8.332558229513689,3.0039783471055324,False,150,46000
46,0,1,False,,,18.938189853009284,0,0,2.772198636495534,7.375279955559668,3.103081319064139,False,150,46001
46,0,-1,False,,,15.45199762772223,0,0,-2.005172665855425,8.332558229513689,8.837730895369114,False,150,46000
46,0,-1,False,,,22.52601587539782,0,0,-6.797733037350168,7.375279955559668,12.673012992909857,False,150,46001
46,1,1,False,,,24.8363710367508,0,0,3.8273552359292067,8.332558229513689,3.00520299358449,False,150,46000
46,1,1,False,,,18.039326731409833,0,0,2.5996039977718657,7.375279955559668,3.275675957787807,False,150,46001
46,1,-1,False,,,16.876557102926018,0,0,3.2082692358831006,8.332558229513689,3.624288993630608,False,150,46000
46,1,-1,False,,,17.437593930845953,0,0,3.118003214661058,7.375279955559668,2.7572767408986247,False,150,46001
46,2,1,False,,,25.015962284170524,0,0,5.100206260584725,8.332558229513689,1.7323519689289675,False,150,46000
46,2,1,False,,,22.41358374917979,0,0,3.0541983109464814,7.375279955559668,2.821081644613196,False,150,46001
46,2,-1,False,,,2.181253871453654,0,0,-1.7355637540469602,8.332558229513689,8.568121983560648,False,150,46000
46,2,-1,False,,,4.012194907971461,0,0,-2.1571047927237834,7.375279955559668,8.032384748283452,False,150,46001
46,3,1,False,,,47.1329358623539,0,0,-11.066119180196964,8.332558229513689,17.898677409710665,False,150,46000
46,3,1,False,,,37.987055065851706,0,0,-10.244994700345204,7.375279955559668,16.120274655904886,False,150,46001
46,3,-1,False,,,17.5865257957739,0,0,1.8998773744740827,8.332558229513689,4.932680855039613,False,150,46000
46,3,-1,False,,,15.522217800397671,0,0,1.5056813914524978,7.375279955559668,4.369598564107173,False,150,46001
46,4,1,False,,,12.311594614286532,0,0,-2.253209309229325,8.332558229513689,9.085767538743015,False,150,46000
46,4,1,False,,,21.922319431966418,0,0,2.304168719750392,7.375279955559668,3.5711112358092865,False,150,46001
46,4,-1,False,,,24.12331899721254,0,0,2.6583321512761575,8.332558229513689,4.174226078237537,False,150,46000
46,4,-1,False,,,23.203911638623772,0,0,3.3730270479799116,7.375279955559668,2.5022529075797713,False,150,46001
46,5,1,False,,,21.923953003150345,0,0,5.488126318894554,8.332558229513689,1.3444319106191416,False,150,46000
46,5,1,True,138,2.7600000000000002,19.47252589452537,0,0,15.002128034601963,7.375279955559668,0.9931519209577098,False,138,46001
46,5,-1,False,,,32.25002655211316,0,0,-0.6226328791643108,8.332558229513689,7.455191108678007,False,150,46000
46,5,-1,False,,,32.72340161539907,0,0,-2.8226981551462744,7.375279955559668,8.697978110705952,False,150,46001
46,6,1,False,,,20.33584111023287,0,0,3.572612121832498,8.332558229513689,3.2599461076812037,False,150,46000
46,6,1,False,,,19.60789390974425,0,0,2.9349604289783104,7.375279955559668,2.9403195265813657,False,150,46001
46,6,-1,False,,,46.50612851849241,0,0,-1.5982178724506586,8.332558229513689,8.43077610196436,False,150,46000
46,6,-1,False,,,22.345483074622102,0,0,2.7081028975013037,7.375279955559668,3.1671770580583787,False,150,46001
46,7,1,False,,,21.03761696153228,0,0,3.142731022834468,8.332558229513689,3.689827206679232,False,150,46000
46,7,1,False,,,18.286436441761445,0,0,2.0795115256667147,7.375279955559668,3.7957684298929566,False,150,46001
46,7,-1,False,,,40.892839213630424,0,0,4.280050016905613,8.332558229513689,2.5525082126080956,False,150,46000
46,7,-1,False,,,29.536880644221025,0,0,-3.3497718315023786,7.375279955559668,9.225051787062073,False,150,46001
47,0,1,False,,,23.07891807295416,0,0,2.1464512409247187,6.590369387626066,2.9439181467013533,False,150,47000
47,0,1,False,,,24.227557097319803,0,0,1.6489238089089138,8.347526195962129,5.198602387053214,False,150,47001
47,0,-1,False,,,18.57432375719721,0,0,-1.9699273407602569,6.590369387626066,7.060296728386322,False,150,47000
47,0,-1,False,,,17.6057434098446,0,0,-0.25753440364980595,8.347526195962129,7.105060599611933,False,150,47001
47,1,1,False,,,13.146612896587376,0,0,-0.9588881331187802,6.590369387626066,6.049257520744845,False,150,47000
47,1,1,False,,,15.184537209369402,0,0,-0.42402636882499256,8.347526195962129,7.27155256478712,False,150,47001
47,1,-1,False,,,9.50763139434396,0,0,-0.3124864384017396,6.590369387626066,5.402855826027805,False,150,47000
47,1,-1,False,,,26.249642510764463,0,0,-6.889584554402597,8.347526195962129,13.737110750364746,False,150,47001
47,2,1,False,,,26.62200671732426,0,0,3.65758702811827,6.590369387626066,1.4327823595078,False,150,47000
47,2,1,False,,,20.412934796967086,0,0,2.3215733991273364,8.347526195962129,4.525952796834796,False,150,47001
47,2,-1,False,,,17.60795044866623,0,0,-3.7454030659844983,6.590369387626066,8.83577245361057,False,150,47000
47,2,-1,False,,,21.22458624735353,0,0,-1.640130460573011,8.347526195962129,8.487656656535139,False,150,47001
47,3,1,False,,,10.200361214272547,0,0,0.1611720862206858,6.590369387626066,4.929197301405379,False,150,47000
47,3,1,False,,,19.786933093910562,0,0,1.570129587909805,8.347526195962129,5.277396608052323,False,150,47001
47,3,-1,False,,,8.886747796638565,0,0,-0.10522055590711449,6.590369387626066,5.19558994353318,False,150,47000
47,3,-1,False,,,9.864362852026328,0,0,-2.2735221232262415,8.347526195962129,9.121048319188377,False,150,47001
47,4,1,False,,,7.02281833011491,0,0,0.19562437851835102,6.590369387626066,4.894745009107714,False,150,47000
47,4,1,False,,,7.820057541921056,0,0,-0.4308285460039907,8.347526195962129,7.278354741966118,False,150,47001
47,4,-1,False,,,7.634749807927713,0,0,-0.6122000725061644,6.590369387626066,5.70256946013223,False,150,47000
47,4,-1,False,,,15.26629007275273,0,0,-1.7584497800122503,8.347526195962129,8.605975975974381,False,150,47001
47,5,1,False,,,5.142067652183621,0,0,-0.08467423988964129,6.590369387626066,5.175043627515707,False,150,47000
47,5,1,False,,,6.368287605155429,0,0,-1.2134282186129692,8.347526195962129,8.060954414575097,False,150,47001
47,5,-1,False,,,6.44971532116068,0,0,-0.2821457032580634,6.590369387626066,5.372515090884129,False,150,47000
47,5,-1,False,,,19.589293331938833,0,0,1.933517244618475,8.347526195962129,4.914008951343653,False,150,47001
47,6,1,False,,,27.766003510501974,0,0,-7.832269959490029,6.590369387626066,12.922639347116101,False,150,47000
47,6,1,False,,,26.569380833477293,0,0,-4.8971289732234,8.347526195962129,11.744655169185533,False,150,47001
47,6,-1,False,,,11.43693434242684,0,0,0.5414265130017106,6.590369387626066,4.5489428746243545,False,150,47000
47,6,-1,False,,,10.970668112242663,0,0,-0.2232450613920381,8.347526195962129,7.070771257354166,False,150,47001
47,7,1,False,,,19.920622189302303,0,0,1.0598620636929692,6.590369387626066,4.030507323933097,False,150,47000
47,7,1,False,,,43.067106620302475,0,0,-2.2800560914111525,8.347526195962129,9.127582287373302,False,150,47001
47,7,-1,False,,,13.321769452845379,0,0,-1.7657031102642986,6.590369387626066,6.856072497890364,False,150,47000
47,7,-1,False,,,18.479515986711412,0,0,-1.571805145074321,8.347526195962129,8.419331341036449,False,150,47001
