generation,candidate,sign,success,steps_to_target,time_to_target,distance_traveled,collision_ticks,collision_onsets,reward,initial_distance,final_distance,flipped,ticks,seed
0,0,1,False,,,18.805695033878077,0,0,-14.12754972826871,7.615114941723648,20.242664669992383,False,150,0
0,0,1,False,,,5.1783017284296,0,0,-1.7171040489832514,10.152347547978732,10.369451596961982,False,150,1
0,0,-1,False,,,13.97332439673164,0,0,-4.385954061111278,7.615114941723648,10.50106900283495,False,150,0
0,0,-1,False,,,10.553125828873865,0,0,-2.2018223625671856,10.152347547978732,10.85416991054592,False,150,1
0,1,1,False,,,29.240909893162897,0,0,2.272330678897876,7.615114941723648,3.842784262825791,False,150,0
0,1,1,False,,,11.963416299687886,0,0,-0.44797317773914813,10.152347547978732,9.100320725717879,False,150,1
0,1,-1,False,,,19.444411056753946,0,0,-10.647747880081976,7.615114941723648,16.762862821805648,False,150,0
0,1,-1,False,,,20.374539245850926,0,0,-12.197986993058196,10.152347547978732,20.85033454103695,False,150,1
0,2,1,False,,,14.219871648181245,0,0,-4.543084279192276,7.615114941723648,10.658199220915945,False,150,0
0,2,1,False,,,16.12083551289994,0,0,-1.423905368307039,10.152347547978732,10.07625291628577,False,150,1
0,2,-1,False,,,39.29171460028172,0,0,-33.4391207408406,7.615114941723648,39.55423568256418,False,150,0
0,2,-1,False,,,32.98955700293409,0,0,-24.041243383925007,10.152347547978732,32.693590931903714,False,150,1
0,3,1,False,,,12.731729755192516,0,0,-3.234670689883616,7.615114941723648,9.349785631607288,False,150,0
0,3,1,False,,,16.794011121887074,0,0,-1.2108923108815592,10.152347547978732,9.86323985886029,False,150,1
0,3,-1,False,,,26.932448819042037,0,0,-23.66554662150727,7.615114941723648,29.780661563230886,False,150,0
0,3,-1,False,,,29.920696708258856,0,0,-23.324980518675165,10.152347547978732,31.977328066653868,False,150,1
0,4,1,False,,,48.58209401927531,0,0,-40.44179871431766,7.615114941723648,46.556913656041296,False,150,0
0,4,1,False,,,49.31745614679267,0,0,-39.04402412791567,10.152347547978732,47.696371675894376,False,150,1
0,4,-1,False,,,10.647857562965443,0,0,-5.802271827704579,7.615114941723648,11.917386769428246,False,150,0
0,4,-1,False,,,16.11277439136241,0,0,-1.0121894447997317,10.152347547978732,9.664536992778462,False,150,1
0,5,1,False,,,23.94473331430237,0,0,-5.569394616331562,7.615114941723648,11.684509558055234,False,150,0
0,5,1,False,,,22.36466425997067,0,0,-0.32783057242869434,10.152347547978732,8.980178120407425,False,150,1
0,5,-1,False,,,34.53630733214568,0,0,-29.95635761241645,7.615114941723648,36.071472554140016,False,150,0
0,5,-1,False,,,28.534821182780185,0,0,-22.757427279821297,10.152347547978732,31.4097748278,False,150,1
0,6,1,False,,,26.271503112018813,0,0,-17.256269629893268,7.615114941723648,23.37138457161693,False,150,0
0,6,1,False,,,20.256991977210326,0,0,6.764006033533369,10.152347547978732,1.8883415144453668,False,150,1
0,6,-1,False,,,26.07296679688655,0,0,-22.28634976801484,7.615114941723648,28.401464709738455,False,150,0
0,6,-1,False,,,6.9725702266829535,0,0,-3.209249414802584,10.152347547978732,11.861596962781325,False,150,1
0,7,1,True,146,2.92,26.062851017820975,0,0,15.213541513778543,7.615114941723648,0.9415734279451203,False,146,0
0,7,1,False,,,9.558105221932028,0,0,-4.342552242328508,10.152347547978732,12.994899790307255,False,150,1
0,7,-1,False,,,7.856907306607165,0,0,-3.694804265785291,7.615114941723648,9.809919207508948,False,150,0
0,7,-1,False,,,7.254716063122379,0,0,-2.6965922913949063,10.152347547978732,11.348939839373648,False,150,1
1,0,1,False,,,17.96475853116076,0,0,-3.0205323925772376,7.872305478935019,9.392837871512262,False,150,1000
1,0,1,False,,,5.549089306037027,0,0,-2.476796993048782,6.294548299982861,7.271345293031647,False,150,1001
1,0,-1,True,65,1.3,8.151751440049187,0,0,16.26033388827674,7.872305478935019,0.9619715906582829,False,65,1000
1,0,-1,False,,,53.23028638222886,0,0,-28.42483970910621,6.294548299982861,33.21938800908902,False,150,1001
1,1,1,True,34,0.68,8.431976560941196,0,0,16.763370559965402,7.872305478935019,0.7689349189696176,False,34,1000
1,1,1,False,,,50.63244798131665,0,0,-25.13918817178231,6.294548299982861,29.933736471765133,False,150,1001
1,1,-1,False,,,12.317819800239608,0,0,-2.1824711703209227,7.872305478935019,8.554776649255944,False,150,1000
1,1,-1,False,,,16.29144285499682,0,0,-0.6749241696708473,6.294548299982861,5.469472469653707,False,150,1001
1,2,1,False,,,8.278012214089685,0,0,-3.4922951622436833,7.872305478935019,9.864600641178713,False,150,1000
1,2,1,False,,,38.11284980518789,0,0,-18.985802569394608,6.294548299982861,23.780350869377465,False,150,1001
1,2,-1,False,,,19.934077209588015,0,0,-0.34853705272368096,7.872305478935019,6.720842531658699,False,150,1000
1,2,-1,False,,,20.733918168713714,0,0,2.5693264481051314,6.294548299982861,2.2252218518777314,False,150,1001
1,3,1,False,,,8.110860653484076,0,0,0.3660406467303746,7.872305478935019,6.006264832204643,False,150,1000
1,3,1,False,,,17.351016178424743,0,0,-1.60245962920363,6.294548299982861,6.39700792918649,False,150,1001
1,3,-1,False,,,7.624550009785146,0,0,4.392382235454129,7.872305478935019,1.9799232434809053,False,150,1000
1,3,-1,True,78,1.56,10.928138819779521,0,0,14.744224011158733,6.294548299982861,0.7703242888241295,False,78,1001
1,4,1,False,,,9.594548583927661,0,0,1.989458578683944,7.872305478935019,4.3828469002510735,False,150,1000
1,4,1,False,,,8.37724916195856,0,0,-2.5259764909251214,6.294548299982861,7.32052479090799,False,150,1001
1,4,-1,True,100,2.0,10.168390218175439,0,0,15.986452398360324,7.872305478935019,0.8858530805747035,False,100,1000
1,4,-1,True,68,1.36,13.107868274341236,0,0,14.807239377079844,6.294548299982861,0.8073089229030168,False,68,1001
1,5,1,False,,,4.1368822253051,0,0,-0.9343376602928216,7.872305478935019,7.306643139227839,False,150,1000
1,5,1,False,,,17.01068070272,0,0,-0.8205413835639146,6.294548299982861,5.615089683546774,False,150,1001
1,5,-1,False,,,12.36297143405436,0,0,-3.043502606518617,7.872305478935019,9.415808085453644,False,150,1000
1,5,-1,True,104,2.08,16.00735102700823,0,0,14.344708122233339,6.294548299982861,0.9098401777495229,False,104,1001
1,6,1,False,,,23.740651114211,0,0,-11.804891886922706,7.872305478935019,18.177197365857747,False,150,1000
1,6,1,False,,,23.47686135439964,0,0,-7.285523620521352,6.294548299982861,12.080071920504226,False,150,1001
1,6,-1,True,56,1.12,8.98206256410786,0,0,16.337591224046363,7.872305478935019,0.9747142548886572,False,56,1000
1,6,-1,False,,,48.51780318901986,0,0,-19.23234183703073,6.294548299982861,24.026890137013584,False,150,1001
1,7,1,False,,,39.2108692006036,0,0,-15.96289554297022,7.872305478935019,22.335201021905252,False,150,1000
1,7,1,False,,,38.814764332308975,0,0,-13.448245551883435,6.294548299982861,18.242793851866303,False,150,1001
1,7,-1,False,,,13.576001848693352,0,0,-1.7360489800857775,7.872305478935019,8.108354459020795,False,150,1000
1,7,-1,False,,,18.84346089371008,0,0,-0.0008377893272900755,6.294548299982861,4.79538608931015,False,150,1001
2,0,1,False,,,30.181338076561634,0,0,-21.627192728314377,9.171104247193439,29.298296975507768,False,150,2000
2,0,1,True,46,0.92,7.159954089627673,0,0,14.915069993695823,6.269351194101572,0.8942812004057525,False,46,2001
2,0,-1,False,,,24.399015840172424,0,0,-6.076680550289658,9.171104247193439,13.747784797483122,False,150,2000
2,0,-1,False,,,12.587615211065984,0,0,0.7798540106249804,6.269351194101572,3.98949718347659,False,150,2001
2,1,1,False,,,25.458264239003746,0,0,-15.400834060807089,9.171104247193439,23.07193830800055,False,150,2000
2,1,1,False,,,8.65944271909713,0,0,0.09072929134563162,6.269351194101572,4.678621902755939,False,150,2001
2,1,-1,False,,,23.93904286020128,0,0,-6.597573217223107,9.171104247193439,14.268677464416568,False,150,2000
2,1,-1,True,111,2.22,11.196130975329108,0,0,14.19752690428025,6.269351194101572,0.9618242898213267,False,111,2001
2,2,1,False,,,21.485603033448665,0,0,-1.5859984692061873,9.171104247193439,9.257102716399643,False,150,2000
2,2,1,False,,,21.38726569226703,0,0,-9.680723852161911,6.269351194101572,14.450075046263509,False,150,2001
2,2,-1,False,,,24.678878208775988,0,0,-11.323458063911884,9.171104247193439,18.99456231110535,False,150,2000
2,2,-1,False,,,36.61512408202344,0,0,-12.766604955241668,6.269351194101572,17.535956149343264,False,150,2001
2,3,1,True,106,2.12,24.728548358182586,0,0,17.19009013277137,9.171104247193439,0.9210141144220708,False,106,2000
2,3,1,False,,,6.507989887269318,0,0,0.5888295294807998,6.269351194101572,4.180521664620771,False,150,2001
2,3,-1,False,,,10.996493206094433,0,0,-3.5545621063918054,9.171104247193439,11.225666353585257,False,150,2000
2,3,-1,False,,,8.52642243476185,0,0,-0.7231156101015683,6.269351194101572,5.492466804203139,False,150,2001
2,4,1,False,,,38.43891976216057,0,0,-30.54523187179136,9.171104247193439,38.21633611898472,False,150,2000
2,4,1,False,,,16.49913686658327,0,0,1.1127308594027974,6.269351194101572,3.656620334698773,False,150,2001
2,4,-1,False,,,15.34216123838349,0,0,-4.4120092841182945,9.171104247193439,12.083113531311756,False,150,2000
2,4,-1,False,,,6.658000155952692,0,0,-0.8259548049872051,6.269351194101572,5.595305999088776,False,150,2001
2,5,1,False,,,47.12892757522218,0,0,-40.1890046785748,9.171104247193439,47.860108925768216,False,150,2000
2,5,1,False,,,7.735368923287772,0,0,3.488597981786101,6.269351194101572,1.2807532123154761,False,150,2001
2,5,-1,False,,,19.311241242121703,0,0,-1.0637991540678506,9.171104247193439,8.734903401261288,False,150,2000
2,5,-1,False,,,18.846638765451313,0,0,-1.9774439809495485,6.269351194101572,6.746795175051119,False,150,2001
2,6,1,False,,,30.076045499913462,0,0,6.66402117034808,9.171104247193439,1.0070830768453682,False,150,2000
2,6,1,False,,,15.976341920404995,0,0,-3.425531167896975,6.269351194101572,8.194882361998564,False,150,2001
2,6,-1,False,,,18.876628335240618,0,0,-0.8976016889228433,9.171104247193439,8.568705936116281,False,150,2000
2,6,-1,False,,,8.235564388766656,0,0,-0.7055064348146952,6.269351194101572,5.474857628916266,False,150,2001
2,7,1,False,,,35.963228083423715,0,0,-27.72625591655526,9.171104247193439,35.39736016374864,False,150,2000
2,7,1,True,62,1.24,6.8627708527593105,0,0,14.732780604718624,6.269351194101572,0.916570589382951,False,62,2001
2,7,-1,False,,,18.09309221970206,0,0,1.3842907406424765,9.171104247193439,6.286813506550962,False,150,2000
2,7,-1,False,,,13.203677050465142,0,0,-7.376932878997686,6.269351194101572,12.14628407309928,False,150,2001
3,0,1,False,,,23.084436628534718,0,0,2.938855320363655,6.830979194446965,2.39212387408332,False,150,3000
3,0,1,True,118,2.36,19.334250447683946,0,0,17.337193654074273,9.485737258288605,0.9685436042143389,False,118,3001
3,0,-1,False,,,9.629347438648939,0,0,-4.676318159979123,6.830979194446965,10.007297354426104,False,150,3000
3,0,-1,False,,,45.78476871375924,0,0,-18.409343571343687,9.485737258288605,26.395080829632295,False,150,3001
3,1,1,True,122,2.44,7.976453018696986,0,0,14.674167486465318,6.830979194446965,0.936811707981658,False,122,3000
3,1,1,False,,,45.916681344887486,0,0,-16.24114848474877,9.485737258288605,24.22688574303739,False,150,3001
3,1,-1,False,,,24.23568322207308,0,0,-2.6808961048646314,6.830979194446965,8.011875299311601,False,150,3000
3,1,-1,False,,,23.30952431506502,0,0,3.9239643400668376,9.485737258288605,4.061772918221786,False,150,3001
3,2,1,False,,,8.409329492994951,0,0,0.8475497823836387,6.830979194446965,4.483429412063326,False,150,3000
3,2,1,True,62,1.24,15.372001918259627,0,0,17.990556664979376,9.485737258288605,0.8751805933092328,False,62,3001
3,2,-1,False,,,25.06574685996868,0,0,-2.7094425661140793,6.830979194446965,8.040421760561049,False,150,3000
3,2,-1,False,,,22.863098761488672,0,0,2.4826975244569045,9.485737258288605,5.503039733831703,False,150,3001
3,3,1,False,,,17.528013158245564,0,0,0.9507789123134145,6.830979194446965,4.38020028213355,False,150,3000
3,3,1,False,,,27.82436826906319,0,0,5.844881313880853,9.485737258288605,2.140855944407756,False,150,3001
3,3,-1,False,,,9.403329139447917,0,0,1.5008516117391322,6.830979194446965,3.8301275827078323,False,150,3000
3,3,-1,True,71,1.42,15.196889882436984,0,0,17.848176814427145,9.485737258288605,0.9275604438614629,False,71,3001
3,4,1,False,,,9.914889463098964,0,0,0.3958331398021061,6.830979194446965,4.935146054644858,False,150,3000
3,4,1,True,58,1.16,14.288615599517573,0,0,17.98976987281845,9.485737258288605,0.9159673854701568,False,58,3001
3,4,-1,False,,,16.69050073482158,0,0,-3.4482845317651662,6.830979194446965,8.779263726212143,False,150,3000
3,4,-1,False,,,22.110724871797643,0,0,4.089207587779363,9.485737258288605,3.896529670509251,False,150,3001
3,5,1,False,,,23.39741412938097,0,0,-4.13863822258168,6.830979194446965,9.469617417028655,False,150,3000
3,5,1,False,,,20.800713677404875,0,0,-0.18918981232210605,9.485737258288605,8.17492707061071,False,150,3001
3,5,-1,True,58,1.16,8.76620493032288,0,0,15.307468771557184,6.830979194446965,0.9435104228897822,False,58,3000
3,5,-1,False,,,46.46791420168187,0,0,-15.857410083662952,9.485737258288605,23.84314734195157,False,150,3001
3,6,1,True,68,1.36,11.240530051202585,0,0,15.189765918864573,6.830979194446965,0.9612132755823931,False,68,3000
3,6,1,True,74,1.48,20.462060853304227,0,0,17.83668155015947,9.485737258288605,0.9090557081291356,False,74,3001
3,6,-1,False,,,13.013245528878333,0,0,-1.295178039146746,6.830979194446965,6.626157233593711,False,150,3000
3,6,-1,False,,,17.56565464842331,0,0,1.2315797203674135,9.485737258288605,6.7541575379211904,False,150,3001
3,7,1,True,51,1.02,8.593070076149324,0,0,15.321186248346883,6.830979194446965,0.9997929461000835,False,51,3000
3,7,1,True,68,1.36,17.561954208156404,0,0,18.029296545833866,9.485737258288605,0.7764407124547419,False,68,3001
3,7,-1,False,,,29.537460433712443,0,0,-12.372953398859627,6.830979194446965,17.703932593306615,False,150,3000
3,7,-1,False,,,28.72816821881275,0,0,-11.862256624820168,9.485737258288605,19.847993883108792,False,150,3001
4,0,1,False,,,23.848319826745932,0,0,4.971571038248735,9.738796858029003,3.2672258197802777,False,150,4000
4,0,1,False,,,22.92887971753916,0,0,3.5316873239247153,8.004257231413446,2.9725699074887406,False,150,4001
4,0,-1,False,,,11.842012250777266,0,0,-1.1016976998289263,9.738796858029003,9.340494557857928,False,150,4000
4,0,-1,False,,,16.888960123967472,0,0,5.12185143130955,8.004257231413446,1.3824058001039001,False,150,4001
4,1,1,False,,,14.479950901847916,0,0,1.6927195161565538,9.738796858029003,6.546077341872448,False,150,4000
4,1,1,False,,,12.966535042271005,0,0,2.6657202223106573,8.004257231413446,3.838537009102808,False,150,4001
4,1,-1,True,136,2.72,23.948301555134904,0,0,17.43348323087897,9.738796858029003,0.9453136271500366,False,136,4000
4,1,-1,False,,,22.561639225433428,0,0,4.477587108429371,8.004257231413446,2.0266701229840827,False,150,4001
4,2,1,False,,,17.240868263780175,0,0,1.278980164081411,9.738796858029003,6.959816693947591,False,150,4000
4,2,1,False,,,14.688290142487599,0,0,-0.5968748151207388,8.004257231413446,7.101132046534183,False,150,4001
4,2,-1,True,150,3.0,24.289663855415093,0,0,17.33049946538396,9.738796858029003,0.9082973926450537,False,150,4000
4,2,-1,True,136,2.72,21.36141219195149,0,0,15.75771846871688,8.004257231413446,0.8865387626965738,False,136,4001
4,3,1,False,,,30.57550388277963,0,0,-8.931983210637085,9.738796858029003,17.1707800686661,False,150,4000
4,3,1,False,,,28.050440424808816,0,0,-10.39526357368765,8.004257231413446,16.899520805101115,False,150,4001
4,3,-1,False,,,55.78805956099262,0,0,-25.167306016929487,9.738796858029003,33.406102874958464,False,150,4000
4,3,-1,False,,,56.22957018998858,0,0,-28.65582118468872,8.004257231413446,35.16007841610212,False,150,4001
4,4,1,False,,,28.92391270928168,0,0,-10.214406836536034,9.738796858029003,18.453203694565055,False,150,4000
4,4,1,False,,,37.07908616640379,0,0,-7.042776775550922,8.004257231413446,13.547034006964376,False,150,4001
4,4,-1,False,,,16.931074263704552,0,0,-0.8294366290478721,9.738796858029003,9.068233487076874,False,150,4000
4,4,-1,False,,,13.870333325867207,0,0,0.13328401841594548,8.004257231413446,6.370973212997499,False,150,4001
4,5,1,False,,,15.519636473462846,0,0,1.9469961724297664,9.738796858029003,6.291800685599235,False,150,4000
4,5,1,False,,,14.283906475218123,0,0,-0.6047652474789973,8.004257231413446,7.109022478892442,False,150,4001
4,5,-1,False,,,29.715995255310922,0,0,1.527743531717014,9.738796858029003,6.711053326311999,False,150,4000
4,5,-1,True,97,1.94,16.270063491837092,0,0,16.123777195217052,8.004257231413446,0.9104800361963964,False,97,4001
4,6,1,True,143,2.86,30.198462230559016,0,0,17.650356800741086,9.738796858029003,0.6584400572879209,False,143,4000
4,6,1,True,92,1.84,18.66707395613024,0,0,16.168545128240417,8.004257231413446,0.9157121031730346,False,92,4001
4,6,-1,False,,,19.234604349172272,0,0,2.478799087327948,9.738796858029003,5.759997770701059,False,150,4000
4,6,-1,False,,,13.568423029165372,0,0,0.8502513058176918,8.004257231413446,5.654005925595753,False,150,4001
4,7,1,True,120,2.4,29.366877600358347,0,0,17.544277243779177,9.738796858029003,0.9945196142498297,False,120,4000
4,7,1,True,69,1.3800000000000001,15.586809118596511,0,0,16.606246130688127,8.004257231413446,0.7080111007253229,False,69,4001
4,7,-1,False,,,20.135203295411145,0,0,-6.053962637476343,9.738796858029003,14.292759495505358,False,150,4000
4,7,-1,False,,,27.787409097815637,0,0,-14.02725059182291,8.004257231413446,20.531507823236378,False,150,4001
5,0,1,True,100,2.0,16.27440595229924,0,0,15.659453500167617,7.62323124870712,0.9637777485395096,False,100,5000
5,0,1,False,,,20.738460200000027,0,0,-1.823345790245455,9.594597909508437,9.917943699753891,False,150,5001
5,0,-1,False,,,55.523225999073446,0,0,-28.114684684914053,7.62323124870712,34.237915933621125,False,150,5000
5,0,-1,False,,,56.70487378615424,0,0,-44.189232489691285,9.594597909508437,52.28383039919973,False,150,5001
5,1,1,False,,,15.86454634256725,0,0,-0.01927536412898257,7.62323124870712,6.142506612836102,False,150,5000
5,1,1,False,,,36.83778046757331,0,0,1.1062832991187015,9.594597909508437,6.988314610389741,False,150,5001
5,1,-1,False,,,53.03212422996088,0,0,-25.732970627721844,7.62323124870712,31.856201876428926,False,150,5000
5,1,-1,False,,,17.222990806318318,0,0,-6.093128370392449,9.594597909508437,14.187726279900915,False,150,5001
5,2,1,True,56,1.12,11.611336006366038,0,0,16.081275142630567,7.62323124870712,0.9819561060765535,False,56,5000
5,2,1,False,,,28.791101457984844,0,0,6.047499196218341,9.594597909508437,2.0470987132901035,False,150,5001
5,2,-1,False,,,51.16073250904939,0,0,-22.722351060675727,7.62323124870712,28.845582309382824,False,150,5000
5,2,-1,False,,,25.94589622438977,0,0,-6.692855011035233,9.594597909508437,14.787452920543691,False,150,5001
5,3,1,True,47,0.9400000000000001,11.089296111046123,0,0,16.26096825893865,7.62323124870712,0.89226298976847,False,47,5000
5,3,1,False,,,15.559417244318226,0,0,-2.8976640127043103,9.594597909508437,10.992261922212768,False,150,5001
5,3,-1,True,58,1.16,14.184205918215218,0,0,16.31241337605867,7.62323124870712,0.7308178726484494,False,58,5000
5,3,-1,True,75,1.5,17.647700378728494,0,0,17.87358962494142,9.594597909508437,0.9710082845670219,False,75,5001
5,4,1,True,50,1.0,11.736158894266596,0,0,16.194222163931755,7.62323124870712,0.9290090847753645,False,50,5000
5,4,1,True,144,2.88,26.970712547238126,0,0,17.16976728139864,9.594597909508437,0.9848306281098109,False,144,5001
5,4,-1,True,45,0.9,10.792397277427499,0,0,16.1960850892954,7.62323124870712,0.9771461594117207,False,45,5000
5,4,-1,False,,,21.42435889887548,0,0,-7.878405855048106,9.594597909508437,15.973003764556566,False,150,5001
5,5,1,False,,,49.91441200637928,0,0,-23.7668422731867,7.62323124870712,29.890073521893797,False,150,5000
5,5,1,False,,,31.062328535838308,0,0,-21.23780041804876,9.594597909508437,29.332398327557176,False,150,5001
5,5,-1,True,66,1.32,15.071146885927536,0,0,15.984010312381407,7.62323124870712,0.979220936325718,False,66,5000
5,5,-1,False,,,28.814511477045524,0,0,3.998351371803775,9.594597909508437,4.096246537704666,False,150,5001
5,6,1,True,115,2.3000000000000003,22.938699108751166,0,0,15.524690638816313,7.62323124870712,0.9485406098908109,False,115,5000
5,6,1,False,,,32.73065403309836,0,0,3.5180832256288506,9.594597909508437,4.576514683879596,False,150,5001
5,6,-1,True,76,1.52,17.653955185069275,0,0,16.026511464480468,7.62323124870712,0.8367197842266526,False,76,5000
5,6,-1,False,,,32.15004271989856,0,0,-19.418734858204093,9.594597909508437,27.51333276771253,False,150,5001
5,7,1,False,,,27.925846329841747,0,0,-3.728541443204837,7.62323124870712,9.851772691911973,False,150,5000
5,7,1,False,,,19.179618259563615,0,0,-0.180608950741072,9.594597909508437,8.275206860249508,False,150,5001
5,7,-1,True,51,1.02,12.771655940785788,0,0,16.33210196969135,7.62323124870712,0.781129279015768,False,51,5000
5,7,-1,True,96,1.92,25.30303305496007,0,0,17.638925082970783,9.594597909508437,0.9956728265376622,False,96,5001
6,0,1,False,,,24.246801799363126,0,0,-0.889447076274297,9.382278634163663,8.77172571043796,False,150,6000
6,0,1,False,,,22.923658300683257,0,0,-0.5801938260912508,8.535074755138247,7.615268581229497,False,150,6001
6,0,-1,True,90,1.8,16.532592178461265,0,0,17.58728145209658,9.382278634163663,0.8949971820670882,False,90,6000
6,0,-1,True,87,1.74,15.691861677114096,0,0,16.73915401877393,8.535074755138247,0.9259207363643234,False,87,6001
6,1,1,False,,,30.153379873698885,0,0,0.33219070295004133,9.382278634163663,7.550087931213632,False,150,6000
6,1,1,True,109,2.18,22.353739947803902,0,0,16.590994399183373,8.535074755138247,0.8540803559548859,False,109,6001
6,1,-1,False,,,13.979770890672269,0,0,-3.2584340111399372,9.382278634163663,11.140712645303608,False,150,6000
6,1,-1,False,,,13.92769863098513,0,0,-3.723164980025559,8.535074755138247,10.758239735163817,False,150,6001
6,2,1,False,,,27.81981219484063,0,0,-11.22874410131805,9.382278634163663,19.111022735481733,False,150,6000
6,2,1,False,,,27.397940606574704,0,0,-8.845982499639357,8.535074755138247,15.881057254777629,False,150,6001
6,2,-1,False,,,58.39718059553751,0,0,-28.669320651848775,9.382278634163663,36.55159928601239,False,150,6000
6,2,-1,True,30,0.6,8.992894980387058,0,0,17.349154180324817,8.535074755138247,0.8859205748134333,False,30,6001
6,3,1,False,,,14.306732198186399,0,0,2.9338618230546505,9.382278634163663,4.948416811109025,False,150,6000
6,3,1,False,,,12.339334851052284,0,0,1.0804274141183394,8.535074755138247,5.954647341019906,False,150,6001
6,3,-1,False,,,35.432267964626895,0,0,4.797986586682744,9.382278634163663,3.084292047480928,False,150,6000
6,3,-1,False,,,33.70452197494466,0,0,4.781385053478023,8.535074755138247,2.2536897016602317,False,150,6001
6,4,1,True,109,2.18,23.85250782617545,0,0,17.502565919231603,9.382278634163663,0.7897127149320688,False,109,6000
6,4,1,True,90,1.8,18.235089355264996,0,0,16.71643417430159,8.535074755138247,0.918640580836658,False,90,6001
6,4,-1,False,,,19.717710375820108,0,0,0.23774105862501654,9.382278634163663,7.644537575538646,False,150,6000
6,4,-1,False,,,19.886500823634837,0,0,0.5594578408092216,8.535074755138247,6.4756169143290245,False,150,6001
6,5,1,False,,,32.02846618651407,0,0,4.673663004414828,9.382278634163663,3.2086156297488486,False,150,6000
6,5,1,False,,,32.21230556476486,0,0,4.46608432629101,8.535074755138247,2.5689904288472487,False,150,6001
6,5,-1,False,,,11.326207877298009,0,0,1.5016600942497047,9.382278634163663,6.380618539913958,False,150,6000
6,5,-1,False,,,2.517773630011504,0,0,-0.8875142911231714,8.535074755138247,7.922589046261417,False,150,6001
6,6,1,True,136,2.72,33.30167784437724,0,0,17.1055598769573,9.382278634163663,0.9167187572063699,False,136,6000
6,6,1,True,130,2.6,27.45621111496802,0,0,16.43546781132179,8.535074755138247,0.7996069438164568,False,130,6001
6,6,-1,False,,,23.463903786532434,0,0,-0.932463961905188,9.382278634163663,8.81474259606885,False,150,6000
6,6,-1,False,,,24.55761226718731,0,0,0.4687430528626232,8.535074755138247,6.5663317022756225,False,150,6001
6,7,1,False,,,22.833955219371756,0,0,4.166609535226271,9.382278634163663,3.715669098937402,False,150,6000
6,7,1,False,,,17.15194317691166,0,0,4.761293421244289,8.535074755138247,2.273781333893968,False,150,6001
6,7,-1,False,,,26.99747262690605,0,0,3.3519895516592957,9.382278634163663,4.5302890825043685,False,150,6000
6,7,-1,False,,,24.8199777448007,0,0,3.5374832645827325,8.535074755138247,3.497591490555523,False,150,6001
7,0,1,False,,,53.462129012737456,0,0,-16.238846372774162,9.79980101121602,24.538647383990195,False,150,7000
7,0,1,False,,,44.59192209437569,0,0,-0.8922707763475612,8.56184524469918,7.9541160210467465,False,150,7001
7,0,-1,False,,,19.41931113709758,0,0,3.7966946672237025,9.79980101121602,4.503106343992323,False,150,7000
7,0,-1,False,,,21.182823386947902,0,0,0.1867487362331084,8.56184524469918,6.87509650846607,False,150,7001
7,1,1,True,113,2.2600000000000002,19.034490938171736,0,0,17.703090428334068,9.79980101121602,0.9667105828819554,False,113,7000
7,1,1,False,,,37.355964940349324,0,0,5.391691293758486,8.56184524469918,1.6701539509406995,False,150,7001
7,1,-1,True,77,1.54,20.459120255124922,0,0,18.12070151015853,9.79980101121602,0.9090995010574983,False,77,7000
7,1,-1,True,66,1.32,13.141921482595352,0,0,16.961617453998386,8.56184524469918,0.9402277907007985,False,66,7001
7,2,1,True,70,1.4000000000000001,18.332782253038417,0,0,18.276195335652915,9.79980101121602,0.8236056755631112,False,70,7000
7,2,1,True,91,1.82,20.90447785835526,0,0,16.684338946662976,8.56184524469918,0.967506298036206,False,91,7001
7,2,-1,False,,,21.95712069780191,0,0,6.5409984410485675,9.79980101121602,1.758802570167459,False,150,7000
7,2,-1,False,,,29.613092078641827,0,0,4.068937547135418,8.56184524469918,2.992907697563774,False,150,7001
7,3,1,False,,,30.891804103242098,0,0,5.669555482310908,9.79980101121602,2.6302455289051214,False,150,7000
7,3,1,False,,,31.485346248195192,0,0,4.318445981984244,8.56184524469918,2.743399262714947,False,150,7001
7,3,-1,True,64,1.28,18.511975914630654,0,0,18.256106458983254,9.79980101121602,0.9036945522327696,False,64,7000
7,3,-1,True,74,1.48,18.39958154287953,0,0,16.848892363762427,8.56184524469918,0.9729528809367572,False,74,7001
7,4,1,True,104,2.08,21.37881610596215,0,0,17.90501429873262,9.79980101121602,0.8547867124834045,False,104,7000
7,4,1,True,115,2.3000000000000003,18.38830045861548,0,0,16.520457405963192,8.56184524469918,0.8913878387359943,False,115,7001
7,4,-1,True,95,1.9000000000000001,23.532559394623462,0,0,17.92780724407873,9.79980101121602,0.9219937671372993,False,95,7000
7,4,-1,False,,,42.672590825588536,0,0,-9.117357551322092,8.56184524469918,16.179202796021286,False,150,7001
7,5,1,False,,,32.793863677931924,0,0,7.108711942944459,9.79980101121602,1.1910890682715678,False,150,7000
7,5,1,False,,,35.11699084460266,0,0,5.646969057744974,8.56184524469918,1.4148761869542188,False,150,7001
7,5,-1,False,,,45.60620129946327,0,0,-19.441542081289587,9.79980101121602,27.74134309250556,False,150,7000
7,5,-1,True,49,0.98,12.127154595211849,0,0,17.477996953878414,8.56184524469918,0.5938482908207694,False,49,7001
7,6,1,False,,,52.48921806872317,0,0,-17.184501628741533,9.79980101121602,25.48430263995756,False,150,7000
7,6,1,True,110,2.2,20.241997798799815,0,0,16.5997882716938,8.56184524469918,0.8620569730053786,False,110,7001
7,6,-1,True,127,2.54,22.437916377655924,0,0,17.64239286014049,9.79980101121602,0.8874081510755367,False,127,7000
7,6,-1,True,133,2.66,30.815838206282177,0,0,16.290365313026918,8.56184524469918,0.9414799316722674,False,133,7001
7,7,1,False,,,30.70471107873089,0,0,6.205936717640647,9.79980101121602,2.09386429357538,False,150,7000
7,7,1,True,89,1.78,21.06558959814639,0,0,16.69603228321251,8.56184524469918,0.9758129614866785,False,89,7001
7,7,-1,True,83,1.6600000000000001,20.736810005756677,0,0,18.16024121272951,9.79980101121602,0.8095597984865119,False,83,7000
7,7,-1,True,91,1.82,19.57551905745992,0,0,16.872854771655003,8.56184524469918,0.7789904730441858,False,91,7001
8,0,1,True,72,1.44,13.015899257957548,0,0,15.740826223547163,7.065058865897444,0.6042326423502871,False,72,8000
8,0,1,True,132,2.64,34.99260817533044,0,0,16.324116423871434,8.352367173194459,0.7082507493230319,False,132,8001
8,0,-1,True,120,2.4,28.825586586128292,0,0,14.883015812120963,7.065058865897444,0.9820430537764886,False,120,8000
8,0,-1,True,74,1.48,17.493980663905614,0,0,16.784518665691152,8.352367173194459,0.8278485075033052,False,74,8001
8,1,1,False,,,33.157641097326305,0,0,-0.1487766740623686,7.065058865897444,5.7138355399598115,False,150,8000
8,1,1,False,,,29.56068021954988,0,0,4.954567056556918,8.352367173194459,1.8978001166375489,False,150,8001
8,1,-1,True,39,0.78,10.162502876895996,0,0,15.911975141182872,7.065058865897444,0.763083724714574,False,39,8000
8,1,-1,False,,,51.96531968630914,0,0,-28.890520625781573,8.352367173194459,35.742887798975985,False,150,8001
8,2,1,True,108,2.16,19.251049440811062,0,0,15.047140725907237,7.065058865897444,0.9379181399902139,False,108,8000
8,2,1,True,73,1.46,18.144891431006528,0,0,16.863935329275257,8.352367173194459,0.7584318439192056,False,73,8001
8,2,-1,False,,,29.00707411838682,0,0,0.7801809038292098,7.065058865897444,4.78487796206824,False,150,8000
8,2,-1,False,,,43.91132129250765,0,0,-11.914175879836836,8.352367173194459,18.766543053031302,False,150,8001
8,3,1,True,44,0.88,9.01397924695565,0,0,15.627568174647568,7.065058865897444,0.9974906912498778,False,44,8000
8,3,1,False,,,51.32858167024324,0,0,-17.37089986035668,8.352367173194459,24.223267033551146,False,150,8001
8,3,-1,True,144,2.88,30.527849176465132,0,0,14.679742084044136,7.065058865897444,0.9453167818533158,False,144,8000
8,3,-1,True,133,2.66,25.10735761470457,0,0,16.234978231999374,8.352367173194459,0.7873889411950872,False,133,8001
8,4,1,True,109,2.18,17.28042588496325,0,0,15.02882730656292,7.065058865897444,0.9462315593345293,False,109,8000
8,4,1,False,,,47.11059890176887,0,0,-16.893106383836304,8.352367173194459,23.74547355703077,False,150,8001
8,4,-1,True,127,2.54,26.14695081568898,0,0,14.963311575424687,7.065058865897444,0.8317472904727662,False,127,8000
8,4,-1,True,79,1.58,23.092150905515194,0,0,16.56328082930292,8.352367173194459,0.9990863438915456,False,79,8001
8,5,1,True,97,1.94,18.048261626757284,0,0,15.262223571674074,7.065058865897444,0.8328352942233772,False,97,8000
8,5,1,False,,,43.08927099976473,0,0,-6.4262007350084325,8.352367173194459,13.2785679082029,False,150,8001
8,5,-1,False,,,36.12395373174414,0,0,-6.601030621203934,7.065058865897444,12.1660894871014,False,150,8000
8,5,-1,True,111,2.22,26.799138468516656,0,0,16.265758667518483,8.352367173194459,0.9766085056759793,False,111,8001
8,6,1,True,113,2.2600000000000002,27.524274067345345,0,0,15.046819989749917,7.065058865897444,0.8882388761475282,False,113,8000
8,6,1,True,118,2.36,21.013663650851438,0,0,16.206232784511293,8.352367173194459,0.9661343886831688,False,118,8001
8,6,-1,True,65,1.3,17.948681864113357,0,0,15.46726563362891,7.065058865897444,0.9477932322685355,False,65,8000
8,6,-1,False,,,39.71195202900322,0,0,5.20360290489884,8.352367173194459,1.648764268295624,False,150,8001
8,7,1,True,73,1.46,17.004177983957565,0,0,15.442001706056937,7.065058865897444,0.8930571598405109,False,73,8000
8,7,1,True,84,1.68,20.94731882868639,0,0,16.62741420450551,8.352367173194459,0.8849529686889557,False,84,8001
8,7,-1,True,81,1.62,18.146704446121003,0,0,15.375417439258767,7.065058865897444,0.8796414266386829,False,81,8000
8,7,-1,True,116,2.32,26.06454679541189,0,0,16.38784140743526,8.352367173194459,0.8045257657591987,False,116,8001
9,0,1,True,67,1.34,14.34732588125227,0,0,14.735664765466018,6.213834704363471,0.8081699388974588,False,67,9000
9,0,1,True,133,2.66,28.82293724981396,0,0,17.182164397034075,9.5065292781639,0.9943648811298279,False,133,9001
9,0,-1,True,41,0.8200000000000001,9.891479697091972,0,0,14.96907251695645,6.213834704363471,0.8347621874070238,False,41,9000
9,0,-1,True,117,2.34,29.748295043996166,0,0,17.440014597474743,9.5065292781639,0.8965146806891632,False,117,9001
9,1,1,True,42,0.84,10.068468005571988,0,0,15.138713776796102,6.213834704363471,0.6551209275673688,False,42,9000
9,1,1,False,,,41.88177839442799,0,0,3.560324708884255,9.5065292781639,4.446204569279644,False,150,9001
9,1,-1,True,79,1.58,16.86707115990248,0,0,14.43192029935295,6.213834704363471,0.9919144050105266,False,79,9000
9,1,-1,True,89,1.78,18.08673992633303,0,0,17.976278472546177,9.5065292781639,0.6402508056177267,False,89,9001
9,2,1,True,66,1.32,14.391544175810953,0,0,14.836306955091114,6.213834704363471,0.71752774927236,False,66,9000
9,2,1,True,135,2.7,32.3456485334829,0,0,17.33346923893211,9.5065292781639,0.8230600392318047,False,135,9001
9,2,-1,True,79,1.58,20.22349853241112,0,0,14.49799830503612,6.213834704363471,0.9258363993273514,False,79,9000
9,2,-1,True,86,1.72,21.01096457519524,0,0,17.65245179266148,9.5065292781639,0.9940774855024234,False,86,9001
9,3,1,True,40,0.8,9.127747841173809,0,0,14.898746337602184,6.213834704363471,0.9150883667612886,False,40,9000
9,3,1,False,,,46.85073749264815,0,0,-14.079810859863155,9.5065292781639,22.08634013802707,False,150,9001
9,3,-1,True,98,1.96,22.75328973198958,0,0,14.451036235135316,6.213834704363471,0.7827984692281581,False,98,9000
9,3,-1,False,,,29.907319337623125,0,0,5.6388494657249275,9.5065292781639,2.367679812438978,False,150,9001
9,4,1,False,,,46.87115294846123,0,0,2.7940000190332746,6.213834704363471,1.9198346853302117,False,150,9000
9,4,1,False,,,53.704832698452854,0,0,-22.98453677538326,9.5065292781639,30.991066053547133,False,150,9001
9,4,-1,False,,,19.824056757745026,0,0,-1.9791041442606845,6.213834704363471,6.692938848624155,False,150,9000
9,4,-1,False,,,20.661825515528115,0,0,-3.156951329930058,9.5065292781639,11.163480608093968,False,150,9001
9,5,1,True,33,0.66,7.877681312542071,0,0,14.889465115060986,6.213834704363471,0.9943695893024865,False,33,9000
9,5,1,True,60,1.2,15.195010927949054,0,0,18.33963279014275,9.5065292781639,0.5668964880211523,False,60,9001
9,5,-1,True,111,2.22,25.02323303120574,0,0,14.332178960656474,6.213834704363471,0.7716557437069985,False,111,9000
9,5,-1,False,,,34.02225305439632,0,0,2.999281930342679,9.5065292781639,5.007247347821225,False,150,9001
9,6,1,True,68,1.36,14.089227300309146,0,0,14.560796994067495,6.213834704363471,0.9730377102959813,False,68,9000
9,6,1,False,,,29.479204864194273,0,0,-0.21627758090449967,9.5065292781639,8.222806859068411,False,150,9001
9,6,-1,True,81,1.62,20.75837398825855,0,0,14.637393737580762,6.213834704363471,0.7664409667827131,False,81,9000
9,6,-1,True,70,1.4000000000000001,15.232381987415962,0,0,18.095293405672365,9.5065292781639,0.711235872491537,False,70,9001
9,7,1,True,88,1.76,20.317852773797103,0,0,14.339739713083603,6.213834704363471,0.9940949912798764,False,88,9000
9,7,1,True,98,1.96,19.340828213780163,0,0,17.661366606824103,9.5065292781639,0.8651626713398025,False,98,9001
9,7,-1,True,70,1.4000000000000001,17.619899520815412,0,0,14.642909178739009,6.213834704363471,0.8709255256244636,False,70,9000
9,7,-1,True,138,2.7600000000000002,34.12852892964371,0,0,17.266421161313865,9.5065292781639,0.8601081168500364,False,138,9001
10,0,1,True,137,2.74,27.257825203562252,0,0,14.953406290825976,7.205332057292296,0.8819257664663298,False,137,10000
10,0,1,False,,,28.66344964673108,0,0,2.1557076072534915,8.239471254259945,4.583763647006454,False,150,10001
10,0,-1,True,50,1.0,11.423208979271037,0,0,15.955773734633278,7.205332057292296,0.7495583226590212,False,50,10000
10,0,-1,True,125,2.5,34.38789185351392,0,0,16.196416221845624,8.239471254259945,0.7930550324143245,False,125,10001
10,1,1,False,,,33.26761879454318,0,0,1.7467515540948002,7.205332057292296,3.9585805031974957,False,150,10000
10,1,1,False,,,32.99510161745399,0,0,1.2750436059843102,8.239471254259945,5.464427648275633,False,150,10001
10,1,-1,False,,,41.52103290624573,0,0,-8.990377452231433,7.205332057292296,14.69570950952374,False,150,10000
10,1,-1,True,56,1.12,13.259954026643143,0,0,16.801926475978537,8.239471254259945,0.8775447782814082,False,56,10001
10,2,1,True,126,2.52,30.115744391925794,0,0,15.06767874725194,7.205332057292296,0.8776533100403638,False,126,10000
10,2,1,False,,,29.590624132506665,0,0,-3.8926744332396233,8.239471254259945,10.632145687499582,False,150,10001
10,2,-1,True,70,1.4000000000000001,20.29223047534679,0,0,15.814661455837207,7.205332057292296,0.6906706014550926,False,70,10000
10,2,-1,True,82,1.6400000000000001,19.385225096027842,0,0,16.63225592973658,8.239471254259945,0.7872153245233687,False,82,10001
10,3,1,False,,,33.348105040803425,0,0,3.7743058797963545,7.205332057292296,1.9310261774959552,False,150,10000
10,3,1,False,,,36.938835887060776,0,0,1.7425549733900243,8.239471254259945,4.9969162808699235,False,150,10001
10,3,-1,True,85,1.7,19.614780295563836,0,0,15.486228416672581,7.205332057292296,0.8691036406197175,False,85,10000
10,3,-1,True,88,1.76,19.65025601013953,0,0,16.48134977619328,8.239471254259945,0.8781214780666686,False,88,10001
10,4,1,True,116,2.32,30.013176428218983,0,0,15.123906756971937,7.205332057292296,0.9214253003203607,False,116,10000
10,4,1,False,,,37.2157899809535,0,0,3.627303381536427,8.239471254259945,3.112167872723524,False,150,10001
10,4,-1,True,120,2.4,26.73184851909141,0,0,15.25067698651455,7.205332057292296,0.7546550707777504,False,120,10000
10,4,-1,True,79,1.58,18.167273695163573,0,0,16.62141252714092,8.239471254259945,0.8280587271190284,False,79,10001
10,5,1,True,135,2.7,29.4433255403683,0,0,14.883035816544592,7.205332057292296,0.9722962407477123,False,135,10000
10,5,1,False,,,34.448016598792535,0,0,4.587761957444346,8.239471254259945,2.1517092968156075,False,150,10001
10,5,-1,True,80,1.6,19.913846442636714,0,0,15.462240524318343,7.205332057292296,0.9430915329739538,False,80,10000
10,5,-1,True,76,1.52,16.359060387646263,0,0,16.514017352394706,8.239471254259945,0.965453901865239,False,76,10001
10,6,1,True,76,1.52,23.39778154060557,0,0,15.643301674903011,7.205332057292296,0.8020303823892856,False,76,10000
10,6,1,True,119,2.38,37.23229989239175,0,0,16.206798156373893,8.239471254259945,0.8426730978860523,False,119,10001
10,6,-1,True,122,2.44,18.297194520733175,0,0,15.0659611838322,7.205332057292296,0.9193708734601072,False,122,10000
10,6,-1,True,126,2.52,22.85299593601693,0,0,16.31128821426363,8.239471254259945,0.6681830399963206,False,126,10001
10,7,1,True,83,1.6600000000000001,18.61868331076708,0,0,15.58538935101916,7.205332057292296,0.7899427062731427,False,83,10000
10,7,1,True,111,2.22,20.191758625548484,0,0,16.176619528256168,8.239471254259945,0.9528517260037846,False,111,10001
10,7,-1,True,92,1.84,23.779396734522454,0,0,15.367060562660694,7.205332057292296,0.9182714946316063,False,92,10000
10,7,-1,False,,,32.790101106591564,0,0,0.195571682672804,8.239471254259945,6.543899571587151,False,150,10001
11,0,1,True,74,1.48,21.307011137423224,0,0,18.731697565481944,10.245588021782284,0.7738904563003394,False,74,11000
11,0,1,True,50,1.0,12.358030321127059,0,0,16.52543805273858,7.982600126952775,0.9571620742141995,False,50,11001
11,0,-1,False,,,37.80477364559692,0,0,-10.169714920725953,10.245588021782284,18.91530294250826,False,150,11000
11,0,-1,False,,,37.41944010347297,0,0,2.439001329082667,7.982600126952775,4.043598797870115,False,150,11001
11,1,1,False,,,47.16304535871656,0,0,6.250550358585703,10.245588021782284,2.495037663196595,False,150,11000
11,1,1,True,67,1.34,16.31338777140544,0,0,16.443600282274804,7.982600126952775,0.8689998446779702,False,67,11001
11,1,-1,False,,,28.04835775250954,0,0,0.9108026005237932,10.245588021782284,7.83478542125849,False,150,11000
11,1,-1,False,,,36.19816152376077,0,0,3.3504120131644424,7.982600126952775,3.1321881137883403,False,150,11001
11,2,1,False,,,25.989099176950457,0,0,3.254366761647023,10.245588021782284,5.491221260135262,False,150,11000
11,2,1,True,100,2.0,16.414921631146882,0,0,16.035080979595772,7.982600126952775,0.9475191473570076,False,100,11001
11,2,-1,True,64,1.28,16.082766390067135,0,0,18.788062400126393,10.245588021782284,0.8175256216558947,False,64,11000
11,2,-1,False,,,47.98835851083072,0,0,-19.336075751794933,7.982600126952775,25.8186758787477,False,150,11001
11,3,1,False,,,52.776382937947204,0,0,-17.779471127453377,10.245588021782284,26.525059149235666,False,150,11000
11,3,1,True,44,0.88,12.603724122926309,0,0,16.793526472969486,7.982600126952775,0.7490736539832916,False,44,11001
11,3,-1,False,,,27.745843586327165,0,0,-1.2006385035841887,10.245588021782284,9.946226525366471,False,150,11000
11,3,-1,True,115,2.3000000000000003,25.29557413249137,0,0,15.907751339283102,7.982600126952775,0.924848787669678,False,115,11001
11,4,1,False,,,49.18600642064287,0,0,-10.371922941047666,10.245588021782284,19.117510962829964,False,150,11000
11,4,1,False,,,52.96690173429477,0,0,-23.33151986811013,7.982600126952775,29.81411999506288,False,150,11001
11,4,-1,False,,,25.71891892288739,0,0,-0.898208489416642,10.245588021782284,9.643796511198925,False,150,11000
11,4,-1,False,,,22.917327419436624,0,0,1.723928658023179,7.982600126952775,4.758671468929595,False,150,11001
11,5,1,False,,,26.656710003316803,0,0,-6.203078442099395,10.245588021782284,14.9486664638817,False,150,11000
11,5,1,True,71,1.42,18.639816148808514,0,0,16.497790560709873,7.982600126952775,0.7748095662429054,False,71,11001
11,5,-1,True,94,1.8800000000000001,23.63597853384857,0,0,18.406841287531776,10.245588021782284,0.8987467342505112,False,94,11000
11,5,-1,True,69,1.3800000000000001,18.32595471851651,0,0,16.368057991877443,7.982600126952775,0.9245421350753311,False,69,11001
11,6,1,False,,,31.26128744022553,0,0,3.606465115594574,10.245588021782284,5.1391229061877235,False,150,11000
11,6,1,True,108,2.16,21.88974517230007,0,0,16.100921144623605,7.982600126952775,0.8016789823291717,False,108,11001
11,6,-1,True,92,1.84,25.170189170669868,0,0,18.43728346868655,10.245588021782284,0.8883045530957354,False,92,11000
11,6,-1,True,47,0.9400000000000001,11.846086293797102,0,0,16.814602226355333,7.982600126952775,0.6979979005974432,False,47,11001
11,7,1,False,,,34.53901990446218,0,0,6.6063646853664535,10.245588021782284,2.1392233364158457,False,150,11000
11,7,1,True,59,1.18,16.949258538306474,0,0,16.622504408633567,7.982600126952775,0.7700957183192125,False,59,11001
11,7,-1,True,131,2.62,31.265027882626548,0,0,18.03179789059734,10.245588021782284,0.9037901311849525,False,131,11000
11,7,-1,True,98,1.96,22.229196875862932,0,0,16.243281230115187,7.982600126952775,0.7593188968375935,False,98,11001
12,0,1,True,113,2.2600000000000002,23.24818466782095,0,0,17.461597007699112,9.403375205303199,0.8117781976040963,False,113,12000
12,0,1,False,,,24.078730480993727,0,0,-0.6049081866482828,7.790044025372896,6.8949522120211775,False,150,12001
12,0,-1,True,122,2.44,31.45533732767402,0,0,17.32568195385042,9.403375205303199,0.8576932514527811,False,122,12000
12,0,-1,False,,,41.47760811682456,0,0,0.5898246818951995,7.790044025372896,5.700219343477696,False,150,12001
12,1,1,False,,,39.071962821909125,0,0,5.2603289726942455,9.403375205303199,2.6430462326089557,False,150,12000
12,1,1,True,76,1.52,17.373122845949734,0,0,16.1347703504629,7.790044025372896,0.8952736749099993,False,76,12001
12,1,-1,True,120,2.4,27.73653941949344,0,0,17.23601780656996,9.403375205303199,0.9673573987332514,False,120,12000
12,1,-1,False,,,38.19329921496124,0,0,3.752926290004563,7.790044025372896,2.53711773536834,False,150,12001
12,2,1,True,128,2.56,36.63642460237928,0,0,17.212347167665673,9.403375205303199,0.9110280376375381,False,128,12000
12,2,1,True,107,2.14,28.134191606510733,0,0,15.855903524363896,7.790044025372896,0.8641405010090065,False,107,12001
12,2,-1,True,78,1.56,18.285806554897146,0,0,17.647749200318803,9.403375205303199,0.9756260049843982,False,78,12000
12,2,-1,True,85,1.7,18.048421153478536,0,0,16.07575984785753,7.790044025372896,0.8642841775153688,False,85,12001
12,3,1,True,73,1.46,18.007113012627745,0,0,17.70121574913875,9.403375205303199,0.9721594561644552,False,73,12000
12,3,1,True,52,1.04,11.434832214429537,0,0,16.36552185048931,7.790044025372896,0.9045221748835909,False,52,12001
12,3,-1,True,71,1.42,21.24942807540335,0,0,17.923675963526506,9.403375205303199,0.7696992417766949,False,71,12000
12,3,-1,True,107,2.14,21.18516091522836,0,0,15.77359713568957,7.790044025372896,0.9464468896833329,False,107,12001
12,4,1,False,,,33.40814591871884,0,0,4.827698197738312,9.403375205303199,3.0756770075648996,False,150,12000
12,4,1,False,,,32.24325452401197,0,0,2.7661104326956725,7.790044025372896,3.5239335926772233,False,150,12001
12,4,-1,True,59,1.18,16.52575960324462,0,0,18.097296156913874,9.403375205303199,0.7160790483893271,False,59,12000
12,4,-1,True,70,1.4000000000000001,17.391099107787745,0,0,16.10608745162061,7.790044025372896,0.9839565737522917,False,70,12001
12,5,1,True,72,1.44,16.94383288313676,0,0,17.693807374171293,9.403375205303199,0.9895678311319093,False,72,12000
12,5,1,True,74,1.48,15.276336194732737,0,0,16.08805504418112,7.790044025372896,0.9619889811917826,False,74,12001
12,5,-1,False,,,39.877953638435635,0,0,-2.780514697885419,9.403375205303199,10.683889903188629,False,150,12000
12,5,-1,True,115,2.3000000000000003,29.908093786278933,0,0,15.685485911104017,7.790044025372896,0.9545581142688859,False,115,12001
12,6,1,False,,,34.87008443620942,0,0,6.347356986770597,9.403375205303199,1.5560182185326128,False,150,12000
12,6,1,False,,,31.111338094472234,0,0,4.524000562897504,7.790044025372896,1.7660434624753971,False,150,12001
12,6,-1,True,56,1.12,15.917026914562184,0,0,18.04915990293666,9.403375205303199,0.7942153023665428,False,56,12000
12,6,-1,True,37,0.74,9.078458993822418,0,0,16.57598954382709,7.790044025372896,0.8440544815458079,False,37,12001
12,7,1,True,61,1.22,15.453512636784911,0,0,17.808235527954356,9.403375205303199,0.9851396773488447,False,61,12000
12,7,1,True,56,1.12,13.428805844586515,0,0,16.448597094978574,7.790044025372896,0.7814469303943248,False,56,12001
12,7,-1,True,120,2.4,30.616681593108357,0,0,17.292029012029346,9.403375205303199,0.9113461932738576,False,120,12000
12,7,-1,True,116,2.32,26.842034375543044,0,0,15.748177683049573,7.790044025372896,0.8818663423233266,False,116,12001
13,0,1,False,,,46.265877101882204,0,0,-12.063311468829841,6.96214105719718,17.525452526027035,False,150,13000
13,0,1,True,54,1.08,14.480666775998635,0,0,17.713846670252615,9.169428332018564,0.9155816617659536,False,54,13001
13,0,-1,True,134,2.68,30.66191949999613,0,0,14.744018434888467,6.96214105719718,0.8781226223087168,False,134,13000
13,0,-1,True,120,2.4,27.86448872059671,0,0,17.028526511244955,9.169428332018564,0.9409018207736171,False,120,13001
13,1,1,False,,,48.36151192360376,0,0,-18.765993834815173,6.96214105719718,24.228134892012353,False,150,13000
13,1,1,True,64,1.28,13.844004840633747,0,0,17.59837913388345,9.169428332018564,0.9310491981351152,False,64,13001
13,1,-1,True,81,1.62,17.232232681117125,0,0,15.39984846048984,6.96214105719718,0.7522925967073426,False,81,13000
13,1,-1,True,116,2.32,26.632256520028157,0,0,17.05781908479623,9.169428332018564,0.9516092472223415,False,116,13001
13,2,1,False,,,42.20995019270645,0,0,-2.8094148569883792,6.96214105719718,8.271555914185587,False,150,13000
13,2,1,True,47,0.9400000000000001,12.081349140152989,0,0,17.82405233484807,9.169428332018564,0.8753759971704955,False,47,13001
13,2,-1,False,,,26.799765758488196,0,0,3.460797467137306,6.96214105719718,2.0013435900598755,False,150,13000
13,2,-1,False,,,33.04071646195988,0,0,3.3220533050794687,9.169428332018564,4.347375026939103,False,150,13001
13,3,1,True,109,2.18,23.422849786244605,0,0,14.925327168891961,6.96214105719718,0.9468138883052242,False,109,13000
13,3,1,True,118,2.36,32.84567938124504,0,0,17.099690794412755,9.169428332018564,0.889737537605816,False,118,13001
13,3,-1,False,,,38.957000055094475,0,0,-1.939478520766657,6.96214105719718,7.401619577963866,False,150,13000
13,3,-1,True,73,1.46,18.34572537360385,0,0,17.499043546734562,9.169428332018564,0.9403847852840039,False,73,13001
13,4,1,False,,,40.8849434416817,0,0,1.2861372517076863,6.96214105719718,4.176003805489501,False,150,13000
13,4,1,True,97,1.94,26.354867140278497,0,0,17.260239001745795,9.169428332018564,0.9391893302727743,False,97,13001
13,4,-1,True,64,1.28,16.024073912637615,0,0,15.380614081971245,6.96214105719718,0.9415269752259372,False,64,13000
13,4,-1,True,118,2.36,22.791290959558236,0,0,17.054669338220844,9.169428332018564,0.9347589937977294,False,118,13001
13,5,1,True,130,2.6,20.58079198783687,0,0,14.854190163186708,6.96214105719718,0.8079508940104758,False,130,13000
13,5,1,False,,,30.795219350422784,0,0,-3.4203697771182444,9.169428332018564,11.089798109136817,False,150,13001
13,5,-1,False,,,41.35492096409134,0,0,-8.980325720510328,6.96214105719718,14.442466777707454,False,150,13000
13,5,-1,True,50,1.0,11.659924616118754,0,0,17.893221067151032,9.169428332018564,0.776207264867537,False,50,13001
13,6,1,True,81,1.62,20.447832919036983,0,0,15.316448434068654,6.96214105719718,0.835692623128532,False,81,13000
13,6,1,False,,,43.79811661536287,0,0,0.035584883805023004,9.169428332018564,7.633843448213546,False,150,13001
13,6,-1,True,84,1.68,20.299732161141787,0,0,15.240522746878938,6.96214105719718,0.8816183103182459,False,84,13000
13,6,-1,False,,,36.29115826091476,0,0,4.149063968480782,9.169428332018564,3.520364363537791,False,150,13001
13,7,1,True,75,1.5,17.588552049707836,0,0,15.265294284395441,6.96214105719718,0.9468467728017417,False,75,13000
13,7,1,True,140,2.8000000000000003,31.60336594862414,0,0,16.842617236555242,9.169428332018564,0.9268110954633297,False,140,13001
13,7,-1,True,65,1.3,16.920246928676182,0,0,15.47194262139444,6.96214105719718,0.8401984358027409,False,65,13000
13,7,-1,True,85,1.7,20.7420572846107,0,0,17.46231108704332,9.169428332018564,0.8571172449752478,False,85,13001
14,0,1,True,69,1.3800000000000001,15.675602834912336,0,0,17.114778088052823,8.728367276795208,0.9235891887423894,False,69,14000
14,0,1,True,81,1.62,16.14611128325218,0,0,16.909845737917024,8.691258881274782,0.971413143357762,False,81,14001
14,0,-1,True,64,1.28,17.688211843203412,0,0,17.28514620596523,8.728367276795208,0.8032210708299816,False,64,14000
14,0,-1,True,112,2.24,25.891497377187676,0,0,16.59090917617454,8.691258881274782,0.9803497051002531,False,112,14001
14,1,1,True,104,2.08,24.45760095809639,0,0,16.71235172198379,8.728367276795208,0.9760155548114194,False,104,14000
14,1,1,True,97,1.94,20.548205038867323,0,0,16.837665756187842,8.691258881274782,0.8835931250869449,False,97,14001
14,1,-1,False,,,41.334277319779225,0,0,2.569643926167136,8.728367276795208,4.658723350628078,False,150,14000
14,1,-1,True,82,1.6400000000000001,21.577868358567503,0,0,17.14511461273034,8.691258881274782,0.7261442685444496,False,82,14001
14,2,1,True,138,2.7600000000000002,26.355616890118984,0,0,16.428003920315458,8.728367276795208,0.920363356479752,False,138,14000
14,2,1,True,149,2.98,32.739468826207705,0,0,16.277974879000514,8.691258881274782,0.9232840022742758,False,149,14001
14,2,-1,True,69,1.3800000000000001,18.708788806284357,0,0,17.08279936760062,8.728367276795208,0.9555679091945872,False,69,14000
14,2,-1,True,63,1.26,15.671154876402982,0,0,17.064280206283016,8.691258881274782,0.9969786749917692,False,63,14001
14,3,1,False,,,28.67912427546988,0,0,5.775314724301807,8.728367276795208,1.4530525524934046,False,150,14000
14,3,1,False,,,28.79542631475684,0,0,4.54187811405617,8.691258881274782,2.6493807672186245,False,150,14001
14,3,-1,False,,,49.04497838995909,0,0,-20.06276910899705,8.728367276795208,27.291136385792257,False,150,14000
14,3,-1,True,54,1.08,14.304768522916339,0,0,17.519788423935527,8.691258881274782,0.631470457339259,False,54,14001
14,4,1,True,77,1.54,20.264228620812553,0,0,16.974225764194898,8.728367276795208,0.9841415126003153,False,77,14000
14,4,1,True,46,0.92,11.637769261246458,0,0,17.39655117572768,8.691258881274782,0.8347077055471028,False,46,14001
14,4,-1,True,132,2.64,28.782568096891605,0,0,16.421972156827685,8.728367276795208,0.9863951199675237,False,132,14000
14,4,-1,False,,,30.4980328522723,0,0,2.551319227247072,8.691258881274782,4.639939654027719,False,150,14001
14,5,1,True,100,2.0,22.819032736778496,0,0,16.783415906298387,8.728367276795208,0.9449513704968276,False,100,14000
14,5,1,True,66,1.32,13.713572432844924,0,0,17.11950135221975,8.691258881274782,0.9117575290550345,False,66,14001
14,5,-1,False,,,40.43562777154778,0,0,4.236900995897089,8.728367276795208,2.991466280898125,False,150,14000
14,5,-1,False,,,41.15507409060403,0,0,4.652122018246966,8.691258881274782,2.539136863027821,False,150,14001
14,6,1,True,65,1.3,17.325194868714743,0,0,17.15038235169856,8.728367276795208,0.9279849250966499,False,65,14000
14,6,1,True,60,1.2,14.279805365341948,0,0,17.114526189758248,8.691258881274782,0.9767326915165376,False,60,14001
14,6,-1,True,96,1.92,20.95258236432226,0,0,16.857846722886308,8.728367276795208,0.9105205539089054,False,96,14000
14,6,-1,True,123,2.46,27.655445664263336,0,0,16.776174759698122,8.691258881274782,0.6850841215766619,False,123,14001
14,7,1,True,55,1.1,14.651289956437365,0,0,17.28315201567304,8.728367276795208,0.8952152611221693,False,55,14000
14,7,1,True,73,1.46,16.80358567186632,0,0,17.050765372267666,8.691258881274782,0.9104935090071211,False,73,14001
14,7,-1,True,102,2.04,27.650749290259107,0,0,17.25895391572579,8.728367276795208,0.44941336106942215,False,102,14000
14,7,-1,True,91,1.82,22.249314354829256,0,0,16.833476436535694,8.691258881274782,0.9477824447390907,False,91,14001
15,0,1,True,44,0.88,12.127916514692838,0,0,15.986791666720531,7.4152043116096715,0.9884126448891415,False,44,15000
15,0,1,True,38,0.76,10.195512367026408,0,0,16.201151426846053,7.29733786931187,0.7161864424658185,False,38,15001
15,0,-1,True,125,2.5,30.036057441032153,0,0,15.230614413500316,7.4152043116096715,0.9345898981093607,False,125,15000
15,0,-1,True,71,1.42,14.783911690100858,0,0,15.692280219155084,7.29733786931187,0.8950576501567887,False,71,15001
15,1,1,True,55,1.1,15.782159020570257,0,0,16.084403154463118,7.4152043116096715,0.7808011571465524,False,55,15000
15,1,1,True,46,0.92,11.801331929881583,0,0,16.255532498456255,7.29733786931187,0.5818053708556126,False,46,15001
15,1,-1,True,121,2.42,31.24525386888854,0,0,15.288682398720516,7.4152043116096715,0.9165219128891605,False,121,15000
15,1,-1,True,104,2.08,26.99724547248139,0,0,15.577556773033116,7.29733786931187,0.6797810962787589,False,104,15001
15,2,1,True,48,0.96,13.397598653014555,0,0,16.165913928040013,7.4152043116096715,0.7692903835696614,False,48,15000
15,2,1,True,64,1.28,16.59828128351562,0,0,15.66625275502362,7.29733786931187,0.9910851142882532,False,64,15001
15,2,-1,True,87,1.74,19.913664745716627,0,0,15.5666928844255,7.4152043116096715,0.9785114271841782,False,87,15000
15,2,-1,True,46,0.92,11.305863759485371,0,0,16.052800098537933,7.29733786931187,0.7845377707739405,False,46,15001
15,3,1,True,56,1.12,13.771356168364854,0,0,15.970082076789637,7.4152043116096715,0.8851222348200359,False,56,15000
15,3,1,True,43,0.86,10.434223785903127,0,0,16.02120143329637,7.29733786931187,0.8461364360155018,False,43,15001
15,3,-1,True,101,2.02,28.396989550267538,0,0,15.440680480283993,7.4152043116096715,0.9645238313256825,False,101,15000
15,3,-1,False,,,45.87804481384176,0,0,4.701820435506535,7.29733786931187,1.0955174338053395,False,150,15001
15,4,1,True,74,1.48,23.848734632824993,0,0,15.684949343907155,7.4152043116096715,0.9902549677025192,False,74,15000
15,4,1,False,,,43.055130316651415,0,0,2.3735779034076234,7.29733786931187,3.4237599659042655,False,150,15001
15,4,-1,True,75,1.5,20.230500455265677,0,0,15.77570597328869,7.4152043116096715,0.8894983383209826,False,75,15000
15,4,-1,True,47,0.9400000000000001,10.736331622546983,0,0,15.843936225956728,7.29733786931187,0.9834016433551444,False,47,15001
15,5,1,True,55,1.1,14.904870159965366,0,0,16.120945675586075,7.4152043116096715,0.7442586360235997,False,55,15000
15,5,1,True,57,1.1400000000000001,15.433916807257265,0,0,15.90121210868385,7.29733786931187,0.8261257606280182,False,57,15001
15,5,-1,True,97,1.94,26.524412672291167,0,0,15.680639764261418,7.4152043116096715,0.7645645473482551,False,97,15000
15,5,-1,True,64,1.28,14.506392197415463,0,0,15.815662506810138,7.29733786931187,0.8416753625017329,False,64,15001
15,6,1,True,116,2.32,30.643673776646867,0,0,15.755648056173431,7.4152043116096715,0.49955625543624266,False,116,15000
15,6,1,True,45,0.9,9.759197362407368,0,0,15.896920365013779,7.29733786931187,0.9504175042980931,False,45,15001
15,6,-1,True,86,1.72,21.68135989133627,0,0,15.671747906656996,7.4152043116096715,0.8834564049526742,False,86,15000
15,6,-1,True,51,1.02,12.440000989340813,0,0,15.815033206851771,7.29733786931187,0.9723046624601015,False,51,15001
15,7,1,True,62,1.24,17.728829709243655,0,0,15.913387598540705,7.4152043116096715,0.8818167130689702,False,62,15000
15,7,1,True,95,1.9000000000000001,23.34600946223202,0,0,15.371164622453854,7.29733786931187,0.9761732468580187,False,95,15001
15,7,-1,True,53,1.06,12.899272465528536,0,0,16.025856739377847,7.4152043116096715,0.8593475722318267,False,53,15000
15,7,-1,True,41,0.8200000000000001,9.814777020229618,0,0,16.064799929912954,7.29733786931187,0.8225379393989177,False,41,15001
16,0,1,True,131,2.62,32.94926389367097,0,0,16.706688946703576,8.750634650624164,0.7339457039205908,False,131,16000
16,0,1,False,,,37.61196687873647,0,0,6.938908554191405,9.54469710931843,1.1057885551270346,False,150,16001
16,0,-1,False,,,51.14028836600679,0,0,-19.299029342902852,8.750634650624164,26.54966399352701,False,150,16000
16,0,-1,False,,,50.64280677718166,0,0,-20.552957235383605,9.54469710931843,28.597654344702022,False,150,16001
16,1,1,True,52,1.04,13.56306900646732,0,0,17.451491487265468,8.750634650624164,0.7791431633586969,False,52,16000
16,1,1,True,62,1.24,15.067459553430233,0,0,18.136518532931873,9.54469710931843,0.7881785763865583,False,62,16001
16,1,-1,True,54,1.08,12.9717233955937,0,0,17.41667882581358,8.750634650624164,0.7939558248105854,False,54,16000
16,1,-1,True,84,1.68,23.070558979370485,0,0,17.956391982641957,9.54469710931843,0.7483051266764776,False,84,16001
16,2,1,True,63,1.26,14.809155395008464,0,0,17.220248319101167,8.750634650624164,0.9003863315230021,False,63,16000
16,2,1,True,96,1.92,24.718322146471404,0,0,17.63745231413771,9.54469710931843,0.947244795180725,False,96,16001
16,2,-1,True,52,1.04,12.877936907630447,0,0,17.331352817358564,8.750634650624164,0.8992818332656022,False,52,16000
16,2,-1,True,49,0.98,12.19438486836927,0,0,18.12891513747676,9.54469710931843,0.9257819718416708,False,49,16001
16,3,1,True,78,1.56,19.665505430012256,0,0,16.98084427037118,8.750634650624164,0.9897903802529865,False,78,16000
16,3,1,True,121,2.42,31.444135195556374,0,0,17.39662306010409,9.54469710931843,0.938074049214356,False,121,16001
16,3,-1,True,46,0.92,12.556786582829728,0,0,17.59585192491641,8.750634650624164,0.6947827257077563,False,46,16000
16,3,-1,True,54,1.08,12.782973412102137,0,0,18.035039028617014,9.54469710931843,0.9696580807014196,False,54,16001
16,4,1,False,,,51.39339529859549,0,0,-19.947409607291224,8.750634650624164,27.19804425791538,False,150,16000
16,4,1,True,50,1.0,14.839219613611855,0,0,18.0551729692155,9.54469710931843,0.9895241401029314,False,50,16001
16,4,-1,True,116,2.32,25.767248672970776,0,0,16.59409775520876,8.750634650624164,0.9965368954154115,False,116,16000
16,4,-1,True,120,2.4,27.05267418743925,0,0,17.544705487205643,9.54469710931843,0.7999916221127937,False,120,16001
16,5,1,True,149,2.98,38.10996436352349,0,0,16.43773591903527,8.750634650624164,0.822898731588903,False,149,16000
16,5,1,True,148,2.96,37.73796469158823,0,0,17.13446458778224,9.54469710931843,0.9302325215361987,False,148,16001
16,5,-1,False,,,44.74523143343254,0,0,2.586428136251013,8.750634650624164,4.664206514373153,False,150,16000
16,5,-1,True,57,1.1400000000000001,15.672173539668059,0,0,18.277467967266826,9.54469710931843,0.6972291420516071,False,57,16001
16,6,1,True,58,1.16,13.891292242398508,0,0,17.293520894466813,8.750634650624164,0.8771137561573518,False,58,16000
16,6,1,True,57,1.1400000000000001,13.854747392085251,0,0,18.399719102471824,9.54469710931843,0.5749780068466086,False,57,16001
16,6,-1,False,,,38.26124888438864,0,0,5.118480660995315,8.750634650624164,2.1321539896288537,False,150,16000
16,6,-1,False,,,40.990339791938844,0,0,-5.873749593349257,9.54469710931843,13.918446702667698,False,150,16001
16,7,1,True,100,2.0,21.144767192158724,0,0,16.810833947741262,8.750634650624164,0.9398007028829038,False,100,16000
16,7,1,False,,,40.755635569101656,0,0,3.928207145392185,9.54469710931843,4.11648996392625,False,150,16001
16,7,-1,True,52,1.04,13.688597119880054,0,0,17.316598399698407,8.750634650624164,0.9140362509257586,False,52,16000
16,7,-1,False,,,43.75006860276448,0,0,-4.32535718751336,9.54469710931843,12.370054296831798,False,150,16001
17,0,1,True,76,1.52,22.203288856985704,0,0,16.082940547987498,7.707738130493065,0.8647975825055663,False,76,17000
17,0,1,True,54,1.08,12.639582630220657,0,0,18.369992763122745,9.694785364862451,0.7847926017397093,False,54,17001
17,0,-1,True,62,1.24,17.172107824337907,0,0,16.22795009156288,7.707738130493065,0.8597880389301864,False,62,17000
17,0,-1,True,72,1.44,18.20850291147912,0,0,18.155615244471026,9.694785364862451,0.8191701203914316,False,72,17001
17,1,1,True,36,0.72,9.165851965103144,0,0,16.50325005601455,7.707738130493065,0.8444880744785166,False,36,17000
17,1,1,False,,,41.906468741354935,0,0,5.776995525077265,9.694785364862451,2.4177898397851942,False,150,17001
17,1,-1,True,114,2.2800000000000002,30.5581639596825,0,0,15.777125297720145,7.707738130493065,0.7906128327729258,False,114,17000
17,1,-1,True,100,2.0,25.77599656641334,0,0,17.936906435389464,9.694785364862451,0.7578789294729956,False,100,17001
17,2,1,True,110,2.2,27.372296476628136,0,0,15.671091374295987,7.707738130493065,0.9366467561970797,False,110,17000
17,2,1,False,,,44.69098372402329,0,0,2.667531367074802,9.694785364862451,5.52725399778766,False,150,17001
17,2,-1,True,34,0.68,8.245840318766831,0,0,16.370059936867186,7.707738130493065,0.9976781936258841,False,34,17000
17,2,-1,True,49,0.98,12.957025060884261,0,0,18.265358621654848,9.694785364862451,0.9394267432076034,False,49,17001
17,3,1,True,61,1.22,13.791489912366151,0,0,16.1960663669972,7.707738130493065,0.9016717634958675,False,61,17000
17,3,1,True,74,1.48,18.11954797680042,0,0,18.57040710040739,9.694785364862451,0.38437826445506373,False,74,17001
17,3,-1,True,55,1.1,14.838065838752222,0,0,16.169216216195547,7.707738130493065,0.9885219142975199,False,55,17000
17,3,-1,True,71,1.42,20.0290135937325,0,0,18.14794755959022,9.694785364862451,0.8368378052722308,False,71,17001
17,4,1,True,61,1.22,11.821714717593427,0,0,16.234281694345736,7.707738130493065,0.8634564361473328,False,61,17000
17,4,1,True,63,1.26,15.196826779789268,0,0,18.191353771873796,9.694785364862451,0.8734315929886596,False,63,17001
17,4,-1,True,62,1.24,15.765645876109376,0,0,16.184032786782318,7.707738130493065,0.9037053437107504,False,62,17000
17,4,-1,True,72,1.44,19.95023394296291,0,0,18.031840862019806,9.694785364862451,0.9429445028426501,False,72,17001
17,5,1,True,40,0.8,9.589816390698171,0,0,16.478740203282,7.707738130493065,0.8289979272110649,False,40,17000
17,5,1,True,56,1.12,14.435149210273003,0,0,18.423496662184178,9.694785364862451,0.7112887026782728,False,56,17001
17,5,-1,False,,,36.926887769440434,0,0,1.0741000207791433,7.707738130493065,5.133638109713928,False,150,17000
17,5,-1,False,,,39.692155954034696,0,0,6.529369060512168,9.694785364862451,1.6654163043502892,False,150,17001
17,6,1,True,67,1.34,16.45441412940734,0,0,16.228804869795614,7.707738130493065,0.8089332606974544,False,67,17000
17,6,1,True,85,1.7,25.08630439454867,0,0,18.243598682890042,9.694785364862451,0.6011866819724135,False,85,17001
17,6,-1,False,,,41.42076692540187,0,0,-3.4368126818534304,7.707738130493065,9.6445508123465,False,150,17000
17,6,-1,True,51,1.02,13.660232983910124,0,0,18.56916346027595,9.694785364862451,0.6156219045865073,False,51,17001
17,7,1,True,57,1.1400000000000001,12.560001121132506,0,0,16.291276372146847,7.707738130493065,0.8464617583462196,False,57,17000
17,7,1,True,116,2.32,32.12016265979727,0,0,17.81690670998626,9.694785364862451,0.7178786548761968,False,116,17001
17,7,-1,True,46,0.92,10.752997655655058,0,0,16.393759052626127,7.707738130493065,0.8539790778669422,False,46,17000
17,7,-1,True,64,1.28,16.891361670180277,0,0,18.16113346808263,9.694785364862451,0.8936518967798239,False,64,17001
18,0,1,True,96,1.92,26.167265211729347,0,0,15.647723677535533,7.5976719721151165,0.989948294579592,False,96,18000
18,0,1,True,42,0.84,10.818663097750724,0,0,15.351246734603281,6.609328650666891,0.8380819160636122,False,42,18001
18,0,-1,True,76,1.52,21.6623988894868,0,0,16.118527769681126,7.5976719721151165,0.7191442024339945,False,76,18000
18,0,-1,True,138,2.7600000000000002,38.07058826261105,0,0,14.450244696436425,6.609328650666891,0.7790839542304704,False,138,18001
18,1,1,True,68,1.36,17.16284322901785,0,0,16.059283356844652,7.5976719721151165,0.8583886152704643,False,68,18000
18,1,1,True,47,0.9400000000000001,12.570812491440213,0,0,15.394321393115519,6.609328650666891,0.7450072575513708,False,47,18001
18,1,-1,False,,,40.37608653586566,0,0,2.680608618672834,7.5976719721151165,3.4170633534422987,False,150,18000
18,1,-1,False,,,41.405678200162185,0,0,-0.7533731875073728,6.609328650666891,5.862701838174266,False,150,18001
18,2,1,False,,,39.55293827313559,0,0,1.0498387129542008,7.5976719721151165,5.0478332591609245,False,150,18000
18,2,1,True,54,1.08,15.236652188221305,0,0,15.139476571188663,6.609328650666891,0.9298520794782296,False,54,18001
18,2,-1,True,64,1.28,16.3064953352497,0,0,16.103876232166698,7.5976719721151165,0.8537957399484172,False,64,18000
18,2,-1,True,56,1.12,13.872981168591796,0,0,15.360857426353142,6.609328650666891,0.6884712243137492,False,56,18001
18,3,1,True,72,1.44,19.850319633947013,0,0,15.970307776815526,7.5976719721151165,0.9073641952995913,False,72,18000
18,3,1,True,56,1.12,16.324117070717715,0,0,15.086129691737145,6.609328650666891,0.9631989589297454,False,56,18001
18,3,-1,True,88,1.76,22.776749275216094,0,0,15.79852722398304,7.5976719721151165,0.9191447481320828,False,88,18000
18,3,-1,True,50,1.0,11.905209872065166,0,0,15.376688625600021,6.609328650666891,0.7326400250668701,False,50,18001
18,4,1,False,,,51.33111285684073,0,0,-16.450594600603402,7.5976719721151165,22.548266572718536,False,150,18000
18,4,1,False,,,52.536289829105115,0,0,-22.51131656063876,6.609328650666891,27.62064521130562,False,150,18001
18,4,-1,True,131,2.62,37.45501682695817,0,0,15.442876508213146,7.5976719721151165,0.8447954639019823,False,131,18000
18,4,-1,True,66,1.32,19.18739172349478,0,0,15.340941084273197,6.609328650666891,0.6083875663936967,False,66,18001
18,5,1,True,78,1.56,22.080853398474453,0,0,16.085707271504027,7.5976719721151165,0.7319647006110924,False,78,18000
18,5,1,True,49,0.98,12.910111798003532,0,0,15.130055711993897,6.609328650666891,0.9892729386729958,False,49,18001
18,5,-1,True,75,1.5,19.90642693794034,0,0,16.219852146780728,7.5976719721151165,0.6278198253343947,False,75,18000
18,5,-1,True,53,1.06,12.9605068537697,0,0,15.113759126521003,6.609328650666891,0.9655695241458883,False,53,18001
18,6,1,True,92,1.84,24.651501429525474,0,0,15.940057552260798,7.5976719721151165,0.7376144198543265,False,92,18000
18,6,1,False,,,42.41972633853739,0,0,-6.404440750698203,6.609328650666891,11.513769401365112,False,150,18001
18,6,-1,False,,,38.34721210389389,0,0,4.066100351489768,7.5976719721151165,2.0315716206253587,False,150,18000
18,6,-1,True,102,2.04,27.7840862836236,0,0,14.658696852776332,6.609328650666891,0.9306317978905652,False,102,18001
18,7,1,True,112,2.24,28.701866701983672,0,0,15.599665882896266,7.5976719721151165,0.8780060892188583,False,112,18000
18,7,1,True,44,0.88,12.58184672487223,0,0,15.298349613397601,6.609328650666891,0.8709790372692903,False,44,18001
18,7,-1,False,,,42.127290517362766,0,0,-3.739692983285356,7.5976719721151165,9.837364955400481,False,150,18000
18,7,-1,True,56,1.12,14.680452182053894,0,0,15.259584305315908,6.609328650666891,0.7897443453509856,False,56,18001
19,0,1,True,78,1.56,21.26404017527939,0,0,16.032432892488657,7.704412933997912,0.891980041509261,False,78,19000
19,0,1,True,32,0.64,8.108113488837592,0,0,15.9003002387926,7.156409951479781,0.9361097126871835,False,32,19001
19,0,-1,True,72,1.44,20.65720877285982,0,0,16.005831487429663,7.704412933997912,0.9785814465682501,False,72,19000
19,0,-1,True,120,2.4,28.240544187183318,0,0,15.130507694129202,7.156409951479781,0.8259022573505822,False,120,19001
19,1,1,True,52,1.04,13.376030741652334,0,0,16.276091913385706,7.704412933997912,0.9083210206122072,False,52,19000
19,1,1,True,59,1.18,12.751368342964058,0,0,15.600315364601526,7.156409951479781,0.9660945868782589,False,59,19001
19,1,-1,True,102,2.04,27.367084920687716,0,0,15.844144384947416,7.704412933997912,0.8402685490505087,False,102,19000
19,1,-1,False,,,43.519825111301074,0,0,-5.319325880938974,7.156409951479781,10.975735832418769,False,150,19001
19,2,1,False,,,43.00456183239629,0,0,0.6678547397050303,7.704412933997912,5.536558194292897,False,150,19000
19,2,1,True,41,0.8200000000000001,9.941355600663837,0,0,15.891514597737167,7.156409951479781,0.8548953537426172,False,41,19001
19,2,-1,True,87,1.74,21.30600850316872,0,0,15.91154418125959,7.704412933997912,0.9228687527383227,False,87,19000
19,2,-1,False,,,40.85297682165071,0,0,3.7871777022700117,7.156409951479781,1.8692322492097802,False,150,19001
19,3,1,True,56,1.12,14.870641124439894,0,0,16.15779699121353,7.704412933997912,0.9866159427843828,False,56,19000
19,3,1,True,44,0.88,9.734883200799429,0,0,15.89302908847204,7.156409951479781,0.8233808630077404,False,44,19001
19,3,-1,True,144,2.88,41.15422415983045,0,0,15.278955825868994,7.704412933997912,0.9854571081289273,False,144,19000
19,3,-1,True,40,0.8,9.316141003370928,0,0,15.872501380740282,7.156409951479781,0.883908570739504,False,40,19001
19,4,1,True,52,1.04,13.835665549085867,0,0,16.276889689616706,7.704412933997912,0.907523244381208,False,52,19000
19,4,1,True,59,1.18,13.792309434384052,0,0,15.615088874104178,7.156409951479781,0.9513210773756078,False,59,19001
19,4,-1,False,,,41.86782690768919,0,0,-1.1626052511784122,7.704412933997912,7.367018185176337,False,150,19000
19,4,-1,True,82,1.6400000000000001,22.19496351822978,0,0,15.492869443836197,7.156409951479781,0.843540507643583,False,82,19001
19,5,1,True,129,2.58,32.01086598818395,0,0,15.74168790610214,7.704412933997912,0.6727250278957785,False,129,19000
19,5,1,True,64,1.28,15.818511116132846,0,0,15.665683652928365,7.156409951479781,0.8507262985514222,False,64,19001
19,5,-1,False,,,45.34744504275786,0,0,-7.959988353675541,7.704412933997912,14.164401287673462,False,150,19000
19,5,-1,True,42,0.84,10.207687808465675,0,0,15.868858869380844,7.156409951479781,0.8675510820989356,False,42,19001
19,6,1,True,72,1.44,18.195078105952707,0,0,16.06417011155378,7.704412933997912,0.9202428224441389,False,72,19000
19,6,1,True,82,1.6400000000000001,21.507278641006568,0,0,15.33778887827166,7.156409951479781,0.9986210732081241,False,82,19001
19,6,-1,True,59,1.18,15.706213481358924,0,0,16.226940569835207,7.704412933997912,0.8874723641627058,False,59,19000
19,6,-1,True,48,0.96,11.78008591767934,0,0,15.781774399293942,7.156409951479781,0.8946355521858423,False,48,19001
19,7,1,False,,,36.72754328041014,0,0,0.1426659415570879,7.704412933997912,6.061746992440828,False,150,19000
19,7,1,False,,,37.457842535037656,0,0,-0.9189726087260781,7.156409951479781,6.575382560205868,False,150,19001
19,7,-1,False,,,44.397861332567544,0,0,4.302948735300084,7.704412933997912,1.9014641986978507,False,150,19000
19,7,-1,True,36,0.72,9.285224674587992,0,0,16.009148598058477,7.156409951479781,0.787261353421303,False,36,19001
20,0,1,True,57,1.1400000000000001,16.16856183042974,0,0,18.74247013027097,10.155114464097156,0.8426443338261921,False,57,20000
20,0,1,False,,,42.24112205218006,0,0,-1.3615226130395695,9.715424167989513,9.57694678102909,False,150,20001
20,0,-1,True,76,1.52,18.79975475704652,0,0,18.61052893292323,10.155114464097156,0.7845855311739298,False,76,20000
20,0,-1,False,,,46.31830429839226,0,0,6.705213036449906,9.715424167989513,1.5102111315396167,False,150,20001
20,1,1,True,69,1.3800000000000001,18.819410078475123,0,0,18.645545907972497,10.155114464097156,0.8195685561246608,False,69,20000
20,1,1,False,,,40.67841344263857,0,0,2.5589264508371956,9.715424167989513,5.65649771715234,False,150,20001
20,1,-1,True,90,1.8,23.9581053079514,0,0,18.40431301643352,10.155114464097156,0.8508014476636373,False,90,20000
20,1,-1,True,88,1.76,23.404625650344453,0,0,18.014368901460326,9.715424167989513,0.8210552665291928,False,88,20001
20,2,1,False,,,47.27304703657025,0,0,-3.0649070348996013,10.155114464097156,11.720021498996772,False,150,20000
20,2,1,False,,,45.86068389803804,0,0,3.123797849948894,9.715424167989513,5.091626318040635,False,150,20001
20,2,-1,True,72,1.44,17.693916440222214,0,0,18.474818379544537,10.155114464097156,0.9602960845526272,False,72,20000
20,2,-1,False,,,34.2025588767777,0,0,6.078871754280694,9.715424167989513,2.13655241370882,False,150,20001
20,3,1,True,104,2.08,27.330149349365254,0,0,18.342169431605694,10.155114464097156,0.7729450324914627,False,104,20000
20,3,1,True,108,2.16,28.8280898355639,0,0,17.700195984142788,9.715424167989513,0.9352281838467272,False,108,20001
20,3,-1,True,65,1.3,18.300271186436696,0,0,18.51921530128147,10.155114464097156,0.9858991628156912,False,65,20000
20,3,-1,True,68,1.36,18.482289912253535,0,0,18.18105500720815,9.715424167989513,0.8543691607813616,False,68,20001
20,4,1,False,,,34.46069884679505,0,0,6.3662780182046825,10.155114464097156,2.2888364458924855,False,150,20000
20,4,1,True,95,1.9000000000000001,25.109994690247312,0,0,18.04244951752028,9.715424167989513,0.7229746504692394,False,95,20001
20,4,-1,False,,,43.61896002555411,0,0,3.1716339363431434,10.155114464097156,5.483480527754032,False,150,20000
20,4,-1,False,,,47.228517536926645,0,0,-1.955022618812847,9.715424167989513,10.170446786802389,False,150,20001
20,5,1,True,85,1.7,25.177445840155535,0,0,18.4985093713547,10.155114464097156,0.8066050927424643,False,85,20000
20,5,1,True,148,2.96,41.95459254280669,0,0,17.458402107093573,9.715424167989513,0.7770220608959628,False,148,20001
20,5,-1,True,139,2.7800000000000002,33.03116653197309,0,0,17.771352652565334,10.155114464097156,0.9937618115318373,False,139,20000
20,5,-1,True,90,1.8,23.150126999577022,0,0,17.95474944881645,9.715424167989513,0.860674719173068,False,90,20001
20,6,1,True,124,2.48,35.48208514740835,0,0,18.383072017052882,10.155114464097156,0.5320424470442863,False,124,20000
20,6,1,True,81,1.62,23.604587206815015,0,0,18.096771457498875,9.715424167989513,0.8086527104906464,False,81,20001
20,6,-1,True,88,1.76,22.203164424066255,0,0,18.41087800324279,10.155114464097156,0.8642364608543681,False,88,20000
20,6,-1,True,113,2.2600000000000002,27.032811938258973,0,0,17.625718955939345,9.715424167989513,0.9597052120501719,False,113,20001
20,7,1,True,59,1.18,16.272839793858015,0,0,18.657382345160933,10.155114464097156,0.9077321189362287,False,59,20000
20,7,1,True,104,2.08,28.46395710624396,0,0,17.89280528780104,9.715424167989513,0.7826188801884767,False,104,20001
20,7,-1,True,92,1.84,26.038715866097405,0,0,18.259768358696792,10.155114464097156,0.9753461054003657,False,92,20000
20,7,-1,True,85,1.7,25.50715732688515,0,0,17.98791302613477,9.715424167989513,0.8775111418547477,False,85,20001
21,0,1,True,65,1.3,17.57251241483059,0,0,17.170272101067276,8.81064771164678,0.9903756105795065,False,65,21000
21,0,1,True,64,1.28,17.17561094166412,0,0,17.004981425046047,8.509053998396297,0.8640725733502513,False,64,21001
21,0,-1,True,48,0.96,13.936547498890487,0,0,17.42691062488253,8.81064771164678,0.9037370867642535,False,48,21000
21,0,-1,True,93,1.86,24.69948404595319,0,0,16.743645439686773,8.509053998396297,0.8354085587095336,False,93,21001
21,1,1,True,37,0.74,11.116189690315714,0,0,17.474378529971716,8.81064771164678,0.9662691816750639,False,37,21000
21,1,1,False,,,41.86239310909042,0,0,2.1871496641639983,8.509053998396297,4.821904334232302,False,150,21001
21,1,-1,True,76,1.52,15.993991514943644,0,0,17.18303733012582,8.81064771164678,0.8676103815209645,False,76,21000
21,1,-1,True,144,2.88,38.516937461646904,0,0,16.12593807306794,8.509053998396297,0.9431159253283777,False,144,21001
21,2,1,True,79,1.58,21.821701116205134,0,0,17.451936180484562,8.81064771164678,0.5687115311622223,False,79,21000
21,2,1,True,72,1.44,19.00973310909008,0,0,17.319408433490626,8.509053998396297,0.4696455649056695,False,72,21001
21,2,-1,True,47,0.9400000000000001,11.981048407584021,0,0,17.38731964403285,8.81064771164678,0.9533280676139326,False,47,21000
21,2,-1,True,75,1.5,20.011176957692914,0,0,17.07140990723237,8.509053998396297,0.68764409116393,False,75,21001
21,3,1,False,,,51.49848843015001,0,0,-11.366683736916919,8.81064771164678,18.67733144856372,False,150,21000
21,3,1,False,,,47.659353086586705,0,0,-13.088846593193626,8.509053998396297,20.09790059158982,False,150,21001
21,3,-1,False,,,30.6516674661564,0,0,5.891826203882231,8.81064771164678,1.418821507764555,False,150,21000
21,3,-1,False,,,4.814053982961179,0,0,-2.013984996958811,8.509053998396297,9.023038995355106,False,150,21001
21,4,1,True,96,1.92,21.715183023579733,0,0,17.03310304148895,8.81064771164678,0.817544670157836,False,96,21000
21,4,1,True,81,1.62,20.691590896554832,0,0,17.125597910243684,8.509053998396297,0.5734560881526142,False,81,21001
21,4,-1,True,38,0.76,9.878164034277422,0,0,17.44006656743675,8.81064771164678,0.9905811442100274,False,38,21000
21,4,-1,False,,,42.06591145499874,0,0,3.2057478292132435,8.509053998396297,3.803306169183077,False,150,21001
21,5,1,True,32,0.64,10.42457205568226,0,0,17.596422845768316,8.81064771164678,0.8942248658784664,False,32,21000
21,5,1,False,,,51.82803108351508,0,0,-13.038000377836305,8.509053998396297,20.04705437623263,False,150,21001
21,5,-1,True,130,2.6,26.21358503144822,0,0,16.932088998734848,8.81064771164678,0.5785587129119407,False,130,21000
21,5,-1,False,,,2.635987907311789,0,0,-1.9401189939943708,8.509053998396297,8.949172992390666,False,150,21001
21,6,1,True,45,0.9,11.150428710923116,0,0,17.47460762131997,8.81064771164678,0.8860400903268125,False,45,21000
21,6,1,True,62,1.24,17.42513211210598,0,0,16.968567120678095,8.509053998396297,0.9204868777182038,False,62,21001
21,6,-1,True,54,1.08,11.565834598443498,0,0,17.38824980399552,8.81064771164678,0.8823979076512601,False,54,21000
21,6,-1,True,71,1.42,17.35245677792354,0,0,16.818697907175785,8.509053998396297,0.980356091220512,False,71,21001
21,7,1,True,79,1.58,18.196854608407367,0,0,17.129560171846485,8.81064771164678,0.8910875398002986,False,79,21000
21,7,1,True,93,1.86,19.777878520638243,0,0,16.75988896742305,8.509053998396297,0.8191650309732501,False,93,21001
21,7,-1,True,39,0.78,10.884775113717003,0,0,17.436436331157775,8.81064771164678,0.9842113804890081,False,39,21000
21,7,-1,True,83,1.6600000000000001,21.61195693496639,0,0,16.706623237426456,8.509053998396297,0.9724307609698489,False,83,21001
22,0,1,True,43,0.86,11.130354118359033,0,0,15.42827809917183,6.5583036408842705,0.7000255417124409,False,43,22000
22,0,1,True,40,0.8,9.853475252819013,0,0,15.00500978112188,6.171691741310358,0.7666819601884827,False,40,22001
22,0,-1,True,54,1.08,13.726075997383925,0,0,15.308880134025648,6.5583036408842705,0.7094235068586224,False,54,22000
22,0,-1,True,34,0.68,7.605660492285951,0,0,14.903645345056168,6.171691741310358,0.9280463962541929,False,34,22001
22,1,1,True,49,0.98,14.449083591262468,0,0,15.217907045096108,6.5583036408842705,0.8503965957881618,False,49,22000
22,1,1,True,24,0.48,7.4470630671462725,0,0,15.160068558396317,6.171691741310358,0.7716231829140422,False,24,22001
22,1,-1,True,51,1.02,12.308784240709501,0,0,15.303329574936612,6.5583036408842705,0.74497406594766,False,51,22000
22,1,-1,True,43,0.86,9.49376457261461,0,0,14.74291220741301,6.171691741310358,0.9987795338973465,False,43,22001
22,2,1,True,53,1.06,12.77884541578092,0,0,15.08907801245413,6.5583036408842705,0.9392256284301397,False,53,22000
22,2,1,True,80,1.6,19.621805138420264,0,0,14.602837295771078,6.171691741310358,0.7688544455392853,False,80,22001
22,2,-1,True,146,2.92,40.59078172062924,0,0,14.275706910175373,6.5583036408842705,0.8225967307089012,False,146,22000
22,2,-1,True,25,0.5,6.6548051941451725,0,0,14.949633464811209,6.171691741310358,0.97205827649915,False,25,22001
22,3,1,True,63,1.26,17.028995402427572,0,0,15.28807366063456,6.5583036408842705,0.6402299802497118,False,63,22000
22,3,1,True,31,0.62,7.4239280480556396,0,0,14.878317074654905,6.171691741310358,0.983374666655452,False,31,22001
22,3,-1,True,46,0.92,11.018667596144066,0,0,15.255144768440989,6.5583036408842705,0.8431588724432834,False,46,22000
22,3,-1,True,34,0.68,8.30409108626584,0,0,15.33125140485577,6.171691741310358,0.5004403364545874,False,34,22001
22,4,1,True,49,0.98,12.529859866538024,0,0,15.25987881431469,6.5583036408842705,0.8084248265695804,False,49,22000
22,4,1,True,28,0.56,6.811973511710362,0,0,14.934148429971216,6.171691741310358,0.9575433113391417,False,28,22001
22,4,-1,True,123,2.46,32.86973402750447,0,0,14.681120984464588,6.5583036408842705,0.6471826564196846,False,123,22000
22,4,-1,True,62,1.24,16.74530328783628,0,0,14.948207921558467,6.171691741310358,0.6034838197518939,False,62,22001
22,5,1,True,40,0.8,10.511516593097937,0,0,15.183286546105393,6.5583036408842705,0.9750170947788765,False,40,22000
22,5,1,True,27,0.54,6.68157846922751,0,0,15.065399163190769,6.171691741310358,0.83629257811959,False,27,22001
22,5,-1,True,55,1.1,13.428138981943329,0,0,15.285522972731611,6.5583036408842705,0.7227806681526581,False,55,22000
22,5,-1,True,43,0.86,8.624383722771162,0,0,14.866404817483257,6.171691741310358,0.8752869238271028,False,43,22001
22,6,1,False,,,38.891448366926554,0,0,2.1468034159815543,6.5583036408842705,2.9115002249027273,False,150,22000
22,6,1,True,28,0.56,7.662766952768287,0,0,14.978439854609693,6.171691741310358,0.9132518867006676,False,28,22001
22,6,-1,True,80,1.6,19.57897373540849,0,0,15.360741612319465,6.5583036408842705,0.3975620285648076,False,80,22000
22,6,-1,True,50,1.0,9.747974853440935,0,0,14.697436444488925,6.171691741310358,0.9742552968214335,False,50,22001
22,7,1,False,,,44.77328502634275,0,0,1.1567995524167978,6.5583036408842705,3.901504088467471,False,150,22000
22,7,1,True,42,0.84,9.027707126473393,0,0,14.858241109617587,6.171691741310358,0.8934506316927724,False,42,22001
22,7,-1,True,52,1.04,13.349911540154967,0,0,15.051265376169301,6.5583036408842705,0.9870382647149697,False,52,22000
22,7,-1,True,35,0.7000000000000001,8.170032212825774,0,0,14.961574956637662,6.171691741310358,0.8601167846726946,False,35,22001
23,0,1,True,47,0.9400000000000001,13.656025694487239,0,0,18.550330100805205,9.877821976340856,0.8574918755356549,False,47,23000
23,0,1,True,36,0.72,8.467040723811488,0,0,15.454678413697385,6.693134622732086,0.8784562090347013,False,36,23001
23,0,-1,True,59,1.18,13.219980783433467,0,0,18.336461115293048,9.877821976340856,0.9513608610478157,False,59,23000
23,0,-1,True,86,1.72,22.80164335569975,0,0,14.96886430751167,6.693134622732086,0.8642703152204227,False,86,23001
23,1,1,True,60,1.2,15.234349528925316,0,0,18.295386848999456,9.877821976340856,0.9824351273413999,False,60,23000
23,1,1,True,32,0.64,7.824166036021667,0,0,15.49134130419949,6.693134622732086,0.8817933185325942,False,32,23001
23,1,-1,True,58,1.16,15.809696102289973,0,0,18.528117224319143,9.877821976340856,0.7697047520217171,False,58,23000
23,1,-1,True,60,1.2,16.41232136715949,0,0,15.195955989148034,6.693134622732086,0.8971786335840518,False,60,23001
23,2,1,False,,,42.90773688484084,0,0,-3.697017792715428,9.877821976340856,12.074839769056295,False,150,23000
23,2,1,True,32,0.64,7.829791730377197,0,0,15.608419506674398,6.693134622732086,0.7647151160576885,False,32,23001
23,2,-1,True,58,1.16,14.605483651403162,0,0,18.376061680276585,9.877821976340856,0.9217602960642761,False,58,23000
23,2,-1,True,41,0.8200000000000001,8.828424967580125,0,0,15.29703016006884,6.693134622732086,0.9861044626632467,False,41,23001
23,3,1,True,104,2.08,20.172700931089015,0,0,18.10327708514714,9.877821976340856,0.7345448911937252,False,104,23000
23,3,1,True,76,1.52,15.942475750272218,0,0,15.130067168473833,6.693134622732086,0.8030674542582559,False,76,23001
23,3,-1,False,,,51.483589717772034,0,0,-20.666942383325495,9.877821976340856,29.044764359666335,False,150,23000
23,3,-1,False,,,47.41187698289777,0,0,-9.72901279423851,6.693134622732086,14.922147416970615,False,150,23001
23,4,1,True,47,0.9400000000000001,13.587584860655976,0,0,18.566807281798525,9.877821976340856,0.8410146945423375,False,47,23000
23,4,1,True,28,0.56,6.921124722418667,0,0,15.532349939567784,6.693134622732086,0.8807846831643017,False,28,23001
23,4,-1,True,71,1.42,16.0653104128659,0,0,18.268807012356525,9.877821976340856,0.8990149639843351,False,71,23000
23,4,-1,True,71,1.42,16.177522551070272,0,0,15.19629884982628,6.693134622732086,0.7868357729058083,False,71,23001
23,5,1,True,61,1.22,16.369892212022314,0,0,18.370739963535815,9.877821976340856,0.8970820128050425,False,61,23000
23,5,1,True,40,0.8,9.895034425326314,0,0,15.695828716350428,6.693134622732086,0.5973059063816594,False,40,23001
23,5,-1,True,63,1.26,15.200921107583442,0,0,18.309992700107607,9.877821976340856,0.9378292762332532,False,63,23000
23,5,-1,True,40,0.8,10.637626853271293,0,0,15.406352365329106,6.693134622732086,0.8867822574029833,False,40,23001
23,6,1,True,91,1.82,23.029798782898144,0,0,18.06140373937011,9.877821976340856,0.906418236970756,False,91,23000
23,6,1,True,51,1.02,13.76528489485069,0,0,15.391252073627214,6.693134622732086,0.7918825491048717,False,51,23001
23,6,-1,True,52,1.04,15.013317959120798,0,0,18.444506433768446,9.877821976340856,0.9133155425724159,False,52,23000
23,6,-1,True,34,0.68,8.546004007519452,0,0,15.634875785133062,6.693134622732086,0.7182588375990224,False,34,23001
23,7,1,True,52,1.04,14.644430168087407,0,0,18.402223717749195,9.877821976340856,0.9555982585916636,False,52,23000
23,7,1,True,28,0.56,7.19620332445582,0,0,15.510735775551165,6.693134622732086,0.9023988471809222,False,28,23001
23,7,-1,True,60,1.2,14.328627597176023,0,0,18.391784991513077,9.877821976340856,0.8860369848277833,False,60,23000
23,7,-1,True,72,1.44,21.94332789847907,0,0,14.989165369027376,6.693134622732086,0.9839692537047124,False,72,23001
24,0,1,True,76,1.52,17.62080457948501,0,0,17.38797229290065,8.947442104019423,0.7994698111187806,False,76,24000
24,0,1,True,130,2.6,29.565085737268394,0,0,16.48605300536177,8.622748189231732,0.8366951838699691,False,130,24001
24,0,-1,False,,,45.88090391812515,0,0,-11.404125118675218,8.947442104019423,18.85156722269465,False,150,24000
24,0,-1,True,75,1.5,22.185568369596794,0,0,17.048549797376033,8.622748189231732,0.8241983918557013,False,75,24001
24,1,1,True,69,1.3800000000000001,18.296777090480955,0,0,17.398140584774417,8.947442104019423,0.8593015192450095,False,69,24000
24,1,1,True,94,1.8800000000000001,25.455708709446792,0,0,16.77467083797955,8.622748189231732,0.9080773512521866,False,94,24001
24,1,-1,True,61,1.22,15.875959415951733,0,0,17.554707768317098,8.947442104019423,0.7827343357023295,False,61,24000
24,1,-1,True,78,1.56,20.47159509382227,0,0,17.051000241401496,8.622748189231732,0.79174794783024,False,78,24001
24,2,1,True,66,1.32,16.816351166249714,0,0,17.455440935285726,8.947442104019423,0.8320011687336977,False,66,24000
24,2,1,True,87,1.74,19.094108698170885,0,0,16.931473515296894,8.622748189231732,0.8212746739348432,False,87,24001
24,2,-1,True,71,1.42,20.053679558556446,0,0,17.30341941198738,8.947442104019423,0.9340226920320447,False,71,24000
24,2,-1,False,,,44.495783137343714,0,0,-2.4699159213275435,8.622748189231732,9.592664110559289,False,150,24001
24,3,1,True,150,3.0,33.15782010622847,0,0,16.48584779947158,8.947442104019423,0.9615943045478523,False,150,24000
24,3,1,True,118,2.36,26.17394404457957,0,0,16.59267365577578,8.622748189231732,0.8500745334559566,False,118,24001
24,3,-1,False,,,47.135860763804864,0,0,-0.1439452791605711,8.947442104019423,7.591387383180008,False,150,24000
24,3,-1,True,77,1.54,22.139496175255353,0,0,17.01278074210758,8.622748189231732,0.8399674471241534,False,77,24001
24,4,1,True,67,1.34,15.167401783019463,0,0,17.351649400411855,8.947442104019423,0.9257927036075706,False,67,24000
24,4,1,True,81,1.62,20.44371400974253,0,0,16.916296059550405,8.622748189231732,0.8964521296813298,False,81,24001
24,4,-1,True,68,1.36,18.049370586899236,0,0,17.338012493912174,8.947442104019423,0.9294296101072487,False,68,24000
24,4,-1,False,,,41.20803299934905,0,0,5.182559300544083,8.622748189231732,1.9401888886876582,False,150,24001
24,5,1,False,,,42.11963638762407,0,0,3.90959056480129,8.947442104019423,3.5378515392181367,False,150,24000
24,5,1,False,,,41.92447053797619,0,0,4.077078668459271,8.622748189231732,3.0456695207724627,False,150,24001
24,5,-1,True,77,1.54,18.6279741092057,0,0,17.218963450514497,8.947442104019423,0.9584786535049318,False,77,24000
24,5,-1,True,133,2.66,30.319724091938806,0,0,16.316182975155677,8.622748189231732,0.9765652140760648,False,133,24001
24,6,1,True,61,1.22,16.385919957273554,0,0,17.340517364954998,8.947442104019423,0.9969247390644278,False,61,24000
24,6,1,True,59,1.18,16.9931659137849,0,0,17.103700412999558,8.622748189231732,0.929047776232174,False,59,24001
24,6,-1,True,68,1.36,16.92862891213789,0,0,17.436116632890286,8.947442104019423,0.8313254711291378,False,68,24000
24,6,-1,True,132,2.64,34.277865742399335,0,0,16.398359345268776,8.622748189231732,0.9043888439629657,False,132,24001
24,7,1,False,,,43.8398965121215,0,0,-11.857844467350915,8.947442104019423,19.305286571370353,False,150,24000
24,7,1,True,59,1.18,17.486526528418025,0,0,17.15402633375683,8.622748189231732,0.8787218554749049,False,59,24001
24,7,-1,True,69,1.3800000000000001,15.667197285774007,0,0,17.36559294890371,8.947442104019423,0.891849155115714,False,69,24000
24,7,-1,True,95,1.9000000000000001,21.498490516252915,0,0,16.678919049445987,8.622748189231732,0.9938291397857474,False,95,24001
25,0,1,True,61,1.22,16.479833735631342,0,0,17.05802009262777,8.608358986740983,0.9403388941132139,False,61,25000
25,0,1,True,47,0.9400000000000001,11.248672528676279,0,0,16.77642226060483,8.121373464544156,0.87495120393933,False,47,25001
25,0,-1,True,64,1.28,18.096824881882952,0,0,17.184719370281858,8.608358986740983,0.7836396164591282,False,64,25000
25,0,-1,True,64,1.28,16.237831288106136,0,0,16.535251015154856,8.121373464544156,0.9461224493893035,False,64,25001
25,1,1,True,69,1.3800000000000001,17.03911605743942,0,0,16.97982321295182,8.608358986740983,0.9385357737891645,False,69,25000
25,1,1,True,48,0.96,11.759527850747757,0,0,16.860077510241467,8.121373464544156,0.7812959543026908,False,48,25001
25,1,-1,True,49,0.98,14.043912514306356,0,0,17.191576883632912,8.608358986740983,0.9267821031080709,False,49,25000
25,1,-1,True,56,1.12,14.29464590779841,0,0,16.787400925464752,8.121373464544156,0.7739725390794046,False,56,25001
25,2,1,True,67,1.34,17.470549873339927,0,0,17.015050567197285,8.608358986740983,0.9233084195436989,False,67,25000
25,2,1,True,51,1.02,13.449599633899554,0,0,16.976383859650976,8.121373464544156,0.634989604893182,False,51,25001
25,2,-1,True,62,1.24,17.950653149011156,0,0,17.171651231931772,8.608358986740983,0.8167077548092126,False,62,25000
25,2,-1,False,,,45.58777166864333,0,0,-13.28878621527738,8.121373464544156,19.910159679821547,False,150,25001
25,3,1,True,69,1.3800000000000001,16.75061736401142,0,0,17.040002552453657,8.608358986740983,0.8783564342873309,False,69,25000
25,3,1,True,62,1.24,13.8809597674235,0,0,16.512336372291657,8.121373464544156,0.9890370922525015,False,62,25001
25,3,-1,True,72,1.44,19.532213549505062,0,0,17.13313526475575,8.608358986740983,0.7552237219852326,False,72,25000
25,3,-1,True,59,1.18,14.974020038395535,0,0,16.808806285274812,8.121373464544156,0.7225671792693458,False,59,25001
25,4,1,True,69,1.3800000000000001,19.87179177369218,0,0,16.956457864886467,8.608358986740983,0.9619011218545211,False,69,25000
25,4,1,True,60,1.2,13.526143597206948,0,0,16.640350510669762,8.121373464544156,0.8810229538744003,False,60,25001
25,4,-1,True,54,1.08,14.446947144261078,0,0,17.151312942856674,8.608358986740983,0.9170460438843125,False,54,25000
25,4,-1,True,46,0.92,11.987347226162889,0,0,16.823595304737392,8.121373464544156,0.8377781598067651,False,46,25001
25,5,1,True,75,1.5,20.530853821994572,0,0,16.91948145594465,8.608358986740983,0.938877530796334,False,75,25000
25,5,1,True,133,2.66,33.52462157071974,0,0,16.010325238904564,8.121373464544156,0.7810482256395981,False,133,25001
25,5,-1,True,64,1.28,17.157142341633058,0,0,16.97353207067544,8.608358986740983,0.9948269160655472,False,64,25000
25,5,-1,True,59,1.18,16.07891169389135,0,0,16.734006280806966,8.121373464544156,0.7973671837371921,False,59,25001
25,6,1,True,58,1.16,15.681190872813831,0,0,17.052801605681914,8.608358986740983,0.9755573810590724,False,58,25000
25,6,1,True,54,1.08,14.897334475909712,0,0,16.642418395573376,8.121373464544156,0.9389550689707787,False,54,25001
25,6,-1,True,53,1.06,13.988429603590433,0,0,17.257486234158186,8.608358986740983,0.8208727525828,False,53,25000
25,6,-1,True,49,0.98,12.250739966814125,0,0,16.84152928757367,8.121373464544156,0.7898441769704851,False,49,25001
25,7,1,True,65,1.3,14.400687251646744,0,0,17.002317287273605,8.608358986740983,0.9560416994673789,False,65,25000
25,7,1,True,71,1.42,14.167581872789812,0,0,16.413040304350538,8.121373464544156,0.9983331601936201,False,71,25001
25,7,-1,False,,,42.005086049392716,0,0,2.8228225420521067,8.608358986740983,4.285536444688881,False,150,25000
25,7,-1,False,,,43.73086632276575,0,0,0.1948010056410634,8.121373464544156,6.426572458903097,False,150,25001
26,0,1,False,,,46.05132520666074,0,0,2.5856883443682523,10.130788447048726,6.0451001026804825,False,150,26000
26,0,1,True,38,0.76,10.459247259279877,0,0,17.964192749953128,9.310395720291833,0.9662029703387064,False,38,26001
26,0,-1,True,81,1.62,18.402221219090187,0,0,18.449308147071168,10.130788447048726,0.8714802999775609,False,81,26000
26,0,-1,True,81,1.62,16.77103315578263,0,0,17.720452536564878,9.310395720291833,0.7799431837269633,False,81,26001
26,1,1,True,71,1.42,17.37263542445849,0,0,18.445211369675178,10.130788447048726,0.9755770773735506,False,71,26000
26,1,1,True,66,1.32,18.52767167255497,0,0,17.67000350943947,9.310395720291833,0.980392210852365,False,66,26001
26,1,-1,True,73,1.46,20.14460002489705,0,0,18.48469175983834,10.130788447048726,0.916096687210384,False,73,26000
26,1,-1,True,55,1.1,14.190588674173272,0,0,17.872243339824553,9.310395720291833,0.8881523804672826,False,55,26001
26,2,1,True,101,2.02,22.90277112768475,0,0,18.315097675915,10.130788447048726,0.80569077113373,False,101,26000
26,2,1,True,76,1.52,16.201546135914896,0,0,17.583494135479338,9.310395720291833,0.9669015848124991,False,76,26001
26,2,-1,True,56,1.12,15.904609243854198,0,0,18.804112383618197,10.130788447048726,0.7666760634305323,False,56,26000
26,2,-1,True,145,2.9,44.17231437944517,0,0,17.001359046043248,9.310395720291833,0.859036674248597,False,145,26001
26,3,1,True,139,2.7800000000000002,37.97157200867433,0,0,17.741762629506866,10.130788447048726,0.999025817541871,False,139,26000
26,3,1,True,43,0.86,10.93775842917092,0,0,18.076697985498846,9.310395720291833,0.8036977347929873,False,43,26001
26,3,-1,True,119,2.38,28.720669588547473,0,0,18.010381196559873,10.130788447048726,0.9304072504888559,False,119,26000
26,3,-1,True,125,2.5,33.5643583957174,0,0,17.39125572928713,9.310395720291833,0.6691399910047089,False,125,26001
26,4,1,True,79,1.58,18.51738204251361,0,0,18.54593721804987,10.130788447048726,0.794851228998862,False,79,26000
26,4,1,True,44,0.88,10.434389039632014,0,0,18.013556692891093,9.310395720291833,0.8568390274007426,False,44,26001
26,4,-1,True,97,1.94,26.394549492654853,0,0,18.298713085375894,10.130788447048726,0.8620753616728366,False,97,26000
26,4,-1,False,,,40.63058481743222,0,0,0.5199897940673837,9.310395720291833,7.2904059262244605,False,150,26001
26,5,1,True,102,2.04,20.211084256594233,0,0,18.111001703633953,10.130788447048726,0.999786743414778,False,102,26000
26,5,1,True,140,2.8000000000000003,32.91787081439539,0,0,17.377958907618588,9.310395720291833,0.5324368126732552,False,140,26001
26,5,-1,False,,,48.27386539248513,0,0,0.6484391427133893,10.130788447048726,7.9823493043353535,False,150,26000
26,5,-1,False,,,47.34940873546234,0,0,-3.4839133044109802,9.310395720291833,11.29430902470283,False,150,26001
26,6,1,True,89,1.78,19.422446992322932,0,0,18.34671225774907,10.130788447048726,0.8940761892996624,False,89,26000
26,6,1,True,104,2.08,22.320817002991397,0,0,17.30208488314893,9.310395720291833,0.9683108371429143,False,104,26001
26,6,-1,False,,,45.50364362669809,0,0,0.42801793589994486,10.130788447048726,8.202770511148792,False,150,26000
26,6,-1,False,,,46.919943812000675,0,0,-10.545974065388142,9.310395720291833,18.356369785679995,False,150,26001
26,7,1,True,113,2.2600000000000002,31.663810392675263,0,0,18.023125997394974,10.130788447048726,0.9776624496537554,False,113,26000
26,7,1,True,102,2.04,24.318987540035927,0,0,17.61189736275172,9.310395720291833,0.6784983575401263,False,102,26001
26,7,-1,False,,,44.84938372750015,0,0,0.2995856680729694,10.130788447048726,8.331202778975783,False,150,26000
26,7,-1,False,,,45.54304594678226,0,0,-5.724948094845052,9.310395720291833,13.53534381513691,False,150,26001
27,0,1,True,57,1.1400000000000001,14.971452040056333,0,0,17.274345527043174,8.71475391081264,0.8704083837694675,False,57,27000
27,0,1,True,69,1.3800000000000001,17.992269190909234,0,0,18.578916810033853,10.205205859903506,0.9362890498696559,False,69,27001
27,0,-1,True,61,1.22,16.915955704856394,0,0,17.13030137518311,8.71475391081264,0.9744525356295336,False,61,27000
27,0,-1,True,87,1.74,25.108141725392166,0,0,18.347759711045303,10.205205859903506,0.9874461488582105,False,87,27001
27,1,1,True,137,2.74,24.414082181002723,0,0,16.376078178651277,8.71475391081264,0.9686757321613673,False,137,27000
27,1,1,False,,,30.7406864313104,0,0,5.373482266834202,10.205205859903506,3.3317235930693183,False,150,27001
27,1,-1,False,,,46.96220814746611,0,0,-5.262063435052836,8.71475391081264,12.476817345865486,False,150,27000
27,1,-1,False,,,48.069882510944666,0,0,-1.9405254963517136,10.205205859903506,10.645731356255219,False,150,27001
27,2,1,True,84,1.68,19.970459615639278,0,0,17.00514502591428,8.71475391081264,0.8696088848983634,False,84,27000
27,2,1,True,82,1.6400000000000001,19.02084189682922,0,0,18.462475170078847,10.205205859903506,0.9227306898246651,False,82,27001
27,2,-1,True,73,1.46,22.454057104890207,0,0,17.09412813614013,8.71475391081264,0.8906257746725103,False,73,27000
27,2,-1,True,150,3.0,40.01932615139734,0,0,17.73828656813957,10.205205859903506,0.9669192917639459,False,150,27001
27,3,1,True,42,0.84,11.52808195970256,0,0,17.49634524485418,8.71475391081264,0.798408665958462,False,42,27000
27,3,1,True,66,1.32,16.972030310576493,0,0,18.764047402717267,10.205205859903506,0.7811584571862419,False,66,27001
27,3,-1,False,,,8.381430198467681,0,0,1.3501374452236372,8.71475391081264,7.144616465589002,True,22,27000
27,3,-1,True,72,1.44,18.947762480676307,0,0,18.55420587673411,10.205205859903506,0.9309999831694011,False,72,27001
27,4,1,True,60,1.2,15.276035707070147,0,0,17.117280612386434,8.71475391081264,0.9974732984262054,False,60,27000
27,4,1,True,87,1.74,21.199155152300126,0,0,18.376538692637325,10.205205859903506,0.958667167266183,False,87,27001
27,4,-1,True,46,0.92,12.264409317006958,0,0,17.44898359070832,8.71475391081264,0.8057703201043239,False,46,27000
27,4,-1,True,62,1.24,14.714109121766423,0,0,18.700603014647122,10.205205859903506,0.8846028452563903,False,62,27001
27,5,1,True,80,1.6,21.820373779037034,0,0,17.046902141641162,8.71475391081264,0.8678517691714775,False,80,27000
27,5,1,True,74,1.48,20.24222540785401,0,0,18.664493945543157,10.205205859903506,0.8007119143603542,False,74,27001
27,5,-1,True,78,1.56,19.021681969822836,0,0,17.063198206173844,8.71475391081264,0.8715557046387986,False,78,27000
27,5,-1,True,80,1.6,20.098812684895424,0,0,18.41548886065881,10.205205859903506,0.9897169992447008,False,80,27001
27,6,1,False,,,40.04458113272155,0,0,3.1797947212250275,8.71475391081264,4.034959189587623,False,150,27000
27,6,1,False,,,43.547989124426785,0,0,-1.4757386703107371,10.205205859903506,10.180944530214253,False,150,27001
27,6,-1,True,79,1.58,17.98522301996632,0,0,16.985763747361858,8.71475391081264,0.9389901634507865,False,79,27000
27,6,-1,True,87,1.74,20.143377313358194,0,0,18.40960873985287,10.205205859903506,0.9255971200506447,False,87,27001
27,7,1,False,,,8.180941365225596,0,0,2.232902174526041,8.71475391081264,6.281851736286598,True,20,27000
27,7,1,True,58,1.16,15.250835642060363,0,0,18.856253174769606,10.205205859903506,0.7689526851339045,False,58,27001
27,7,-1,True,71,1.42,16.527442612708075,0,0,17.228934441962107,8.71475391081264,0.7758194688505359,False,71,27000
27,7,-1,True,74,1.48,17.624212882293243,0,0,18.467329356044534,10.205205859903506,0.9978765038589756,False,74,27001
28,0,1,True,51,1.02,9.728532358846094,0,0,15.31528519329199,6.596509574530437,0.7712243812384519,False,51,28000
28,0,1,True,85,1.7,18.95641719484398,0,0,15.945712292134928,7.7764530376561805,0.9807407455212588,False,85,28001
28,0,-1,True,35,0.7000000000000001,8.587150627875479,0,0,15.41721407787779,6.596509574530437,0.8292954966526462,False,35,28000
28,0,-1,True,65,1.3,15.098819561786415,0,0,16.18646764459882,7.7764530376561805,0.9399853930573626,False,65,28001
28,1,1,True,28,0.56,7.235990621277287,0,0,15.603445006049881,6.596509574530437,0.7130645684805571,False,28,28000
28,1,1,True,35,0.7000000000000001,8.769993616183742,0,0,16.48925077830753,7.7764530376561805,0.9372022593486518,False,35,28001
28,1,-1,True,56,1.12,13.004033776576774,0,0,15.593961836865052,6.596509574530437,0.4425477376653873,False,56,28000
28,1,-1,True,66,1.32,17.800035079283802,0,0,16.301965645212498,7.7764530376561805,0.814487392443688,False,66,28001
28,2,1,True,41,0.8200000000000001,8.37163639123323,0,0,15.211258658338078,6.596509574530437,0.9752509161923586,False,41,28000
28,2,1,True,58,1.16,12.334143521943323,0,0,16.338644301752417,7.7764530376561805,0.8578087359037657,False,58,28001
28,2,-1,True,30,0.6,6.749593393368789,0,0,15.308189821070162,6.596509574530437,0.9883197534602742,False,30,28000
28,2,-1,True,39,0.78,9.61251173245078,0,0,16.453725413556825,7.7764530376561805,0.9327276240993589,False,39,28001
28,3,1,True,29,0.58,7.281154119877018,0,0,15.670321983063667,6.596509574530437,0.6361875914667706,False,29,28000
28,3,1,True,40,0.8,9.570879592316425,0,0,16.645777666574936,7.7764530376561805,0.7306753710812462,False,40,28001
28,3,-1,True,37,0.74,7.9269592342074615,0,0,15.655419875195111,6.596509574530437,0.5710896993353264,False,37,28000
28,3,-1,True,67,1.34,16.990367064948217,0,0,16.17639806182789,7.7764530376561805,0.9300549758282981,False,67,28001
28,4,1,True,56,1.12,12.34863976954118,0,0,15.255794770126691,6.596509574530437,0.7807148044037475,False,56,28000
28,4,1,True,76,1.52,20.33038675442584,0,0,16.172238342716682,7.7764530376561805,0.8442146949394992,False,76,28001
28,4,-1,True,35,0.7000000000000001,7.729109767084623,0,0,15.400285308639226,6.596509574530437,0.8462242658912129,False,35,28000
28,4,-1,True,42,0.84,11.062771293355276,0,0,16.469340854543866,7.7764530376561805,0.8871121831123191,False,42,28001
28,5,1,True,61,1.22,12.279815345861136,0,0,15.16602030380528,6.596509574530437,0.8204892707251599,False,61,28000
28,5,1,True,87,1.74,17.54411540057664,0,0,15.913270580353796,7.7764530376561805,0.9931824573023929,False,87,28001
28,5,-1,True,27,0.54,6.583040724554951,0,0,15.570938652704378,6.596509574530437,0.7555709218260603,False,27,28000
28,5,-1,True,45,0.9,13.856275814219332,0,0,16.44023015138901,7.7764530376561805,0.8862228862671737,False,45,28001
28,6,1,True,66,1.32,12.608683553031494,0,0,15.160480185157246,6.596509574530437,0.7760293893731957,False,66,28000
28,6,1,True,73,1.46,16.693205629181897,0,0,16.228979208670133,7.7764530376561805,0.8174738289860529,False,73,28001
28,6,-1,False,,,41.935984764091785,0,0,3.278054399562093,6.596509574530437,1.8184551749683473,False,150,28000
28,6,-1,True,31,0.62,9.191753251595403,0,0,16.54888317128397,7.7764530376561805,0.9175698663722095,False,31,28001
28,7,1,True,49,0.98,10.20105903805491,0,0,15.292759808929784,6.596509574530437,0.8137497656006536,False,49,28000
28,7,1,True,72,1.44,15.832144628582213,0,0,16.068146984334803,7.7764530376561805,0.9883060533213829,False,72,28001
28,7,-1,True,30,0.6,6.7489718738410005,0,0,15.297623077791203,6.596509574530437,0.9988864967392344,False,30,28000
28,7,-1,True,48,0.96,13.035129807852579,0,0,16.477589716998203,7.7764530376561805,0.8188633206579778,False,48,28001
29,0,1,True,49,0.98,12.360788573273489,0,0,17.715856312683755,8.823031649463335,0.6171753367795835,False,49,29000
29,0,1,True,65,1.3,15.554403356329933,0,0,17.34242384620391,8.978019710017378,0.9855958638134682,False,65,29001
29,0,-1,True,83,1.6600000000000001,18.45070244872859,0,0,17.317686782352908,8.823031649463335,0.6753448671104285,False,83,29000
29,0,-1,True,110,2.2,24.026777813062434,0,0,16.904582180074904,8.978019710017378,0.9734375299424783,False,110,29001
29,1,1,True,48,0.96,12.052611957989988,0,0,17.73957834906365,8.823031649463335,0.6034533003996886,False,48,29000
29,1,1,True,106,2.12,25.943717550618672,0,0,17.124060318032466,8.978019710017378,0.7939593919849197,False,106,29001
29,1,-1,True,47,0.9400000000000001,10.86964605817269,0,0,17.3712049331682,8.823031649463335,0.9818267162951378,False,47,29000
29,1,-1,True,91,1.82,20.137178024846982,0,0,17.305439305324505,8.978019710017378,0.7625804046928724,False,91,29001
29,2,1,True,48,0.96,12.23960565162448,0,0,17.36819352377409,8.823031649463335,0.9748381256892507,False,48,29000
29,2,1,True,66,1.32,15.812265015350787,0,0,17.413822424654334,8.978019710017378,0.9041972853630458,False,66,29001
29,2,-1,True,60,1.2,12.717905176007266,0,0,17.30405659178838,8.823031649463335,0.9189750576749602,False,60,29000
29,2,-1,True,108,2.16,22.070818713730194,0,0,16.90975576745977,8.978019710017378,0.9882639425576084,False,108,29001
29,3,1,True,72,1.44,17.227330828914482,0,0,17.151239693885458,8.823031649463335,0.9517919555778819,False,72,29000
29,3,1,True,61,1.22,15.600628960853852,0,0,17.409976967188708,8.978019710017378,0.9580427428286705,False,61,29001
29,3,-1,True,54,1.08,11.395467012135027,0,0,17.39429347242625,8.823031649463335,0.888738177037089,False,54,29000
29,3,-1,True,78,1.56,18.18705029196975,0,0,17.301013630818353,8.978019710017378,0.8970060791990271,False,78,29001
29,4,1,True,85,1.7,24.475954765885106,0,0,17.30054306415923,8.823031649463335,0.672488585304118,False,85,29000
29,4,1,True,98,1.96,24.432315441123666,0,0,17.172565225422602,8.978019710017378,0.8254544845947805,False,98,29001
29,4,-1,True,51,1.02,11.558356773325524,0,0,17.488926522927986,8.823031649463335,0.8241051265353524,False,51,29000
29,4,-1,True,66,1.32,15.853895041281195,0,0,17.400976352873457,8.978019710017378,0.9170433571439244,False,66,29001
29,5,1,True,60,1.2,14.248297521964982,0,0,17.26368021132622,8.823031649463335,0.9593514381371162,False,60,29000
29,5,1,True,73,1.46,19.657661220235102,0,0,17.557642389308956,8.978019710017378,0.6903773207084257,False,73,29001
29,5,-1,True,60,1.2,13.350804036165135,0,0,17.335620472135275,8.823031649463335,0.8874111773280632,False,60,29000
29,5,-1,True,91,1.82,20.09877697329474,0,0,17.214543864328235,8.978019710017378,0.8534758456891435,False,91,29001
29,6,1,True,97,1.94,23.736479212709536,0,0,16.856230506378665,8.823031649463335,0.996801143084677,False,97,29000
29,6,1,True,101,2.02,21.451883292214962,0,0,17.134226735558357,8.978019710017378,0.8337929744590253,False,101,29001
29,6,-1,True,42,0.84,11.319136142693933,0,0,17.549265350114098,8.823031649463335,0.8537662993492376,False,42,29000
29,6,-1,True,59,1.18,16.729044199531526,0,0,17.61261589024264,8.978019710017378,0.7754038197747397,False,59,29001
29,7,1,True,98,1.96,24.45456175089918,0,0,16.901097581932067,8.823031649463335,0.9419340675312745,False,98,29000
29,7,1,True,136,2.72,29.13181582281092,0,0,16.636947242103815,8.978019710017378,0.9810724679135695,False,136,29001
29,7,-1,True,41,0.8200000000000001,10.839886585240349,0,0,17.414266452835054,8.823031649463335,0.9987651966282824,False,41,29000
29,7,-1,True,62,1.24,16.038305682713116,0,0,17.48531053460826,8.978019710017378,0.8727091754091192,False,62,29001
30,0,1,True,74,1.48,19.67209130758071,0,0,17.2068761234247,8.882241559148271,0.9353654357235729,False,74,30000
30,0,1,True,48,0.96,10.784905790752783,0,0,17.54209982465484,8.880110786370984,0.8580109617161454,False,48,30001
30,0,-1,True,92,1.84,22.463141639206285,0,0,17.08413041050183,8.882241559148271,0.8781111486464435,False,92,30000
30,0,-1,True,76,1.52,15.049499487937823,0,0,17.201496939731683,8.880110786370984,0.9186138466393116,False,76,30001
30,1,1,True,78,1.56,18.500658807570396,0,0,17.221075516874187,8.882241559148271,0.8811660422740901,False,78,30000
30,1,1,True,92,1.84,19.24293268620175,0,0,16.9734682567774,8.880110786370984,0.9866425295935873,False,92,30001
30,1,-1,True,66,1.32,19.622910848567777,0,0,17.52154288575668,8.882241559148271,0.7006986733915941,False,66,30000
30,1,-1,True,45,0.9,10.962162442428196,0,0,17.560934622651594,8.880110786370984,0.8691761637193973,False,45,30001
30,2,1,True,71,1.42,17.862283412740283,0,0,17.193464693763378,8.882241559148271,0.9787768653848958,False,71,30000
30,2,1,True,41,0.8200000000000001,10.222005190307991,0,0,17.50826724495984,8.880110786370984,0.9618435414111478,False,41,30001
30,2,-1,True,100,2.0,24.99086050935177,0,0,17.115185018870044,8.882241559148271,0.7670565402782332,False,100,30000
30,2,-1,True,103,2.06,21.99079792153804,0,0,16.9781185901202,8.880110786370984,0.8719921962507876,False,103,30001
30,3,1,True,77,1.54,17.003857960955905,0,0,17.236084649288873,8.882241559148271,0.8761569098594012,False,77,30000
30,3,1,True,99,1.98,20.313964681367157,0,0,17.15570442029634,8.880110786370984,0.7344063660746535,False,99,30001
30,3,-1,False,,,45.15009486514299,0,0,4.636716307088683,8.882241559148271,2.7455252520595907,False,150,30000
30,3,-1,True,33,0.66,8.976557701927797,0,0,17.772326494639216,8.880110786370984,0.7777842917317682,False,33,30001
30,4,1,True,59,1.18,17.327093908284933,0,0,17.510929456055884,8.882241559148271,0.7813121030923894,False,59,30000
30,4,1,True,40,0.8,9.506116207834555,0,0,17.58907503573746,8.880110786370984,0.8910357506335285,False,40,30001
30,4,-1,True,103,2.06,21.504950610524983,0,0,16.889542659730452,8.882241559148271,0.962698899417823,False,103,30000
30,4,-1,True,89,1.78,18.000179356990643,0,0,17.027417517417028,8.880110786370984,0.9626932689539596,False,89,30001
30,5,1,True,65,1.3,18.599124977855165,0,0,17.249268492217382,8.882241559148271,0.9829730669308931,False,65,30000
30,5,1,True,52,1.04,13.747008908387759,0,0,17.769748052191964,8.880110786370984,0.5903627341790267,False,52,30001
30,5,-1,True,138,2.7600000000000002,32.308083084405474,0,0,16.786845800169132,8.882241559148271,0.7153957589791461,False,138,30000
30,5,-1,True,116,2.32,20.412565496154816,0,0,16.87418302421548,8.880110786370984,0.8459277621555079,False,116,30001
30,6,1,True,62,1.24,16.11915848817493,0,0,17.41451655968328,8.882241559148271,0.8477249994649932,False,62,30000
30,6,1,True,47,0.9400000000000001,10.99977177741966,0,0,17.64230175430782,8.880110786370984,0.7678090320631659,False,47,30001
30,6,-1,True,65,1.3,16.510212512964927,0,0,17.3542435933295,8.882241559148271,0.8779979658187729,False,65,30000
30,6,-1,True,66,1.32,14.969933163529447,0,0,17.39566415492267,8.880110786370984,0.8244466314483142,False,66,30001
30,7,1,True,70,1.4000000000000001,15.640214740922165,0,0,17.253131024832385,8.882241559148271,0.9291105343158904,False,70,30000
30,7,1,True,59,1.18,13.16537109797703,0,0,17.296108901101203,8.880110786370984,0.9940018852697835,False,59,30001
30,7,-1,True,79,1.58,21.465624830593224,0,0,17.217193471092557,8.882241559148271,0.8750480880557221,False,79,30000
30,7,-1,True,60,1.2,12.86281511022598,0,0,17.409191488496894,8.880110786370984,0.8709192978740922,False,60,30001
31,0,1,True,77,1.54,18.174605674220274,0,0,15.504911484860022,7.194006919170754,0.9190954343107313,False,77,31000
31,0,1,True,141,2.82,35.721424280214656,0,0,15.389406573325315,7.695320190053505,0.8959136167282002,False,141,31001
31,0,-1,True,62,1.24,14.584294360288037,0,0,15.701998528026282,7.194006919170754,0.8720083911444712,False,62,31000
31,0,-1,True,69,1.3800000000000001,18.60490188487553,0,0,16.205913623663218,7.695320190053505,0.7994065663902893,False,69,31001
31,1,1,True,60,1.2,14.888154501040587,0,0,15.867994519324746,7.194006919170754,0.7260123998460062,False,60,31000
31,1,1,True,75,1.5,20.328200347646536,0,0,16.226113738259755,7.695320190053505,0.7192064517937494,False,75,31001
31,1,-1,True,98,1.96,24.330385184638487,0,0,15.363642477752318,7.194006919170754,0.8503644414184387,False,98,31000
31,1,-1,True,99,1.98,23.160407077927296,0,0,15.84689768030908,7.695320190053505,0.8584225097444251,False,99,31001
31,2,1,False,,,41.105998958513936,0,0,0.10285812085990843,7.194006919170754,5.591148798310858,False,150,31000
31,2,1,False,,,41.840178248596104,0,0,0.5156821313916959,7.695320190053505,5.679638058661815,False,150,31001
31,2,-1,True,109,2.18,21.74016877621303,0,0,15.188010828138973,7.194006919170754,0.9159960910317825,False,109,31000
31,2,-1,True,130,2.6,27.956800661991796,0,0,15.400606787353109,7.695320190053505,0.9947134027003983,False,130,31001
31,3,1,True,92,1.84,18.308857615711275,0,0,15.334238622645742,7.194006919170754,0.9397682965250139,False,92,31000
31,3,1,True,61,1.22,14.888546021694982,0,0,16.346206117096568,7.695320190053505,0.739114072956937,False,61,31001
31,3,-1,True,57,1.1400000000000001,13.6744405670308,0,0,15.79639838743304,7.194006919170754,0.8276085317377148,False,57,31000
31,3,-1,False,,,41.95207493172404,0,0,2.279275953186371,7.695320190053505,3.916044236867142,False,150,31001
31,4,1,True,94,1.8800000000000001,21.909914242288167,0,0,15.309010319647456,7.194006919170754,0.9449965995233,False,94,31000
31,4,1,True,93,1.86,25.500292405879772,0,0,15.858866266778637,7.695320190053505,0.906453923274866,False,93,31001
31,4,-1,True,91,1.82,19.62969272147099,0,0,15.28778528754296,7.194006919170754,0.9962216316277941,False,91,31000
31,4,-1,True,96,1.92,22.12598777625546,0,0,15.804810756242839,7.695320190053505,0.9305094338106701,False,96,31001
31,5,1,True,70,1.4000000000000001,19.602414625534205,0,0,15.587966049722962,7.194006919170754,0.9060408694477945,False,70,31000
31,5,1,True,65,1.3,16.246308164050216,0,0,16.087090419526255,7.695320190053505,0.9582297705272512,False,65,31001
31,5,-1,True,74,1.48,16.378863746890854,0,0,15.491680779127513,7.194006919170754,0.9623261400432414,False,74,31000
31,5,-1,True,72,1.44,16.599952727602677,0,0,15.980179902538879,7.695320190053505,0.9951402875146262,False,72,31001
31,6,1,True,57,1.1400000000000001,16.471087536068122,0,0,15.732747601246972,7.194006919170754,0.8912593179237862,False,57,31000
31,6,1,True,85,1.7,20.108698932811468,0,0,15.928857844496036,7.695320190053505,0.9164623455574703,False,85,31001
31,6,-1,True,59,1.18,13.465665347306345,0,0,15.776728114076558,7.194006919170754,0.8272788050941978,False,59,31000
31,6,-1,True,69,1.3800000000000001,16.68615604058025,0,0,16.096248229680693,7.695320190053505,0.9090719603728112,False,69,31001
31,7,1,True,73,1.46,18.950670467683604,0,0,15.505033192514599,7.194006919170754,0.9589737266561574,False,73,31000
31,7,1,False,,,45.013627996807685,0,0,-9.278741683882474,7.695320190053505,15.474061873935991,False,150,31001
31,7,-1,False,,,8.38728295369608,0,0,-3.3972221530341624,7.194006919170754,9.09122907220493,False,150,31000
31,7,-1,False,,,22.134511038129894,0,0,-0.7216918416146403,7.695320190053505,6.917012031668153,False,150,31001
32,0,1,True,58,1.16,12.56403934223492,0,0,17.508496311062096,9.06420454434389,0.9757082332817963,False,58,32000
32,0,1,True,59,1.18,13.457568150144834,0,0,15.82846041958956,7.093987868108297,0.6755274485187397,False,59,32001
32,0,-1,True,99,1.98,26.58875734263853,0,0,17.303028868486862,9.06420454434389,0.7711756758570344,False,99,32000
32,0,-1,True,52,1.04,12.419927106548108,0,0,15.715481745557662,7.093987868108297,0.8585061225506349,False,52,32001
32,1,1,True,69,1.3800000000000001,16.84624795524752,0,0,17.477906330380943,9.06420454434389,0.896298213962949,False,69,32000
32,1,1,True,58,1.16,14.839333262791374,0,0,15.78376744067394,7.093987868108297,0.7302204274343607,False,58,32001
32,1,-1,True,67,1.34,14.821794128125227,0,0,17.396002608489447,9.06420454434389,0.9982019358544473,False,67,32000
32,1,-1,True,59,1.18,13.418537581352993,0,0,15.648619601721844,7.093987868108297,0.8553682663864547,False,59,32001
32,2,1,True,58,1.16,12.408876485955503,0,0,17.701638975689942,9.06420454434389,0.7825655686539504,False,58,32000
32,2,1,True,54,1.08,11.533924214255961,0,0,15.585218133540678,7.093987868108297,0.9687697345676198,False,54,32001
32,2,-1,True,46,0.92,10.730148221668696,0,0,17.621438915505955,9.06420454434389,0.9827656288379356,False,46,32000
32,2,-1,True,81,1.62,17.262899999197348,0,0,15.502838651623318,7.093987868108297,0.7811492164849774,False,81,32001
32,3,1,True,108,2.16,22.222836086213203,0,0,17.101925991287253,9.06420454434389,0.8822785530566449,False,108,32000
32,3,1,True,69,1.3800000000000001,13.522424390578468,0,0,15.803804862433486,7.093987868108297,0.6001830056748135,False,69,32001
32,3,-1,True,39,0.78,10.607928635530104,0,0,17.76765049527012,9.06420454434389,0.9065540490737717,False,39,32000
32,3,-1,True,71,1.42,18.63351455936495,0,0,15.402175213425883,7.093987868108297,0.9818126546824137,False,71,32001
32,4,1,True,49,0.98,11.728329717328863,0,0,17.636777768369583,9.06420454434389,0.937426775974307,False,49,32000
32,4,1,True,64,1.28,15.941027011577933,0,0,15.527178013289856,7.093987868108297,0.926809854818443,False,64,32001
32,4,-1,True,83,1.6600000000000001,18.725237392564082,0,0,17.34342312664806,9.06420454434389,0.8907814176958365,False,83,32000
32,4,-1,True,62,1.24,13.103219708269817,0,0,15.630653404480434,7.093987868108297,0.8433344636278637,False,62,32001
32,5,1,True,53,1.06,12.549087890398447,0,0,17.679563549954896,9.06420454434389,0.8546409943889968,False,53,32000
32,5,1,True,51,1.02,12.457615452690765,0,0,15.825082636378156,7.093987868108297,0.7589052317301401,False,51,32001
32,5,-1,True,68,1.36,15.518015854673804,0,0,17.449700133543868,9.06420454434389,0.9345044108000247,False,68,32000
32,5,-1,True,101,2.02,25.177222944960743,0,0,15.14313846427361,7.093987868108297,0.9408494038346883,False,101,32001
32,6,1,True,64,1.28,17.063566081969665,0,0,17.548269189107366,9.06420454434389,0.8759353552365285,False,64,32000
32,6,1,True,63,1.26,15.678755670096377,0,0,15.682166924031257,7.093987868108297,0.7818209440770424,False,63,32001
32,6,-1,True,67,1.34,12.585652601405197,0,0,17.58448174731967,9.06420454434389,0.8097227970242258,False,67,32000
32,6,-1,True,60,1.2,12.90119395288589,0,0,15.564836720304008,7.093987868108297,0.9291511478042915,False,60,32001
32,7,1,True,90,1.8,18.600224345735462,0,0,17.279579325293643,9.06420454434389,0.8846252190502517,False,90,32000
32,7,1,True,61,1.22,13.532757029640049,0,0,15.529076949105644,7.093987868108297,0.9549109190026558,False,61,32001
32,7,-1,True,43,0.86,12.511863184580324,0,0,17.84318973657918,9.06420454434389,0.7910148077647118,False,43,32000
32,7,-1,True,68,1.36,17.517093452885707,0,0,15.468120779099149,7.093987868108297,0.9458670890091494,False,68,32001
33,0,1,True,53,1.06,11.451584989085447,0,0,16.447253152142725,7.763008706410336,0.7857555542676115,False,53,33000
33,0,1,True,56,1.12,11.660209552650374,0,0,15.228279541308172,6.681851709729574,0.8935721684214042,False,56,33001
33,0,-1,False,,,39.777620854276705,0,0,3.1632050503384637,7.763008706410336,3.099803656071878,False,150,33000
33,0,-1,True,37,0.74,8.354894281123995,0,0,15.391825366697915,6.681851709729574,0.9200263430316593,False,37,33001
33,1,1,False,,,46.640641721784974,0,0,-2.7175920581495134,7.763008706410336,8.980600764559865,False,150,33000
33,1,1,True,26,0.52,8.256922494533875,0,0,15.607837068968559,6.681851709729574,0.8140146407610174,False,26,33001
33,1,-1,True,58,1.16,10.367282797182554,0,0,16.189756121528802,7.763008706410336,0.9932525848815368,False,58,33000
33,1,-1,True,80,1.6,12.571450666525205,0,0,14.908383644376151,6.681851709729574,0.9734680653534278,False,80,33001
33,2,1,True,60,1.2,15.392383055667292,0,0,16.402632415985803,7.763008706410336,0.760376290424533,False,60,33000
33,2,1,True,43,0.86,9.181783171180179,0,0,15.413830827159002,6.681851709729574,0.8380208825705745,False,43,33001
33,2,-1,True,42,0.84,9.977427383313238,0,0,16.39656684096854,7.763008706410336,0.9464418654417979,False,42,33000
33,2,-1,True,32,0.64,7.367510285297855,0,0,15.43149861414674,6.681851709729574,0.9303530955828349,False,32,33001
33,3,1,True,48,0.96,10.958976071083953,0,0,16.289817880794473,7.763008706410336,0.993190825615861,False,48,33000
33,3,1,True,76,1.52,20.334516211330303,0,0,15.077310463733841,6.681851709729574,0.844541245995735,False,76,33001
33,3,-1,False,,,40.901243894309836,0,0,3.8824002512821307,7.763008706410336,2.380608455128214,False,150,33000
33,3,-1,True,32,0.64,8.54386265257568,0,0,15.381189966766886,6.681851709729574,0.9806617429626882,False,32,33001
33,4,1,True,36,0.72,9.62223981018525,0,0,16.5751059936563,7.763008706410336,0.8279027127540362,False,36,33000
33,4,1,True,26,0.52,7.349067876284309,0,0,15.583070445058926,6.681851709729574,0.838781264670647,False,26,33001
33,4,-1,True,49,0.98,10.8853912187797,0,0,16.335826313940167,7.763008706410336,0.9371823924701708,False,49,33000
33,4,-1,True,83,1.6600000000000001,17.321445103306132,0,0,14.958757336763743,6.681851709729574,0.8930943729658372,False,83,33001
33,5,1,True,71,1.42,13.267948506407892,0,0,16.15112430944781,7.763008706410336,0.9018843969625309,False,71,33000
33,5,1,True,97,1.94,20.707053491322974,0,0,14.737384869840973,6.681851709729574,0.9744668398886059,False,97,33001
33,5,-1,True,121,2.42,32.72587434433916,0,0,15.594852046160103,7.763008706410336,0.9581566602502379,False,121,33000
33,5,-1,True,24,0.48,7.9972787555358975,0,0,15.563970434009534,6.681851709729574,0.8778812757200393,False,24,33001
33,6,1,False,,,47.30370874485879,0,0,-19.757875963498428,7.763008706410336,26.020884669908757,False,150,33000
33,6,1,True,30,0.6,7.069719666485229,0,0,15.488790990136113,6.681851709729574,0.8930607195934602,False,30,33001
33,6,-1,True,115,2.3000000000000003,34.15490478857766,0,0,15.737058350403267,7.763008706410336,0.8759503560070749,False,115,33000
33,6,-1,True,57,1.1400000000000001,14.407965273684862,0,0,15.193746646684485,6.681851709729574,0.9181050630450878,False,57,33001
33,7,1,True,39,0.78,10.221491978111757,0,0,16.445162734238473,7.763008706410336,0.9278459721718612,False,39,33000
33,7,1,True,26,0.52,7.349399068181442,0,0,15.432261548678738,6.681851709729574,0.9895901610508371,False,26,33001
33,7,-1,True,47,0.9400000000000001,11.164357773883344,0,0,16.569751257602455,7.763008706410336,0.723257448807883,False,47,33000
33,7,-1,True,48,0.96,9.335707792185762,0,0,15.303445125913711,6.681851709729574,0.8984065838158625,False,48,33001
34,0,1,True,54,1.08,13.709932505545819,0,0,18.415565722603453,9.904737609791837,0.9491718871883876,False,54,34000
34,0,1,True,36,0.72,9.903931903515153,0,0,16.183780116466604,7.35806277161038,0.8142826551437752,False,36,34001
34,0,-1,True,56,1.12,14.614605418686338,0,0,18.574241456374203,9.904737609791837,0.7704961534176378,False,56,34000
34,0,-1,True,51,1.02,12.82626709145474,0,0,16.037797272077658,7.35806277161038,0.8102654995327255,False,51,34001
34,1,1,True,64,1.28,16.681054653097227,0,0,18.395451180518897,9.904737609791837,0.8692864292729408,False,64,34000
34,1,1,True,61,1.22,14.309685886172726,0,0,15.774932828723145,7.35806277161038,0.9731299428872359,False,61,34001
34,1,-1,True,58,1.16,13.496794232759862,0,0,18.4957707540146,9.904737609791837,0.8289668557772405,False,58,34000
34,1,-1,True,40,0.8,9.75154534550383,0,0,16.122597645321015,7.35806277161038,0.8354651262893669,False,40,34001
34,2,1,True,64,1.28,14.369096841826163,0,0,18.417870588925503,9.904737609791837,0.8468670208663378,False,64,34000
34,2,1,True,59,1.18,12.295857444496322,0,0,16.037272642762886,7.35806277161038,0.7307901288474982,False,59,34001
34,2,-1,True,61,1.22,15.22514400364591,0,0,18.312180047795756,9.904737609791837,0.9825575619960832,False,61,34000
34,2,-1,True,48,0.96,12.265672092300026,0,0,16.086397534052445,7.35806277161038,0.7916652375579383,False,48,34001
34,3,1,True,59,1.18,14.789100239163252,0,0,18.354179257123608,9.904737609791837,0.9605583526682331,False,59,34000
34,3,1,True,68,1.36,17.25255147181545,0,0,15.884647355966479,7.35806277161038,0.7934154156439036,False,68,34001
34,3,-1,True,58,1.16,13.78033423597498,0,0,18.421028984165307,9.904737609791837,0.9037086256265311,False,58,34000
34,3,-1,True,51,1.02,12.550392527145577,0,0,15.988097859945098,7.35806277161038,0.8599649116652832,False,51,34001
34,4,1,True,61,1.22,14.301615030675864,0,0,18.31082973497522,9.904737609791837,0.9839078748166248,False,61,34000
34,4,1,True,48,0.96,11.033899805771135,0,0,16.152672980143855,7.35806277161038,0.7253897914665264,False,48,34001
34,4,-1,True,58,1.16,15.764204702929872,0,0,18.36189912342843,9.904737609791837,0.9628384863634127,False,58,34000
34,4,-1,True,38,0.76,9.25817570483386,0,0,16.230124182524634,7.35806277161038,0.7479385890857467,False,38,34001
34,5,1,True,63,1.26,17.767691214102168,0,0,18.30266109908014,9.904737609791837,0.9720765107117024,False,63,34000
34,5,1,True,39,0.78,9.470118200883874,0,0,16.22285932051691,7.35806277161038,0.7452034510934709,False,39,34001
34,5,-1,True,59,1.18,14.836495181177822,0,0,18.31544579355456,9.904737609791837,0.9992918162372812,False,59,34000
34,5,-1,True,43,0.86,9.689424016501022,0,0,16.103709036668377,7.35806277161038,0.8243537349420045,False,43,34001
34,6,1,True,62,1.24,15.778610324697068,0,0,18.32350763550638,9.904737609791837,0.9612299742854583,False,62,34000
34,6,1,True,41,0.8200000000000001,9.42228829154541,0,0,16.151116560349653,7.35806277161038,0.796946211260728,False,41,34001
34,6,-1,True,58,1.16,15.82508632797466,0,0,18.417225006500956,9.904737609791837,0.9075126032908829,False,58,34000
34,6,-1,True,36,0.72,9.31456979406549,0,0,16.272667037355962,7.35806277161038,0.7253957342544198,False,36,34001
34,7,1,False,,,47.86506719609298,0,0,-8.844915837329866,9.904737609791837,17.24965344712172,False,150,34000
34,7,1,False,,,46.877747066269244,0,0,-0.18199127731310183,7.35806277161038,6.0400540489234995,False,150,34001
34,7,-1,True,77,1.54,17.360580041898857,0,0,18.205880505040412,9.904737609791837,0.9288571047514327,False,77,34000
34,7,-1,True,103,2.06,25.0090512856408,0,0,15.45847733351546,7.35806277161038,0.869585438094923,False,103,34001
35,0,1,True,37,0.74,8.68141102636516,0,0,15.374913494504003,6.73559117718944,0.9906776826854367,False,37,35000
35,0,1,True,73,1.46,17.402976802191457,0,0,15.394985089096103,6.86556864923925,0.7405835601431485,False,73,35001
35,0,-1,True,43,0.86,11.551534788149125,0,0,15.481784196748352,6.73559117718944,0.8238069804410885,False,43,35000
35,0,-1,True,62,1.24,16.522823352212455,0,0,15.437173545466475,6.86556864923925,0.8083951037727753,False,62,35001
35,1,1,False,,,44.52534404190389,0,0,-16.747021148102682,6.73559117718944,21.982612325292124,False,150,35000
35,1,1,False,,,39.97751841488141,0,0,-2.0046152692604213,6.86556864923925,7.370183918499681,False,150,35001
35,1,-1,True,68,1.36,18.933298731599205,0,0,15.121046009041319,6.73559117718944,0.9345451681481236,False,68,35000
35,1,-1,True,112,2.24,28.432815304878147,0,0,15.071962276839301,6.86556864923925,0.6736063723999505,False,112,35001
35,2,1,True,45,0.9,12.678115144700287,0,0,15.364446545466949,6.73559117718944,0.9211446317224924,False,45,35000
35,2,1,True,91,1.82,26.59570138611809,0,0,14.976524168876024,6.86556864923925,0.9790444803632358,False,91,35001
35,2,-1,True,142,2.84,35.41528663602416,0,0,14.68313850756049,6.73559117718944,0.6324526696289586,False,142,35000
35,2,-1,True,81,1.62,16.904909677268517,0,0,15.102149708827529,6.86556864923925,0.9534189404117199,False,81,35001
35,3,1,True,67,1.34,18.131301060176973,0,0,15.072833427261717,6.73559117718944,0.9927577499277228,False,67,35000
35,3,1,True,91,1.82,19.42638397271544,0,0,15.080915706193093,6.86556864923925,0.8746529430461569,False,91,35001
35,3,-1,True,60,1.2,15.84738972492863,0,0,15.540830913604044,6.73559117718944,0.5947602635853978,False,60,35000
35,3,-1,False,,,41.86974992516605,0,0,2.06079267671052,6.86556864923925,3.304775972528735,False,150,35001
35,4,1,True,56,1.12,13.74210583937956,0,0,15.575928876295647,6.73559117718944,0.5996623008937932,False,56,35000
35,4,1,True,72,1.44,17.890013094491746,0,0,15.385023332007217,6.86556864923925,0.7605453172320358,False,72,35001
35,4,-1,True,47,0.9400000000000001,11.16709043761757,0,0,15.270996686750804,6.73559117718944,0.9945944904386371,False,47,35000
35,4,-1,True,82,1.6400000000000001,18.393121968430435,0,0,15.164337163347088,6.86556864923925,0.8812314858921615,False,82,35001
35,5,1,True,43,0.86,10.709301811853278,0,0,15.502943288782351,6.73559117718944,0.80264788840709,False,43,35000
35,5,1,True,97,1.94,24.67753754215177,0,0,15.006699168053732,6.86556864923925,0.8888694811855269,False,97,35001
35,5,-1,True,50,1.0,12.869600954196635,0,0,15.355569543623012,6.73559117718944,0.8800216335664296,False,50,35000
35,5,-1,True,86,1.72,20.51236625067802,0,0,15.220047909176277,6.86556864923925,0.7855207400629737,False,86,35001
35,6,1,True,52,1.04,13.34466367854824,0,0,15.262874171484786,6.73559117718944,0.9527170057046584,False,52,35000
35,6,1,True,66,1.32,16.876514514364363,0,0,15.32465192799936,6.86556864923925,0.880916721239891,False,66,35001
35,6,-1,True,49,0.98,12.919011336736302,0,0,15.435036441327362,6.73559117718944,0.8105547358620779,False,49,35000
35,6,-1,True,68,1.36,16.302877594706477,0,0,15.334503948478432,6.86556864923925,0.851064700760818,False,68,35001
35,7,1,True,35,0.7000000000000001,12.650205504886166,0,0,15.532054713186985,6.73559117718944,0.8535364640024546,False,35,35000
35,7,1,True,54,1.08,13.815085862992222,0,0,15.45186771547482,6.86556864923925,0.8737009337644288,False,54,35001
35,7,-1,True,43,0.86,9.965925407512575,0,0,15.416272991632752,6.73559117718944,0.8893181855566898,False,43,35000
35,7,-1,True,67,1.34,16.07651254704521,0,0,15.394156163332376,6.86556864923925,0.8014124859068742,False,67,35001
36,0,1,True,52,1.04,13.75461753109466,0,0,16.957414507136786,8.43488609831338,0.9574715911765929,False,52,36000
36,0,1,True,50,1.0,13.568268393739416,0,0,16.113947162550325,7.234567502793486,0.6206203402431625,False,50,36001
36,0,-1,True,47,0.9400000000000001,11.935684125799272,0,0,16.970515261197093,8.43488609831338,0.99437083711629,False,47,36000
36,0,-1,True,44,0.88,11.199706400807422,0,0,15.897415814085775,7.234567502793486,0.8971516887077102,False,44,36001
36,1,1,True,57,1.1400000000000001,14.062706001639958,0,0,17.05901534140188,8.43488609831338,0.8058707569115005,False,57,36000
36,1,1,True,43,0.86,10.736632241829284,0,0,15.807679687132406,7.234567502793486,0.9968878156610822,False,43,36001
36,1,-1,True,49,0.98,12.13837400007626,0,0,17.184341916502067,8.43488609831338,0.7605441818113151,False,49,36000
36,1,-1,True,41,0.8200000000000001,11.158500593284497,0,0,16.015502077762875,7.234567502793486,0.8090654250306096,False,41,36001
36,2,1,True,47,0.9400000000000001,13.185779766593209,0,0,17.266995532162227,8.43488609831338,0.6978905661511527,False,47,36000
36,2,1,True,40,0.8,10.72304489273461,0,0,15.927497847706714,7.234567502793486,0.9070696550867718,False,40,36001
36,2,-1,True,47,0.9400000000000001,11.630294593115622,0,0,16.998839575843327,8.43488609831338,0.9660465224700527,False,47,36000
36,2,-1,True,43,0.86,10.559761793194797,0,0,15.89636691660209,7.234567502793486,0.908200586191395,False,43,36001
36,3,1,True,64,1.28,17.75331606220653,0,0,16.968235648099704,8.43488609831338,0.8266504502136763,False,64,36000
36,3,1,True,57,1.1400000000000001,15.061842399072566,0,0,15.7496108675825,7.234567502793486,0.9149566352109891,False,57,36001
36,3,-1,True,43,0.86,11.506113483382649,0,0,17.106939142443014,8.43488609831338,0.8979469558703661,False,43,36000
36,3,-1,True,43,0.86,11.255482726059753,0,0,15.889607714489308,7.234567502793486,0.9149597883041786,False,43,36001
36,4,1,True,50,1.0,12.356574450272108,0,0,17.15054539570825,8.43488609831338,0.7843407026051287,False,50,36000
36,4,1,True,44,0.88,10.482971893852033,0,0,15.890638708897201,7.234567502793486,0.9039287938962863,False,44,36001
36,4,-1,True,55,1.1,13.814915989844813,0,0,16.94075325964964,8.43488609831338,0.944132838663744,False,55,36000
36,4,-1,True,52,1.04,13.800613757810604,0,0,15.77079164924703,7.234567502793486,0.9437758535464549,False,52,36001
36,5,1,True,56,1.12,14.856228324383062,0,0,17.050112685648976,8.43488609831338,0.8247734126644053,False,56,36000
36,5,1,True,50,1.0,12.920270367105548,0,0,15.933266366431655,7.234567502793486,0.8013011363618308,False,50,36001
36,5,-1,False,,,46.79630256600234,0,0,-16.41978359338111,8.43488609831338,23.3546696916945,False,150,36000
36,5,-1,False,,,45.7996620700366,0,0,-20.10212489297005,7.234567502793486,25.83669239576352,False,150,36001
36,6,1,True,52,1.04,12.02883156372246,0,0,17.075041302608746,8.43488609831338,0.8398447957046389,False,52,36000
36,6,1,True,62,1.24,13.910743369683308,0,0,15.768724185381783,7.234567502793486,0.845843317411705,False,62,36001
36,6,-1,True,150,3.0,42.73938767358912,0,0,15.96949300174791,8.43488609831338,0.9653930965654723,False,150,36000
36,6,-1,True,39,0.78,10.643495057557494,0,0,16.26016820774783,7.234567502793486,0.584399295045656,False,39,36001
36,7,1,True,51,1.02,12.870841762794514,0,0,17.148167995893708,8.43488609831338,0.7767181024196725,False,51,36000
36,7,1,True,54,1.08,13.085675554728493,0,0,15.795041625914703,7.234567502793486,0.899525876878784,False,54,36001
36,7,-1,False,,,40.88186231720633,0,0,-2.4908082059045604,8.43488609831338,9.42569430421795,False,150,36000
36,7,-1,True,47,0.9400000000000001,10.800213852505824,0,0,15.803199825793747,7.234567502793486,0.9613676769997404,False,47,36001
37,0,1,True,69,1.3800000000000001,18.78574476892754,0,0,16.676501850310853,8.316984517481307,0.9504826671704554,False,69,37000
37,0,1,True,57,1.1400000000000001,16.27887230172802,0,0,18.16708739045862,9.513552079740462,0.7764646892818479,False,57,37001
37,0,-1,True,65,1.3,15.280095747575814,0,0,16.87638405577505,8.316984517481307,0.7906004617062589,False,65,37000
37,0,-1,True,57,1.1400000000000001,14.260445421767038,0,0,18.165272041149642,9.513552079740462,0.77828003859082,False,57,37001
37,1,1,True,102,2.04,22.29395925691161,0,0,16.775136134469747,8.316984517481307,0.521848383011564,False,102,37000
37,1,1,True,89,1.78,18.8084344601566,0,0,17.76548396572442,9.513552079740462,0.8580681140160447,False,89,37001
37,1,-1,False,,,40.89501144745038,0,0,4.973395998469331,8.316984517481307,1.843588519011982,False,150,37000
37,1,-1,False,,,46.207051001379064,0,0,-5.971784269197547,9.513552079740462,13.985336348938022,False,150,37001
37,2,1,True,73,1.46,19.38878388403177,0,0,16.659934345647862,8.316984517481307,0.927050171833448,False,73,37000
37,2,1,True,70,1.4000000000000001,18.125017523249102,0,0,17.851879706766226,9.513552079740462,0.9616723729742407,False,70,37001
37,2,-1,True,56,1.12,14.059176638992328,0,0,16.762516674535878,8.316984517481307,0.9944678429454319,False,56,37000
37,2,-1,True,61,1.22,16.440555684733905,0,0,17.938038090507952,9.513552079740462,0.9655139892325132,False,61,37001
37,3,1,True,62,1.24,15.6483008588209,0,0,16.932207009207552,8.316984517481307,0.7647775082737583,False,62,37000
37,3,1,True,84,1.68,22.3426052104227,0,0,17.959836358125724,9.513552079740462,0.7137157216147406,False,84,37001
37,3,-1,True,74,1.48,20.621909716186764,0,0,16.788659823051823,8.316984517481307,0.788324694429484,False,74,37000
37,3,-1,True,56,1.12,15.187442373152782,0,0,18.0840859856758,9.513552079740462,0.8694660940646651,False,56,37001
37,4,1,True,58,1.16,13.555600020661842,0,0,16.803508904064145,8.316984517481307,0.9334756134171645,False,58,37000
37,4,1,True,59,1.18,15.87674586469755,0,0,18.07965283737822,9.513552079740462,0.8438992423622432,False,59,37001
37,4,-1,True,68,1.36,17.39148185156098,0,0,16.769552785886283,8.316984517481307,0.867431731595027,False,68,37000
37,4,-1,True,60,1.2,17.443759900567436,0,0,18.43691866404044,9.513552079740462,0.47663341570002415,False,60,37001
37,5,1,False,,,45.439359228267726,0,0,-5.20147789721699,8.316984517481307,12.01846241469831,False,150,37000
37,5,1,False,,,47.44710375528729,0,0,-10.152056613845694,9.513552079740462,18.165608693586165,False,150,37001
37,5,-1,True,65,1.3,16.15156651239994,0,0,16.836799121690603,8.316984517481307,0.8301853957907073,False,65,37000
37,5,-1,True,59,1.18,15.014687901956748,0,0,17.993846662235697,9.513552079740462,0.9297054175047653,False,59,37001
37,6,1,True,74,1.48,18.304878112283046,0,0,16.647310819556992,8.316984517481307,0.9296736979243166,False,74,37000
37,6,1,True,67,1.34,16.88896224849067,0,0,18.010168656653107,9.513552079740462,0.8333834230873619,False,67,37001
37,6,-1,True,65,1.3,16.474047192418563,0,0,16.91800173211037,8.316984517481307,0.7489827853709387,False,65,37000
37,6,-1,True,61,1.22,16.742006285499915,0,0,18.13236608325238,9.513552079740462,0.771185996488088,False,61,37001
37,7,1,False,,,47.719850947045906,0,0,-8.648154437872753,8.316984517481307,15.465138955354073,False,150,37000
37,7,1,False,,,50.31088667480172,0,0,-13.181679727926076,9.513552079740462,21.195231807666552,False,150,37001
37,7,-1,True,92,1.84,19.20913911811923,0,0,16.422966906503806,8.316984517481307,0.9740176109775026,False,92,37000
37,7,-1,True,118,2.36,23.733499141139564,0,0,17.451737614630733,9.513552079740462,0.8818144651097318,False,118,37001
38,0,1,True,40,0.8,11.645953062220823,0,0,14.956854443088051,6.293696718806072,0.9368422757180223,False,40,38000
38,0,1,True,80,1.6,22.08355133134169,0,0,17.401289673781232,9.062069643284012,0.8607799695027832,False,80,38001
38,0,-1,True,47,0.9400000000000001,11.254570252912261,0,0,15.083577847692112,6.293696718806072,0.7401188711139591,False,47,38000
38,0,-1,True,89,1.78,21.17822214390784,0,0,17.236735851068964,9.062069643284012,0.9353337922150514,False,89,38001
38,1,1,True,43,0.86,11.986186109191907,0,0,14.87780640794183,6.293696718806072,0.9858903108642432,False,43,38000
38,1,1,True,79,1.58,21.08078324288026,0,0,17.328506537450785,9.062069643284012,0.9435631058332312,False,79,38001
38,1,-1,True,46,0.92,11.620974786382959,0,0,14.838025856370088,6.293696718806072,0.9956708624359868,False,46,38000
38,1,-1,True,89,1.78,24.44820837204908,0,0,17.193187366138407,9.062069643284012,0.978882277145612,False,89,38001
38,2,1,False,,,37.71290630599987,0,0,3.3564799010488606,6.293696718806072,1.4372168177572155,False,150,38000
38,2,1,True,65,1.3,18.395045800748218,0,0,17.59392940129314,9.062069643284012,0.8181402419908763,False,65,38001
38,2,-1,True,60,1.2,15.575974263619408,0,0,14.725803927614404,6.293696718806072,0.9678927911916702,False,60,38000
38,2,-1,True,89,1.78,20.0767167978228,0,0,17.51278972715378,9.062069643284012,0.6592799161302367,False,89,38001
38,3,1,True,54,1.08,13.005460433627432,0,0,14.831735628252186,6.293696718806072,0.9219610905538846,False,54,38000
38,3,1,True,84,1.68,22.431026107896162,0,0,17.402513591825794,9.062069643284012,0.8195560514582254,False,84,38001
38,3,-1,True,47,0.9400000000000001,11.794380225661897,0,0,14.93332946856033,6.293696718806072,0.8903672502457427,False,47,38000
38,3,-1,True,76,1.52,18.610061663760998,0,0,17.633803326711373,9.062069643284012,0.6682663165726389,False,76,38001
38,4,1,True,48,0.96,13.258979814592125,0,0,14.928232268966502,6.293696718806072,0.8854644498395705,False,48,38000
38,4,1,True,65,1.3,17.937395140117506,0,0,17.483635404188114,9.062069643284012,0.9284342390959016,False,65,38001
38,4,-1,True,49,0.98,12.295267188231792,0,0,15.093761550273847,6.293696718806072,0.7099351685322262,False,49,38000
38,4,-1,True,74,1.48,19.53763582367368,0,0,17.39110895865583,9.062069643284012,0.9309606846281836,False,74,38001
38,5,1,True,67,1.34,17.94687606011237,0,0,14.678163697765777,6.293696718806072,0.9455330210402955,False,67,38000
38,5,1,True,79,1.58,18.69938496446745,0,0,17.450724774087977,9.062069643284012,0.8213448691960372,False,79,38001
38,5,-1,True,51,1.02,12.827072810060528,0,0,14.860559211967647,6.293696718806072,0.9231375068384262,False,51,38000
38,5,-1,True,75,1.5,19.96482179140794,0,0,17.34453660611304,9.062069643284012,0.9675330371709745,False,75,38001
38,6,1,True,52,1.04,13.018851339118859,0,0,14.908820253371097,6.293696718806072,0.8648764654349752,False,52,38000
38,6,1,True,93,1.86,23.317975904473585,0,0,17.324950472344852,9.062069643284012,0.8071191709391625,False,93,38001
38,6,-1,True,34,0.68,9.524426606065179,0,0,15.100357668638694,6.293696718806072,0.8533390501673823,False,34,38000
38,6,-1,True,88,1.76,23.60276409641684,0,0,17.635170563774892,9.062069643284012,0.5468990795091243,False,88,38001
38,7,1,True,46,0.92,12.013648158915341,0,0,14.85277781870789,6.293696718806072,0.9809189000981827,False,46,38000
38,7,1,True,95,1.9000000000000001,28.698764700357657,0,0,17.23723407631222,9.062069643284012,0.8748355669718021,False,95,38001
38,7,-1,True,56,1.12,14.81702347577827,0,0,15.018487855670042,6.293696718806072,0.7152088631360309,False,56,38000
38,7,-1,True,99,1.98,26.479502386342865,0,0,17.30557109566226,9.062069643284012,0.7664985476217598,False,99,38001
39,0,1,True,49,0.98,12.946086597285369,0,0,18.214889815273665,9.634853397378686,0.929963582105024,False,49,39000
39,0,1,True,35,0.7000000000000001,8.162689125194063,0,0,16.27401707199298,7.314700294448144,0.6906832224551666,False,35,39001
39,0,-1,True,57,1.1400000000000001,15.834256916812617,0,0,18.249444750486962,9.634853397378686,0.8154086468917259,False,57,39000
39,0,-1,True,46,0.92,10.520717288998645,0,0,15.966382775481222,7.314700294448144,0.8883175189669265,False,46,39001
39,1,1,True,45,0.9,12.017966065920735,0,0,18.225133612076643,9.634853397378686,0.959719785302045,False,45,39000
39,1,1,True,46,0.92,11.187660118498306,0,0,15.961086701616724,7.314700294448144,0.8936135928314201,False,46,39001
39,1,-1,True,48,0.96,12.324147342008564,0,0,18.193961142732434,9.634853397378686,0.9608922546462564,False,48,39000
39,1,-1,True,29,0.58,8.297550025906947,0,0,16.268187830601285,7.314700294448144,0.7565124638468584,False,29,39001
39,2,1,True,72,1.44,16.550528533211402,0,0,17.987543466099247,9.634853397378686,0.9273099312794448,False,72,39000
39,2,1,True,60,1.2,11.825174287863234,0,0,15.801681580655675,7.314700294448144,0.9130187137924743,False,60,39001
39,2,-1,False,,,42.44220480388105,0,0,2.311769665542869,9.634853397378686,5.823083731835829,False,150,39000
39,2,-1,True,24,0.48,7.729518364964791,0,0,16.221838056529435,7.314700294448144,0.8528622379187072,False,24,39001
39,3,1,True,73,1.46,16.71376544216258,0,0,17.912450758045615,9.634853397378686,0.9924026393330708,False,73,39000
39,3,1,True,44,0.88,10.401999320393081,0,0,16.1283900673329,7.314700294448144,0.746310227115244,False,44,39001
39,3,-1,True,47,0.9400000000000001,11.926762847752798,0,0,18.367853047129195,9.634853397378686,0.7970003502494946,False,47,39000
39,3,-1,True,35,0.7000000000000001,8.290747894023095,0,0,16.039033478285262,7.314700294448144,0.9256668161628849,False,35,39001
39,4,1,True,53,1.06,13.5246233901646,0,0,18.161826521985144,9.634853397378686,0.9430268753935451,False,53,39000
39,4,1,True,32,0.64,8.257388172606998,0,0,16.190167222462406,7.314700294448144,0.8045330719857364,False,32,39001
39,4,-1,True,53,1.06,12.839881058746826,0,0,18.153422100176332,9.634853397378686,0.9514312972023585,False,53,39000
39,4,-1,True,43,0.86,9.231758576552412,0,0,16.000067329035797,7.314700294448144,0.8846329654123491,False,43,39001
39,5,1,True,57,1.1400000000000001,13.750762440662871,0,0,18.08268020040361,9.634853397378686,0.9821731969750825,False,57,39000
39,5,1,True,45,0.9,8.522243613909872,0,0,15.871499511408533,7.314700294448144,0.9932007830396131,False,45,39001
39,5,-1,True,49,0.98,13.587749131058354,0,0,18.394824162300623,9.634853397378686,0.7500292350780643,False,49,39000
39,5,-1,True,27,0.54,8.193572746683884,0,0,16.47656592576302,7.314700294448144,0.5681343686851265,False,27,39001
39,6,1,True,58,1.16,14.979136157949444,0,0,18.11527449275701,9.634853397378686,0.9395789046216807,False,58,39000
39,6,1,True,77,1.54,12.385215213678174,0,0,15.680012921302367,7.314700294448144,0.8646873731457794,False,77,39001
39,6,-1,False,,,45.311343808078064,0,0,-6.153425729356451,9.634853397378686,14.288279126735155,False,150,39000
39,6,-1,True,23,0.46,7.769516578579864,0,0,16.192649074241114,7.314700294448144,0.8920512202070314,False,23,39001
39,7,1,True,59,1.18,14.818160218638852,0,0,18.270126785179166,9.634853397378686,0.774726612199526,False,59,39000
39,7,1,True,46,0.92,9.275763008637018,0,0,15.868424864909986,7.314700294448144,0.9862754295381599,False,46,39001
39,7,-1,False,,,41.21124173734233,0,0,4.894714374799736,9.634853397378686,3.240139022578967,False,150,39000
39,7,-1,True,28,0.56,7.771738664441646,0,0,16.12420352866669,7.314700294448144,0.9104967657814537,False,28,39001
40,0,1,True,77,1.54,14.190742043485388,0,0,17.314716503345675,8.950210201389673,0.8654936980440032,False,77,40000
40,0,1,True,54,1.08,10.67480401012877,0,0,14.661834791515599,6.007111528687685,0.8052767371720911,False,54,40001
40,0,-1,False,,,49.25544314027211,0,0,-12.296705670849615,8.950210201389673,19.746915872239306,False,150,40000
40,0,-1,False,,,52.23053543428797,0,0,-19.146436955647474,6.007111528687685,23.65354848433514,False,150,40001
40,1,1,True,51,1.02,13.859142164410178,0,0,17.53229363803371,8.950210201389673,0.9079165633559662,False,51,40000
40,1,1,True,30,0.6,6.757176843860341,0,0,14.864961776238497,6.007111528687685,0.8421497524491893,False,30,40001
40,1,-1,True,53,1.06,12.068359838139187,0,0,17.583798711971212,8.950210201389673,0.8364114894184617,False,53,40000
40,1,-1,True,39,0.78,8.148120271291022,0,0,14.643045357526344,6.007111528687685,0.9740661711613445,False,39,40001
40,2,1,False,,,37.68217568193833,0,0,4.882175570001224,8.950210201389673,2.5680346313884597,False,150,40000
40,2,1,True,34,0.68,9.279348053535816,0,0,14.733865492214708,6.007111528687685,0.9332460364729787,False,34,40001
40,2,-1,True,59,1.18,16.43038078094594,0,0,17.469689270419785,8.950210201389673,0.8905209309698935,False,59,40000
40,2,-1,True,40,0.8,8.880699071821395,0,0,14.790320769256084,6.007111528687685,0.8167907594315995,False,40,40001
40,3,1,True,58,1.16,14.235757854644024,0,0,17.505728934036668,8.950210201389673,0.8644812673530083,False,58,40000
40,3,1,True,32,0.64,7.594766931406018,0,0,14.859493167519247,6.007111528687685,0.8276183611684385,False,32,40001
40,3,-1,True,52,1.04,12.624734213730457,0,0,17.53264196138125,8.950210201389673,0.8975682400084285,False,52,40000
40,3,-1,False,,,33.86181815863145,0,0,2.1644825367675966,6.007111528687685,2.3426289919200904,False,150,40001
40,4,1,True,42,0.84,12.085239797214756,0,0,17.555946687372156,8.950210201389673,0.9742635140175215,False,42,40000
40,4,1,False,,,50.278970966136896,0,0,-24.0723140635493,6.007111528687685,28.579425592236955,False,150,40001
40,4,-1,True,78,1.56,19.214781431455066,0,0,17.19269758044763,8.950210201389673,0.9775126209420509,False,78,40000
40,4,-1,True,29,0.58,7.453740730344867,0,0,14.806182036252682,6.007111528687685,0.9109294924350034,False,29,40001
40,5,1,True,43,0.86,11.662700780453115,0,0,17.652977684306414,8.950210201389673,0.8672325170832621,False,43,40000
40,5,1,False,,,49.55253568491114,0,0,-16.387146753789523,6.007111528687685,20.89425828247721,False,150,40001
40,5,-1,True,82,1.6400000000000001,16.926307574764053,0,0,17.24066693674898,8.950210201389673,0.8895432646407005,False,82,40000
40,5,-1,True,49,0.98,11.629732372940582,0,0,14.611123108053878,6.007111528687685,0.9059884206338075,False,49,40001
40,6,1,True,101,2.02,19.38465455083196,0,0,17.048312268115495,8.950210201389673,0.8918979332741902,False,101,40000
40,6,1,True,67,1.34,12.545345356641153,0,0,14.46877293236761,6.007111528687685,0.868338596320078,False,67,40001
40,6,-1,False,,,56.53578850561193,0,0,-26.61298752952418,8.950210201389673,34.06319773091379,False,150,40000
40,6,-1,False,,,58.864162856580094,0,0,-39.00401375059886,6.007111528687685,43.51112527928652,False,150,40001
40,7,1,True,66,1.32,14.650517236441852,0,0,17.32233096402471,8.950210201389673,0.9678792373649664,False,66,40000
40,7,1,True,52,1.04,12.067535661317985,0,0,14.737768520496264,6.007111528687685,0.7493430081914231,False,52,40001
40,7,-1,True,37,0.74,10.366980701437509,0,0,17.631919908853433,8.950210201389673,0.9482902925362389,False,37,40000
40,7,-1,False,,,44.03113039280867,0,0,1.1378204610814482,6.007111528687685,3.3692910676062513,False,150,40001
41,0,1,False,,,41.728630433446945,0,0,1.3009014014143798,7.633645307919271,4.832743906504896,False,150,41000
41,0,1,False,,,44.10872960890245,0,0,1.0942119048830645,5.61164012542917,3.017428220546123,False,150,41001
41,0,-1,True,54,1.08,13.427083981636518,0,0,16.46691818208254,7.633645307919271,0.6267271258367321,False,54,41000
41,0,-1,True,64,1.28,13.297090074191063,0,0,14.053840474253823,5.61164012542917,0.91779965117535,False,64,41001
41,1,1,True,52,1.04,14.309262650804316,0,0,16.126987304511907,7.633645307919271,0.9866580034073635,False,52,41000
41,1,1,True,49,0.98,10.360960927371146,0,0,14.604891844246573,5.61164012542917,0.516748281182598,False,49,41001
41,1,-1,True,52,1.04,12.403158525597913,0,0,16.331111432956842,7.633645307919271,0.7825338749624307,False,52,41000
41,1,-1,True,27,0.54,5.958481534218324,0,0,14.449424437032174,5.61164012542917,0.8922156883969968,False,27,41001
41,2,1,True,46,0.92,9.925337479372727,0,0,16.335000607689242,7.633645307919271,0.8386447002300303,False,46,41000
41,2,1,True,38,0.76,7.914998160642427,0,0,14.677118811363144,5.61164012542917,0.5545213140660258,False,38,41001
41,2,-1,True,44,0.88,12.194358166823596,0,0,16.277975361922337,7.633645307919271,0.9156699459969357,False,44,41000
41,2,-1,True,42,0.84,9.904406147282064,0,0,14.296767076527068,5.61164012542917,0.8948730489021017,False,42,41001
41,3,1,True,55,1.1,14.77709044859823,0,0,16.243813316310217,7.633645307919271,0.8398319916090566,False,55,41000
41,3,1,True,42,0.84,9.891227284579813,0,0,14.241515417940905,5.61164012542917,0.9501247074882669,False,42,41001
41,3,-1,True,64,1.28,18.333179415495692,0,0,16.31721408337331,7.633645307919271,0.6764312245459615,False,64,41000
41,3,-1,True,34,0.68,6.509195798411425,0,0,14.377715974224834,5.61164012542917,0.8939241512043351,False,34,41001
41,4,1,True,44,0.88,12.245632142433642,0,0,16.35650676718317,7.633645307919271,0.8371385407361035,False,44,41000
41,4,1,True,40,0.8,7.622209876247748,0,0,14.462179284924648,5.61164012542917,0.7494608405045223,False,40,41001
41,4,-1,True,46,0.92,12.214323167191157,0,0,16.55481582156463,7.633645307919271,0.6188294863546409,False,46,41000
41,4,-1,True,32,0.64,8.43154410448479,0,0,14.56148983872523,5.61164012542917,0.7301502867039427,False,32,41001
41,5,1,True,44,0.88,10.762555569477406,0,0,16.33177593382323,7.633645307919271,0.8618693740960445,False,44,41000
41,5,1,True,25,0.5,6.31454281258357,0,0,14.45113889518272,5.61164012542917,0.9105012302464495,False,25,41001
41,5,-1,True,48,0.96,11.122334299326,0,0,16.231440630209512,7.633645307919271,0.9222046777097601,False,48,41000
41,5,-1,True,39,0.78,6.820160776156823,0,0,14.253407725612307,5.61164012542917,0.9682323998168646,False,39,41001
41,6,1,True,45,0.9,12.012536832425585,0,0,16.338400405548878,7.633645307919271,0.8452449023703935,False,45,41000
41,6,1,True,36,0.72,7.4156247077122135,0,0,14.267637966048937,5.61164012542917,0.9840021593802327,False,36,41001
41,6,-1,False,,,38.68358847956121,0,0,1.733468047752535,7.633645307919271,4.4001772601667435,False,150,41000
41,6,-1,True,23,0.46,5.860123295116539,0,0,14.506105214143696,5.61164012542917,0.8755349112854733,False,23,41001
41,7,1,True,42,0.84,11.284498769593077,0,0,16.219104229178186,7.633645307919271,0.9945410787410865,False,42,41000
41,7,1,True,37,0.74,6.710639241721178,0,0,14.52545090010514,5.61164012542917,0.7161892253240314,False,37,41001
41,7,-1,False,,,36.390125708626776,0,0,3.5158765186406113,7.633645307919271,2.617768789278668,False,150,41000
41,7,-1,True,24,0.48,6.5052899173589775,0,0,14.425023632924145,5.61164012542917,0.9466164925050252,False,24,41001
42,0,1,True,58,1.16,12.250471592626868,0,0,16.117459871670956,7.567636945390815,0.870177073719862,False,58,42000
42,0,1,True,71,1.42,16.272517008230523,0,0,15.804523056538324,7.284459442197181,0.7699363856588599,False,71,42001
42,0,-1,True,37,0.74,9.536295325740296,0,0,16.49417553342755,7.567636945390815,0.703461411963266,False,37,42000
42,0,-1,True,59,1.18,16.629302317410268,0,0,15.954175797882616,7.284459442197181,0.7402836443145651,False,59,42001
42,1,1,False,,,39.28657363060676,0,0,2.7407284950192947,7.567636945390815,3.3269084503715303,False,150,42000
42,1,1,True,53,1.06,14.713124565416935,0,0,15.813708388934359,7.284459442197181,0.9407510532628232,False,53,42001
42,1,-1,True,41,0.8200000000000001,9.56024581717716,0,0,16.244735663557933,7.567636945390815,0.9129012818328839,False,41,42000
42,1,-1,True,58,1.16,13.217394143594824,0,0,15.76315807209014,7.284459442197181,0.9413013701070428,False,58,42001
42,2,1,True,48,0.96,10.999514731723739,0,0,16.350916396255485,7.567636945390815,0.7367205491353302,False,48,42000
42,2,1,True,56,1.12,14.07257376401332,0,0,15.739827687468871,7.284459442197181,0.9846317547283098,False,56,42001
42,2,-1,True,41,0.8200000000000001,9.275936762645703,0,0,16.245377032199748,7.567636945390815,0.912259913191069,False,41,42000
42,2,-1,True,50,1.0,14.817084344468917,0,0,16.129866377954432,7.284459442197181,0.6545930642427497,False,50,42001
42,3,1,True,60,1.2,13.594842900443458,0,0,15.97446446035573,7.567636945390815,0.9931724850350864,False,60,42000
42,3,1,True,63,1.26,15.03532274900368,0,0,15.833410701785294,7.284459442197181,0.8210487404118877,False,63,42001
42,3,-1,True,40,0.8,9.877326993313755,0,0,16.20059640290967,7.567636945390815,0.9670405424811456,False,40,42000
42,3,-1,True,56,1.12,15.673861124456383,0,0,15.877227263384608,7.284459442197181,0.8472321788125741,False,56,42001
42,4,1,True,36,0.72,8.916859082275803,0,0,16.351918349846603,7.567636945390815,0.8557185955442131,False,36,42000
42,4,1,True,59,1.18,16.73109050505461,0,0,15.741058995787292,7.284459442197181,0.9534004464098906,False,59,42001
42,4,-1,True,61,1.22,13.793701343235393,0,0,16.155619906537577,7.567636945390815,0.8020170388532426,False,61,42000
42,4,-1,True,73,1.46,18.9383386200717,0,0,15.589105892135315,7.284459442197181,0.9653535500618684,False,73,42001
42,5,1,True,42,0.84,9.858624905394096,0,0,16.419786246854496,7.567636945390815,0.7278506985363198,False,42,42000
42,5,1,True,51,1.02,13.798167365690208,0,0,15.845157826427245,7.284459442197181,0.9293016157699358,False,51,42001
42,5,-1,True,47,0.9400000000000001,9.98060928618093,0,0,16.205998481596094,7.567636945390815,0.8916384637947239,False,47,42000
42,5,-1,True,57,1.1400000000000001,14.18179587732639,0,0,15.820766334712584,7.284459442197181,0.893693107484599,False,57,42001
42,6,1,True,79,1.58,21.722617117378192,0,0,15.951600400919508,7.567636945390815,0.8260365444713127,False,79,42000
42,6,1,True,72,1.44,17.682663605792122,0,0,15.740090117713178,7.284459442197181,0.8243693244840037,False,72,42001
42,6,-1,True,38,0.76,9.602608506861927,0,0,16.270800594903037,7.567636945390815,0.9168363504877798,False,38,42000
42,6,-1,True,54,1.08,15.089304575131067,0,0,15.766220988179896,7.284459442197181,0.978238454017288,False,54,42001
42,7,1,True,54,1.08,12.477442384243377,0,0,16.309207067276578,7.567636945390815,0.71842987811424,False,54,42000
42,7,1,True,65,1.3,14.067653559857483,0,0,15.68641876952449,7.284459442197181,0.9480406726726924,False,65,42001
42,7,-1,True,39,0.78,10.687032196853961,0,0,16.53522638291885,7.567636945390815,0.6424105624719635,False,39,42000
42,7,-1,True,49,0.98,14.628047800799978,0,0,15.857512941076816,7.284459442197181,0.9369465011203626,False,49,42001
43,0,1,False,,,50.70741346946863,0,0,-11.360237614813428,10.372214790970396,20.232452405783853,False,150,43000
43,0,1,False,,,47.73219057562357,0,0,-4.3041095178846325,8.369879571339316,11.173989089223978,False,150,43001
43,0,-1,True,130,2.6,25.222464793329507,0,0,18.091481379371153,10.372214790970396,0.9807334115992523,False,130,43000
43,0,-1,False,,,22.187010504226514,0,0,2.423957905090349,8.369879571339316,4.445921666248967,False,150,43001
43,1,1,False,,,5.263835647136934,0,0,-2.5439604333006534,10.372214790970396,11.416175224271058,False,150,43000
43,1,1,False,,,29.064545900304644,0,0,3.727129451562442,8.369879571339316,3.1427501197768826,False,150,43001
43,1,-1,False,,,41.083800012293686,0,0,5.320187765680433,10.372214790970396,3.552027025289979,False,150,43000
43,1,-1,False,,,38.393869249499446,0,0,2.0511429436461786,8.369879571339316,4.8187366276931405,False,150,43001
43,2,1,True,113,2.2600000000000002,33.12115358386176,0,0,18.342019000278945,10.372214790970396,0.9001957906914642,False,113,43000
43,2,1,True,100,2.0,26.983570491853225,0,0,16.399098903258544,8.369879571339316,0.9707806680807842,False,100,43001
43,2,-1,True,132,2.64,23.17793351173813,0,0,18.121386880508073,10.372214790970396,0.9308279104623276,False,132,43000
43,2,-1,False,,,23.925511357333203,0,0,5.236815183062754,8.369879571339316,1.6330643882765623,False,150,43001
43,3,1,True,112,2.24,27.326558455604975,0,0,18.296263421567467,10.372214790970396,0.9559513694029369,False,112,43000
43,3,1,True,94,1.8800000000000001,23.797559885210646,0,0,16.552027041220015,8.369879571339316,0.8778525301193087,False,94,43001
43,3,-1,True,112,2.24,25.458551348773913,0,0,18.299064396299254,10.372214790970396,0.9531503946711534,False,112,43000
43,3,-1,True,70,1.4000000000000001,18.711410189162393,0,0,17.019443689417134,8.369879571339316,0.6504358819221834,False,70,43001
43,4,1,False,,,20.34231643635956,0,0,-0.0021107157317383773,10.372214790970396,8.874325506702133,False,150,43000
43,4,1,False,,,31.483046193405524,0,0,5.457345387569953,8.369879571339316,1.4125341837693677,False,150,43001
43,4,-1,False,,,40.10694081661963,0,0,4.755382332314892,10.372214790970396,4.1168324586555185,False,150,43000
43,4,-1,False,,,39.77784456441275,0,0,3.8558867451899665,8.369879571339316,3.013992826149356,False,150,43001
43,5,1,False,,,27.191162553038424,0,0,6.518234873058619,10.372214790970396,2.353979917911788,False,150,43000
43,5,1,True,113,2.2600000000000002,22.973690233404422,0,0,16.285195831969098,8.369879571339316,0.9546837393702221,False,113,43001
43,5,-1,True,79,1.58,21.408556686351684,0,0,18.585600250923143,10.372214790970396,0.9966145400472564,False,79,43000
43,5,-1,True,74,1.48,18.956966701477786,0,0,16.700948297960974,8.369879571339316,0.9289312733783452,False,74,43001
43,6,1,True,110,2.2,24.362787897811927,0,0,18.504846202190997,10.372214790970396,0.7673685887794097,False,110,43000
43,6,1,True,81,1.62,17.538302924145814,0,0,16.740354269817878,8.369879571339316,0.8195253015214377,False,81,43001
43,6,-1,True,96,1.92,26.5964328482558,0,0,18.591464093285282,10.372214790970396,0.8207506976851199,False,96,43000
43,6,-1,True,90,1.8,21.987030183047295,0,0,16.680377331480727,8.369879571339316,0.789502239858592,False,90,43001
43,7,1,True,108,2.16,24.465878345990586,0,0,18.329697207524603,10.372214790970396,0.9625175834457964,False,108,43000
43,7,1,True,76,1.52,20.029792092580756,0,0,16.892721397916002,8.369879571339316,0.7171581734233186,False,76,43001
43,7,-1,True,100,2.0,22.951556715093297,0,0,18.454598308845036,10.372214790970396,0.9176164821253695,False,100,43000
43,7,-1,True,93,1.86,17.512078867493013,0,0,16.67759969674846,8.369879571339316,0.7622798745908588,False,93,43001
44,0,1,True,54,1.08,13.190480429877429,0,0,18.005083482239492,9.412411461217534,0.8673279789780451,False,54,44000
44,0,1,True,87,1.74,19.57792694464125,0,0,15.403081424410416,6.877083825467334,0.6040024010569215,False,87,44001
44,0,-1,True,54,1.08,13.136376403458474,0,0,18.014791098092772,9.412411461217534,0.8576203631247671,False,54,44000
44,0,-1,True,111,2.22,23.722100011066797,0,0,14.91302618937944,6.877083825467334,0.8540576360879072,False,111,44001
44,1,1,True,53,1.06,13.51865670124947,0,0,17.921255592240563,9.412411461217534,0.961155868976975,False,53,44000
44,1,1,True,90,1.8,23.77130690874648,0,0,15.067623723234403,6.877083825467334,0.9094601022329414,False,90,44001
44,1,-1,True,71,1.42,14.460746648521733,0,0,17.703229792473383,9.412411461217534,0.999181668744156,False,71,44000
44,1,-1,False,,,11.949915381379595,0,0,-1.9341700812449993,6.877083825467334,7.3112539067123326,False,150,44001
44,2,1,True,53,1.06,13.028876735397974,0,0,17.91108157854164,9.412411461217534,0.9713298826758977,False,53,44000
44,2,1,True,74,1.48,18.395607371921194,0,0,15.529485361990382,6.877083825467334,0.6075984634769542,False,74,44001
44,2,-1,True,71,1.42,16.90410886980496,0,0,17.92034486964814,9.412411461217534,0.7820665915694027,False,71,44000
44,2,-1,True,104,2.08,22.81287298314399,0,0,14.889805907842288,6.877083825467334,0.94727791762505,False,104,44001
44,3,1,True,88,1.76,22.98769093171419,0,0,17.64878922417399,9.412411461217534,0.8836222370435496,False,88,44000
44,3,1,True,135,2.7,21.540047949168724,0,0,14.554024711618464,6.877083825467334,0.9730591138488788,False,135,44001
44,3,-1,True,52,1.04,14.181894327138506,0,0,17.936486701312734,9.412411461217534,0.9559247599048034,False,52,44000
44,3,-1,True,99,1.98,26.288670996917666,0,0,15.137420393247634,6.877083825467334,0.7496634322197142,False,99,44001
44,4,1,True,61,1.22,13.436649408766357,0,0,17.814920735368286,9.412411461217534,0.9874907258492535,False,61,44000
44,4,1,False,,,3.8919169679642556,0,0,-2.5375233006266735,6.877083825467334,7.9146071260940145,False,150,44001
44,4,-1,True,53,1.06,11.904953557480647,0,0,17.974407246870236,9.412411461217534,0.9080042143472997,False,53,44000
44,4,-1,True,75,1.5,17.48648062915186,0,0,15.194119207626441,6.877083825467334,0.9329646178408991,False,75,44001
44,5,1,True,61,1.22,14.862333926893742,0,0,17.978448806397694,9.412411461217534,0.8239626548198441,False,61,44000
44,5,1,True,88,1.76,19.95825480886036,0,0,15.042642604944215,6.877083825467334,0.9544412205231271,False,88,44001
44,5,-1,True,55,1.1,12.317694599628869,0,0,18.21220896694001,9.412411461217534,0.6502024942775263,False,55,44000
44,5,-1,True,89,1.78,20.765576517732534,0,0,15.340401796214856,6.877083825467334,0.6466820292524867,False,89,44001
44,6,1,True,48,0.96,12.009533483276732,0,0,17.993575569620866,9.412411461217534,0.9388358915966678,False,48,44000
44,6,1,True,76,1.52,18.5468782405569,0,0,15.16004430739206,6.877083825467334,0.957039518075281,False,76,44001
44,6,-1,True,63,1.26,14.315823968603237,0,0,17.879463479063617,9.412411461217534,0.9029479821539205,False,63,44000
44,6,-1,False,,,8.796899281545443,0,0,-2.9219119238620226,6.877083825467334,8.298995749329366,False,150,44001
44,7,1,True,52,1.04,11.897547333616412,0,0,17.938494421017452,9.412411461217534,0.9539170402000832,False,52,44000
44,7,1,True,87,1.74,21.028541440321433,0,0,15.229212438986156,6.877083825467334,0.7778713864811777,False,87,44001
44,7,-1,True,60,1.2,14.964476447960273,0,0,17.990983561103814,9.412411461217534,0.8214279001137237,False,60,44000
44,7,-1,True,103,2.06,23.69304378791828,0,0,14.919408908708544,6.877083825467334,0.9276749167588002,False,103,44001
45,0,1,True,92,1.84,23.421185830116283,0,0,17.079127106299428,8.98522665333821,0.986099547038788,False,92,45000
45,0,1,True,60,1.2,14.323122881562913,0,0,15.093605089895203,6.666971855346987,0.973366765451786,False,60,45001
45,0,-1,True,140,2.8000000000000003,26.8959532834804,0,0,16.62466584468155,8.98522665333821,0.9605608086566576,False,140,45000
45,0,-1,True,71,1.42,13.402568765871946,0,0,15.16158552316567,6.666971855346987,0.7953863321813192,False,71,45001
45,1,1,False,,,2.9293789789935394,0,0,-1.9709160806735107,8.98522665333821,9.456142734011719,False,150,45000
45,1,1,True,47,0.9400000000000001,10.584341400381357,0,0,15.244975071191078,6.666971855346987,0.9519967841559092,False,47,45001
45,1,-1,True,99,1.98,25.39300353765788,0,0,17.29037796351347,8.98522665333821,0.7048486898247447,False,99,45000
45,1,-1,True,55,1.1,13.795009446686823,0,0,15.315356385852969,6.666971855346987,0.8016154694940185,False,55,45001
45,2,1,True,79,1.58,19.253840728566168,0,0,17.321651202206017,8.98522665333821,0.8735754511321956,False,79,45000
45,2,1,True,61,1.22,15.011469899312004,0,0,15.28522671521515,6.666971855346987,0.7717451401318361,False,61,45001
45,2,-1,False,,,5.639768339365629,0,0,-2.3412861757267653,8.98522665333821,9.826512829064978,False,150,45000
45,2,-1,True,54,1.08,12.29918181344695,0,0,15.273149917026469,6.666971855346987,0.8538219383205194,False,54,45001
45,3,1,False,,,3.7036694738942533,0,0,-3.0281679841400275,8.98522665333821,10.513394637478251,False,150,45000
45,3,1,True,58,1.16,13.903746956159983,0,0,15.16215634765135,6.666971855346987,0.9248155076956368,False,58,45001
45,3,-1,True,66,1.32,17.97078543445816,0,0,17.606609323505605,8.98522665333821,0.718617329832606,False,66,45000
45,3,-1,True,46,0.92,11.21243468319101,0,0,15.243535351703411,6.666971855346987,0.963436503643576,False,46,45001
45,4,1,True,89,1.78,18.688614780055353,0,0,17.237160184664415,8.98522665333821,0.8580664686737978,False,89,45000
45,4,1,True,48,0.96,11.679220456986041,0,0,15.327952955775027,6.666971855346987,0.8590188995719616,False,48,45001
45,4,-1,True,106,2.12,18.83655766107626,0,0,16.97929965462423,8.98522665333821,0.9459269987139833,False,106,45000
45,4,-1,True,58,1.16,12.288479091662687,0,0,15.21493689392496,6.666971855346987,0.8720349614220279,False,58,45001
45,5,1,True,79,1.58,19.03849258943239,0,0,17.23732395608345,8.98522665333821,0.9579026972547606,False,79,45000
45,5,1,True,54,1.08,12.26780589653452,0,0,15.171916722953055,6.666971855346987,0.9550551323939336,False,54,45001
45,5,-1,True,91,1.82,20.824064493388796,0,0,17.165769295085063,8.98522665333821,0.9094573582531466,False,91,45000
45,5,-1,True,60,1.2,14.96112199255683,0,0,15.207819666317027,6.666971855346987,0.8591521890299599,False,60,45001
45,6,1,True,114,2.2800000000000002,23.468713727241262,0,0,17.043602081422577,8.98522665333821,0.8016245719156331,False,114,45000
45,6,1,True,50,1.0,11.754375737966674,0,0,15.323055296669988,6.666971855346987,0.843916558676999,False,50,45001
45,6,-1,True,79,1.58,19.416778857190327,0,0,17.260889224619376,8.98522665333821,0.9343374287188368,False,79,45000
45,6,-1,True,43,0.86,10.239563685746582,0,0,15.326670390781473,6.666971855346987,0.9103014645655136,False,43,45001
45,7,1,False,,,4.000882631111751,0,0,-2.1935155437906504,8.98522665333821,9.678742197128862,False,150,45000
45,7,1,True,53,1.06,12.181813388913296,0,0,15.232274111285815,6.666971855346987,0.9046977440611742,False,53,45001
45,7,-1,True,82,1.6400000000000001,21.949835473602512,0,0,17.24914948335736,8.98522665333821,0.9160771699808528,False,82,45000
45,7,-1,True,62,1.24,14.7707295969833,0,0,15.288322927307703,6.666971855346987,0.7586489280392832,False,62,45001
46,0,1,True,51,1.02,14.112043542800812,0,0,17.03895354387417,8.332558229513689,0.7836046856395186,False,51,46000
46,0,1,False,,,40.05052935709658,0,0,-3.142540623902388,7.375279955559668,9.01782057946207,False,150,46001
46,0,-1,True,71,1.42,17.38309975412271,0,0,16.785237003040397,8.332558229513689,0.8373212264732954,False,71,46000
46,0,-1,True,72,1.44,16.474709787218465,0,0,15.706113833723071,7.375279955559668,0.9491661218365967,False,72,46001
46,1,1,True,56,1.12,14.781982195158404,0,0,16.984682062116907,8.332558229513689,0.7878761673967828,False,56,46000
46,1,1,True,51,1.02,14.444164196682781,0,0,15.930248963670198,7.375279955559668,0.9350309918894699,False,51,46001
46,1,-1,True,62,1.24,15.457769299014096,0,0,17.10013227920245,8.332558229513689,0.6124259503112383,False,62,46000
46,1,-1,True,61,1.22,16.127691819481168,0,0,15.784111655945287,7.375279955559668,0.9811682996143836,False,61,46001
46,2,1,True,89,1.78,19.79200165227667,0,0,16.48217989912058,8.332558229513689,0.9603783303931088,False,89,46000
46,2,1,True,74,1.48,18.174098517203607,0,0,15.703225380285705,7.375279955559668,0.9320545752739645,False,74,46001
46,2,-1,True,54,1.08,13.786073797389477,0,0,16.87320946910097,8.332558229513689,0.9193487604127207,False,54,46000
46,2,-1,True,59,1.18,14.378705742274072,0,0,16.180017551649012,7.375279955559668,0.6052624039106554,False,59,46001
46,3,1,True,86,1.72,22.52745389636615,0,0,16.53488717162599,8.332558229513689,0.937671057887701,False,86,46000
46,3,1,True,71,1.42,17.346473257979834,0,0,15.769243725009167,7.375279955559668,0.8960362305505036,False,71,46001
46,3,-1,True,63,1.26,16.76194037997915,0,0,17.019605560890376,8.332558229513689,0.6829526686233118,False,63,46000
46,3,-1,True,55,1.1,13.113216509368858,0,0,15.898394642088375,7.375279955559668,0.9268853134712933,False,55,46001
46,4,1,True,49,0.98,13.61877038856183,0,0,17.07366741943465,8.332558229513689,0.7688908100790398,False,49,46000
46,4,1,True,51,1.02,14.876141688119832,0,0,15.995042693319728,7.375279955559668,0.8702372622399384,False,51,46001
46,4,-1,True,74,1.48,18.37921783115152,0,0,16.78126899863617,8.332558229513689,0.8112892308775222,False,74,46000
46,4,-1,True,70,1.4000000000000001,16.98468539515553,0,0,15.862780134660937,7.375279955559668,0.8124998208987326,False,70,46001
46,5,1,True,55,1.1,15.310293255196338,0,0,17.01197852132736,8.332558229513689,0.7705797081863285,False,55,46000
46,5,1,True,48,0.96,13.42919459215229,0,0,16.1817188998529,7.375279955559668,0.7135610557067698,False,48,46001
46,5,-1,True,63,1.26,16.287468931530725,0,0,16.73854737741751,8.332558229513689,0.9640108520961767,False,63,46000
46,5,-1,True,74,1.48,18.546285280621806,0,0,15.747751666849434,7.375279955559668,0.8875282887102363,False,74,46001
46,6,1,True,49,0.98,14.212251665211872,0,0,16.89639500422656,8.332558229513689,0.946163225287131,False,49,46000
46,6,1,True,54,1.08,15.257719262195733,0,0,16.27024715120759,7.375279955559668,0.5650328043520743,False,54,46001
46,6,-1,True,60,1.2,15.225360986729578,0,0,17.02244205592852,8.332558229513689,0.7101161735851718,False,60,46000
46,6,-1,True,79,1.58,18.750982300917244,0,0,15.688488535146224,7.375279955559668,0.8967914204134483,False,79,46001
46,7,1,True,55,1.1,13.909663003910795,0,0,16.919702005016937,8.332558229513689,0.8628562244967548,False,55,46000
46,7,1,False,,,40.52402266289287,0,0,3.762702777628098,7.375279955559668,2.1125771779315716,False,150,46001
46,7,-1,True,71,1.42,15.949134139368688,0,0,16.67390474373868,8.332558229513689,0.9486534857750117,False,71,46000
46,7,-1,True,66,1.32,15.227670043388857,0,0,15.868584795260013,7.375279955559668,0.846695160299656,False,66,46001
47,0,1,True,24,0.48,7.02360196560997,0,0,15.500183354219516,6.590369387626066,0.8501860334065497,False,24,47000
47,0,1,True,35,0.7000000000000001,9.780416262869236,0,0,17.24589511602133,8.347526195962129,0.7516310799407995,False,35,47001
47,0,-1,True,62,1.24,9.665304747605841,0,0,15.04255284438753,6.590369387626066,0.9278165432385408,False,62,47000
47,0,-1,True,89,1.78,17.583794526122585,0,0,16.534898714255025,8.347526195962129,0.9226274817071071,False,89,47001
47,1,1,True,51,1.02,12.42151633833177,0,0,15.104135779881137,6.590369387626066,0.9762336077449305,False,51,47000
47,1,1,True,46,0.92,10.924143696685093,0,0,16.906649277579668,8.347526195962129,0.9808769183824662,False,46,47001
47,1,-1,True,34,0.68,8.061079959434412,0,0,15.300139758816393,6.590369387626066,0.9502296288096781,False,34,47000
47,1,-1,True,43,0.86,10.351618458114748,0,0,17.048598388392143,8.347526195962129,0.8689278075699889,False,43,47001
47,2,1,False,,,49.99312810141941,0,0,-19.27183817417823,6.590369387626066,24.362207561804286,False,150,47000
47,2,1,False,,,50.47750241435883,0,0,-15.82377450202221,8.347526195962129,22.67130069798436,False,150,47001
47,2,-1,True,78,1.56,15.566739924247264,0,0,14.897338590797249,6.590369387626066,0.9130307968288209,False,78,47000
47,2,-1,True,124,2.48,27.852411187750118,0,0,16.179134012309312,8.347526195962129,0.9283921836528297,False,124,47001
47,3,1,True,38,0.76,8.532842554843617,0,0,15.271956446091398,6.590369387626066,0.9384129415346691,False,38,47000
47,3,1,True,55,1.1,12.073815846214364,0,0,16.824046134752603,8.347526195962129,0.9734800612095299,False,55,47001
47,3,-1,True,35,0.7000000000000001,7.6625130385028895,0,0,15.353493775593524,6.590369387626066,0.8868756120325435,False,35,47000
47,3,-1,True,60,1.2,13.538313227277104,0,0,16.83087669623383,8.347526195962129,0.9166494997283013,False,60,47001
47,4,1,True,27,0.54,7.405041753784293,0,0,15.466482771045698,6.590369387626066,0.8538866165803689,False,27,47000
47,4,1,True,44,0.88,10.93081919885745,0,0,16.95489423062801,8.347526195962129,0.9526319653341193,False,44,47001
47,4,-1,True,50,1.0,9.388107021142192,0,0,15.145622377930806,6.590369387626066,0.9447470096952627,False,50,47000
47,4,-1,True,63,1.26,13.278016548049578,0,0,16.73513639645601,8.347526195962129,0.9823897995061223,False,63,47001
47,5,1,True,25,0.5,7.322381618216405,0,0,15.521442630603747,6.590369387626066,0.818926757022319,False,25,47000
47,5,1,True,37,0.74,10.27579790608273,0,0,17.154776499299334,8.347526195962129,0.8227496966627942,False,37,47001
47,5,-1,True,71,1.42,12.67966057933334,0,0,15.032060076157647,6.590369387626066,0.8483093114684225,False,71,47000
47,5,-1,True,89,1.78,17.424131206434257,0,0,16.545453301735456,8.347526195962129,0.9120728942266786,False,89,47001
47,6,1,True,27,0.54,8.159779948199063,0,0,15.37767438674934,6.590369387626066,0.9426950008767265,False,27,47000
47,6,1,True,40,0.8,11.349081444763284,0,0,17.05653885415237,8.347526195962129,0.8909873418097592,False,40,47001
47,6,-1,True,58,1.16,11.002683929613559,0,0,15.031381160589634,6.590369387626066,0.9789882270364352,False,58,47000
47,6,-1,True,83,1.6600000000000001,16.783462260498354,0,0,16.722974453324674,8.347526195962129,0.794551742637457,False,83,47001
47,7,1,True,32,0.64,7.1744896769084905,0,0,15.37125514523231,6.590369387626066,0.8991142423937574,False,32,47000
47,7,1,True,46,0.92,11.246576082525515,0,0,17.130790990304966,8.347526195962129,0.7567352056571665,False,46,47001
47,7,-1,True,45,0.9,8.467972703236976,0,0,15.318737578855572,6.590369387626066,0.8216318087704965,False,45,47000
47,7,-1,True,50,1.0,11.097565203639412,0,0,16.937839731316238,8.347526195962129,0.9096864646458923,False,50,47001
