tick,x,y,heading,bearing,distance,forward_cmd,turn_cmd,yaw_rate,reward,seed
1,0.5741511619165206,0.009603423533097835,0.004618999548256397,-0.32659512758255005,7.976368449919891,-0.18846857765362804,0.48160725305043406,0.2308257520198822,0.007142375145066779,20000000
2,0.6788442855033375,0.011309157921418823,-0.04088335856795311,-0.28550365567207336,7.877671701895342,0.5191222779802156,0.402528527083227,-2.275117874145508,0.08869674802454842,20000000
3,0.6707584909665679,0.06747450095380278,-0.061388492584228516,-0.2714017629623413,7.903500544176531,0.44819474032628953,0.5431091335238298,-1.025256633758545,-0.03582884228118854,20000000
4,0.7295900132502008,0.08847621552444215,-0.078428715467453,-0.25933539867401123,7.854854874592067,0.38634955175373914,0.6057366212252872,-0.8520112037658691,0.03864566958446392,20000000
5,1.0559525890214392,-0.05524587979187491,-0.2603309452533722,-0.07377256453037262,7.499356306493904,0.40834921902933763,0.5799376159946225,-9.095111846923828,0.34549856809816304,20000000
6,1.1629992306384147,-0.037541570858822704,-0.29460594058036804,-0.04649747163057327,7.404215880833206,0.4127528358812955,0.569061174244229,-1.7137494087219238,0.08514042566069759,20000000
7,1.1779395398303771,0.00605764535146093,-0.3229968249797821,-0.0243302620947361,7.404864871964431,0.482716615969186,0.49731243227528654,-1.4195446968078613,-0.010648991131225074,20000000
8,1.0953156892954212,0.10394016920348319,-0.2909518778324127,-0.06487882137298584,7.51614447658,0.5055955872341447,0.4865734985353163,1.602247714996338,-0.12127960461556885,20000000
9,1.2331579521945706,-0.04629371307313445,-0.36715176701545715,0.02397315390408039,7.335187241030039,0.8333369363650436,-0.12115126165716239,-3.809995174407959,0.17095723554996112,20000000
10,1.419729058306887,-0.2541661135356097,-0.5075275301933289,0.18310295045375824,7.090796718586102,0.8027485135718243,0.18386047088288715,-7.018786430358887,0.2343905224439371,20000000
11,1.6595953694084489,-0.3213546069805561,-0.4796849191188812,0.15339295566082,6.842037894829596,0.4969448080996481,0.4991332493854051,1.3921284675598145,0.23875882375650614,20000000
12,1.725757149448849,-0.38841746407816846,-0.4383016526699066,0.11827152222394943,6.758003625981317,0.7042167612524878,-0.12042174807207684,2.069164276123047,0.0740342688482787,20000000
13,1.9849909416571119,-0.4738500932332573,-0.45502907037734985,0.13492822647094727,6.485055510465283,0.6014395119674614,-0.3887725485393102,-0.8363723158836365,0.2629481155160336,20000000
14,2.1688117356060665,-0.6042911801906072,-0.47002431750297546,0.16044598817825317,6.269874349930413,0.7406054509984143,-0.08392565652317835,-0.7497616410255432,0.20518116053487012,20000000
15,2.2164681976687235,-0.7380851647800908,-0.5508445501327515,0.2595241963863373,6.184752920310238,0.7089047982251558,0.17331800984668266,-4.041011333465576,0.075121429620175,20000000
16,2.465885287217013,-0.9449363974426908,-0.4579274654388428,0.1880936622619629,5.887792731135403,0.5414573579801384,0.45353242734615895,4.64585542678833,0.28696018917483523,20000000
17,2.667230830580964,-0.8764306580511191,-0.41917768120765686,0.1283911168575287,5.713248562680279,0.8063501435291625,-0.1289178641399475,1.937487244606018,0.16454416845512365,20000000
18,2.9371123698962496,-0.9878940287984654,-0.4650702476501465,0.17970654368400574,5.422819547034904,0.6166250459381389,-0.38076787426633335,-2.294625997543335,0.28042901564537526,20000000
19,2.966488543289262,-1.1540949463867554,-0.5556051135063171,0.29850882291793823,5.349982038074134,0.8246750121592425,0.07441471363284363,-4.526742458343506,0.06283750896077024,20000000
20,3.1259298409621676,-1.0439415412187334,-0.5913102626800537,0.30606669187545776,5.225860281377582,0.49589994949382615,0.5003259386523098,-1.7852587699890137,0.11412175669655224,20000000
21,3.3623472452694645,-1.1803707796577139,-0.5587429404258728,0.28647905588150024,4.961023667047891,0.5788560513894547,0.39612725901992996,1.6283652782440186,0.25483661432969096,20000000
22,3.4944348801026663,-1.18723578846544,-0.5524144172668457,0.27416789531707764,4.832041920835745,0.6696474087553472,-0.22448517028380832,0.3164278566837311,0.11898174621214587,20000000
23,3.7031655901895855,-1.367603143068591,-0.5607661604881287,0.30785325169563293,4.583268464256907,0.6406385597686195,-0.3162232301176069,-0.4175880551338196,0.23877345657883775,20000000
24,3.876294321042561,-1.461589132342741,-0.5715552568435669,0.3294965624809265,4.3923884361067955,0.6719819733737211,-0.14326107185266052,-0.5394555926322937,0.1808800281501115,20000000
25,4.018961506571837,-1.7607689672516798,-0.5306685566902161,0.34980785846710205,4.190010286126206,0.7211559515792518,0.010891075916185211,2.0443334579467773,0.19237814998058922,20000000
26,4.14989815427165,-1.584723661335478,-0.4211423099040985,0.192252978682518,4.0976008502549535,0.6424384922390307,-0.22395315420531928,5.476314544677734,0.08240943587125284,20000000
27,4.507135742677738,-1.6360751846812291,-0.41070446372032166,0.1735105663537979,3.7381578235281796,0.6128498773048578,-0.3853257594964683,0.5218914747238159,0.34944302672677385,20000000
28,4.639787312200191,-1.7924402205943433,-0.4664565920829773,0.26306864619255066,3.574520670363937,0.5235427992654311,-0.4348033677404955,-2.7876060009002686,0.15363715316424265,20000000
29,4.775684948657879,-2.0123122815335432,-0.44163843989372253,0.29350465536117554,3.402204700609522,0.6578776899304817,0.3082117795930117,1.2409074306488037,0.16231596975441476,20000000
30,4.983642625044057,-1.89037329082633,-0.3126780688762665,0.11751238256692886,3.2180803625694834,0.7157945702761519,-0.03108011259754201,6.4480180740356445,0.1741243380400388,20000000
31,5.31676418971383,-1.7982401283686469,-0.2820446193218231,0.033653855323791504,2.9132757701159866,0.6577432468955925,-0.3402273106817121,1.5316741466522217,0.29480459245349677,20000000
32,5.489727202612065,-1.9793563517170472,-0.33627623319625854,0.13709820806980133,2.70436888695609,0.5714681574744429,-0.4242786473199715,-2.711581230163574,0.19890688315989657,20000000
33,5.644528411687679,-2.201491510886599,-0.3056083917617798,0.18087925016880035,2.5156441215511274,0.7859759160899884,0.1810298056506931,1.5333917140960693,0.17872476540496263,20000000
34,5.862330362433045,-2.1027060126298838,-0.1951718032360077,0.016376271843910217,2.315206747675124,0.7172831263079382,-0.017857601413546642,5.5218281745910645,0.19043737387600346,20000000
35,6.187877279973111,-1.9559713449557559,-0.1655551791191101,-0.11300584673881531,2.031044715179936,0.6720600637087912,-0.32563986223656616,1.4808313846588135,0.2741620324951881,20000000
36,6.433784709105953,-2.0494222865455094,-0.1971033364534378,-0.06889089941978455,1.76905975255921,0.665531472394417,-0.32797526123602083,-1.5774075984954834,0.2519849626207258,20000000
37,6.600260516389397,-2.2563996993845192,-0.19138994812965393,0.02540457248687744,1.561834802753067,0.7343084163476109,0.2091819085394805,0.28566962480545044,0.1972249498061429,20000000
38,6.840775410569931,-2.2575946804537215,-0.12821322679519653,-0.06687861680984497,1.3249893164682904,0.7353195602017386,0.10001092961018071,3.1588354110717773,0.22684548628477663,20000000
39,7.100411678783092,-2.1094992215905064,-0.07402711361646652,-0.2972184121608734,1.1162618048569213,0.7332254167818363,-0.2542670616343563,2.709306240081787,0.19872751161136915,20000000
40,7.43780686332892,-2.106438054942069,-0.10828849673271179,-0.41769710183143616,0.8126718824064559,0.7222919642406433,-0.2743027604483494,-1.7130693197250366,10.293589922450465,20000000
1,0.6508329190620744,-0.06761963965171107,-0.030460599809885025,2.9502806663513184,9.229496793178935,-0.5301357266843525,-0.10103082700985208,-1.5231540203094482,-0.12030766797973612,20000001
2,0.8103859876415801,-0.097943539730341,-0.019264277070760727,2.939671516418457,9.39181389884433,0.11462190577167704,0.3622662425128387,0.5598161220550537,-0.1723171056653945,20000001
3,0.780258619878462,-0.038615050518303044,-0.024397900328040123,2.950289249420166,9.349545224783851,0.1878483823614442,-0.03469289341955019,-0.2566812038421631,0.032268674060478515,20000001
4,0.8617953134208516,-0.023780730379452653,-0.06867297738790512,2.997952938079834,9.426071521755164,0.46504219322531737,-0.08671545893203222,-2.213754177093506,-0.08652629697131274,20000001
5,0.9503911054167943,-0.04328737127193611,-0.07383500039577484,3.00307297706604,9.516788472856087,0.20448567888372574,0.47104006180336033,-0.25810086727142334,-0.10071695110092292,20000001
6,1.1246764888172016,-0.08857433844190894,-0.09149126708507538,3.0199520587921143,9.696706657317856,0.26642904247850907,0.28366944985573705,-0.882813572883606,-0.18991818446176922,20000001
7,1.1099527805597598,-0.048465856990350685,-0.08633672446012497,3.0185277462005615,9.673899579441446,0.2707311480976802,0.3163030052863426,0.25772735476493835,0.012807077876409565,20000001
8,1.0960769323235589,-0.012663755573760652,-0.105104461312294,3.0406246185302734,9.652937984927272,0.4192959136035577,0.05236063461418494,-0.9383871555328369,0.010961594514174564,20000001
9,1.2006585367439209,-0.16471372868731343,-0.18753400444984436,3.1100332736968994,9.787248540934328,0.525261196109873,0.09285511467314891,-4.121477127075195,-0.14431055600705656,20000001
10,1.3194727227335954,-0.3328980372514056,-0.2237960398197174,3.132378578186035,9.940739079032683,0.2631988463138722,0.6656255518647172,-1.8131017684936523,-0.1634905380983549,20000001
11,1.3825665924939718,-0.3571158439092037,-0.22879831492900848,3.136482000350952,10.007723996111789,0.1540321196226624,0.7216637177711981,-0.2501138150691986,-0.0769849170791057,20000001
12,1.4268235967548542,-0.271982449183757,-0.26922985911369324,-3.0969934463500977,10.031475191707194,0.3095322311722055,0.38294982794335697,-2.0215768814086914,-0.03375119559540551,20000001
13,1.7000893509166706,-0.2539900061932646,-0.35923805832862854,-2.99936842918396,10.294166402277726,0.2283656643968491,0.5274614960619789,-4.500411033630371,-0.2726912105705319,20000001
14,1.8214394827649902,-0.558185105326448,-0.4177126884460449,-2.9667446613311768,10.481669959130206,0.2137327473299647,0.635530546409327,-2.9237313270568848,-0.1975035568524801,20000001
15,1.8440035391775251,-0.5373182530041354,-0.4449777603149414,-2.9370336532592773,10.498585086090245,0.1621386931861108,0.8051912549240234,-1.3632527589797974,-0.026915126960038054,20000001
16,1.9977756437501255,-0.5874125847263666,-0.525897741317749,-2.857243061065674,10.659869178062431,0.21178243687477352,0.7104177729093057,-4.046000003814697,-0.17128409197218653,20000001
17,2.2863337205816974,-0.5898194376094742,-0.5744192004203796,-2.802626132965088,10.940829053816923,0.2167900369041052,0.742228484530578,-2.4260733127593994,-0.2909598757544922,20000001
18,2.3066206558415594,-0.6353996717395626,-0.5225891470909119,-2.858064651489258,10.971260784179728,0.18279561346683154,0.7390254780210375,2.5915050506591797,-0.040431730362805,20000001
19,2.177990880448422,-0.9715837439458074,-0.6048203706741333,-2.808504104614258,10.931727940017195,0.16150054778951492,0.0026545691057022758,-4.111561298370361,0.029532844162533108,20000001
20,2.35246973165938,-0.7769955211569899,-0.47709277272224426,-2.9150285720825195,11.050061056803955,0.30926296732992165,0.6316649798861806,6.386379718780518,-0.12833311678675963,20000001
21,2.513135241960135,-0.903305165176859,-0.5462489724159241,-2.853217124938965,11.23732812783728,0.5508232243010502,-0.3111399454582332,-3.4578113555908203,-0.1972670710333253,20000001
22,2.621535172188096,-1.0023215276103183,-0.5837100148200989,-2.821746587753296,11.367599363338192,0.4984062377518107,0.35147800674746354,-1.8730511665344238,-0.1402712355009117,20000001
23,2.913583642107049,-0.9384838066915114,-0.6104327440261841,-2.7831788063049316,11.633706301460993,0.2064528904129755,0.7451867668452399,-1.336134672164917,-0.2761069381228014,20000001
24,2.9577852831396916,-0.7543647048196913,-0.602728545665741,-2.774606227874756,11.63214062153186,0.2124286529387636,0.6765240689469174,0.38521018624305725,-0.008434320070867187,20000001
25,2.9350772367032554,-0.8752641410781409,-0.6997482180595398,-2.688142776489258,11.63894695165404,0.5077418555487914,0.29703090884341043,-4.850984573364258,-0.016806330122179462,20000001
26,2.7908946959947922,-1.0163817275842413,-0.8052183389663696,-2.597585678100586,11.534804917381916,0.3313526014073176,0.641626195534988,-5.273507595062256,0.09414203427212421,20000001
27,2.48535315163656,-1.43088889639016,-0.7530593872070312,-2.6919655799865723,11.356795733333067,0.25035501407899086,0.7415720235292368,2.6079492568969727,0.16800918404884846,20000001
28,2.7403589140210096,-1.611500145413815,-1.1157227754592896,-2.3375537395477295,11.654514885088496,0.23117333523177155,0.5889156580910736,-18.133169174194336,-0.3077191517554285,20000001
29,2.883646955989068,-2.167760526633566,-1.314902663230896,-2.178941488265991,11.97133239322425,0.5878324730673107,0.19182863741422018,-9.95899486541748,-0.3268175081357543,20000001
30,2.6635900550418983,-2.3125424626642235,-1.47418212890625,-2.037588119506836,11.81663741497408,0.4559768788560272,0.4561385457263559,-7.963976860046387,0.14469497825016986,20000001
31,2.7166796213791127,-2.5769221096725046,-1.4979004859924316,-2.0328667163848877,11.963937126197136,0.2678802773288995,0.7170558590890485,-1.1859166622161865,-0.15729971122305586,20000001
32,2.890120066321671,-2.6104357310557744,-1.4781824350357056,-2.049717426300049,12.137173930387707,0.24389973381309607,0.7397837138757838,0.9859015345573425,-0.1832368041905712,20000001
33,2.9779990785503143,-2.57436153651631,-1.5425331592559814,-1.9799162149429321,12.205166461306472,0.5032640236571053,0.47204728455527234,-3.217531442642212,-0.07799253091876522,20000001
34,2.699026162994116,-2.758312617349543,-1.819917917251587,-1.725372076034546,12.017695126849686,0.5159543722608293,0.4774279385418395,-13.869243621826172,0.1774713344567862,20000001
35,2.746105520559445,-3.043862337379818,-1.8702343702316284,-1.6951054334640503,12.175607160995375,0.46450985463592664,0.4891376362306046,-2.515821695327759,-0.16791203414568856,20000001
36,2.8120632597232698,-3.1232965810249604,-1.8384337425231934,-1.7305974960327148,12.268476529000964,0.30435916568502414,0.6466931996939602,1.5900332927703857,-0.10286936800558898,20000001
37,2.826013717278714,-3.0731002624341492,-1.8382577896118164,-1.7265759706497192,12.260471437346196,0.6386040607589967,0.33220590952079826,0.008795958012342453,-0.001994908345231963,20000001
38,2.6403577524194013,-3.0676098357784514,-2.0061376094818115,-1.564589500427246,12.08915220794347,0.6007967391084914,0.3967184635182915,-8.393991470336914,0.1613192294027248,20000001
39,2.5502582685793675,-3.1301513232626084,-2.034581422805786,-1.5439871549606323,12.033614855002527,0.4085021165758691,0.5877522708146872,-1.4221874475479126,0.045537352940943306,20000001
40,2.7259260907362375,-3.234810272773699,-2.017127513885498,-1.5631147623062134,12.237085119136124,0.3179455272234726,0.6802630796301755,0.8726924657821655,-0.21347026413359615,20000001
41,2.8621905785032227,-3.2523756361313323,-1.954010248184204,-1.6228384971618652,12.367980432784066,0.6508432969080147,0.34198370124113064,3.155864715576172,-0.14089531364794206,20000001
42,2.5981222325215896,-3.3751753867993703,-2.1057775020599365,-1.4893523454666138,12.182346459180996,0.9543592303716812,0.007140510014634949,-7.5883588790893555,0.17563397360306943,20000001
43,2.1963432659616773,-3.534272617268514,-2.227492570877075,-1.39446222782135,11.895173812614797,0.635632758707742,0.31892237208906826,-6.085758209228516,0.27717264656619967,20000001
44,2.05282115009978,-3.742959228966435,-2.2127890586853027,-1.4303513765335083,11.866991650008687,0.18496743823916667,0.7883345948561602,0.7351740598678589,0.01818216260610917,20000001
45,2.194682565571867,-3.8570975328975767,-2.23529052734375,-1.4104962348937988,12.04629930183737,0.27434194327111006,0.6977090597340894,-1.125063180923462,-0.18930765182868314,20000001
46,2.15984882721618,-3.6553760407985587,-2.356614112854004,-1.2757660150527954,11.919419227456425,0.4722420100596322,0.5219081179485918,-6.06619119644165,0.11688007438094573,20000001
47,1.8493670444709138,-3.690225192277576,-2.5296032428741455,-1.1179596185684204,11.66335546753689,0.5153765589880797,0.4827399464127782,-8.649447441101074,0.24606375991953455,20000001
48,1.7927386867917015,-3.792535627046117,-2.599562883377075,-1.0580254793167114,11.663993949876676,0.3611419965818749,0.6184537451815917,-3.497985363006592,-0.01063848233978625,20000001
49,1.4495792592635752,-3.9126799462617043,-2.570375442504883,-1.111175298690796,11.428073388333376,0.34871693060080533,0.6360118548368895,1.4593759775161743,0.22592056154330087,20000001
50,1.38442323986165,-3.9815777426074273,-2.699887275695801,-0.9897798895835876,11.4079832235904,0.5278129517114604,0.45245795074841505,-6.475600719451904,0.010090164742976313,20000001
51,1.2415220514245802,-3.80115261031744,-2.869826078414917,-0.8127344846725464,11.192285929231659,0.44281777941378975,0.5362088891468563,-8.496932029724121,0.2056972943587405,20000001
52,0.8235575439739268,-3.7732757841107123,-2.944486141204834,-0.7557570934295654,10.821338436521287,0.43055137403155747,0.5604917887567938,-3.7330074310302734,0.3609474927103713,20000001
53,0.7068112157154683,-3.9582060214329147,-2.8744730949401855,-0.845978856086731,10.822571653855311,0.23038501725404492,0.7570446065641608,3.5006518363952637,-0.011233217334023706,20000001
54,0.49537722497209474,-3.9599396380102982,-3.0497984886169434,-0.6816539168357849,10.647175562219513,0.8636809097291677,0.09226189771808946,-8.766267776489258,0.1653960916357986,20000001
55,0.06745564047928018,-3.9170564655038143,-3.1339001655578613,-0.6172611713409424,10.26970572247443,0.6472556142959291,0.2991188305620238,-4.205084800720215,0.36746983974508196,20000001
56,-0.28673647211357617,-3.656764555984522,3.041325807571411,-0.5082203149795532,9.830290389062323,0.2522527552120477,0.7052617262524019,-5.397961616516113,0.42941533341210714,20000001
57,-0.47217716109892455,-3.8441020138408923,3.1318793296813965,-0.6253090500831604,9.788666891667296,0.19775798946821782,0.787546189800483,4.527666091918945,0.031623497395027796,20000001
58,-0.5576565243200415,-3.863815750181692,3.0188915729522705,-0.519162654876709,9.731772853977393,0.8032065474941616,-0.07198168150570977,-5.649382591247559,0.04689403768990253,20000001
59,-1.0187827981722843,-3.7911569414706574,3.0112223625183105,-0.5348688364028931,9.321465807162506,0.7897549290950332,0.1753026250033362,-0.3834599256515503,0.4003070468148875,20000001
60,-1.2569497578058677,-3.777903563040296,2.9588589668273926,-0.497470498085022,9.126924757649252,0.4972730033753611,0.4322086497459903,-2.618173360824585,0.18454104951325312,20000001
61,-1.4730226884162196,-3.7205837839964895,2.898120641708374,-0.4469681680202484,8.923356174263537,0.6223622212466389,0.35154362454697474,-3.036909341812134,0.19356858338571548,20000001
62,-1.6395740531999174,-3.735686383309271,2.9892807006835938,-0.5514971613883972,8.805356152954937,0.626268568849019,0.3627445557668741,4.5579962730407715,0.10800002130859966,20000001
63,-1.8796096351763472,-3.6733110112511453,2.9173922538757324,-0.49216705560684204,8.58266919298332,0.8854227845052891,-0.031364726593668124,-3.5944137573242188,0.21268695997161813,20000001
64,-2.0128876234952946,-3.5159652025020085,2.786999225616455,-0.35805585980415344,8.378888357925579,0.7328958372352219,0.22900577767009456,-6.519659996032715,0.19378083505774035,20000001
65,-2.0609471478918744,-3.6039647426407058,2.761244535446167,-0.3439679443836212,8.400634365693032,0.4941197485039239,0.49536959082231763,-1.2877376079559326,-0.031746007767452726,20000001
66,-2.2504089341421776,-3.6361825875274216,2.7795894145965576,-0.3803870677947998,8.281437372150505,0.8940763351090619,0.09411526333154407,0.9172508716583252,0.109196993542527,20000001
67,-2.7478081916860946,-3.4793507429722,2.718775749206543,-0.34782910346984863,7.812018341023229,0.9576646435815996,0.020832283540431096,-3.0406861305236816,0.4594190311272752,20000001
68,-2.908552935045024,-3.3405142115278434,2.719722032546997,-0.3504023551940918,7.599986975138901,0.665902632449457,0.2453345645811993,0.04731595516204834,0.20203136588432868,20000001
69,-3.1349362056691725,-3.247292986101175,2.7122416496276855,-0.3552892506122589,7.37333997052794,0.777469386591824,0.17565199814234345,-0.3740183711051941,0.21664700461096031,20000001
70,-3.325222371292254,-3.0680000466337316,2.6248533725738525,-0.2689661681652069,7.112006296902865,0.9029340219894118,0.06493095541972876,-4.369410037994385,0.2513336736250753,20000001
71,-3.5003997575320915,-3.059632852749508,2.7398247718811035,-0.4008348286151886,6.9832538229366,0.6390774902835064,0.3419957906004633,5.748567581176758,0.11875247396626488,20000001
72,-3.779171603244877,-2.983174188343357,2.714704751968384,-0.3975920081138611,6.736178146200779,0.7717314030054085,-0.1308040246381597,-1.2560019493103027,0.23707567673582086,20000001
73,-3.946016922533408,-2.7972800479582327,2.581040859222412,-0.2633556127548218,6.486418924998076,0.8802197316376977,0.015194528624182246,-6.683193683624268,0.23975922120270332,20000001
74,-4.101602273830302,-2.4161170049663543,2.552917242050171,-0.21150633692741394,6.10273843212012,0.6803215303541337,0.2981635958252923,-1.4061858654022217,0.37368049287795624,20000001
75,-4.3197571218271085,-2.44024816554406,2.610985517501831,-0.2986096739768982,5.97060714028938,0.45374223470511643,0.46566157167280653,2.9034221172332764,0.12213129183073936,20000001
76,-4.4669593599001,-2.4070388056901235,2.525153160095215,-0.22750510275363922,5.84732436336245,0.8987976590746334,-0.02881562404092808,-4.291625022888184,0.11328277692693046,20000001
77,-4.952527939416295,-2.088057214220242,2.53975772857666,-0.27064400911331177,5.288441531410502,0.9269104112156464,0.0442002235872222,0.7302333116531372,0.5488828319519479,20000001
78,-5.236474009667268,-1.9774312325464243,2.5115506649017334,-0.2715766131877899,5.023285457814123,0.6687035596287447,0.09384463241885754,-1.4103583097457886,0.25515607359637893,20000001
79,-5.322400687419057,-1.6896322819807044,2.4366533756256104,-0.17325778305530548,4.745553239098325,0.8298703176461715,0.07740673954674754,-3.744858741760254,0.2677322187157978,20000001
80,-5.506341971201502,-1.682792610841973,2.5482828617095947,-0.3145555853843689,4.624870953311027,0.5908383021982425,0.3857826742307565,5.581477165222168,0.11068228578729823,20000001
81,-5.7804059301836,-1.6686401977977752,2.5614049434661865,-0.374281108379364,4.449880480912849,0.816314587704297,-0.12369237002316508,0.6560988426208496,0.16499047239817766,20000001
82,-5.9070846693772205,-1.4221677955887178,2.4400105476379395,-0.24352264404296875,4.175714725257001,0.9379475479288497,-0.02712149172211159,-6.069724082946777,0.2641657556558481,20000001
83,-5.984497972509802,-1.0622214407553876,2.402892827987671,-0.16785363852977753,3.8414737583513068,0.7997362450511847,0.17634133152700038,-1.8558809757232666,0.3242409669056945,20000001
84,-6.194681433440575,-0.9358756688151222,2.462989330291748,-0.25219717621803284,3.613482950720392,0.507456072708079,0.4275283068580574,3.004826545715332,0.21799080763091472,20000001
85,-6.461369726745802,-0.9297291770282636,2.4716954231262207,-0.32177942991256714,3.455689983623319,0.8190836965443831,-0.12148105215463972,0.43529975414276123,0.14779296709707324,20000001
86,-6.64567183157655,-0.7300431959747727,2.3951613903045654,-0.25935032963752747,3.188014754678853,0.9464388223068616,-0.022208472733181328,-3.8266992568969727,0.2576752289444657,20000001
87,-6.6904584759324495,-0.4273389010063054,2.3298919200897217,-0.1513853222131729,2.9110293925772885,0.8360550837939102,0.1341023694413554,-3.263468027114868,0.26698536210156454,20000001
88,-6.90211854891494,-0.13050817631616082,2.360675573348999,-0.18384821712970734,2.546491937008313,0.5640843271909161,0.4170001431760878,1.5391712188720703,0.35453745556897576,20000001
89,-7.106742210819294,-0.15955169747950293,2.418400287628174,-0.31671297550201416,2.4607510783140634,0.7330643295008379,0.035100643038469326,2.8862390518188477,0.07574085869424942,20000001
90,-7.373883998417521,0.05358594434002771,2.336527109146118,-0.2919563353061676,2.1451942806992483,0.914979819295919,-0.07770733669399044,-4.093657493591309,0.305556797614815,20000001
91,-7.345522302746695,0.2824147489887502,2.2330713272094727,-0.12226876616477966,1.9588050915773483,0.8618455572597773,0.07576671971522086,-5.172785758972168,0.17638918912190005,20000001
92,-7.570978508372734,0.6981486423756169,2.279198408126831,-0.15469086170196533,1.4864510932349322,0.726486037516699,0.2617540358201497,2.3063485622406006,0.4623539983424161,20000001
93,-7.742141013680826,0.603266950006156,2.3879144191741943,-0.39497870206832886,1.4900285258986636,0.6026689749367098,-0.13662889832856123,5.43580436706543,-0.01357743266373145,20000001
94,-8.096665057926764,0.8384421771866413,2.315668821334839,-0.5209781527519226,1.1528246913335563,0.8808584901120688,-0.11426370534321095,-3.6122756004333496,0.3272038345651074,20000001
95,-8.024067064954057,1.062418101976974,2.1889874935150146,-0.26818618178367615,0.9581671942179462,0.8135616443386271,0.10461297024085581,-6.334066390991211,10.18465749711561,20000001
1,0.6458478652641604,-0.0020802599436797902,0.038521748036146164,-0.9932717084884644,6.504097664102396,-0.07376551260620234,0.6737352969098415,1.925963044166565,0.04582663362356399,20000002
2,0.8510597967583967,0.009257580840860466,0.008113913238048553,-0.9900729656219482,6.397145036487071,0.6503788076159083,0.254945432677787,-1.520391583442688,0.09695262761532476,20000002
3,0.9188734763311636,-0.13956863897391295,-0.10465910285711288,-0.873088002204895,6.2357750523969555,0.48797965834669144,0.498920098417604,-5.638650894165039,0.1513699840901157,20000002
4,0.9687270986748777,-0.20266010442212837,-0.1234966591000557,-0.8552380800247192,6.155597267338836,0.36687242533728737,0.6320920643300325,-0.9418774843215942,0.0701777850581198,20000002
5,1.1742957301698955,-0.09542070904313059,-0.09759707003831863,-0.9187108278274536,6.134190810639345,0.4259307713941109,0.5717589953786315,1.2949793338775635,0.011406456699490483,20000002
6,1.2452917086685076,-0.1598249350026307,-0.2697230279445648,-0.7509623765945435,6.042114185187798,0.541206591288823,0.4352725974310191,-8.60629653930664,0.08207662545154705,20000002
7,1.319589136232017,-0.3100621093319872,-0.3493609130382538,-0.668736457824707,5.875220354669986,0.4464499310097774,0.5515126495789303,-3.9818952083587646,0.1568938305178118,20000002
8,1.4264485387048191,-0.30036786319993697,-0.4106603264808655,-0.6239161491394043,5.828162847792608,0.4659776811181767,0.5330514144170939,-3.0649702548980713,0.03705750687737797,20000002
9,1.6550777423502177,-0.548802476604359,-0.3974112868309021,-0.6498273611068726,5.498233382294344,0.4464394062762826,0.5523627273946263,0.6624519228935242,0.31992946549826473,20000002
10,1.6682748170059463,-0.6722365044511628,-0.5584415793418884,-0.4794591963291168,5.38497054806107,0.26917348399711544,0.704742794634893,-8.051513671875,0.10326283423327333,20000002
11,1.5810193400292383,-0.8628626173053322,-0.6610379815101624,-0.34420639276504517,5.267913782106723,0.34330485006626255,0.6550007616484959,-5.12982177734375,0.10705676595434778,20000002
12,1.7643915306699152,-0.9758361484788443,-0.7317160964012146,-0.29210609197616577,5.07514096382773,0.4971672376682134,0.5022098143384831,-3.533904552459717,0.18277281827899272,20000002
13,1.934469696479179,-1.2594160328961646,-0.6914383172988892,-0.33191439509391785,4.744476742990905,0.49698004209606433,0.5011793784518911,2.0138871669769287,0.3206642208368249,20000002
14,1.9212990025734553,-1.2268752160066887,-0.8422964811325073,-0.18224714696407318,4.779120793847012,0.5511722876929688,0.26529873427057993,-7.542910575866699,-0.044644050856107,20000002
15,1.8678050880438775,-1.4492139622797424,-1.0097273588180542,0.02008710615336895,4.619740595036911,0.545489878100262,0.4434123807778998,-8.371543884277344,0.14938019881010134,20000002
16,1.9130289772457936,-1.6689017216170816,-1.0314418077468872,0.06057087332010269,4.412068946444346,0.5731772013686689,0.42550818296179227,-1.0857176780700684,0.19767164859256492,20000002
17,2.053657168302354,-1.7073318151490338,-1.0028390884399414,0.010028960183262825,4.301988898784637,0.7473425467670196,0.24820453621381947,1.4301373958587646,0.10008004765970903,20000002
18,2.1653332426641203,-1.7482936314713675,-1.0422264337539673,0.03250274434685707,4.2072695808232465,0.9080038992299673,-0.07404489443421208,-1.9693719148635864,0.08471931796139011,20000002
19,2.2363453513266762,-2.0686783046223076,-1.138533592224121,0.15711012482643127,3.8997811352202296,0.9172675039025657,0.061982160962050836,-4.815356254577637,0.2974884456030169,20000002
20,2.2610773110585307,-2.4326805203999604,-1.1960564851760864,0.26531392335891724,3.5880499861962605,0.5766646813735778,0.41761789860147613,-2.8761472702026367,0.30173114902396914,20000002
21,2.189451572426808,-2.6610588159543154,-1.1988961696624756,0.3243194818496704,3.4530988700759653,0.5457761502216114,0.4509715294512528,-0.14198119938373566,0.1249511161202952,20000002
22,2.3327974514440766,-2.775245925297116,-1.2159647941589355,0.33016088604927063,3.2737617907226126,0.8473518376780282,0.1314507650435438,-0.8534317016601562,0.16933707935335263,20000002
23,2.429881484263957,-3.039957485355757,-1.3415648937225342,0.48643964529037476,3.008756749022996,0.9104874017534668,0.03127206234888563,-6.28000545501709,0.2550050416996166,20000002
24,2.508672656414655,-3.279786473145023,-1.3677921295166016,0.5479171276092529,2.7777979114681233,0.7327990640221386,0.19007143343269017,-1.3113648891448975,0.22095883755487278,20000002
25,2.337666966598587,-3.705794160110634,-1.4100840091705322,0.7497698664665222,2.6162739467291054,0.7217252001019607,0.0800957809705718,-2.114593267440796,0.15152396473901786,20000002
26,2.54704269897581,-3.7638915752012485,-1.2750588655471802,0.5805845260620117,2.41668406659818,0.7582966377504672,0.04528214641470002,6.75125789642334,0.18958988013092548,20000002
27,2.7287669079496246,-4.035115599151107,-1.3190007209777832,0.6682858467102051,2.105486138124585,0.6311093494059407,-0.3619264288772863,-2.1970903873443604,0.30119792847359483,20000002
28,2.6248035246225587,-4.26142244668637,-1.408535122871399,0.8757606148719788,2.0654667338898727,0.6917801766682873,-0.23689587940997103,-4.476718902587891,0.030019404234712395,20000002
29,2.4960680019521337,-4.571297646971419,-1.3946080207824707,1.0249674320220947,2.046132405650665,0.8325668440097751,0.11968892313976137,0.6963536739349365,0.009334328239207554,20000002
30,2.750262614497031,-4.698339175273832,-1.2575929164886475,0.9030516147613525,1.763410205498413,0.8103823524239276,-0.12074742033140828,6.850754737854004,0.272722200152252,20000002
31,2.905308737430493,-4.552253462682474,-1.3129353523254395,0.844534158706665,1.6795976611676016,0.4137936056395177,-0.5850844895294234,-2.767122507095337,0.07381254433081154,20000002
32,3.4417697845971342,-4.487448910335376,-1.1488581895828247,0.44124624133110046,1.266230402641461,0.9071301784206829,-0.07097474700814266,8.203861236572266,0.4033672585261405,20000002
33,3.2626544559349586,-4.62171772792137,-0.9989470839500427,0.4559542238712311,1.333087734491144,0.48165778999855297,-0.5155676969259855,7.495552062988281,-0.076857331849683,20000002
34,3.483373047867022,-4.5294576522238135,-0.8418166041374207,0.13824684917926788,1.2073187065400517,0.5250071329815822,-0.4746562876075368,7.85652494430542,0.11576902795109235,20000002
35,3.795348050741566,-4.867049357858171,-0.7551822066307068,0.1255047619342804,0.753078138613285,0.6560533181853037,-0.34371365657429026,4.331718444824219,10.444240567926768,20000002
1,0.6863876650635805,-0.014075017904863532,-0.009465444833040237,-1.6746575832366943,9.44610041222468,-0.17398625425867636,0.5894876712631731,-0.4733964800834656,-0.01016861208250596,20000003
2,0.7444949451516018,-0.026305215687809795,-0.034261513501405716,-1.6561235189437866,9.44070478544349,0.16862368221928742,0.8046084382285457,-1.239803433418274,-0.004604373218809457,20000003
3,0.907736079476465,0.12263873270722886,-0.043275345116853714,-1.6621278524398804,9.609143865452534,0.23660849521981053,0.7558041825429089,-0.4506916403770447,-0.17843908000904407,20000003
4,0.9093181475765694,0.18736042836670672,-0.1015215516090393,-1.6031458377838135,9.67349503312364,0.23032316601998845,0.7163515798407949,-2.9123103618621826,-0.07435116767110571,20000003
5,1.1281340692095414,-0.09818161625988205,-0.23350292444229126,-1.498225450515747,9.423163615302778,0.3035773194459772,0.6830049513425335,-6.5990681648254395,0.24033141782086154,20000003
6,1.1617312465322711,-0.3810527211748609,-0.3303705155849457,-1.4099364280700684,9.149667892032177,0.16782619688395845,0.8313226093680761,-4.843379020690918,0.2634957232706012,20000003
7,1.5386236020824442,-0.20922858643323386,-0.3566382825374603,-1.4201565980911255,9.388860409713905,0.19153130971541937,0.8080342612457934,-1.313389778137207,-0.2491925176817278,20000003
8,1.5484375860597963,-0.12344848871688373,-0.49653491377830505,-1.2794220447540283,9.47483760297455,0.1546281579250946,0.8043896054163708,-6.994832992553711,-0.09597719326064456,20000003
9,1.647234741780784,-0.4079459893004522,-0.6241154074668884,-1.168623447418213,9.217731876789545,0.22881407914475055,0.7582630200668805,-6.379024505615234,0.2471057261850047,20000003
10,1.5235979814472893,-0.6337798978434371,-0.7612382769584656,-1.0235977172851562,8.970501889618774,0.23810245358882376,0.7608262450873258,-6.856142044067383,0.23722998717077082,20000003
11,1.9553157284381502,-0.5494261825633432,-0.8603019118309021,-0.9686786532402039,9.15354901858215,0.38785548206601644,0.6116163808112522,-4.953183650970459,-0.19304712896337706,20000003
12,2.191548380700433,-0.48693451512799707,-0.8059947490692139,-1.045888900756836,9.276718563295205,0.43119216184070114,0.5571578417686556,2.715360164642334,-0.1331695447130541,20000003
13,2.255189391755912,-0.8358945485448269,-1.014178991317749,-0.8553324937820435,8.960499874520604,0.648851619551882,0.006863740096506699,-10.409211158752441,0.306218688774601,20000003
14,2.3491001779760876,-1.0229647428016784,-1.064274549484253,-0.8216730356216431,8.8105412902874,0.5503798532487522,0.3704245608804446,-2.504779100418091,0.13995858423320384,20000003
15,2.4664149873240495,-0.9433174156290031,-1.1361801624298096,-0.7595008015632629,8.92305155076663,0.36532494539188354,0.629611785477554,-3.595278263092041,-0.12251026047922962,20000003
16,2.891738569688177,-1.1119079520643618,-1.0945717096328735,-0.8524053692817688,8.910764310632121,0.4823190452196104,0.515023290290603,2.0804190635681152,0.002287240134508437,20000003
17,3.3721817620273953,-1.4952864869951195,-0.7683291435241699,-1.2458597421646118,8.750451884043402,0.501320462126677,0.25134304266119856,16.312131881713867,0.15031242658871924,20000003
18,3.406517184949179,-1.7328199287594281,-0.9269286394119263,-1.1028038263320923,8.551650736011636,0.8256156935588558,-0.002991553148632309,-7.929976463317871,0.18880114803176595,20000003
19,3.429394316626271,-2.118026661125503,-0.9702798128128052,-1.0827133655548096,8.2186612838514,0.501855208230188,0.4941920957280468,-2.167560338973999,0.3229894521602359,20000003
20,3.6143468093070434,-2.255018601095869,-0.9452733993530273,-1.1355006694793701,8.186215548210749,0.18191925929254404,0.8174452531451595,1.2503221035003662,0.02244573564065156,20000003
21,3.7906876968977907,-2.1295121532861767,-0.9738770723342896,-1.1179484128952026,8.382346037992392,0.27934456847438593,0.7046348368040661,-1.4301847219467163,-0.20613048978164294,20000003
22,3.5388253281058226,-2.1770910480755292,-1.1340407133102417,-0.9340835809707642,8.218018337908243,0.4683471015625946,0.5167113118357446,-8.008180618286133,0.15432770008414898,20000003
23,3.4792973349364145,-2.2804164240476945,-0.9982248544692993,-1.0695263147354126,8.098810764020033,0.5279677391651887,0.46887708800314326,6.7907938957214355,0.10920757388820924,20000003
24,3.1442938039666504,-2.7635668725368765,-1.319205641746521,-0.7400102019309998,7.5146634336753015,0.7606808782295705,0.004754704698924028,-16.049043655395508,0.5741473303447318,20000003
25,3.4699056882407775,-2.9308429190199394,-1.2867140769958496,-0.8211395144462585,7.528636379844098,0.867890704900542,0.07325324380606901,1.6245837211608887,-0.02397294616879652,20000003
26,3.4486523593771725,-3.281977986842572,-1.3855682611465454,-0.7446460127830505,7.217865805844229,0.5304266450683142,-0.05574583670574679,-4.942709445953369,0.30077057399986873,20000003
27,3.258282267138905,-3.27502976662799,-1.539452314376831,-0.5675954222679138,7.124638574502988,0.3665181981883849,0.619114072638981,-7.694206237792969,0.083227231341241,20000003
28,3.0055839185367277,-3.6639689039132777,-1.6822185516357422,-0.42205023765563965,6.661212640994715,0.3823229256721711,0.616047148026936,-7.138308525085449,0.4534259335082733,20000003
29,3.1271318218052713,-3.823052233467388,-1.6399760246276855,-0.4924594461917877,6.588658241245281,0.2923075331277974,0.7008128176015911,2.1121232509613037,0.06255439974943379,20000003
30,3.1503157520671805,-4.035177335507995,-1.7468000650405884,-0.40628114342689514,6.422835073312105,0.8363177347186747,0.037407823726206546,-5.341202735900879,0.1558231679331763,20000003
31,3.0301821113599643,-4.505881602556631,-1.7784271240234375,-0.4012289047241211,5.965739859225649,0.778545106643922,0.2012863025035561,-1.5813493728637695,0.4470952140864559,20000003
32,2.6860385910660547,-4.705141438183663,-1.9278953075408936,-0.22173860669136047,5.607987149844295,0.30677615533954233,0.6639141430798619,-7.473411560058594,0.34775270938135416,20000003
33,2.5747560362072885,-4.8936528374836765,-1.9265694618225098,-0.22491459548473358,5.389316387282328,0.3453132307781047,0.6416946831457536,0.06629371643066406,0.20867076256196682,20000003
34,2.6785752424729763,-4.772609525020052,-1.9899622201919556,-0.16519875824451447,5.54751157221082,0.7282953156245103,0.2577280878190409,-3.1696362495422363,-0.16819518492849217,20000003
35,2.603792918267301,-4.911917883445145,-2.0491416454315186,-0.10870552808046341,5.390083972287222,0.8280223485903768,0.16982798534814292,-2.9589736461639404,0.1474275999235981,20000003
36,2.4761059887120465,-5.057600233084177,-2.118427276611328,-0.034492332488298416,5.1981283683854,0.7483515937387601,0.2502557372936193,-3.4642748832702637,0.18195560390182197,20000003
37,2.028127435970258,-5.319117551007731,-2.1510632038116455,0.046783674508333206,4.738990433337917,0.7037740499933983,0.29401546555072666,-1.6318027973175049,0.4491379350474831,20000003
38,2.140133781182023,-5.477994869141279,-2.1178901195526123,-0.024411598220467567,4.662519645570974,0.40420621913190047,0.555052560694973,1.6586506366729736,0.06647078776694283,20000003
39,2.005632382070787,-5.717220935658158,-2.203395366668701,0.05738641694188118,4.388588062185204,0.9214219256308845,-0.02140138797310398,-4.275264739990234,0.26393158338577005,20000003
40,1.6707472467670796,-6.065451357406937,-2.266580581665039,0.14395684003829956,3.915284642708805,0.841861515430969,0.09045994078912628,-3.1592493057250977,0.46330341947639897,20000003
41,1.2649504960960387,-6.064490268410298,-2.4098918437957764,0.38044440746307373,3.7195007765201566,0.44452576364614316,0.4874416192459875,-7.165572166442871,0.1857838661886484,20000003
42,1.1620378318360003,-6.239931534123131,-2.3600449562072754,0.33474966883659363,3.516658136186331,0.6619414047814515,0.31168224191766536,2.492347478866577,0.19284264033382548,20000003
43,1.1372469154798714,-6.506468163014391,-2.3571438789367676,0.3028518855571747,3.26767014917767,0.8302508611601811,-0.13747203809813935,0.1450497806072235,0.23898798700866108,20000003
44,0.8780056986167462,-6.487432986052114,-2.4986133575439453,0.5195187330245972,3.172974947519356,0.8175352289543547,-0.17668652487351982,-7.073468208312988,0.08469520165831425,20000003
45,0.502362503451274,-6.502044361711668,-2.533376693725586,0.6664066314697266,3.0294392192434834,0.9352079739219608,0.0005113007062957364,-1.7381696701049805,0.13353572827587246,20000003
46,0.46453000017322565,-6.762679570859066,-2.3941738605499268,0.5128013491630554,2.7693973321617893,0.8168104211936056,-0.05585787348424759,6.960147857666016,0.25004188708169406,20000003
47,0.39147817133477886,-7.120010737913488,-2.3718512058258057,0.4740079939365387,2.407163065123106,0.6387396748859613,-0.35368687680727473,1.1161246299743652,0.3522342670386831,20000003
48,0.16270335440523895,-7.188943589179289,-2.3954830169677734,0.5831758379936218,2.2767142091733192,0.4798560843529915,-0.5166999952271802,-1.181583285331726,0.12044885594978695,20000003
49,0.06612532016756528,-7.209839840537583,-2.3681259155273438,0.5955490469932556,2.2350896730166427,0.8171914671453631,-0.17542563971502118,1.367854118347168,0.03162453615667649,20000003
50,-0.3635108089466993,-7.579623022940786,-2.3546032905578613,0.7737481594085693,1.8200515076769248,0.9407547773666194,-0.05777732794229046,0.6761337518692017,0.4050381653397179,20000003
51,-0.4954246617245026,-7.724088164712011,-2.27233624458313,0.7692413330078125,1.6793414249627336,0.5718665483722095,-0.4203269665023395,4.11334228515625,0.13071008271419116,20000003
52,-0.6032215791010523,-8.050331627206194,-2.194740056991577,0.7865880727767944,1.3672956500374271,0.5128956130942344,-0.4853842966417187,3.879812479019165,0.3020457749253065,20000003
53,-0.8348879787059135,-8.098594348332954,-2.289283275604248,1.053602695465088,1.3776220683098102,0.3603515449729142,-0.638745460821119,-4.727164268493652,-0.02032641827238301,20000003
54,-0.9308726161494337,-8.217383269033622,-2.170621395111084,1.0346180200576782,1.3034784275498732,0.877228815324169,-0.09955382804884011,5.933104991912842,0.06414364075993696,20000003
55,-1.0631823104748124,-8.659530020908164,-2.048565626144409,1.2219024896621704,1.0059498398114717,0.6740796051399689,-0.3208190672377399,6.102780342102051,0.2875285877384015,20000003
56,-1.019701098208004,-9.11187112786628,-1.9449175596237183,1.5211985111236572,0.6997662430706315,0.3057758344342044,-0.6923604572129073,5.1824049949646,10.29618359674084,20000003
1,0.6583966753559011,-0.019169449693223796,-0.021495193243026733,1.5379959344863892,7.530365735490555,-0.1337388076960891,-0.5350337279288033,-1.0748839378356934,-0.022651912946399337,20000004
2,0.7517515856858438,0.03518933564038092,0.011875747703015804,1.5167068243026733,7.471566089436087,0.42179816227826883,-0.4980287784301951,1.6685469150543213,0.04879964605446819,20000004
3,0.8756955615468797,-0.08322238934523535,0.057184863835573196,1.4883817434310913,7.5857357943668315,0.3789664494778242,-0.6132479761795221,2.265455722808838,-0.1241697049307444,20000004
4,0.8728483943060533,0.04315101926704072,0.14731404185295105,1.3974436521530151,7.4594768706535195,0.463473710922974,-0.5244847441983451,4.5064592361450195,0.11625892371331205,20000004
5,0.9194274472242879,0.09332733343138563,0.14691784977912903,1.4039487838745117,7.4082430851163315,0.5258165407795077,-0.47338041028929045,-0.01980956271290779,0.041233785537188046,20000004
6,1.1430566994795157,0.5800070843904916,0.4193652868270874,1.162412405014038,6.920509417009388,0.5608719417156509,-0.4368290952190127,13.622371673583984,0.4777336681069435,20000004
7,1.3048136080624801,0.7260944909036963,0.48173412680625916,1.1241455078125,6.778175742376849,0.571580282932958,-0.41962656610725824,3.1184420585632324,0.13233367463253898,20000004
8,1.2702888173386897,0.9167906914251626,0.5678680539131165,1.0337885618209839,6.586444622029797,0.6065478439321056,-0.39269480542056845,4.306698799133301,0.1817311203470522,20000004
9,1.3754903911966374,1.033397849792314,0.5738741159439087,1.0445810556411743,6.474052463041389,0.6050360570034623,-0.3948824372652531,0.30029910802841187,0.10239215898840805,20000004
10,1.600889864776882,1.3627417273190474,0.672713041305542,0.9848452210426331,6.160530022788781,0.5005599063879619,-0.4991418744716767,4.941946506500244,0.30352244025260755,20000004
11,1.6815278608631432,1.35645572360852,0.7851014733314514,0.8853799700737,6.174295491665566,0.35843423511083883,-0.6413194658530932,5.619422912597656,-0.02376546887678476,20000004
12,1.7507066562675615,1.5972849980311812,0.9430091977119446,0.7430902719497681,5.94227119709328,0.5509481641301248,-0.44882735010160263,7.8953857421875,0.22202429457228567,20000004
13,1.8425748295602673,1.7483242519701196,1.0102847814559937,0.69453364610672,5.803820879953822,0.6126411737268755,-0.3872282571260967,3.3637771606445312,0.12845031713945843,20000004
14,2.022307231849077,1.8918445095141152,1.0932488441467285,0.6462569832801819,5.689025929085763,0.6809490155836482,-0.31892375558667585,4.1482062339782715,0.1047949508680588,20000004
15,2.098778699848979,2.1754879619182104,1.016834020614624,0.7453544735908508,5.423645101981785,0.6998291098063466,-0.299895805192965,-3.82073974609375,0.2553808271039777,20000004
16,2.1917180671941554,2.349879565660318,1.1451469659805298,0.6406450271606445,5.271585691506506,0.7892647230024206,-0.09916684963600203,6.415645122528076,0.14205941047527904,20000004
17,2.0730821705036306,2.517213458874085,1.2876319885253906,0.48238152265548706,5.08342687936508,0.5416616928391503,-0.4455219910364522,7.12425422668457,0.1781588121414266,20000004
18,1.9619829782099596,2.9421923861168793,1.3266924619674683,0.4379824101924896,4.644932703349657,0.6143997209393703,-0.38530002406238106,1.9530224800109863,0.42849417601542306,20000004
19,2.126552332089902,3.0817777313120582,1.2962785959243774,0.5098688006401062,4.543576385113248,0.36580909596663624,-0.6340883666769673,-1.5206941366195679,0.09135631823640879,20000004
20,2.234816863357272,3.1928773813602307,1.4173007011413574,0.4182470738887787,4.462713680304945,0.865573588902387,-0.12415456627669386,6.0511064529418945,0.07086270480830305,20000004
21,2.2378290802518284,3.702327170600714,1.494678258895874,0.3751515746116638,3.9741376544977847,0.6862618737812506,-0.3099549859533878,3.8688747882843018,0.4785760258071601,20000004
22,2.014293263581809,4.002010136851053,1.6499779224395752,0.1852622628211975,3.624068973703629,0.3996936976725768,-0.5988050430334654,7.764986038208008,0.34006868079415553,20000004
23,1.9684642362609575,4.249373737910423,1.6428159475326538,0.19847707450389862,3.373387569996273,0.6264471548173413,-0.37220225924375305,-0.3581029176712036,0.24068140370735613,20000004
24,2.059730632070539,4.41045247153902,1.7390830516815186,0.14258505403995514,3.2451979505755455,0.8556584898967389,-0.1404182317046132,4.813356876373291,0.11818961942072749,20000004
25,1.929871797533229,4.506134370506223,1.842399001121521,0.008978220634162426,3.115809324190501,0.7467084960760606,-0.25110331076809633,5.165794849395752,0.11938862638504434,20000004
26,1.6671590830374945,4.736455783116371,1.9168212413787842,-0.13220402598381042,2.8280457198580744,0.7848036592006644,-0.2148610276563655,3.7211127281188965,0.27776360433242675,20000004
27,1.5736910366179795,5.006274322767576,1.8999361991882324,-0.1287136822938919,2.5447664878777756,0.7406075510117434,-0.25887430959241575,-0.8442509174346924,0.2732792319802988,20000004
28,1.631429730582666,5.231562468027544,1.901909351348877,-0.08728206902742386,2.337684944949034,0.9263409965656454,-0.06357981868540374,0.09865798056125641,0.19708154292874158,20000004
29,1.5272811269050484,5.483166315218171,1.9993647336959839,-0.20423100888729095,2.068772771932804,0.9601398930327416,-0.019545483843921685,4.872767925262451,0.25891217301623004,20000004
30,1.2542802388445613,5.6121515245862525,2.07424259185791,-0.4046039879322052,1.897207819159369,0.8973762475302605,-0.08764637039840922,3.743894100189209,0.16156495277343486,20000004
31,1.0064759276453994,5.950016370544857,2.025439500808716,-0.4937083423137665,1.551266397264523,0.9558300463986777,-0.04082484684620474,-2.4401588439941406,0.335941421894846,20000004
32,1.1573557846272367,6.162461969522447,1.9114587306976318,-0.27326154708862305,1.3406813758805276,0.8753621176041511,0.07392337334060045,-5.69903564453125,0.20058502138399548,20000004
33,1.0689204063731605,6.608605513575252,1.9726483821868896,-0.39976656436920166,0.8914956527604647,0.5907046191177816,0.4047090608565704,3.0594863891601562,10.439185723120064,20000004
1,0.5881953980740805,0.04122735319849818,0.015779919922351837,-2.70989727973938,8.243068319978068,-0.4844571190775807,0.24386073112776208,0.7888717651367188,-0.059643723347415405,20000005
2,0.6698673180348662,0.07140423901905597,0.021807784214615822,-2.7169013023376465,8.329760247867343,0.338992772082545,0.3040578451073937,0.30139321088790894,-0.09669192788927482,20000005
3,0.7046190004764329,-0.017537561852232222,-0.05244327709078789,-2.6540918350219727,8.323243813679902,0.4397403468936942,0.32162963269462735,-3.712553024291992,-0.003483565812558922,20000005
4,0.8200278437175913,0.06718202894043478,-0.0711376816034317,-2.6320669651031494,8.463654911515473,0.22055545740995752,0.7315158944090282,-0.9347202777862549,-0.15041109783557105,20000005
5,0.8017222778380697,0.23988927393078116,-0.06261052191257477,-2.6213314533233643,8.521972200337817,0.18277418176419036,0.7109904481533371,0.4263579845428467,-0.06831728882234443,20000005
6,0.8867434037702036,0.16441636693431677,-0.19691625237464905,-2.499316453933716,8.565543915649519,0.3667958025716217,0.4367915194170062,-6.715285778045654,-0.053571715311701455,20000005
7,1.1411813230721357,-0.07658359007489617,-0.3444717228412628,-2.389378070831299,8.697497209071386,0.2776712717499401,0.6862211369628329,-7.377774238586426,-0.14195329342186747,20000005
8,1.3274085393384956,-0.0036423008679556815,-0.3375128209590912,-2.397110939025879,8.897383858450917,0.23701466603015703,0.7512170086956211,0.3479452431201935,-0.20988664937953083,20000005
9,1.3609473303751214,0.18541659923753204,-0.32547813653945923,-2.3913376331329346,9.00444582591928,0.30592846635015297,0.5946438956106306,0.6017337441444397,-0.11706196746836305,20000005
10,1.39338154164596,0.22836430537181296,-0.35128477215766907,-2.362684726715088,9.05173380052991,0.4759050993722618,0.3474193186824355,-1.2903316020965576,-0.05728797461062939,20000005
11,1.247516481189177,0.04940508504244581,-0.474486380815506,-2.2510547637939453,8.84537946870704,0.3051546492617227,0.6038015996529396,-6.160079002380371,0.19635433182286888,20000005
12,1.420876346393167,-0.277578400925393,-0.569944441318512,-2.1971824169158936,8.879476115344696,0.27763244593241093,0.7184336481639342,-4.7729034423828125,-0.04409664663765533,20000005
13,1.5485184556113598,-0.4192034926654343,-0.5815210342407227,-2.205554962158203,8.948250558348356,0.16633504725427822,0.8302539835007121,-0.5788294076919556,-0.07877444300365986,20000005
14,1.7675646525792226,-0.2970974217003488,-0.6233614683151245,-2.1595308780670166,9.196143263289768,0.16108924261463603,0.8211753131303907,-2.0920238494873047,-0.25789270494141214,20000005
15,1.5164990666645686,-0.4385214077063205,-0.7390753030776978,-2.0487864017486572,8.911519099972764,0.18736842337406384,0.7471177550515358,-5.7856903076171875,0.27462416331700346,20000005
16,1.4856132712614523,-0.614215078866403,-0.8010509610176086,-2.004279136657715,8.82303135119999,0.2795748070829004,0.71703447882276,-3.098783254623413,0.07848774877277422,20000005
17,1.5862144002335958,-1.0833136405555681,-0.8897293210029602,-1.9698678255081177,8.776133219236732,0.21810451721759277,0.7812300585069851,-4.43391752243042,0.03689813196325865,20000005
18,1.7605569859762504,-0.9727089968915535,-0.9384904503822327,-1.914674997329712,8.974553525938138,0.14524593700321742,0.851914588310228,-2.4380571842193604,-0.2084203067014061,20000005
19,1.6188742196480674,-0.9678827630071694,-1.0221993923187256,-1.8258838653564453,8.840210291665851,0.27895429479028044,0.7116896076671162,-4.185445785522461,0.12434323427228634,20000005
20,1.466916638050682,-0.9807623512802218,-1.0419814586639404,-1.802461862564087,8.691082595354827,0.46014619649294913,0.5381029150154182,-0.9891047477722168,0.13912769631102484,20000005
21,1.1253433115257259,-1.6950486489749277,-1.5811058282852173,-1.3346995115280151,8.176148655821015,0.4682377160106154,0.5311868380999951,-26.956218719482422,0.5049339395338117,20000005
22,1.3970324009602555,-1.7078176180579596,-1.4658156633377075,-1.4586726427078247,8.438401236854054,0.6953291886142967,0.23850834921713188,5.764510154724121,-0.27225258103303873,20000005
23,0.9840548091468344,-1.858756840275575,-1.4566117525100708,-1.4751789569854736,8.002818817572715,0.3212148988656255,-0.6238563819069309,0.46019279956817627,0.42558241928133866,20000005
24,1.1740584539199286,-2.039486752849114,-1.5000238418579102,-1.4583019018173218,8.153886610174197,0.6617365408096174,0.30408558009857994,-2.170605182647705,-0.16106779260148252,20000005
25,1.067271454497819,-1.97085741237219,-1.6205730438232422,-1.3269681930541992,8.061863921132165,0.31709036750701425,0.677606275929116,-6.027460098266602,0.08202268904203237,20000005
26,0.8603811468168574,-2.0842696302761503,-1.773871898651123,-1.182778239250183,7.837311926164274,0.4823128417538781,0.5162344538128035,-7.664938926696777,0.21455199496789112,20000005
27,0.5862636849966101,-2.4378429209894787,-1.8711427450180054,-1.1250897645950317,7.508731886605266,0.31659910751129405,0.6819687241197026,-4.863545894622803,0.31858003955900815,20000005
28,0.721571117708866,-2.567552171884485,-1.8185807466506958,-1.197054386138916,7.625259377958524,0.1631052340970215,0.8305238939671108,2.6281023025512695,-0.12652749135325814,20000005
29,0.512496608533534,-2.832473503780451,-1.9850112199783325,-1.0626471042633057,7.388348505443251,0.8169344242900737,0.13049484054854343,-8.32152271270752,0.22691087251527242,20000005
30,0.3515971518171559,-3.21614017140251,-2.0514800548553467,-1.0471454858779907,7.20152343205985,0.5456159464354773,0.4002427590870252,-3.323443651199341,0.17682507338340137,20000005
31,-0.03282437940354448,-3.418477156187242,-2.128978729248047,-0.996904730796814,6.811295744079213,0.2441066346669641,0.7277326920489645,-3.874929428100586,0.3802276879806372,20000005
32,0.18089941702582585,-3.591904855744059,-2.032989025115967,-1.1180609464645386,7.024493240847947,0.17232312433870328,0.8220675173276837,4.799485206604004,-0.2231974967687338,20000005
33,-0.03125068162684321,-3.7019974766196344,-2.206613540649414,-0.9608869552612305,6.814315814062244,0.785047271025539,-0.07464246732641011,-8.68122673034668,0.2001774267857026,20000005
34,-0.3244476449119519,-4.019328508439848,-2.2532894611358643,-0.9639169573783875,6.53751208302181,0.6535074137392003,0.2732663538306621,-2.3337976932525635,0.26680373104043364,20000005
35,-0.6321387297797664,-4.171548030772338,-2.2862584590911865,-0.9589802026748657,6.244652482802522,0.2758637805820783,0.7017750047907085,-1.648449420928955,0.28285960021928847,20000005
36,-0.4093089145814434,-4.35393361302246,-2.2200958728790283,-1.0495556592941284,6.4870892151948665,0.24414835391287304,0.7533872361100543,3.308128595352173,-0.25243673239234465,20000005
37,-0.6248971258677499,-4.397034448764082,-2.3653650283813477,-0.9154792428016663,6.279164005582412,0.9275841137212693,0.03352101844723365,-7.263462066650391,0.19792520961245486,20000005
38,-0.9630093571332888,-4.560147643461891,-2.4512181282043457,-0.8645484447479248,5.970605518129041,0.700240464079212,0.28931162749806394,-4.292656898498535,0.29855848745337066,20000005
39,-1.1744947301233364,-4.741645471389691,-2.463226795196533,-0.8897007703781128,5.797775241501633,0.31409444864011793,0.6785656586971938,-0.6004287600517273,0.16283027662740834,20000005
40,-0.9741291723392126,-4.903695523448761,-2.407822370529175,-0.9644161462783813,6.028799580787453,0.38154983754325483,0.61337449755302,2.770219326019287,-0.24102433928582045,20000005
41,-1.17174916138824,-4.897037822097365,-2.570136070251465,-0.808734118938446,5.835019097121781,0.953852377504042,0.03071739998775086,-8.11568832397461,0.18378048366567223,20000005
42,-1.50554287146529,-4.9218003255775375,-2.6524953842163086,-0.7449591159820557,5.517351139446648,0.7577430289149459,0.23446226218158606,-4.117956638336182,0.3076679576751331,20000005
43,-1.7069310207424893,-5.08989713662005,-2.650350570678711,-0.7868945598602295,5.36931091410325,0.3579150438622579,0.6372435691502925,0.10724137723445892,0.1380402253433981,20000005
44,-1.8042128189415612,-5.166360868004179,-2.5959982872009277,-0.8603989481925964,5.29950064117932,0.6346524328689441,0.3585342075279834,2.71761417388916,0.05981027292392916,20000005
45,-2.0689211222014188,-5.420628108389974,-2.613177537918091,-0.9062844514846802,5.136741340646093,0.9712257570651821,0.02125546007364082,-0.8589708805084229,0.15275930053322706,20000005
46,-2.3070226183039355,-5.403646400636486,-2.7519524097442627,-0.7821875810623169,4.909700859952447,0.8048159664209005,0.17377628089842406,-6.938741683959961,0.21704048069364634,20000005
47,-2.3002339390849595,-5.33364371017053,-2.7908334732055664,-0.7295474410057068,4.8896569450907785,0.41514925651121964,0.5774724746290447,-1.9440525770187378,0.010043914861668455,20000005
48,-2.3439433021131784,-5.503616849790571,-2.7843146324157715,-0.771493673324585,4.914985245009352,0.6634855774917386,0.33462851956853923,0.3259507417678833,-0.03532829991857355,20000005
49,-2.3433691943798243,-5.579870147804825,-2.825523853302002,-0.7443495988845825,4.946689903881738,0.8703925865762532,0.12723320360122958,-2.060462474822998,-0.041704658872385496,20000005
50,-2.872797586234938,-5.612405581379631,-2.9416351318359375,-0.6838841438293457,4.485533927312538,0.8747153950744355,0.12409450884256473,-5.805563449859619,0.4511559765691995,20000005
51,-3.2721391927473142,-5.502498740945061,-3.039902687072754,-0.6073018312454224,4.081871405117578,0.4877889772173521,0.49622918974726365,-4.913383483886719,0.3936625221949599,20000005
52,-3.343861225447176,-5.719966276779281,-3.0076234340667725,-0.6940786838531494,4.130584601582879,0.2904007352850809,0.6909389681255034,1.6139590740203857,-0.05871319646530115,20000005
53,-3.372562528818018,-5.757366588948918,-3.0549139976501465,-0.6581624150276184,4.126405870008663,0.8552458362301354,0.12582838393376078,-2.3645286560058594,-0.005821268425784112,20000005
54,-3.8767889522906676,-5.6721603621922405,3.1148736476898193,-0.5997006893157959,3.6617390365917313,0.9073444436948246,0.08980307969308793,-5.6698760986328125,0.45466683341693215,20000005
55,-4.261839188948547,-5.556868215865322,3.057056188583374,-0.5821797251701355,3.284874501336461,0.49501302457621094,0.4914618678576655,-2.8908743858337402,0.3668645352552702,20000005
56,-4.478487059676023,-5.38600535581772,2.9978528022766113,-0.5228776931762695,3.008957266149965,0.2895679990623179,0.6879917268236432,-2.9601693153381348,0.26591723518649624,20000005
57,-4.4839949928778315,-5.354145622099808,2.871417999267578,-0.38919541239738464,2.9850070110679585,0.33603538890121276,0.6578248380059082,-6.321743011474609,0.013950255082006322,20000005
58,-4.471597985569184,-5.221046500857973,2.7160463333129883,-0.1951259821653366,2.9154489690354732,0.5430242526518583,0.454520315748987,-7.768581390380859,0.05955804203248528,20000005
59,-4.795804873293878,-5.017806547261926,2.650581121444702,-0.1388256698846817,2.5336163359547204,0.7501933900162867,0.2466923420813818,-3.2732558250427246,0.3718326330807529,20000005
60,-5.0255662978102285,-4.878340438960346,2.6678075790405273,-0.16603800654411316,2.2659063429638224,0.5395185581983237,0.42890547212393054,0.8613235950469971,0.2577099929908979,20000005
61,-5.250871331735095,-4.937414360865573,2.6054422855377197,-0.18925125896930695,2.128225088048048,0.8560704140130915,0.03172050596617787,-3.1182680130004883,0.12768125491577442,20000005
62,-5.273186549409806,-4.707120943734576,2.496990442276001,-0.0005591309745796025,1.9650658250487627,0.9483743175379673,0.02886143986072276,-5.42258882522583,0.15315926299928528,20000005
63,-5.420743500660183,-4.331946343739244,2.4274497032165527,0.1983974725008011,1.6352394412611846,0.8291866214753989,0.16045797404779738,-3.477041721343994,0.3198263837875781,20000005
64,-5.667272181329721,-4.248870148812797,2.5001120567321777,0.09001071751117706,1.3806870413168046,0.5294446757182972,0.43283867607623555,3.6331162452697754,0.24455239994437994,20000005
65,-5.933284913780219,-4.256232525116651,2.4880576133728027,-0.023054923862218857,1.1670902204782347,0.6675715062939751,-0.2936990757185083,-0.6027172803878784,0.2035968208385699,20000005
66,-6.0576787790249,-4.052038431332667,2.395216226577759,0.15588290989398956,0.9457482018753206,0.9248023725611454,-0.06239722895292993,-4.642070293426514,10.211342018602915,20000005
1,0.6001092731542239,0.005766586489241729,0.012773045338690281,-1.5881900787353516,9.162656959138625,-0.13776925430978412,0.6102376377875747,0.638528048992157,-0.015873789035277357,20000006
2,0.6848968242451734,-0.0018896788367115194,-0.03920936584472656,-1.5454721450805664,9.155785474173229,0.40463863402306566,0.5630226264814367,-2.599120616912842,-0.003128515034603865,20000006
3,0.7099322582029133,-0.07653129103584674,-0.12723000347614288,-1.4603221416473389,9.0815360855291,0.37333616724719376,0.6223184431574033,-4.401031970977783,0.06424938864412845,20000006
4,0.9552175475418291,-0.14693352785736963,-0.2562180459499359,-1.3586621284484863,9.018620928641704,0.38610662945286733,0.6128462484251497,-6.44940185546875,0.052915156887395794,20000006
5,1.1440364685145779,-0.06661348983913559,-0.27669116854667664,-1.3585103750228882,9.109064861306019,0.32187979957920676,0.6755682919494356,-1.023655891418457,-0.10044393266431427,20000006
6,1.209909866245609,0.0912694196864956,-0.2748681306838989,-1.3663278818130493,9.271026663808732,0.2895456394899045,0.6845366802578482,0.0911501869559288,-0.17196180250271298,20000006
7,1.1533543505574493,0.13013991749049833,-0.33647292852401733,-1.2983670234680176,9.306010653736259,0.3793812591535703,0.560847521658966,-3.080237865447998,-0.04498398992752705,20000006
8,1.5304584956768095,-0.24905881862938037,-0.5902704000473022,-1.0892908573150635,8.96068308229817,0.4208762999541877,0.5742114465880377,-12.689874649047852,0.335327571438089,20000006
9,1.7948826791517962,-0.20057703952912473,-0.6167303323745728,-1.091326355934143,9.041252219171513,0.3732606202745602,0.5900193536255666,-1.3229950666427612,-0.09056913687334343,20000006
10,1.9039381200842407,-0.09412450181150668,-0.5905855894088745,-1.1276723146438599,9.162102279722728,0.327662803820296,0.5864691205959327,1.307234525680542,-0.13085006055121462,20000006
11,1.90703652603774,-0.021876685832943662,-0.6352616548538208,-1.0821785926818848,9.234024335206874,0.5299116484130733,0.3645004856867884,-2.233802080154419,-0.08192205548414598,20000006
12,1.763674417415461,-0.14044184895487666,-0.7692127823829651,-0.9345407485961914,9.09663581387738,0.4952892536236001,0.4995946393629236,-6.697556495666504,0.12738852132949297,20000006
13,1.8949211462366558,-0.48505075563947303,-0.8688487410545349,-0.8549389243125916,8.774227964603167,0.4294187281621802,0.5700237807069441,-4.981797218322754,0.3124078492742137,20000006
14,1.9836638859890172,-0.7388843159721308,-0.9029655456542969,-0.8356261253356934,8.537818788853004,0.2769586646854296,0.7222783865008491,-1.7058402299880981,0.22640917575016295,20000006
15,2.2403584844411597,-0.7276433478468771,-0.9447668790817261,-0.82305508852005,8.595443969495332,0.26518279881133194,0.7343661707575704,-2.0900673866271973,-0.06762518064232757,20000006
16,2.0649238714547846,-0.7462762560871309,-1.0481327772140503,-0.6999801993370056,8.54448911416855,0.38876034615878063,0.6070892430450465,-5.1682939529418945,0.0409548553267809,20000006
17,2.0099234504494348,-1.0080740337009964,-1.1535489559173584,-0.5936023592948914,8.277098544027584,0.455471320928119,0.5431522233367473,-5.270806789398193,0.2573905701409662,20000006
18,2.010797426107091,-1.4268590109265964,-1.261116623878479,-0.4954855144023895,7.86531362500192,0.4314500550505335,0.5681157856637877,-5.3783860206604,0.4017849190256644,20000006
19,2.231063650465878,-1.4477582057754201,-1.226549506187439,-0.5579873323440552,7.888543523678958,0.27414510275881876,0.7238890676867041,1.728353500366211,-0.03322989867703829,20000006
20,2.1843794435794535,-1.7408123359304175,-1.4696568250656128,-0.3170585334300995,7.59227355083971,0.8187120558164604,0.0568896394631358,-12.155364990234375,0.28626997283924793,20000006
21,2.214897909543452,-2.2041907134814105,-1.5123522281646729,-0.29242488741874695,7.14735909228702,0.8347964981578677,0.014643021261705413,-2.134765625,0.43491445855269073,20000006
22,2.095701261318166,-2.4978612241223264,-1.5671136379241943,-0.23066024482250214,6.834222412879566,0.36478905157838254,0.561528720508724,-2.7380757331848145,0.3031366794074539,20000006
23,2.3540736661515846,-2.5159991128327843,-1.5204459428787231,-0.3145236670970917,6.879450620934421,0.29733962961595894,0.700557964159761,2.3333864212036133,-0.05522820805485495,20000006
24,2.2134594551635267,-2.6856623585977726,-1.6737289428710938,-0.1475515216588974,6.679583094208328,0.9028065529026574,-0.04058282206292779,-7.664149284362793,0.1898675267260923,20000006
25,2.0602005679532933,-3.080810582252692,-1.742525339126587,-0.07068197429180145,6.258981671950842,0.8036003730543686,0.16904700230538977,-3.439817428588867,0.4106014222574863,20000006
26,1.9814175693946046,-3.3309197270920383,-1.7855397462844849,-0.024925826117396355,5.9972963733613245,0.32862392403696217,0.6530888452178565,-2.1507253646850586,0.2516852985895175,20000006
27,2.240400991155263,-3.3398846977336096,-1.7389123439788818,-0.11346369236707687,6.0553827906037085,0.4896702822707375,0.5042437266040856,2.33137583732605,-0.06808641724238405,20000006
28,2.078872200185089,-3.4599567934409197,-1.8905333280563354,0.05881588160991669,5.8964130270695065,0.9102522989999068,-0.07178544176879031,-7.581051826477051,0.148969763534202,20000006
29,1.8528822951572186,-3.725358049942684,-1.9635553359985352,0.15868258476257324,5.583707914587077,0.8665173008838796,0.08467063670393632,-3.6510987281799316,0.3027051124824298,20000006
30,1.7212676115749386,-4.0095042765883,-1.9348831176757812,0.1417819857597351,5.277148947057069,0.49475472226374756,0.4822472070551502,1.433610439300537,0.296558967530008,20000006
31,1.7995149745039727,-4.191007538327738,-1.9013583660125732,0.0855269730091095,5.118686252821851,0.8614804090414678,0.03611268201451151,1.6762347221374512,0.14846269423521785,20000006
32,1.7049808527266241,-4.482654905127701,-1.9975708723068237,0.18609434366226196,4.8128633098246105,0.9136415652307327,-0.08101103485477101,-4.810624599456787,0.2958229429972403,20000006
33,1.4578782248364217,-4.5685628226059105,-2.0816447734832764,0.31713104248046875,4.67568659250546,0.8700586388607371,0.008614584665417091,-4.203691482543945,0.12717671731915092,20000006
34,1.2079567975147463,-4.8934375527235,-2.0401298999786377,0.31799399852752686,4.312648543481376,0.757891988546142,0.2245390448668425,2.0757408142089844,0.35303804902408387,20000006
35,1.343843525559098,-5.0615600049293,-1.9236490726470947,0.16321112215518951,4.169992766208323,0.812191718351809,-0.09417211050097307,5.824042320251465,0.13265577727305256,20000006
36,1.2489826286808905,-5.492283525023175,-1.9871119260787964,0.22988276183605194,3.7291285791920084,0.7405664597211656,-0.2582121415789202,-3.1731438636779785,0.4308641870163148,20000006
37,1.0426414764030134,-5.505414844332218,-2.101443290710449,0.3986283242702484,3.6834302727768744,0.78983853004015,-0.021409705150741642,-5.716572284698486,0.03569830641513395,20000006
38,0.7698779281322959,-5.836380907131635,-2.03576922416687,0.40117982029914856,3.327179415709066,0.7434866911000474,0.23436977706583728,3.2837111949920654,0.34625085706780845,20000006
39,0.9305863859655498,-6.002893672823375,-1.903856873512268,0.21539875864982605,3.175857282425213,0.6698271268529795,-0.26454486342461714,6.595615386962891,0.1413221332838528,20000006
40,0.9125375923138493,-6.450010434120222,-1.9297020435333252,0.22858281433582306,2.7299320123272097,0.6758112348467895,-0.32333513329107577,-1.2922629117965698,0.4359252700980034,20000006
41,0.6853299835905695,-6.543898139847064,-2.0140883922576904,0.3945116400718689,2.6160062158616255,0.7360814623534084,-0.21065395107639096,-4.219309329986572,0.10392579646558421,20000006
42,0.42589651810956775,-6.7601622411242035,-1.9760135412216187,0.46018677949905396,2.400255765020637,0.8480417403716931,0.11957845346838841,1.9037361145019531,0.20575045084098842,20000006
43,0.5727982301799,-7.029956847245682,-1.8318195343017578,0.2539578080177307,2.1268887948303985,0.9105141862366048,-0.05476948437720092,7.209699630737305,0.2633669701902386,20000006
44,0.6840432254923229,-7.456361021585881,-1.8195624351501465,0.1746431589126587,1.7051135085955287,0.6748718667353426,-0.3237663528064293,0.6128602027893066,0.4117752862348698,20000006
45,0.538721552422987,-7.56770219176825,-1.8261319398880005,0.2673226594924927,1.589204537958228,0.4884373575552123,-0.5016902034964055,-0.32847699522972107,0.10590897063730066,20000006
46,0.48508700573797237,-7.625259947769619,-1.6816657781600952,0.1582922488451004,1.533256367489468,0.9285062320864389,-0.05957759783531402,7.22330379486084,0.045948170468760104,20000006
47,0.5098562239751325,-8.022341708204845,-1.6569775342941284,0.12839217483997345,1.13546226203337,0.8949125276628004,-0.10387223099660059,1.2344160079956055,0.3877941054560978,20000006
48,0.4744643261611395,-8.268452562805523,-1.5962685346603394,0.1189766600728035,0.8922376039402483,0.7649239039303355,-0.22768243607356803,3.0354480743408203,10.233224658093121,20000006
1,0.6406008265085862,-0.012554648131706429,0.02104497142136097,-1.1170921325683594,5.708636885764489,-0.06726727754302714,0.6610647659762985,1.052124261856079,0.041704297719857626,20000007
2,0.7806070853262925,0.00966208341413885,0.00735014071688056,-1.127169132232666,5.665998452897763,0.5700972323230215,0.3969951338465358,-0.6847414970397949,0.03263843286672575,20000007
3,1.006572206470972,0.022133255217445483,-0.08674461394548416,-1.070486307144165,5.582643362136684,0.44597969401614884,0.5420061195696462,-4.704737663269043,0.07335509076107873,20000007
4,1.0994747289162907,-0.12356589657996135,-0.18220026791095734,-0.9799304604530334,5.411957160058377,0.3468829128255562,0.6495560641687215,-4.772782325744629,0.16068620207830686,20000007
5,1.1539688426503132,-0.08311665096051765,-0.2118503302335739,-0.962455153465271,5.427822596614412,0.3679554296817743,0.631244225178397,-1.4825036525726318,-0.025865436556034675,20000007
6,1.5928403537111857,0.17355661112945225,-0.1964433193206787,-1.069314956665039,5.518158318914444,0.39639130379539167,0.6014358950907633,0.7703508138656616,-0.10033572230003183,20000007
7,1.9310115882368095,0.15944167726065406,-0.22948840260505676,-1.0951159000396729,5.412500851235082,0.2467889842337387,0.6956462358525575,-1.6522541046142578,0.0956574676793618,20000007
8,2.0690582397681214,-0.07129504468149053,-0.35092565417289734,-0.9887405037879944,5.1556625035038985,0.20424813295768274,0.7641866803949249,-6.071861743927002,0.24683834773118352,20000007
9,2.1307243218494385,-0.07086712826083195,-0.4038434326648712,-0.9475150108337402,5.142304210317729,0.3012992646328957,0.6975727053391261,-2.645890712738037,0.003358293186169767,20000007
10,2.371563889841736,0.14560758456777712,-0.40482696890830994,-0.9997124075889587,5.308666898491431,0.4208497987104438,0.5781096574171468,-0.04917481541633606,-0.17636268817370238,20000007
11,2.6795722272931126,-0.08277926647869217,-0.5457652807235718,-0.9115749001502991,5.039479525574229,0.47317792661537045,0.48350895169055447,-7.0469160079956055,0.2591873729172025,20000007
12,2.6720470562906766,-0.30436653690896653,-0.7060943245887756,-0.744490385055542,4.8202788319825975,0.3409930642084712,0.6509856840938809,-8.01645278930664,0.20920069359163107,20000007
13,2.740835163257414,-0.40304308909706205,-0.7769878506660461,-0.6855727434158325,4.714403244778622,0.42484742620147686,0.5744217822217225,-3.5446763038635254,0.09587558720397539,20000007
14,2.8489628724617106,-0.559580308261385,-0.833594560623169,-0.6488849520683289,4.548003810511156,0.5208961387153765,0.47850730983915446,-2.830336332321167,0.15639943426746572,20000007
15,3.026831557954319,-0.6930214241277461,-0.8346682190895081,-0.6853910088539124,4.402502694449551,0.48951742684614125,0.5100672183133219,-0.053680457174777985,0.1355011160616051,20000007
16,2.9578685638188644,-0.7714621322991435,-0.9519503116607666,-0.5512763261795044,4.328273572832289,0.4912211142947484,0.5072511873891757,-5.864105701446533,0.06422912161726192,20000007
17,2.948027348344681,-0.9317291321376071,-1.0593534708023071,-0.4389225244522095,4.169087848768383,0.49851333851405355,0.5008325138053206,-5.370157718658447,0.1491857240639065,20000007
18,3.139381560241354,-1.0970792603918536,-1.1270370483398438,-0.41603514552116394,3.994314452523924,0.5054516839526497,0.49408099195498845,-3.384181022644043,0.16477339624445908,20000007
19,3.281840792159551,-1.2260180297922787,-1.0946664810180664,-0.4843428134918213,3.863971033617738,0.48212347087617513,0.5158261989778291,1.6185266971588135,0.12034341890618562,20000007
20,3.3206822534075884,-1.3394236796681334,-1.205141305923462,-0.38447096943855286,3.751099059190224,0.8779103749009388,0.06616144577531413,-5.523735046386719,0.1028719744275144,20000007
21,3.2378516670684823,-1.5409515435504086,-1.3407334089279175,-0.22660991549491882,3.548928357865976,0.7031307755133693,0.2913218864129882,-6.77960729598999,0.19217070132424774,20000007
22,3.09144853858506,-1.9741666326917116,-1.396727204322815,-0.1231909990310669,3.119729087582818,0.5257830466530613,0.4732050044417829,-2.7996888160705566,0.4191992702831582,20000007
23,3.2271064912465017,-2.1177793456776017,-1.364614486694336,-0.1984434723854065,2.972168389358956,0.30481959789597013,0.694184088471536,1.605636477470398,0.13756069822386174,20000007
24,3.3053966390460188,-2.1795328432923657,-1.5016965866088867,-0.088095523416996,2.9108510579546714,0.9208831908323605,0.03543275801915641,-6.8541059494018555,0.051317331404284745,20000007
25,3.2981983125595753,-2.6874892889171336,-1.5462647676467896,-0.04454755038022995,2.4028507757641053,0.7831752123171549,0.19182242877693045,-2.2284088134765625,0.498000282190566,20000007
26,2.995515272591004,-2.925835411348562,-1.699918508529663,0.24623088538646698,2.1789478001740297,0.347910625795389,0.6115510739081446,-7.682689189910889,0.21390297559007565,20000007
27,2.9668787839044723,-3.1732846360408273,-1.6805530786514282,0.2564728260040283,1.937388466735245,0.6095511841055551,0.3817586523071831,0.9682722687721252,0.23155933343878465,20000007
28,3.083860652379449,-3.3796737295103516,-1.7533411979675293,0.27944955229759216,1.7182463036767093,0.929343181154388,-0.014266586517424018,-3.6394095420837402,0.20914216305853572,20000007
29,2.903721468613848,-3.519891017515772,-1.8727161884307861,0.5190726518630981,1.6077254221495547,0.870885686084228,0.07720985419992338,-5.96874475479126,0.10052088152715456,20000007
30,2.62140187244021,-3.757611180826672,-1.9182894229888916,0.788419246673584,1.4731438086996556,0.8059478101908719,0.17518199655054528,-2.2786622047424316,0.12458161344989917,20000007
31,2.606874006393609,-4.024894926056257,-1.8489398956298828,0.821494996547699,1.2441445125500188,0.8779562423226193,0.018798098813453068,3.467473030090332,0.21899929614963676,20000007
32,2.7472308359642783,-4.324930429486566,-1.8240114450454712,0.8347852826118469,0.9154228215658304,0.6288383147198271,-0.3651931754026211,1.2464263439178467,10.318721690984189,20000007
1,0.5726088856254589,-0.02648694048983616,-0.008414216339588165,2.3932249546051025,7.9672118401635155,-0.48206240823408275,-0.26409875635972735,-0.42083507776260376,-0.04251304381496745,20000008
2,0.5945923805303142,0.034107077962949615,0.02663668803870678,2.36562180519104,7.941812221289704,0.29767656243713125,-0.34126616122750697,1.7525451183319092,0.015399618873811036,20000008
3,0.7061558708842441,0.07779338982414827,0.06015261635184288,2.3456127643585205,7.994464822112304,0.33339226700913627,-0.5940211157208487,1.6757965087890625,-0.06265260082259981,20000008
4,0.8204268997123727,0.024954110745725774,0.06792375445365906,2.342466354370117,8.11472370447903,0.21858062545824952,-0.7361976034898305,0.3885573148727417,-0.13025888236672523,20000008
5,0.7029959111580563,-0.0762148232954162,0.09386274218559265,2.297539472579956,8.096327948411371,0.2924687269148296,-0.5776778510970543,1.2969491481781006,0.008395756067658197,20000008
6,0.8096068734416061,0.009182040953746404,0.19086343050003052,2.2171902656555176,8.117223774703643,0.5404840801520195,-0.3587272013916155,4.850033760070801,-0.030895826292271382,20000008
7,0.7463478203942355,0.11955856889882777,0.16059404611587524,2.2524166107177734,7.996435202708407,0.37718777981050755,-0.61851578702255,-1.5134687423706055,0.1107885719952353,20000008
8,0.6623069516073297,0.72475867747671,0.41255924105644226,2.052933692932129,7.541164261254528,0.4563888393662799,-0.5300540162715244,12.598259925842285,0.4452709414538789,20000008
9,1.0592594478162483,0.49139530931484404,0.44657450914382935,2.027217388153076,7.997098657371404,0.36809290796576083,-0.6200043350697899,1.7007622718811035,-0.46593439611687537,20000008
10,1.4249043063198883,0.7569839847522365,0.6094278693199158,1.917881965637207,8.13137106851956,0.1989424850807812,-0.6574648927902121,8.142667770385742,-0.1442724111481557,20000008
11,1.2872910094260002,0.8638677469815018,0.6678506135940552,1.8604679107666016,7.957314445125802,0.3841723629307125,-0.5838654932870613,2.921138286590576,0.16405662339375726,20000008
12,0.9579817325777017,1.149920429586079,0.6819273233413696,1.8522917032241821,7.523509773023482,0.48389737218156986,-0.5154668295953747,0.7038342952728271,0.42380467210231987,20000008
13,1.4828293883726054,1.3076881736715065,0.8461678624153137,1.7425575256347656,7.876145142872705,0.2637953854384053,-0.7361341878192849,8.212028503417969,-0.3626353698492226,20000008
14,1.7318538823411183,1.7442006935437935,1.0566455125808716,1.5959022045135498,7.8748778691268875,0.32827152606066845,-0.6688933320699845,10.523881912231445,-0.008732726254182524,20000008
15,1.830061929694021,2.1148657830811723,1.1829692125320435,1.5174847841262817,7.796386710768202,0.6383358496271596,-0.35453336563792537,6.316184043884277,0.06849115835868581,20000008
16,1.8518918766694894,2.4799667341953975,1.2436085939407349,1.5011322498321533,7.667758098564631,0.5947854602841168,-0.40322683322399927,3.0319676399230957,0.11862861220357047,20000008
17,1.8912528031564877,2.5704175878571043,1.2578685283660889,1.4997329711914062,7.669733476325243,0.3403979037156437,-0.6592657312327503,0.7129972577095032,-0.011975377760611963,20000008
18,2.0164826311709985,2.6202042119735642,1.4000657796859741,1.3695181608200073,7.767750048976758,0.387280843317173,-0.6125511605122196,7.109866619110107,-0.10801657265151497,20000008
19,1.7156689171281654,2.587120944637331,1.5362340211868286,1.2146626710891724,7.500847284407531,0.48872395515878353,-0.5109888113391009,6.808408737182617,0.25690276456922745,20000008
20,1.4536610099079295,2.675193175401608,1.4971390962600708,1.2512184381484985,7.225065747836094,0.6387189484597328,-0.36045860852016565,-1.954748511314392,0.26578153657143644,20000008
21,1.3267541816824178,2.6240495388833667,1.4980684518814087,1.2368392944335938,7.1280870353018155,0.4790883468270112,-0.5186763608210208,0.04647018015384674,0.0869787125342787,20000008
22,1.8053455555553515,2.440084636594038,1.2465647459030151,1.4910070896148682,7.640440682298659,0.47448789731361984,-0.5253214312943534,-12.575182914733887,-0.5223536469968437,20000008
23,1.6569638305295191,2.6379665935369365,1.3933932781219482,1.3608232736587524,7.427243241907461,0.933316652674201,-0.0038867876398802625,7.341425895690918,0.20319744039119825,20000008
24,1.5466265688319067,2.584198682358751,1.3169347047805786,1.424830436706543,7.345962410692333,0.4573519391228684,-0.5213317273702512,-3.8229308128356934,0.0712808312151283,20000008
25,1.0847330075026944,2.7604531009210356,1.5100151300430298,1.2292041778564453,6.8519127517539555,0.8411565520514079,-0.11157774586938013,9.65402603149414,0.48404965893837715,20000008
26,1.5096482747692925,2.4154613082679237,1.1808570623397827,1.537893295288086,7.37953757771358,0.3203780214061543,-0.6625230018624988,-16.457904815673828,-0.5376248259596246,20000008
27,1.8572700122972934,2.677600160821631,1.309225082397461,1.4597796201705933,7.5985662852372045,0.8847976974877934,-0.021604386746196358,6.418398857116699,-0.22902870752362436,20000008
28,1.5851908611243797,2.5839889691479874,1.3208725452423096,1.4229001998901367,7.3815815728246585,0.4435860972013048,-0.5184052340048371,0.5823702812194824,0.2069847124125459,20000008
29,1.190448214513699,2.7262983351883436,1.4896560907363892,1.250995397567749,6.962567184542401,0.5856034481625567,-0.41403250322149654,8.439180374145508,0.40901438828225767,20000008
30,1.3460870803795575,2.5778621809512816,1.3988702297210693,1.331183910369873,7.164197661626078,0.3184648648483253,-0.6807929671837434,-4.5392961502075195,-0.21163047708367722,20000008
31,1.8899033557534013,2.691697663296729,1.3196418285369873,1.4526432752609253,7.623869750899777,0.8838957625342492,-0.01525270042471294,-3.9614181518554688,-0.46967208927369897,20000008
32,1.7113405400244408,2.8199783300169616,1.3455482721328735,1.434181809425354,7.411246034690798,0.49546573292232954,0.43699966588750494,1.295323371887207,0.202623716208979,20000008
33,1.8600589341390878,2.938740292427978,1.3903793096542358,1.4111524820327759,7.5100743126819705,0.4716469695643177,-0.5208830324473511,2.2415504455566406,-0.10882827799117244,20000008
34,2.049766670633779,2.797532738165891,1.404416561126709,1.3880869150161743,7.73633260856276,0.38202898148455333,-0.6175717035018635,0.7018651962280273,-0.23625829588078973,20000008
35,2.005541263251315,2.8277351407301143,1.4473150968551636,1.34691321849823,7.684455610061519,0.6027396554950323,-0.39682784749520544,2.1449217796325684,0.04187699850124083,20000008
36,1.7376974089524337,2.9199008947095444,1.598552942276001,1.1950647830963135,7.4012354535855955,0.5575212192020521,-0.4424193098493111,7.561896324157715,0.2732201564759238,20000008
37,1.7650623104463738,3.133697516151884,1.6632885932922363,1.1589196920394897,7.357063406363245,0.4517712524869639,-0.5478463652062096,3.236783504486084,0.03417204722235013,20000008
38,1.9513814293995422,3.1411410850792176,1.6364221572875977,1.1944916248321533,7.53190841584906,0.3588113820576131,-0.6406738311086163,-1.3433241844177246,-0.18484500948581428,20000008
39,1.987998123752904,3.190657919260017,1.6745922565460205,1.1640468835830688,7.551859932960004,0.7679674015765634,-0.23064939433390574,1.9085044860839844,-0.02995151711094412,20000008
40,1.7145736844767838,3.218193794614716,1.8314621448516846,0.9995848536491394,7.282882204609521,0.6324795932800675,-0.3672765741655579,7.843496322631836,0.2589777283504826,20000008
41,1.637232119937573,3.369603802266539,1.8360581398010254,1.0118145942687988,7.163986579581372,0.43459994870251767,-0.5647175674185154,0.2297990322113037,0.10889562502814944,20000008
42,1.7163857886092104,3.470294451441155,1.8007535934448242,1.0636619329452515,7.211585701030792,0.3896249846794856,-0.6100085964079448,-1.7652251720428467,-0.05759912144942025,20000008
43,1.955699187923438,3.402134052101185,1.7629846334457397,1.1014211177825928,7.4604164427288095,0.8144374443706488,-0.184376156877136,-1.8884484767913818,-0.25883074169801756,20000008
44,1.5520130696394532,3.588289178888542,1.9546735286712646,0.9194995760917664,7.021532798803998,0.9680323809230125,-0.028860601215011772,9.584444046020508,0.4288836439248118,20000008
45,1.1214089822371156,3.899863878379515,2.041393995285034,0.8613916039466858,6.526573883596914,0.6324637553171059,-0.3604969515050509,4.336019992828369,0.4849589152070839,20000008
46,1.1040696115007065,4.094914752139898,2.015188455581665,0.9162752628326416,6.466247368780524,0.3104670976126015,-0.684687996669045,-1.3102797269821167,0.050326514816389396,20000008
47,1.1699041186355426,4.116375605465099,2.1605277061462402,0.7762561440467834,6.5262497075623545,0.6450547648649259,-0.3503800072850952,7.266968250274658,-0.07000233878183003,20000008
48,0.9358556213365087,4.26612438583992,2.231159210205078,0.7214242219924927,6.267419187926422,0.6212602084468918,-0.3766295037302573,3.5315728187561035,0.24883051963593217,20000008
49,0.7395263845210852,4.256020632265671,2.335862159729004,0.6090177297592163,6.0766650644162885,0.417410700584488,-0.5823562520692203,5.235147476196289,0.18075412351013376,20000008
50,0.3865096748788267,4.390732962225845,2.4335577487945557,0.5223872065544128,5.704476653069673,0.4996131985191298,-0.5002624958701027,4.884775638580322,0.36218841134661584,20000008
51,0.43395923553710264,4.594747834841826,2.401594400405884,0.590961217880249,5.717284306304023,0.38332764162699007,-0.6162011334453013,-1.5981602668762207,-0.022807653234350626,20000008
52,0.15485687840483459,4.637118237796459,2.630047559738159,0.3625923693180084,5.434984543287242,0.8736318952219648,-0.12212910086613693,11.422654151916504,0.2722997630167814,20000008
53,-0.2354684572529384,4.809048224416824,2.687363386154175,0.3275882303714752,5.024717050497604,0.8173080485622288,-0.17061206964604114,2.8657948970794678,0.4002674927896377,20000008
54,-0.580874805468899,4.870171754688207,2.692293643951416,0.32629653811454773,4.674387678455311,0.6024889842591457,-0.3891197124291802,0.24651452898979187,0.3403293720422933,20000008
55,-0.649320672115603,5.034623080100016,2.718719482421875,0.33361324667930603,4.588894097177929,0.7303516102735494,-0.26005905039629873,1.3212864398956299,0.07549358127738227,20000008
56,-0.8206002144023506,5.031255796452663,2.8455421924591064,0.20257601141929626,4.4186358286612455,0.8586861717791135,-0.1380192382205111,6.341139793395996,0.16025826851668312,20000008
57,-1.1495229926356147,4.939275243539248,2.929323434829712,0.08897724747657776,4.101557471542334,0.7493727724286074,-0.24949192351547717,4.189062118530273,0.30707835711891174,20000008
58,-1.471962221724548,4.96729957300387,2.9447689056396484,0.07039747387170792,3.7781379542371796,0.5063286346813001,-0.49232467605354896,0.7722723484039307,0.31341951730515416,20000008
59,-1.5777899640726079,5.080707405277114,2.9475200176239014,0.09474081546068192,3.660198687928572,0.7618641253558753,-0.22937087637512393,0.13755543529987335,0.10793926630860741,20000008
60,-1.8438340889177751,5.127926173839165,3.050729990005493,-0.002393046859651804,3.3908459632094297,0.964109597849883,-0.027602588531334904,5.160494804382324,0.2593527247191425,20000008
61,-2.0347900656265465,4.950435483101637,3.1414999961853027,-0.15354551374912262,3.2231217800634626,0.7757556017447929,-0.21731514555263398,4.538506984710693,0.15772418314596703,20000008
62,-2.4900425309990823,4.862238887359315,3.133582353591919,-0.20184476673603058,2.791138245509006,0.7559516614982302,-0.24186571272303664,-0.39589130878448486,0.4219835345544565,20000008
63,-2.577368194189809,5.0324454095418645,3.04093599319458,-0.053725190460681915,2.674385153913688,0.8210957999477433,-0.13871761816384537,-4.632315158843994,0.10675309159531811,20000008
64,-2.9528322262318434,5.0962142572062765,-3.134097099304199,-0.15957722067832947,2.293586975215142,0.8009232114795978,0.1813159121920065,5.4076080322265625,0.37079817869854614,20000008
65,-3.044857604598399,4.900352666174562,-3.00839900970459,-0.37798160314559937,2.2419231745453603,0.7417131772161567,-0.12876799427222613,6.284912109375,0.0416638006697816,20000008
66,-3.5032240715743175,4.742771043081586,-3.046351671218872,-0.4828695058822632,1.8542960792600163,0.8966085235080181,-0.09843303776058693,-1.8976417779922485,0.377627095285344,20000008
67,-3.6555462383796593,4.9528894238701495,3.107512950897217,-0.2699227035045624,1.6395812500443663,0.817957197213413,0.031138458401047786,-6.466022491455078,0.20471482921564998,20000008
68,-4.056519301244536,5.11846873376093,-3.1364903450012207,-0.27767708897590637,1.2080261637387273,0.7148250702439974,0.271670810999601,1.959093689918518,0.421555086305639,20000008
69,-4.215077460098043,4.899985655062454,-3.0220112800598145,-0.6155380606651306,1.1425275147001708,0.7701854036716163,0.045308538983649116,5.72395658493042,0.05549864903855651,20000008
70,-4.550682641312602,4.676517675520786,-3.04068660736084,-0.9543558359146118,1.0180657440025402,0.9052255447890434,-0.08145676886854336,-0.933769941329956,0.11446177069763054,20000008
71,-4.765411354906118,4.914202386410045,3.106153726577759,-0.8259763717651367,0.6978199545550128,0.887750741879102,0.06071839444008381,-6.8172526359558105,10.310245789447528,20000008
1,0.5741471039381315,0.03548724722489229,0.01454221922904253,-0.6240341663360596,6.832199996106947,-0.10124502992320411,0.6582998745776378,0.7269867658615112,-0.012766243845656824,20000009
2,0.6516572063610023,0.053241333723510496,-0.017565065994858742,-0.6006196737289429,6.779065913038811,0.5155105779475581,0.4204646548559827,-1.6053643226623535,0.04313408306813638,20000009
3,0.7300206510103853,0.0988182733749058,-0.08176710456609726,-0.5486630201339722,6.742124956320007,0.44785366571350926,0.5428298337486295,-3.210102081298828,0.02694095671880415,20000009
4,0.7808720607293894,-0.11387972406143916,-0.1542578786611557,-0.4546058773994446,6.577194181682131,0.3679352391475176,0.6290055074023655,-3.6245384216308594,0.15493077463787563,20000009
5,0.9520418961682873,-0.21529001982529997,-0.18040001392364502,-0.43077003955841064,6.378800627320617,0.38385403149455005,0.6150145747329333,-1.307106614112854,0.18839355436151428,20000009
6,1.2186008681631637,-0.36006326138983286,-0.25982868671417236,-0.35700035095214844,6.077517563746063,0.4245674640970996,0.5725396990240756,-3.971435070037842,0.29128306357455425,20000009
7,1.1920802100392516,-0.36592763327684585,-0.3430888056755066,-0.2704388499259949,6.095791874943721,0.42663257104098684,0.5718976533539399,-4.163004398345947,-0.028274311197658657,20000009
8,1.1876826262122169,-0.3424952276108681,-0.3695542812347412,-0.24669334292411804,6.112901381264395,0.4121320301129649,0.5866265464014128,-1.323275089263916,-0.027109506320673875,20000009
9,1.2808821626525666,-0.688836793904393,-0.5704156160354614,-0.00665750727057457,5.841149597804547,0.4421941542163977,0.554318383108928,-10.04306411743164,0.2617517834598482,20000009
10,1.4356301676067718,-0.8802863763058733,-0.6144037246704102,0.050887905061244965,5.6075265424072045,0.5677498900277765,0.4310241151088585,-2.199406862258911,0.2236230553973424,20000009
11,1.5277144359319825,-0.8134886572642682,-0.6029872894287109,0.02048894390463829,5.566363767826842,0.6407482158507132,0.3563264223950982,0.5708199143409729,0.031162774580362436,20000009
12,1.5767813335519085,-0.9564885901076122,-0.692424476146698,0.1268935352563858,5.447506597979366,0.867805639761184,0.034830811323716404,-4.471858501434326,0.10885716984747586,20000009
13,1.692190786038946,-1.2544925607609885,-0.8480721116065979,0.3190852999687195,5.193843989682093,0.6999552384462437,0.2944706408854111,-7.782382011413574,0.24366260829727326,20000009
14,1.858723663264596,-1.604475322497516,-0.8383106589317322,0.354047566652298,4.878329134813131,0.5214061245098196,0.4701238006443175,0.48807308077812195,0.3055148548689617,20000009
15,2.0067476032199743,-1.524443072772914,-0.7645730376243591,0.2511112093925476,4.786625076277489,0.5801588367068209,-0.0340042274580567,3.6868820190429688,0.08170405853564212,20000009
16,2.1596441245693927,-1.7096287998249915,-0.8711608052253723,0.376590758562088,4.5632965502570455,0.5690721020182209,-0.4273770269533742,-5.3293867111206055,0.2133285260204436,20000009
17,2.1749126428684016,-1.9195184199136712,-0.9327089786529541,0.47800159454345703,4.453770939647048,0.8273427780293561,0.08814640910448646,-3.077411651611328,0.09952561060999777,20000009
18,2.3332370586686824,-2.208183491690387,-0.9069578051567078,0.4975739121437073,4.189054273153645,0.6434183901314621,0.3512792137907448,1.2875592708587646,0.25471666649340263,20000009
19,2.49402815287775,-2.1944712893155227,-0.8222331404685974,0.3939286470413208,4.04773251810183,0.8197264549109777,-0.05726929803080422,4.236232280731201,0.13132175505181531,20000009
20,2.7891871291278556,-2.4399728429550636,-0.8704406023025513,0.4695238769054413,3.6786505313303026,0.5939472381736751,-0.40477534630855094,-2.4103715419769287,0.35908198677152714,20000009
21,2.731626972950239,-2.609284955844791,-0.9654229879379272,0.6131232976913452,3.6699064810196265,0.681083004594184,-0.19726704858133026,-4.749118328094482,-0.0012559496893238455,20000009
22,2.8739007755518684,-2.9208523432386735,-0.9253774881362915,0.6439268589019775,3.4374861201301283,0.561054637017462,0.42701068619214266,2.002274751663208,0.22242036088949813,20000009
23,3.073946869577747,-2.914657658279207,-0.8147642016410828,0.5143712162971497,3.247614324097787,0.7699107758282708,-0.14184295912789452,5.530664920806885,0.1798717960323415,20000009
24,3.394128691419045,-3.1010652951313378,-0.8348711133003235,0.5633344054222107,2.887815192383012,0.56610321766357,-0.43302393342299283,-1.0053446292877197,0.34979913171477484,20000009
25,3.4376518974873833,-3.2375966980713984,-0.8449259996414185,0.6160277724266052,2.8118229179416536,0.32393752100206297,-0.6203989971151611,-0.5027449131011963,0.06599227444135837,20000009
26,3.4550696889052843,-3.3249350784341694,-0.7374945878982544,0.5378157496452332,2.776227003795093,0.6896594280013657,-0.1588355455781682,5.371569633483887,0.02559591414656049,20000009
27,3.7971818836433338,-3.4618388023960476,-0.6378792524337769,0.46567100286483765,2.4146680249636265,0.6155919690301881,-0.38215920076343624,4.9807658195495605,0.3515589788314666,20000009
28,3.9261816530584186,-3.560125133416658,-0.5728794932365417,0.4335682988166809,2.271963403965401,0.5719754965086723,-0.42774821010478087,3.2499876022338867,0.13270462099822544,20000009
29,4.348329845418353,-3.680462413729659,-0.5858764052391052,0.47951194643974304,1.8381924548348216,0.6302467560179689,-0.369318937476267,-0.6498451232910156,0.42377094913057944,20000009
30,4.298879565984414,-3.8015233227317666,-0.5369227528572083,0.49747657775878906,1.8787158869290885,0.26945337671268776,-0.6648959619861639,2.4476823806762695,-0.0505234320942669,20000009
31,4.343589036722868,-3.7638260812154525,-0.45540717244148254,0.39448216557502747,1.83595130594929,0.40910064138737673,-0.5762849822909796,4.075778007507324,0.032764580979798515,20000009
32,4.450668008757738,-3.6847990293280573,-0.4117774963378906,0.30163851380348206,1.7359846159309522,0.532472131627581,-0.46699566281592575,2.181485414505005,0.0899666900183378,20000009
33,5.076545803178635,-3.686892304697375,-0.15018315613269806,-0.01978873647749424,1.115665467488628,0.6173397022527574,-0.3822433167163083,13.079717636108398,0.6103191484423243,20000009
34,5.07703648532066,-3.8589366001232595,-0.2661169469356537,0.25094592571258545,1.0992240101644277,0.8956426730010683,-0.09625692809757697,-5.796689033508301,0.006441457324200215,20000009
35,5.4019082402232215,-3.8883963429706054,-0.14790798723697662,0.1644185334444046,0.7743312975567895,0.7073918445086307,0.2901926413241621,5.9104461669921875,10.314892712607639,20000009
1,0.6917808046708851,-0.006505156033683557,0.02346799522638321,-2.441985607147217,8.40814060772262,-0.43311752171078416,0.3132203687833613,1.1732754707336426,-0.1092761590148401,20000010
2,0.7364615885783311,-0.06910349483777271,-0.002765130251646042,-2.424859046936035,8.400568536192232,0.27440509958619586,0.4257548237268487,-1.3116562366485596,-0.002427928469611587,20000010
3,0.8641797287896023,-0.0019606298187664403,-0.016792621463537216,-2.414682388305664,8.541124999412538,0.21277856885346305,0.6869729487047183,-0.7013746500015259,-0.1505564632203067,20000010
4,0.9264090633260642,0.13717137945504554,-0.023406026884913445,-2.400587558746338,8.679258839513835,0.1822654079754537,0.7076061840865442,-0.33067023754119873,-0.14813384010129682,20000010
5,1.0547534163777321,0.17408115653460132,-0.02380998805165291,-2.406613826751709,8.800404752646442,0.2439792450032356,0.6213074722764671,-0.020198144018650055,-0.13114591313260626,20000010
6,1.1205159103564555,-0.025390879621469797,-0.14820536971092224,-2.3044674396514893,8.72218578664925,0.25989063168904347,0.6008555701028615,-6.219769477844238,0.06821896599719125,20000010
7,1.3029975565920635,-0.05032170764660197,-0.21782034635543823,-2.250138521194458,8.848234530670844,0.20386351173694783,0.7906471153968004,-3.480748414993286,-0.13604874402159362,20000010
8,1.537835493842758,0.18639439957994847,-0.1634579449892044,-2.3003058433532715,9.179525872231926,0.17897007793722858,0.8102747586504622,2.7181191444396973,-0.3412913415610819,20000010
9,1.6133384249353715,0.23282102063755097,-0.3582383096218109,-2.1067323684692383,9.267458867361919,0.4422938930280042,0.3200224288248627,-9.739017486572266,-0.09793299512999297,20000010
10,1.735892505472153,0.0037674724341013465,-0.4216141402721405,-2.0710437297821045,9.22312345788103,0.5212530272250593,0.4415549123004963,-3.168790817260742,0.03433540948088854,20000010
11,1.8881355619615376,-0.07953848446214527,-0.5082969665527344,-2.0013999938964844,9.295424159298399,0.20469998419488322,0.7912544537443051,-4.334143161773682,-0.08230070141736888,20000010
12,2.3594275060329735,0.02228669028005636,-0.4719133973121643,-2.0579349994659424,9.7378367064155,0.18589092329348278,0.8102060486279102,1.8191789388656616,-0.452412547117101,20000010
13,2.5475096085176565,-0.02852396824922717,-0.5415835380554199,-2.0034332275390625,9.863763975334034,0.21096618627175803,0.585515956259008,-3.4835076332092285,-0.13592726891853446,20000010
14,2.678851637612991,-0.354377729544031,-0.6431150436401367,-1.9369617700576782,9.79536926649066,0.24042768379148693,0.7125527316692566,-5.076574325561523,0.05839470884337473,20000010
15,2.7720411709578725,-0.4893036949737642,-0.6912455558776855,-1.9055428504943848,9.803774383038537,0.1451494317141533,0.8516392031207262,-2.4065234661102295,-0.018405116547876903,20000010
16,2.9977193268535864,-0.4051013552817145,-0.7594617009162903,-1.8418030738830566,10.040519348690966,0.16335088212327703,0.8341845070214349,-3.4108080863952637,-0.24674496565242898,20000010
17,3.412306006865344,-0.32438010938945644,-0.7197346687316895,-1.8953303098678589,10.438562397648548,0.23890390279012208,0.7512474960230558,1.986352801322937,-0.40804304895758237,20000010
18,3.5644073223876607,-0.786069389215713,-0.9265083074569702,-1.7345283031463623,10.34898178095399,0.29777022848122947,0.5344380661220325,-10.33868408203125,0.0795806166945583,20000010
19,3.6314924931800205,-0.9522067260240997,-0.9920026063919067,-1.6862930059432983,10.333207020725418,0.20484896655872065,0.6661673183858436,-3.274712562561035,0.005774760228572049,20000010
20,3.751120325595017,-0.9020823706814048,-1.0567502975463867,-1.622369408607483,10.462628282493867,0.24441162755783002,0.7445361998883946,-3.23738431930542,-0.13942126176844938,20000010
21,4.379258113827495,-0.9731143970045725,-0.9268267154693604,-1.7835588455200195,10.998464934773942,0.38154963849285983,0.6144007500741885,6.496176719665527,-0.545836652280075,20000010
22,4.640216366410917,-1.2822724234594147,-0.9145526885986328,-1.8309273719787598,11.113160421576376,0.5660355230849872,-0.279658763517191,0.6137016415596008,-0.12469548680243413,20000010
23,4.49429765408863,-1.3173929062373813,-0.9919304847717285,-1.7513700723648071,10.965015845606962,0.1672637710927577,0.36979073756203473,-3.8688883781433105,0.13814457596941465,20000010
24,4.452574760696175,-1.6837560037292139,-1.1408754587173462,-1.632227897644043,10.789258051857892,0.22377445196799717,0.7715511321420722,-7.447251319885254,0.16575779374906907,20000010
25,4.5392079578352496,-1.8695581435761988,-1.1314353942871094,-1.6605987548828125,10.805084708721521,0.1887432562012819,0.8062823761715758,0.4720057249069214,-0.025826656863628943,20000010
26,4.720474195319733,-1.7655416304135418,-1.121317744255066,-1.667479157447815,11.011070280608143,0.20479926884260274,0.7821346623357819,0.5058819055557251,-0.2159855718866217,20000010
27,4.398764861168061,-1.7796782483813396,-1.3035109043121338,-1.476141095161438,10.7047379869918,0.4176030015557298,0.5606515250177188,-9.109659194946289,0.29633229361634306,20000010
28,4.3154490575441455,-1.8982901054233976,-1.1597087383270264,-1.6276358366012573,10.58513403448463,0.5192376247777128,0.47485457050448304,7.190110206604004,0.10960395250716971,20000010
29,4.0780373339513964,-2.2737138003898725,-1.4700382947921753,-1.3436636924743652,10.2357901165038,0.6723854371744913,0.08279113402307353,-15.5164794921875,0.3393439179808302,20000010
30,4.280104542582227,-2.4792186705098755,-1.4620578289031982,-1.3766977787017822,10.364162277301,0.6399248386760651,0.15004999772014257,0.39902448654174805,-0.13837216079720016,20000010
31,4.1291539609889805,-2.9521342271304305,-1.658124566078186,-1.2209281921386719,10.087232528655912,0.37214994344014135,0.5287555292587701,-9.803339004516602,0.2669297486450881,20000010
32,4.13602272679684,-3.1886842986613533,-1.722214937210083,-1.1797820329666138,10.035114377589293,0.29115309658617267,0.6221350212493362,-3.2045154571533203,0.04211815106661888,20000010
33,4.21227204357297,-3.2673543959548534,-1.775306224822998,-1.1360573768615723,10.090959019878111,0.2811069240921303,0.7074741968364173,-2.6545655727386475,-0.06584464228881813,20000010
34,4.373892231010606,-3.281025523307091,-1.7680426836013794,-1.1482200622558594,10.2453179097327,0.4231426390020194,0.5746316757746098,0.36317697167396545,-0.16435888985458846,20000010
35,4.268998447591068,-3.3662854946427117,-1.831078290939331,-1.0910780429840088,10.12420216192527,0.6758689751601683,0.3207726305166309,-3.151780128479004,0.11111574780742985,20000010
36,4.061029742688277,-3.3664802972616727,-1.9562907218933105,-0.9613217711448669,9.92128049767522,0.5244344818483269,0.4746025927300643,-6.260623931884766,0.19292166425005042,20000010
37,4.128754076952365,-3.488756293008644,-1.9523029327392578,-0.9787889719009399,9.961059082866772,0.43182360445343565,0.5672643005533182,0.19939322769641876,-0.0497785851915522,20000010
38,4.141200831011893,-3.7138203118676034,-1.9427249431610107,-1.0107983350753784,9.928701842286774,0.6023343843294297,0.392452259311057,0.4788975119590759,0.02235724057999789,20000010
39,4.068922484791956,-3.962446699028745,-2.007535696029663,-0.9695000648498535,9.813926765135365,0.6879315246751079,0.3032707632741746,-3.2405409812927246,0.10477507715140867,20000010
40,3.7391760381170216,-4.117568047943347,-2.194432258605957,-0.79306560754776,9.463741536681498,0.46189519161267834,0.5309844613123614,-9.344825744628906,0.3401852284538671,20000010
41,3.679776757572857,-4.316244683075013,-2.2264597415924072,-0.7810050845146179,9.37642108715182,0.27536598221283853,0.6989623229524857,-1.6013703346252441,0.07732044952967755,20000010
42,3.7964178298265714,-4.423612412729443,-2.1829795837402344,-0.8373569250106812,9.478441861419748,0.2876102701472496,0.7003266697357396,2.173999786376953,-0.11202077426792754,20000010
43,3.839392997369959,-4.5403039966614775,-2.1634316444396973,-0.8696351647377014,9.507756968616254,0.9098068835416453,0.07545241829892285,0.9774012565612793,-0.03931510719650632,20000010
44,3.5657339133100994,-4.522826488373991,-2.3437843322753906,-0.6841930150985718,9.237720545129138,0.9701094372258781,0.02314477370962198,-9.017629623413086,0.26003642348711664,20000010
45,3.162862287690094,-4.657858201483433,-2.3900766372680664,-0.6479304432868958,8.822581414169406,0.6124185115822326,0.3784918349664268,-2.3146209716796875,0.40513913095973186,20000010
46,3.0924320335793016,-4.817155594419348,-2.3502392768859863,-0.7050691246986389,8.737364943082039,0.19398698601235081,0.7881306612032819,1.991865873336792,0.0752164710873673,20000010
47,3.1493756480899595,-4.861676708375248,-2.4174556732177734,-0.6434569358825684,8.790398053951613,0.8443084038385371,0.1463689441948796,-3.3608179092407227,-0.06303311086957407,20000010
48,2.895112798061303,-5.0182320472386825,-2.4532482624053955,-0.6235650181770325,8.525422828959291,0.8196964009617123,0.17689873017063057,-1.7896342277526855,0.2549752249923214,20000010
49,2.7678368878847293,-4.903602779854495,-2.6002025604248047,-0.4620234966278076,8.406728711164956,0.43422867152986505,0.5587059754256148,-7.347703456878662,0.1086941177943357,20000010
50,2.539626776149806,-5.033242162721271,-2.658115863800049,-0.4177142083644867,8.169714704324932,0.5475870497105467,0.449730411043076,-2.895669460296631,0.22701400684002393,20000010
51,2.4166480248458595,-5.1346837219942705,-2.6463897228240967,-0.44102391600608826,8.040874988163486,0.40582266091164343,0.5826628055422219,0.5863034725189209,0.11883971616144585,20000010
52,2.3094481726419733,-5.2355808105848185,-2.74662709236145,-0.35276123881340027,7.928937074405219,0.8664490165004062,0.12252603633986225,-5.011866569519043,0.10193791375826657,20000010
53,2.1075415061772813,-5.174357284693559,-2.868204116821289,-0.22216901183128357,7.730107457586721,0.7198593192146143,0.26417286851615873,-6.078848838806152,0.1888296168184984,20000010
54,1.6593810245867981,-5.054194446311704,-2.900066614151001,-0.17069648206233978,7.29008837534206,0.5143881009937854,0.47450855155197513,-1.593124508857727,0.43001908224466123,20000010
55,1.5458742449897158,-5.217988534107882,-2.8727774620056152,-0.21966315805912018,7.166958309244187,0.33852236207706643,0.5971111603153165,1.3644523620605469,0.1131300660978727,20000010
56,1.4209581779338456,-5.30269535653733,-3.0004842281341553,-0.10310505330562592,7.038468676589644,0.8992859711182137,0.06142952340389779,-6.3853325843811035,0.11848963265454306,20000010
57,0.9182340600167022,-5.310001135709447,-3.0654821395874023,-0.03630174696445465,6.535840621541217,0.7889602025413891,0.16762843493675494,-3.2498927116394043,0.49262805504842677,20000010
58,0.6334875918968891,-5.048561808150507,3.0576367378234863,0.16726596653461456,6.267653985099021,0.32025877173242445,0.5747760621164288,-8.003324508666992,0.25818663644219586,20000010
59,0.39733471579666085,-5.028371196262432,3.0824203491210938,0.14907357096672058,6.034131361307191,0.5049146559501456,0.4675823798909833,1.2391784191131592,0.2235226237918304,20000010
60,0.2141637990193363,-5.146615159349434,3.0136399269104004,0.2005094289779663,5.841962903328387,0.8166363958525265,-0.07530330162717447,-3.4390218257904053,0.18216845797880388,20000010
61,0.06517524590771781,-4.984446471006934,2.9069414138793945,0.3374420702457428,5.707730998983204,0.9374634613755006,-0.01330928016579952,-5.334919452667236,0.12423190434518251,20000010
62,-0.18901284282032338,-4.720782831659099,2.8607559204101562,0.4361800253391266,5.48951771509895,0.8670420848766827,0.10947909389898142,-2.309281587600708,0.2082132838842543,20000010
63,-0.4392445099686553,-4.737315183333603,2.9309768676757812,0.3702305853366852,5.239789149376165,0.7841924755314664,0.11652645592219496,3.5110535621643066,0.23972856572278523,20000010
64,-0.7251760608017407,-4.875803020974868,2.94838547706604,0.3343290090560913,4.9363252805485285,0.6105776773485794,-0.37552610555352445,0.8704306483268738,0.2934638688276363,20000010
65,-0.9736933167244334,-4.802287114482776,2.907604217529297,0.3980266749858856,4.701853444254863,0.6783838848798842,-0.3173344865730896,-2.0390639305114746,0.22447183629366552,20000010
66,-1.1607395392595643,-4.601227369149279,2.8979439735412598,0.45795199275016785,4.5559061276974475,0.9143354483213864,-0.07327702007770825,-0.4830187261104584,0.13594731655741543,20000010
67,-1.4284701249242069,-4.569332558549621,2.9788711071014404,0.3975057601928711,4.301985138870956,0.9027978753903205,-0.07848436232958717,4.046358108520508,0.2439209888264917,20000010
68,-1.6307135753549173,-4.746095873136507,3.049278736114502,0.2963843047618866,4.06608701505165,0.5811341088083553,-0.41449818325124343,3.5203857421875,0.22589812381930563,20000010
69,-2.0665743872418076,-4.734384751652487,3.05481219291687,0.3182487487792969,3.643010965830207,0.5164115472086179,-0.4830327062308059,0.2766724228858948,0.41307604922144336,20000010
70,-2.158341651083008,-4.621044820005133,3.023808479309082,0.3859345614910126,3.582101764036101,0.6674101410695985,-0.3253077695617711,-1.5501885414123535,0.05090920179410597,20000010
71,-2.441729971520874,-4.591974321303581,3.1396398544311523,0.30118420720100403,3.3181457736436855,0.9478509297476037,-0.04198428095281109,5.791570663452148,0.25395599039241534,20000010
72,-2.5264852784863563,-4.7810172555486234,-3.034402847290039,0.14315368235111237,3.1852351843678592,0.6631194053675542,-0.329127468494592,5.457124710083008,0.12291058927582622,20000010
73,-3.0112117933484233,-4.928498221200186,-3.0415337085723877,0.14177466928958893,2.6791794178625796,0.6944117942472535,-0.3047908074268769,-0.35654088854789734,0.4960557665052796,20000010
74,-3.124952564702497,-4.787168621385572,-3.108516216278076,0.2718624174594879,2.6077852658924208,0.6940540797003344,-0.29038632391790264,-3.3491201400756836,0.06139415197015886,20000010
75,-3.4418772521618686,-4.755713674378467,-2.9958057403564453,0.21316400170326233,2.3183064578994697,0.9389940417840033,0.021576512638274092,5.635524749755859,0.2794788079929511,20000010
76,-3.5114714499771895,-4.989064182076745,-2.855560064315796,-0.01621132157742977,2.179826219058911,0.72640736259632,-0.23533308254804639,7.0122785568237305,0.1284802388405588,20000010
77,-3.9142811209235067,-5.243171453300506,-2.875272274017334,-0.07611702382564545,1.7293344149227559,0.7908985098854809,-0.2068993551344367,-0.985614001750946,0.44049180413615496,20000010
78,-4.137011562814631,-5.094799186227186,-2.9641270637512207,0.1341937929391861,1.5500908823119632,0.8213272520547124,-0.13244630865629176,-4.442732334136963,0.1692435326107926,20000010
79,-4.482197979720301,-4.974878733060434,-2.93029522895813,0.27344366908073425,1.277391564188885,0.8461397409410336,0.11369337006499858,1.6915910243988037,0.2626993181230781,20000010
80,-4.58971927610839,-5.254308518984435,-2.7858221530914307,-0.05626373365521431,1.0703592239526343,0.8241858857936686,-0.07816071835720712,7.223647117614746,0.19703234023625082,20000010
81,-4.87032094825587,-5.580352720590489,-2.7795352935791016,-0.3758494257926941,0.7421780641461462,0.8349025620708916,-0.16097321300772188,0.3143440783023834,10.318181159806489,20000010
1,0.5689824563566921,-0.02124478475419034,-0.00879489816725254,-0.10320678353309631,7.1360703182559515,-0.22612210129726146,0.2708308847189038,-0.43986913561820984,0.008391347476255149,20000011
2,0.5757777661551587,0.0024201178571288586,0.00909971259534359,-0.12450523674488068,7.132003872245771,0.5655250856914205,0.3747476733660036,0.8947305679321289,-0.005933553989819309,20000011
3,0.7198174936775862,0.04914645756882102,0.0004786259960383177,-0.12489145249128342,6.994586527681446,0.8569136478712893,-0.013535081686026629,-0.43105432391166687,0.12741734456432474,20000011
4,0.999849003011841,-0.010632638589660504,-0.05183643847703934,-0.0689147338271141,6.709346329104304,0.7153140205526162,0.20023558674531206,-2.615753412246704,0.2752401985771422,20000011
5,0.8874889239667839,-0.1067509046833261,-0.10957587510347366,0.004823940806090832,6.810181643220913,0.4692125727591134,0.5198944175541799,-2.8869717121124268,-0.11083531411660917,20000011
6,0.8286151904767888,0.060498444251054696,-0.06733290106058121,-0.06067530810832977,6.88808297316525,0.39212487771715465,0.6048763329984991,2.1121487617492676,-0.0879013299443374,20000011
7,0.979649729088884,0.07614030965017222,-0.11284804344177246,-0.020322339609265327,6.740370811367296,0.8264849327369387,-0.14126546142739538,-2.275757074356079,0.13771216179795398,20000011
8,1.1271829285745247,-0.10876908388502612,-0.2105788290500641,0.10231855511665344,6.5716309351226485,0.8267799565033122,0.13324943500709874,-4.886539459228516,0.15873987624464792,20000011
9,1.074350385940855,-0.20013684032144893,-0.24276667833328247,0.14910125732421875,6.614986502785832,0.4653892156821023,0.532045491807898,-1.6093922853469849,-0.05335556766318316,20000011
10,1.2391178449580633,-0.34905051447280483,-0.2192389965057373,0.14620918035507202,6.438384383779079,0.5750847479515314,0.420595967986894,1.1763839721679688,0.1666021190067528,20000011
11,1.5957621976848273,-0.4385164897742172,-0.21884916722774506,0.15622110664844513,6.076491510385244,0.751120947028998,-0.049961539733645255,0.019490856677293777,0.3518928733938347,20000011
12,1.817532421535411,-0.4583139397004143,-0.29346558451652527,0.23184175789356232,5.853919952378574,0.6171597988653934,-0.07652566162692381,-3.730821132659912,0.2125715580066705,20000011
13,1.9313385587073097,-0.5513536652258509,-0.3441009521484375,0.2974472641944885,5.7352426388232,0.5408400189691907,0.4144795676659326,-2.531766414642334,0.10867731355537359,20000011
14,2.170054822126937,-0.8333045607242894,-0.38440370559692383,0.3870407044887543,5.490305034509019,0.5184044359560577,0.4728167049249712,-2.01513934135437,0.2349376043141811,20000011
15,2.3015236517377358,-0.6997570090085147,-0.31044721603393555,0.2882314920425415,5.36013978075005,0.6417031987120073,0.3453430620215753,3.697824478149414,0.12016525375896926,20000011
16,2.5227768269837547,-0.7169536883503358,-0.3778644800186157,0.3580380082130432,5.1385738635854725,0.7780279687832654,-0.21203153904842548,-3.3708629608154297,0.21156591716457718,20000011
17,2.6049306616903225,-0.9513655073145215,-0.503008246421814,0.5292195081710815,5.057147207488818,0.8293370785676447,0.07376233881619576,-6.257187843322754,0.07142665609665479,20000011
18,2.7972585706135393,-1.278227939231487,-0.5198563933372498,0.6140438914299011,4.884733152023364,0.5169860286006531,0.4788396121988656,-0.8424055576324463,0.1624140554654534,20000011
19,3.014893186190196,-1.2146433855578127,-0.4491426348686218,0.5341426134109497,4.662279924198736,0.6443207486967533,0.1936473325301543,3.5356855392456055,0.21245322782462828,20000011
20,3.2825588562251333,-1.1681114768604277,-0.4610888957977295,0.5407060384750366,4.391693788160073,0.6120009203161842,-0.3826566398240662,-0.5973120927810669,0.26058613603866276,20000011
21,3.3782682905072354,-1.3255051127916695,-0.48272213339805603,0.6004999876022339,4.311944773259676,0.4442026708418707,-0.5098457668654444,-1.0816614627838135,0.06974901490039699,20000011
22,3.4253195234583527,-1.4180647103590271,-0.43239790201187134,0.5729606747627258,4.2772059979179895,0.7079821243537209,-0.0839407595666396,2.51621150970459,0.024738775341686788,20000011
23,3.845775947835505,-1.5866208302085665,-0.391390860080719,0.5900164842605591,3.891068312512998,0.6352105490364411,-0.35255966296397423,2.050351858139038,0.3761376854049916,20000011
24,4.078200209756814,-1.4872136818698236,-0.24871325492858887,0.43318071961402893,3.643963796869629,0.3602933819336488,-0.6311147042939447,7.133879661560059,0.2371045156433691,20000011
25,4.402641247809338,-1.4428247932147893,-0.20578274130821228,0.3950360417366028,3.3169232429348727,0.5182897404340163,-0.48107707555058177,2.1465260982513428,0.31704055393475605,20000011
26,4.430349666863578,-1.577446148185063,-0.19516688585281372,0.4258531630039215,3.317882758599156,0.631413642019119,-0.3673860713657392,0.5307923555374146,-0.010959515664283206,20000011
27,4.550587016186761,-1.5333260120277068,-0.06462810933589935,0.290469229221344,3.190780105531755,0.6559979087047084,-0.33156646691213965,6.5269389152526855,0.11710265306740088,20000011
28,4.794143566432898,-1.4032179115739272,0.039646945893764496,0.16148695349693298,2.925166576614875,0.621584341492056,-0.3769267272043467,5.213752746582031,0.25561352891688016,20000011
29,5.125474321173189,-1.3111657514666621,0.07358227670192719,0.11825603991746902,2.5822365610020013,0.6809208388634195,-0.31879243087790454,1.6967668533325195,0.3329300156128736,20000011
30,5.213432033185779,-1.3973254113324847,0.05568261444568634,0.17647482454776764,2.514363364789642,0.6996036379392181,-0.29687037578792863,-0.8949834108352661,0.05787319621235932,20000011
31,5.479572465551675,-1.3743268314938624,0.18006090819835663,0.06936153024435043,2.25040680750764,0.8704963423040328,0.028006547696158568,6.2189154624938965,0.2539565572820017,20000011
32,5.549663249362007,-1.169574654106324,0.28023600578308105,-0.11556290835142136,2.1396223319528778,0.7037062348777163,-0.285173575535217,5.008753776550293,0.10078447555476246,20000011
33,5.9560815333236565,-0.9453395990665036,0.2905957102775574,-0.2164982408285141,1.7089485231830401,0.6856980232741747,-0.31390361498906594,0.5179857611656189,0.4206738087698376,20000011
34,6.077265297417861,-1.073764526120999,0.1987960785627365,-0.039127349853515625,1.6034716233258293,0.7987196474752432,-0.09717383710269228,-4.589980602264404,0.09547689985721088,20000011
35,6.021157485993904,-0.8511289941674849,0.15138906240463257,-0.131685271859169,1.6395015309056462,0.4804111888905659,0.5128353258806704,-2.370351552963257,-0.046029907579816946,20000011
36,5.895945662445311,-0.6848577004975765,0.14649775624275208,-0.22228147089481354,1.7694738698501766,0.4684996059946318,0.524706538993593,-0.24456536769866943,-0.13997233894453043,20000011
37,5.968678393322975,-0.6792612481805006,0.13284647464752197,-0.215161994099617,1.6974098208405872,0.7845719263326482,0.1787213023279155,-0.682564377784729,0.0620640490095894,20000011
38,6.086973819234848,-0.9382636107614283,-0.02211354486644268,0.09787990897893906,1.5778937648964988,0.6687153843641547,0.2958125145103325,-7.748000621795654,0.10951605594408843,20000011
39,6.45782658178667,-1.1629158080688566,-0.07475458085536957,0.3534490764141083,1.2507748363571478,0.5294526158177237,0.46854113980785406,-2.632051706314087,0.317118928539351,20000011
40,6.625974688365547,-1.0590296883120296,-0.03857213631272316,0.2667502462863922,1.0618901395013485,0.5094650037847257,0.4775087109024717,1.809122085571289,0.17888469685579933,20000011
41,6.820706813246467,-0.9497814917577503,-0.08464094996452332,0.239360973238945,0.8497848778095469,0.7930919806704013,-0.15214910955206323,-2.303440570831299,10.202105261691802,20000011
