generation,candidate,sign,success,steps_to_target,time_to_target,distance_traveled,collision_ticks,collision_onsets,reward,initial_distance,final_distance,flipped,ticks,seed
0,0,1,False,,,60.90386998631257,0,0,-49.18783769217623,7.615114941723648,55.30295263389991,False,150,0
0,0,1,False,,,57.80112093105521,0,0,-40.06307362545339,10.152347547978732,48.715421173432105,False,150,1
0,0,-1,False,,,61.09628746274677,0,0,-49.40978426303269,7.615114941723648,55.52489920475637,False,150,0
0,0,-1,False,,,60.63283434786406,0,0,-45.38320207053878,10.152347547978732,54.03554961851752,False,150,1
0,1,1,False,,,60.9736474273081,0,0,-48.91035214007078,7.615114941723648,55.02546708179446,False,150,0
0,1,1,False,,,59.67374685022107,0,0,-42.160326138621656,10.152347547978732,50.812673686600384,False,150,1
0,1,-1,False,,,61.03989762887198,0,0,-49.376472097869325,7.615114941723648,55.49158703959301,False,150,0
0,1,-1,False,,,58.77787305459569,0,0,-41.58445896392147,10.152347547978732,50.23680651190019,False,150,1
0,2,1,False,,,61.046231821517544,0,0,-49.26595611035338,7.615114941723648,55.38107105207706,False,150,0
0,2,1,False,,,57.575875472932054,0,0,-34.074578325805376,10.152347547978732,42.72692587378405,False,150,1
0,2,-1,False,,,40.12138774450168,0,0,-12.508685751066844,7.615114941723648,18.62380069279052,False,150,0
0,2,-1,False,,,58.65207146219647,0,0,-41.91959963282789,10.152347547978732,50.57194718080661,False,150,1
0,3,1,False,,,61.1015172131346,0,0,-49.361986521253655,7.615114941723648,55.47710146297734,False,150,0
0,3,1,False,,,59.423273844174474,0,0,-42.286493629454576,10.152347547978732,50.938841177433304,False,150,1
0,3,-1,False,,,60.870085989260716,0,0,-49.13531438673887,7.615114941723648,55.25042932846255,False,150,0
0,3,-1,False,,,60.368765007471325,0,0,-44.64287139499244,10.152347547978732,53.295218942971175,False,150,1
0,4,1,False,,,61.091251020833155,0,0,-49.424607251706135,7.615114941723648,55.53972219342982,False,150,0
0,4,1,False,,,60.65945563096441,0,0,-45.689441754413316,10.152347547978732,54.34178930239206,False,150,1
0,4,-1,False,,,61.00871323908236,0,0,-49.04139313416846,7.615114941723648,55.15650807589214,False,150,0
0,4,-1,False,,,59.06126570531652,0,0,-42.49992817147014,10.152347547978732,51.152275719448866,False,150,1
0,5,1,False,,,60.887197877428235,0,0,-49.05364748642568,7.615114941723648,55.168762428149364,False,150,0
0,5,1,False,,,41.05338241689484,0,0,-13.615227280629991,10.152347547978732,22.267574828608737,False,150,1
0,5,-1,False,,,61.04095324317624,0,0,-49.338197223914456,7.615114941723648,55.45331216563814,False,150,0
0,5,-1,False,,,60.593124745103545,0,0,-46.122685739790775,10.152347547978732,54.775033287769524,False,150,1
0,6,1,False,,,61.02583217137208,0,0,-49.39747708145999,7.615114941723648,55.51259202318367,False,150,0
0,6,1,False,,,60.81851988992319,0,0,-46.08918274909419,10.152347547978732,54.74153029707294,False,150,1
0,6,-1,False,,,60.68173296196163,0,0,-48.73285421981518,7.615114941723648,54.84796916153886,False,150,0
0,6,-1,False,,,58.14505980240232,0,0,-41.526093596989156,10.152347547978732,50.17844114496788,False,150,1
0,7,1,False,,,61.08443501956716,0,0,-49.40684998341918,7.615114941723648,55.52196492514286,False,150,0
0,7,1,False,,,60.713148305249156,0,0,-46.034390638571885,10.152347547978732,54.686738186550635,False,150,1
0,7,-1,False,,,60.99102241108633,0,0,-48.943506572570634,7.615114941723648,55.058621514294316,False,150,0
0,7,-1,False,,,55.615739312972075,0,0,-32.639148520188165,10.152347547978732,41.29149606816682,False,150,1
1,0,1,True,122,2.44,11.92344961964256,0,0,15.665476134584399,7.872305478935019,0.986829344350626,False,122,1000
1,0,1,False,,,25.45370758255478,0,0,-3.9116088483345584,6.294548299982861,8.70615714831742,False,150,1001
1,0,-1,False,,,45.740683896097664,0,0,-17.33754178119887,7.872305478935019,23.7098472601339,False,150,1000
1,0,-1,False,,,60.43296509699501,0,0,-44.207534323006314,6.294548299982861,49.00208262298918,False,150,1001
1,1,1,False,,,54.682174878722655,0,0,-34.92972903127803,7.872305478935019,41.302034510213,False,150,1000
1,1,1,False,,,57.73682454614877,0,0,-39.142572743336295,6.294548299982861,43.93712104331913,False,150,1001
1,1,-1,False,,,3.377889227261921,0,0,-0.5496181668025465,7.872305478935019,6.921923645737564,False,150,1000
1,1,-1,False,,,10.081456808716048,0,0,-0.5824022926529757,6.294548299982861,5.376950592635835,False,150,1001
1,2,1,False,,,51.757911502431135,0,0,-26.24302383112529,7.872305478935019,32.61532931006027,False,150,1000
1,2,1,False,,,60.23269218988229,0,0,-44.12469422274642,6.294548299982861,48.919242522729284,False,150,1001
1,2,-1,False,,,10.221864665365315,0,0,1.9304842683806585,7.872305478935019,4.441821210554359,False,150,1000
1,2,-1,False,,,35.84880155482495,0,0,-2.016092615117983,6.294548299982861,6.810640915100857,False,150,1001
1,3,1,False,,,32.488326984002946,0,0,-5.744590832043322,7.872305478935019,12.11689631097835,False,150,1000
1,3,1,False,,,56.99632170103458,0,0,-35.6578037909092,6.294548299982861,40.45235209089201,False,150,1001
1,3,-1,False,,,37.02167311486494,0,0,1.510768199002906,7.872305478935019,4.861537279932123,False,150,1000
1,3,-1,False,,,43.65030603079774,0,0,-9.673745165573749,6.294548299982861,14.468293465556636,False,150,1001
1,4,1,False,,,35.73769265157945,0,0,-6.8190393108563985,7.872305478935019,13.191344789791435,False,150,1000
1,4,1,False,,,44.07520612016225,0,0,-13.958894097806219,6.294548299982861,18.75344239778903,False,150,1001
1,4,-1,False,,,35.29929939637135,0,0,2.1920637821988285,7.872305478935019,4.1802416967361955,False,150,1000
1,4,-1,False,,,56.2419947270763,0,0,-33.30252571349018,6.294548299982861,38.09707401347298,False,150,1001
1,5,1,False,,,34.21761220072949,0,0,0.9179546950800694,7.872305478935019,5.4543507838549585,False,150,1000
1,5,1,False,,,58.79463199451893,0,0,-42.64998095313667,6.294548299982861,47.444529253119526,False,150,1001
1,5,-1,True,78,1.56,14.045544795901344,0,0,16.207957635829224,7.872305478935019,0.8843478431057957,False,78,1000
1,5,-1,False,,,55.110359616725525,0,0,-31.82032966968678,6.294548299982861,36.614877969669564,False,150,1001
1,6,1,False,,,12.373925861037959,0,0,1.8567816474742158,7.872305478935019,4.515523831460802,False,150,1000
1,6,1,False,,,26.659092280559445,0,0,0.9663233884395843,6.294548299982861,3.828224911543275,False,150,1001
1,6,-1,False,,,54.38866425067812,0,0,-28.979991966989314,7.872305478935019,35.35229744592428,False,150,1000
1,6,-1,False,,,59.60215918634855,0,0,-43.415680008352226,6.294548299982861,48.21022830833508,False,150,1001
1,7,1,False,,,56.79897619161221,0,0,-30.33800548937107,7.872305478935019,36.71031096830603,False,150,1000
1,7,1,False,,,59.881545283639554,0,0,-43.43633613566362,6.294548299982861,48.23088443564648,False,150,1001
1,7,-1,False,,,12.139253759136977,0,0,-0.12849009800898867,7.872305478935019,6.5007955769440064,False,150,1000
1,7,-1,False,,,20.554859817495394,0,0,0.3264376289698716,6.294548299982861,4.4681106710129885,False,150,1001
2,0,1,False,,,60.34767579837411,0,0,-48.227877937078205,9.171104247193439,55.898982184271674,False,150,2000
2,0,1,True,99,1.98,24.88990111252289,0,0,14.288083893864753,6.269351194101572,0.9912673002368202,False,99,2001
2,0,-1,False,,,60.8337932154293,0,0,-48.13358213807947,9.171104247193439,55.80468638527294,False,150,2000
2,0,-1,False,,,4.378596245584145,0,0,0.04446858285701263,6.269351194101572,4.724882611244558,False,150,2001
2,1,1,False,,,60.88580720433187,0,0,-49.12302307790855,9.171104247193439,56.794127325102025,False,150,2000
2,1,1,True,68,1.36,6.254864773936775,0,0,14.59830655786648,6.269351194101572,0.9910446362350973,False,68,2001
2,1,-1,False,,,39.57159862573149,0,0,-10.354904645092743,9.171104247193439,18.026008892286196,False,150,2000
2,1,-1,False,,,25.96050754762068,0,0,0.19486519050402018,6.269351194101572,4.574486003597558,False,150,2001
2,2,1,False,,,60.50557975399756,0,0,-48.758672251686214,9.171104247193439,56.42977649887969,False,150,2000
2,2,1,False,,,2.4888090187057905,0,0,-1.195074146247947,6.269351194101572,5.964425340349518,False,150,2001
2,2,-1,False,,,43.77963853055431,0,0,-1.9233579459088745,9.171104247193439,9.594462193102334,False,150,2000
2,2,-1,False,,,22.31385640999903,0,0,-6.201062089273613,6.269351194101572,10.970413283375207,False,150,2001
2,3,1,False,,,60.75227980747578,0,0,-48.993927716161835,9.171104247193439,56.66503196335531,False,150,2000
2,3,1,True,107,2.14,30.386512395381594,0,0,14.228210713947924,6.269351194101572,0.9711404801536552,False,107,2001
2,3,-1,False,,,35.180697613665004,0,0,-9.226990280311172,9.171104247193439,16.89809452750464,False,150,2000
2,3,-1,False,,,10.466513488625182,0,0,0.016402298871346595,6.269351194101572,4.752948895230224,False,150,2001
2,4,1,False,,,38.54363081821502,0,0,-5.90979072929585,9.171104247193439,13.580894976489299,False,150,2000
2,4,1,False,,,13.350357470368603,0,0,-0.8308413625714617,6.269351194101572,5.600192556673032,False,150,2001
2,4,-1,False,,,60.82949480695555,0,0,-49.088255702216294,9.171104247193439,56.75935994940977,False,150,2000
2,4,-1,True,47,0.9400000000000001,7.008293333815826,0,0,14.86517147340341,6.269351194101572,0.9341797206981647,False,47,2001
2,5,1,False,,,51.62737726821682,0,0,-29.14109099572356,9.171104247193439,36.81219524291692,False,150,2000
2,5,1,True,64,1.28,8.894825797057223,0,0,14.655724184593264,6.269351194101572,0.9736270095083115,False,64,2001
2,5,-1,False,,,61.00803423905136,0,0,-49.224186774319655,9.171104247193439,56.89529102151313,False,150,2000
2,5,-1,False,,,51.436185197544575,0,0,-31.88229956312093,6.269351194101572,36.651650757222434,False,150,2001
2,6,1,False,,,57.37302215964378,0,0,-43.66403367635163,9.171104247193439,51.33513792354507,False,150,2000
2,6,1,False,,,13.563346389820602,0,0,-2.1429837536202863,6.269351194101572,6.91233494772186,False,150,2001
2,6,-1,False,,,60.749254594065164,0,0,-48.952669063620995,9.171104247193439,56.623773310814464,False,150,2000
2,6,-1,True,48,0.96,8.0864734949338,0,0,14.862707685447536,6.269351194101572,0.926643508654037,False,48,2001
2,7,1,False,,,46.20247710025006,0,0,-6.603822909980794,9.171104247193439,14.27492715717426,False,150,2000
2,7,1,False,,,31.95722880701893,0,0,-3.9998115720169647,6.269351194101572,8.769162766118548,False,150,2001
2,7,-1,False,,,60.69654197642859,0,0,-48.98186491711346,9.171104247193439,56.65296916430693,False,150,2000
2,7,-1,False,,,9.717269986233367,0,0,-1.6369031470358826,6.269351194101572,6.406254341137453,False,150,2001
3,0,1,False,,,30.479720136084453,0,0,-2.5309123798225963,6.830979194446965,7.8618915742695625,False,150,3000
3,0,1,False,,,26.143897742874465,0,0,-5.096540412717277,9.485737258288605,13.082277671005906,False,150,3001
3,0,-1,True,138,2.7600000000000002,12.328724856218225,0,0,14.474540832302836,6.830979194446965,0.9764383621441424,False,138,3000
3,0,-1,False,,,33.63268259222184,0,0,-1.4094524767888152,9.485737258288605,9.395189735077444,False,150,3001
3,1,1,False,,,50.36588244391085,0,0,-22.374337069409464,6.830979194446965,27.705316263856403,False,150,3000
3,1,1,False,,,60.154079173203236,0,0,-44.75008366483378,9.485737258288605,52.7358209231224,False,150,3001
3,1,-1,False,,,20.809014910474833,0,0,-3.369854559661359,6.830979194446965,8.70083375410833,False,150,3000
3,1,-1,False,,,10.857506701379435,0,0,-2.4025442106018216,9.485737258288605,10.38828146889043,False,150,3001
3,2,1,False,,,49.2670613938483,0,0,-26.836494703407556,6.830979194446965,32.16747389785448,False,150,3000
3,2,1,False,,,55.301155125852205,0,0,-41.71935420026088,9.485737258288605,49.705091458549475,False,150,3001
3,2,-1,False,,,13.380720106573794,0,0,-4.066018776850042,6.830979194446965,9.396997971297015,False,150,3000
3,2,-1,False,,,15.588173812623083,0,0,-2.1355123204599757,9.485737258288605,10.12124957874858,False,150,3001
3,3,1,True,140,2.8000000000000003,12.78046150956077,0,0,14.431916862709818,6.830979194446965,0.9990623317371548,False,140,3000
3,3,1,False,,,55.263053953598344,0,0,-42.32239595218346,9.485737258288605,50.308133210472064,False,150,3001
3,3,-1,False,,,21.70373769539156,0,0,1.996156810167331,6.830979194446965,3.3348223842796454,False,150,3000
3,3,-1,False,,,37.438125623359305,0,0,-9.66206518482955,9.485737258288605,17.64780244311818,False,150,3001
3,4,1,True,78,1.56,13.710920071947623,0,0,15.153726458249915,6.830979194446965,0.897252736197054,False,78,3000
3,4,1,False,,,36.21204686284177,0,0,-9.352700719378523,9.485737258288605,17.338437977667155,False,150,3001
3,4,-1,False,,,17.110071602224654,0,0,-3.093563398110531,6.830979194446965,8.424542592557506,False,150,3000
3,4,-1,False,,,24.742724129005744,0,0,-8.410873704223613,9.485737258288605,16.396610962512245,False,150,3001
3,5,1,False,,,22.006124440997343,0,0,-0.7202376865034736,6.830979194446965,6.051216880950438,False,150,3000
3,5,1,False,,,26.21995321817734,0,0,-4.878419148509917,9.485737258288605,12.864156406798548,False,150,3001
3,5,-1,False,,,58.23726128719833,0,0,-35.999784656499756,6.830979194446965,41.33076385094668,False,150,3000
3,5,-1,False,,,60.213354851681444,0,0,-45.037010374751816,9.485737258288605,53.02274763304043,False,150,3001
3,6,1,True,53,1.06,10.230782435909468,0,0,15.335102195438525,6.830979194446965,0.9658769990084421,False,53,3000
3,6,1,False,,,56.15808775001898,0,0,-36.648203757341264,9.485737258288605,44.63394101562983,False,150,3001
3,6,-1,False,,,3.868330997503961,0,0,-1.1074992496308411,6.830979194446965,6.438478444077806,False,150,3000
3,6,-1,False,,,19.72182127154644,0,0,-2.899035593343146,9.485737258288605,10.884772851631766,False,150,3001
3,7,1,False,,,54.653706368674875,0,0,-30.33832186867752,6.830979194446965,35.66930106312443,False,150,3000
3,7,1,False,,,60.31347229769837,0,0,-44.33306365441497,9.485737258288605,52.31880091270358,False,150,3001
3,7,-1,False,,,16.193320913119653,0,0,-4.903562674609884,6.830979194446965,10.234541869056866,False,150,3000
3,7,-1,False,,,8.929528727337871,0,0,-2.1495896013187745,9.485737258288605,10.13532685960738,False,150,3001
4,0,1,False,,,37.89039737365514,0,0,-14.156340251672438,9.738796858029003,22.395137109701448,False,150,4000
4,0,1,False,,,17.401475559316435,0,0,0.12050950658347828,8.004257231413446,6.383747724829966,False,150,4001
4,0,-1,False,,,42.54051799228557,0,0,-19.134365206213904,9.738796858029003,27.373162064242898,False,150,4000
4,0,-1,False,,,28.27101409622769,0,0,1.7595094924640766,8.004257231413446,4.744747738949385,False,150,4001
4,1,1,False,,,49.677897424649835,0,0,-28.920145391383894,9.738796858029003,37.158942249412824,False,150,4000
4,1,1,False,,,42.69862843668549,0,0,-15.796474571105305,8.004257231413446,22.300731802518772,False,150,4001
4,1,-1,False,,,22.498580573512864,0,0,-4.672039404115479,9.738796858029003,12.910836262144489,False,150,4000
4,1,-1,False,,,9.030142233317196,0,0,0.2840164328399075,8.004257231413446,6.2202407985735375,False,150,4001
4,2,1,False,,,57.52827760792959,0,0,-36.19317930956393,9.738796858029003,44.43197616759289,False,150,4000
4,2,1,False,,,47.374274771595786,0,0,-13.235273985422142,8.004257231413446,19.7395312168356,False,150,4001
4,2,-1,False,,,8.68329303263052,0,0,-1.1604580863081655,9.738796858029003,9.399254944337168,False,150,4000
4,2,-1,False,,,14.318217505149804,0,0,-2.220993255405769,8.004257231413446,8.725250486819215,False,150,4001
4,3,1,False,,,19.069196553682723,0,0,-0.8483208865203364,9.738796858029003,9.087117744549339,False,150,4000
4,3,1,False,,,16.64075512806448,0,0,-7.57104371801382,8.004257231413446,14.075300949427284,False,150,4001
4,3,-1,False,,,60.16786196362475,0,0,-41.806581365522874,9.738796858029003,50.045378223551864,False,150,4000
4,3,-1,False,,,42.00242064823821,0,0,-6.998343183509082,8.004257231413446,13.502600414922547,False,150,4001
4,4,1,False,,,49.798185951663136,0,0,-33.7104671877227,9.738796858029003,41.94926404575165,False,150,4000
4,4,1,False,,,17.733739770855586,0,0,-2.180951517827551,8.004257231413446,8.685208749240998,False,150,4001
4,4,-1,False,,,42.907043001446944,0,0,-25.284563435015645,9.738796858029003,33.52336029304461,False,150,4000
4,4,-1,False,,,37.26951285600169,0,0,-14.049440112967043,8.004257231413446,20.5536973443805,False,150,4001
4,5,1,False,,,36.266828660119366,0,0,-13.659502521930698,9.738796858029003,21.898299379959717,False,150,4000
4,5,1,False,,,41.25726374204191,0,0,-20.24135699790553,8.004257231413446,26.745614229318967,False,150,4001
4,5,-1,False,,,31.96356655510939,0,0,-4.372478164899328,9.738796858029003,12.611275022928343,False,150,4000
4,5,-1,False,,,30.886040090619638,0,0,-5.1054439944934495,8.004257231413446,11.609701225906907,False,150,4001
4,6,1,False,,,20.768875988885064,0,0,-3.063433732446584,9.738796858029003,11.302230590475594,False,150,4000
4,6,1,False,,,24.929244922983905,0,0,-11.903616632892602,8.004257231413446,18.40787386430607,False,150,4001
4,6,-1,False,,,56.604800076203134,0,0,-27.44529051130914,9.738796858029003,35.684087369338094,False,150,4000
4,6,-1,False,,,47.98656207716486,0,0,-20.38683864247272,8.004257231413446,26.891095873886158,False,150,4001
4,7,1,False,,,45.87573806057633,0,0,-18.584750271070376,9.738796858029003,26.823547129099392,False,150,4000
4,7,1,False,,,39.52160490248421,0,0,-8.03761417972533,8.004257231413446,14.541871411138793,False,150,4001
4,7,-1,False,,,19.567481777289917,0,0,-1.1530817001807752,9.738796858029003,9.391878558209777,False,150,4000
4,7,-1,False,,,3.4885869137896317,0,0,-1.4194990522585613,8.004257231413446,7.923756283672006,False,150,4001
5,0,1,False,,,12.911196861519578,0,0,-1.22200433083872,7.62323124870712,7.3452355795458395,False,150,5000
5,0,1,False,,,24.220779227875386,0,0,-5.359974538426941,9.594597909508437,13.454572447935407,False,150,5001
5,0,-1,False,,,34.34088149128072,0,0,-4.73855755664111,7.62323124870712,10.861788805348258,False,150,5000
5,0,-1,False,,,39.43228659962798,0,0,-9.815663916791488,9.594597909508437,17.91026182629995,False,150,5001
5,1,1,False,,,9.640415499580616,0,0,-1.8251871749189628,7.62323124870712,7.948418423626082,False,150,5000
5,1,1,False,,,41.11544211682573,0,0,-20.515072794825333,9.594597909508437,28.609670704333727,False,150,5001
5,1,-1,False,,,15.381627938997582,0,0,-0.10624725400914135,7.62323124870712,6.229478502716261,False,150,5000
5,1,-1,False,,,21.26567665368816,0,0,-1.9027052550985721,9.594597909508437,9.997303164607008,False,150,5001
5,2,1,False,,,31.04072337567318,0,0,-3.8352021210312417,7.62323124870712,9.958433369738387,False,150,5000
5,2,1,False,,,40.07577493255382,0,0,-5.8152995581883085,9.594597909508437,13.909897467696762,False,150,5001
5,2,-1,False,,,15.235095356596034,0,0,-1.593459864447157,7.62323124870712,7.716691113154276,False,150,5000
5,2,-1,False,,,27.263076993227724,0,0,-11.164686506049277,9.594597909508437,19.25928441555774,False,150,5001
5,3,1,False,,,16.1271454273005,0,0,-2.168768737413184,7.62323124870712,8.291999986120306,False,150,5000
5,3,1,False,,,18.72169228711232,0,0,-8.029005677673608,9.594597909508437,16.12360358718206,False,150,5001
5,3,-1,False,,,14.000630226419599,0,0,-0.24319115254448392,7.62323124870712,6.3664224012516035,False,150,5000
5,3,-1,False,,,26.194780047267763,0,0,-6.637630500142524,9.594597909508437,14.732228409650974,False,150,5001
5,4,1,False,,,31.95739133071119,0,0,-14.554594958628813,7.62323124870712,20.67782620733595,False,150,5000
5,4,1,False,,,35.042887029125986,0,0,-14.541256215664692,9.594597909508437,22.635854125173157,False,150,5001
5,4,-1,False,,,26.205886219698424,0,0,-3.457383196804651,7.62323124870712,9.580614445511795,False,150,5000
5,4,-1,False,,,36.67898707059665,0,0,-6.120306253063221,9.594597909508437,14.21490416257168,False,150,5001
5,5,1,False,,,49.463448447110686,0,0,-18.72460279089189,7.62323124870712,24.84783403959902,False,150,5000
5,5,1,False,,,55.665093681774465,0,0,-31.689681927813687,9.594597909508437,39.78427983732202,False,150,5001
5,5,-1,False,,,24.741179788665832,0,0,1.0447795493497798,7.62323124870712,5.078451699357339,False,150,5000
5,5,-1,False,,,18.027950883014913,0,0,-5.762587740954561,9.594597909508437,13.85718565046302,False,150,5001
5,6,1,False,,,26.931284299824654,0,0,-4.722264836365771,7.62323124870712,10.845496085072902,False,150,5000
5,6,1,False,,,27.80177513309358,0,0,-6.423461706549684,9.594597909508437,14.518059616058137,False,150,5001
5,6,-1,False,,,26.587686037331324,0,0,-2.058781486963781,7.62323124870712,8.182012735670929,False,150,5000
5,6,-1,False,,,43.82520887970933,0,0,-16.379895932860972,9.594597909508437,24.474493842369434,False,150,5001
5,7,1,False,,,26.81964354298691,0,0,-5.118455673871351,7.62323124870712,11.24168692257848,False,150,5000
5,7,1,False,,,21.967812112250833,0,0,-1.8830992764230434,9.594597909508437,9.97769718593148,False,150,5001
5,7,-1,False,,,54.77150480426233,0,0,-40.192579941300124,7.62323124870712,46.31581119000723,False,150,5000
5,7,-1,False,,,39.81114238280566,0,0,-2.802579137460537,9.594597909508437,10.897177046969002,False,150,5001
6,0,1,False,,,22.062199331056373,0,0,-8.732924018870973,9.382278634163663,16.615202653034657,False,150,6000
6,0,1,False,,,22.236338561012634,0,0,-9.613102796934365,8.535074755138247,16.648177552072635,False,150,6001
6,0,-1,False,,,13.06531385077189,0,0,-1.557026035380541,9.382278634163663,9.439304669544203,False,150,6000
6,0,-1,False,,,16.108739098351172,0,0,-1.995591789963883,8.535074755138247,9.030666545102129,False,150,6001
6,1,1,False,,,34.202488789543466,0,0,-9.278091571214784,9.382278634163663,17.160370205378474,False,150,6000
6,1,1,False,,,33.075101746213655,0,0,-12.533903905170408,8.535074755138247,19.56897866030868,False,150,6001
6,1,-1,False,,,12.027858784668133,0,0,-1.1250363636077703,9.382278634163663,9.007314997771433,False,150,6000
6,1,-1,False,,,12.672953680029563,0,0,-0.6799437731524886,8.535074755138247,7.715018528290734,False,150,6001
6,2,1,False,,,25.40382562519289,0,0,-8.649139962032287,9.382278634163663,16.531418596195973,False,150,6000
6,2,1,False,,,24.243932790885996,0,0,-9.617016346371859,8.535074755138247,16.65209110151013,False,150,6001
6,2,-1,False,,,20.484463257101908,0,0,3.096151370435485,9.382278634163663,4.786127263728199,False,150,6000
6,2,-1,False,,,23.54645100646506,0,0,-0.5436879444065272,8.535074755138247,7.578762699544773,False,150,6001
6,3,1,False,,,23.727116508372468,0,0,-7.863894021554898,9.382278634163663,15.74617265571858,False,150,6000
6,3,1,False,,,16.05561575172501,0,0,-4.323068636237366,8.535074755138247,11.35814339137563,False,150,6001
6,3,-1,False,,,18.45311381051116,0,0,-2.8395609977949814,9.382278634163663,10.721839631958659,False,150,6000
6,3,-1,False,,,18.42579551132069,0,0,-3.9970005394710943,8.535074755138247,11.03207529460936,False,150,6001
6,4,1,False,,,17.819653465603,0,0,-3.135680214645607,9.382278634163663,11.01795884880929,False,150,6000
6,4,1,False,,,17.66703700754005,0,0,-3.97864516091001,8.535074755138247,11.013719916048279,False,150,6001
6,4,-1,False,,,17.540854767592567,0,0,-3.986009456992167,9.382278634163663,11.868288091155847,False,150,6000
6,4,-1,False,,,22.73291063300277,0,0,-3.5400332568950983,8.535074755138247,10.575108012033361,False,150,6001
6,5,1,False,,,14.148005890799908,0,0,-0.766501564733887,9.382278634163663,8.64878019889755,False,150,6000
6,5,1,False,,,16.063758227690982,0,0,-1.0036423546568871,8.535074755138247,8.038717109795133,False,150,6001
6,5,-1,False,,,15.495998572589219,0,0,-5.040504463399012,9.382278634163663,12.9227830975627,False,150,6000
6,5,-1,False,,,29.770871765498136,0,0,-11.655663804299358,8.535074755138247,18.69073855943763,False,150,6001
6,6,1,False,,,8.722763392221573,0,0,-0.6584840383626078,9.382278634163663,8.54076267252627,False,150,6000
6,6,1,False,,,8.88403484507381,0,0,1.135406745479242,8.535074755138247,5.8996680096590035,False,150,6001
6,6,-1,False,,,25.405888253378887,0,0,-9.205814839866274,9.382278634163663,17.088093474029964,False,150,6000
6,6,-1,False,,,25.689382415291863,0,0,-9.777762591633223,8.535074755138247,16.812837346771495,False,150,6001
6,7,1,False,,,13.740274344828913,0,0,-2.9213612929858472,9.382278634163663,10.80363992714952,False,150,6000
6,7,1,False,,,11.51769251440346,0,0,-3.7261071938256167,8.535074755138247,10.761181948963879,False,150,6001
6,7,-1,False,,,22.35080045090768,0,0,-7.725083812646797,9.382278634163663,15.607362446810487,False,150,6000
6,7,-1,False,,,27.031244591141114,0,0,-9.805806151085944,8.535074755138247,16.840880906224214,False,150,6001
7,0,1,False,,,32.61801506886096,0,0,-5.432492253434581,9.79980101121602,13.73229326465063,False,150,7000
7,0,1,False,,,30.933808057255657,0,0,-5.052780982777908,8.56184524469918,12.11462622747711,False,150,7001
7,0,-1,False,,,23.325052267331905,0,0,-3.296907555555652,9.79980101121602,11.59670856677168,False,150,7000
7,0,-1,False,,,21.721222367809453,0,0,-8.613724901333423,8.56184524469918,15.675570146032626,False,150,7001
7,1,1,False,,,24.939428739228543,0,0,-6.522932671732538,9.79980101121602,14.822733682948586,False,150,7000
7,1,1,False,,,24.310243307305946,0,0,-9.046865581238718,8.56184524469918,16.108710825937923,False,150,7001
7,1,-1,False,,,25.68900729485367,0,0,-3.2679040068984913,9.79980101121602,11.567705018114541,False,150,7000
7,1,-1,False,,,13.143402962667954,0,0,-2.9743308301758233,8.56184524469918,10.036176074875016,False,150,7001
7,2,1,False,,,45.8689281184805,0,0,-26.86620054793681,9.79980101121602,35.166001559152754,False,150,7000
7,2,1,False,,,7.369142394474605,0,0,-1.3984282046357628,8.56184524469918,8.460273449334942,False,150,7001
7,2,-1,False,,,27.036046390493745,0,0,-4.42574771317893,9.79980101121602,12.72554872439496,False,150,7000
7,2,-1,False,,,25.897789474140698,0,0,-3.65460838771971,8.56184524469918,10.716453632418913,False,150,7001
7,3,1,False,,,28.88393351240559,0,0,3.827117771377961,9.79980101121602,4.47268323983808,False,150,7000
7,3,1,False,,,29.046551022981472,0,0,-6.091485948892824,8.56184524469918,13.153331193592031,False,150,7001
7,3,-1,False,,,32.43890078898484,0,0,-5.3549561511823045,9.79980101121602,13.654757162398354,False,150,7000
7,3,-1,False,,,12.771787480911454,0,0,-0.5814355737743904,8.56184524469918,7.64328081847357,False,150,7001
7,4,1,False,,,26.280637301254316,0,0,-10.209045369222705,9.79980101121602,18.508846380438754,False,150,7000
7,4,1,False,,,22.498512910509152,0,0,-7.048140767068326,8.56184524469918,14.10998601176752,False,150,7001
7,4,-1,False,,,28.07357750151183,0,0,-5.684727333037865,9.79980101121602,13.984528344253915,False,150,7000
7,4,-1,False,,,24.783268215082707,0,0,-1.9665091734442168,8.56184524469918,9.028354418143406,False,150,7001
7,5,1,False,,,32.265151303990734,0,0,-14.400384789181697,9.79980101121602,22.700185800397737,False,150,7000
7,5,1,False,,,26.030912791041253,0,0,-6.76542711170114,8.56184524469918,13.82727235640034,False,150,7001
7,5,-1,False,,,29.547110867379438,0,0,-3.357048737740241,9.79980101121602,11.65684974895629,False,150,7000
7,5,-1,False,,,23.403380332594615,0,0,-7.2721170810717055,8.56184524469918,14.33396232577091,False,150,7001
7,6,1,False,,,41.38536623504801,0,0,-3.750628864697001,9.79980101121602,12.05042987591303,False,150,7000
7,6,1,False,,,4.512100886929609,0,0,-1.3216076691615755,8.56184524469918,8.383452913860754,False,150,7001
7,6,-1,False,,,18.09608830881483,0,0,-1.9937720538808252,9.79980101121602,10.293573065096849,False,150,7000
7,6,-1,False,,,30.91728161253089,0,0,-8.185834121999529,8.56184524469918,15.247679366698735,False,150,7001
7,7,1,False,,,22.713252109441246,0,0,-10.066288650314721,9.79980101121602,18.36608966153077,False,150,7000
7,7,1,False,,,12.378237526997808,0,0,-2.0034551821155437,8.56184524469918,9.065300426814723,False,150,7001
7,7,-1,False,,,27.561056003285028,0,0,-6.153801478243316,9.79980101121602,14.453602489459364,False,150,7000
7,7,-1,False,,,28.023501340405574,0,0,-5.814435768164035,8.56184524469918,12.876281012863238,False,150,7001
8,0,1,False,,,27.478925379716543,0,0,-5.9730607286269,7.065058865897444,11.53811959452437,False,150,8000
8,0,1,False,,,29.894784679699526,0,0,-2.5920783139321113,8.352367173194459,9.44444548712657,False,150,8001
8,0,-1,False,,,21.457645236734024,0,0,-8.626732580416306,7.065058865897444,14.191791446313774,False,150,8000
8,0,-1,False,,,24.654089902891297,0,0,-7.564193112729543,8.352367173194459,14.416560285924032,False,150,8001
8,1,1,False,,,33.34261470783209,0,0,-11.270175716529204,7.065058865897444,16.835234582426676,False,150,8000
8,1,1,False,,,15.702421223000485,0,0,-4.8627174135682285,8.352367173194459,11.715084586762707,False,150,8001
8,1,-1,False,,,17.253355055491106,0,0,0.24978423869932143,7.065058865897444,5.3152746271981215,False,150,8000
8,1,-1,False,,,33.72429061224748,0,0,-5.689010185926102,8.352367173194459,12.54137735912059,False,150,8001
8,2,1,False,,,35.269338374684885,0,0,-14.36245156764299,7.065058865897444,19.927510433540462,False,150,8000
8,2,1,False,,,27.11816337589583,0,0,-9.536631678435095,8.352367173194459,16.38899885162958,False,150,8001
8,2,-1,False,,,20.85987480005724,0,0,-0.2906561685031836,7.065058865897444,5.855715034400626,False,150,8000
8,2,-1,False,,,17.244697354803588,0,0,-4.535205285341822,8.352367173194459,11.387572458536308,False,150,8001
8,3,1,False,,,25.804646752438448,0,0,-3.3914942606865885,7.065058865897444,8.956553126584051,False,150,8000
8,3,1,False,,,37.720159280704586,0,0,-6.428693080364929,8.352367173194459,13.28106025355941,False,150,8001
8,3,-1,False,,,40.04289842405593,0,0,-16.979397689450558,7.065058865897444,22.54445655534799,False,150,8000
8,3,-1,False,,,21.41186685673872,0,0,-1.694512537569913,8.352367173194459,8.54687971076437,False,150,8001
8,4,1,False,,,27.462727466671506,0,0,-8.606798008714897,7.065058865897444,14.171856874612367,False,150,8000
8,4,1,False,,,25.31135640095929,0,0,-2.9692381218365105,8.352367173194459,9.821605295030993,False,150,8001
8,4,-1,False,,,27.008289596158306,0,0,-6.714574701330761,7.065058865897444,12.279633567228228,False,150,8000
8,4,-1,False,,,28.690467863051268,0,0,-7.524971497412113,8.352367173194459,14.377338670606598,False,150,8001
8,5,1,False,,,33.70375690665082,0,0,-17.101059366644833,7.065058865897444,22.66611823254227,False,150,8000
8,5,1,False,,,24.52302750380717,0,0,-8.720022380916541,8.352367173194459,15.572389554111028,False,150,8001
8,5,-1,False,,,15.575767300016896,0,0,-5.923945786091062,7.065058865897444,11.489004651988527,False,150,8000
8,5,-1,False,,,26.060017233217554,0,0,-4.718159754625014,8.352367173194459,11.570526927819499,False,150,8001
8,6,1,False,,,29.346836657599738,0,0,-10.935800478293254,7.065058865897444,16.500859344190722,False,150,8000
8,6,1,False,,,32.85260183711908,0,0,-7.554641398986691,8.352367173194459,14.407008572181178,False,150,8001
8,6,-1,False,,,18.114144546958055,0,0,-5.371153569763294,7.065058865897444,10.936212435660762,False,150,8000
8,6,-1,False,,,26.88268700006208,0,0,-2.9188833969360397,8.352367173194459,9.771250570130526,False,150,8001
8,7,1,False,,,15.95630199039373,0,0,-2.3568353998020726,7.065058865897444,7.921894265699522,False,150,8000
8,7,1,False,,,27.859289977355207,0,0,-5.140754653346312,8.352367173194459,11.9931218265408,False,150,8001
8,7,-1,False,,,47.64882338079508,0,0,-25.096471991743922,7.065058865897444,30.66153085764129,False,150,8000
8,7,-1,False,,,25.884584768669875,0,0,-8.023216902688398,8.352367173194459,14.875584075882884,False,150,8001
9,0,1,False,,,19.88786208799845,0,0,-4.259623958005889,6.213834704363471,8.973458662369381,False,150,9000
9,0,1,False,,,21.24027312675667,0,0,-5.9561771484033645,9.5065292781639,13.962706426567275,False,150,9001
9,0,-1,False,,,22.684373015717373,0,0,-3.7394940114080537,6.213834704363471,8.453328715771537,False,150,9000
9,0,-1,False,,,15.640281708663837,0,0,-3.1368605688593103,9.5065292781639,11.143389847023224,False,150,9001
9,1,1,False,,,11.536503374894373,0,0,-1.1639555890433293,6.213834704363471,5.877790293406799,False,150,9000
9,1,1,False,,,20.25370876672387,0,0,-3.5287236651554856,9.5065292781639,11.53525294331939,False,150,9001
9,1,-1,False,,,25.985950284454624,0,0,-1.259118747573552,6.213834704363471,5.9729534519370215,False,150,9000
9,1,-1,False,,,27.876690244545514,0,0,-8.83477428222575,9.5065292781639,16.841303560389665,False,150,9001
9,2,1,False,,,18.813593584203506,0,0,-2.5931602526917805,6.213834704363471,7.306994957055255,False,150,9000
9,2,1,False,,,14.474736488682042,0,0,-0.3034391557050294,9.5065292781639,8.309968433868928,False,150,9001
9,2,-1,False,,,31.209882434998136,0,0,-9.618087169405499,6.213834704363471,14.331921873768993,False,150,9000
9,2,-1,False,,,41.04184061103643,0,0,-21.44095464586894,9.5065292781639,29.447483924032795,False,150,9001
9,3,1,False,,,11.657919910074348,0,0,-0.4350344413407223,6.213834704363471,5.148869145704193,False,150,9000
9,3,1,False,,,27.1244677824474,0,0,-1.5758298162623126,9.5065292781639,9.582359094426211,False,150,9001
9,3,-1,False,,,38.32033805480647,0,0,-20.26555198896874,6.213834704363471,24.979386693332177,False,150,9000
9,3,-1,False,,,17.651726410626274,0,0,-2.818960097294621,9.5065292781639,10.82548937545853,False,150,9001
9,4,1,False,,,37.141521066440305,0,0,0.4733925324020421,6.213834704363471,4.240442171961436,False,150,9000
9,4,1,False,,,40.89951120843175,0,0,-5.241624107061029,9.5065292781639,13.248153385224944,False,150,9001
9,4,-1,False,,,43.61020778980813,0,0,-22.404240023240177,6.213834704363471,27.118074727603602,False,150,9000
9,4,-1,False,,,35.16853803215191,0,0,-8.204021411501447,9.5065292781639,16.21055068966536,False,150,9001
9,5,1,False,,,24.088241302188443,0,0,-7.11933068021315,6.213834704363471,11.833165384576642,False,150,9000
9,5,1,False,,,21.62783998051083,0,0,-3.4149353399539084,9.5065292781639,11.421464618117817,False,150,9001
9,5,-1,False,,,29.694564809944584,0,0,-6.539978368595451,6.213834704363471,11.253813072958947,False,150,9000
9,5,-1,False,,,13.401127973559968,0,0,-2.3080177339841033,9.5065292781639,10.314547012148008,False,150,9001
9,6,1,False,,,25.04768821940643,0,0,2.0903808186663424,6.213834704363471,2.6234538856971295,False,150,9000
9,6,1,False,,,9.29358833535264,0,0,-1.7862251121826376,9.5065292781639,9.792754390346536,False,150,9001
9,6,-1,False,,,27.499559432326954,0,0,-10.958282574672461,6.213834704363471,15.672117279035957,False,150,9000
9,6,-1,False,,,22.56930060325427,0,0,-5.769161812935556,9.5065292781639,13.775691091099468,False,150,9001
9,7,1,False,,,29.947260338370906,0,0,-7.383835033244379,6.213834704363471,12.097669737607875,False,150,9000
9,7,1,False,,,40.15717402472708,0,0,-20.516510295442863,9.5065292781639,28.523039573606713,False,150,9001
9,7,-1,False,,,20.108822911272814,0,0,-5.68181370295357,6.213834704363471,10.395648407317063,False,150,9000
9,7,-1,False,,,26.420619371108796,0,0,-18.761882739276846,9.5065292781639,26.768412017440745,False,150,9001
10,0,1,False,,,24.997721152672653,0,0,-4.577393044853848,7.205332057292296,10.28272510214616,False,150,10000
10,0,1,False,,,11.060693397124645,0,0,-2.575082370730763,8.239471254259945,9.314553624990713,False,150,10001
10,0,-1,False,,,22.95214433674059,0,0,-7.223013819555688,7.205332057292296,12.92834587684801,False,150,10000
10,0,-1,False,,,18.866221073335012,0,0,-5.898943780584269,8.239471254259945,12.638415034844236,False,150,10001
10,1,1,False,,,30.01649952057021,0,0,-13.547738995791848,7.205332057292296,19.25307105308417,False,150,10000
10,1,1,False,,,28.216159899870508,0,0,-9.526038855251231,8.239471254259945,16.2655101095112,False,150,10001
10,1,-1,False,,,23.043820095359454,0,0,-6.455452822609834,7.205332057292296,12.160784879902142,False,150,10000
10,1,-1,False,,,16.237247764679438,0,0,-2.1853458609806506,8.239471254259945,8.924817115240595,False,150,10001
10,2,1,False,,,27.155959659851764,0,0,-7.161100027594055,7.205332057292296,12.866432084886377,False,150,10000
10,2,1,False,,,16.713433081399984,0,0,-5.1787357946657036,8.239471254259945,11.918207048925664,False,150,10001
10,2,-1,False,,,24.8341140379034,0,0,-7.384620712442679,7.205332057292296,13.089952769734992,False,150,10000
10,2,-1,False,,,22.971448113686368,0,0,-3.5385299690556105,8.239471254259945,10.278001223315556,False,150,10001
10,3,1,False,,,21.54738308019592,0,0,-6.286363361568729,7.205332057292296,11.991695418861045,False,150,10000
10,3,1,False,,,6.866554587319711,0,0,-0.6674688886301655,8.239471254259945,7.406940142890109,False,150,10001
10,3,-1,False,,,30.569644247551587,0,0,-5.7309524328083805,7.205332057292296,11.4362844901007,False,150,10000
10,3,-1,False,,,15.531224515454797,0,0,-2.234820686782708,8.239471254259945,8.974291941042654,False,150,10001
10,4,1,False,,,17.453002498901334,0,0,-3.172255722018752,7.205332057292296,8.87758777931106,False,150,10000
10,4,1,False,,,21.260167751019257,0,0,-0.598873919864289,8.239471254259945,7.338345174124233,False,150,10001
10,4,-1,False,,,26.48639204408928,0,0,-7.133091550499516,7.205332057292296,12.838423607791835,False,150,10000
10,4,-1,False,,,7.438062628832613,0,0,-2.188360144710926,8.239471254259945,8.927831398970874,False,150,10001
10,5,1,False,,,43.18990295132582,0,0,-21.600962755215175,7.205332057292296,27.30629481250742,False,150,10000
10,5,1,False,,,25.17329131658799,0,0,-6.4078905897966045,8.239471254259945,13.147361844056567,False,150,10001
10,5,-1,False,,,22.316692946227704,0,0,-1.8267842046372613,7.205332057292296,7.532116261929564,False,150,10000
10,5,-1,False,,,26.256378272331233,0,0,-2.5809955888303415,8.239471254259945,9.320466843090287,False,150,10001
10,6,1,False,,,31.01559853303443,0,0,-4.605482363553367,7.205332057292296,10.310814420845682,False,150,10000
10,6,1,False,,,28.314500547347286,0,0,-7.371823858184224,8.239471254259945,14.111295112444184,False,150,10001
10,6,-1,False,,,13.687039718888064,0,0,-2.4665544632303282,7.205332057292296,8.171886520522628,False,150,10000
10,6,-1,False,,,10.213333160425188,0,0,-0.30158026771173835,8.239471254259945,7.041051521971682,False,150,10001
10,7,1,False,,,20.71517182042198,0,0,-5.415939829617575,7.205332057292296,11.12127188690989,False,150,10000
10,7,1,False,,,17.862829173202236,0,0,-3.584097018016392,8.239471254259945,10.323568272276347,False,150,10001
10,7,-1,False,,,25.88710664475568,0,0,-4.2570332869073875,7.205332057292296,9.962365344199705,False,150,10000
10,7,-1,False,,,21.24246441852632,0,0,-4.256728532427606,8.239471254259945,10.99619978668757,False,150,10001
11,0,1,False,,,22.308234076531228,0,0,-3.3309797024043526,10.245588021782284,12.076567724186646,False,150,11000
11,0,1,False,,,26.49216118998203,0,0,-7.550880767216556,7.982600126952775,14.033480894169355,False,150,11001
11,0,-1,False,,,17.658051658071514,0,0,-2.9312986744499305,10.245588021782284,11.676886696232216,False,150,11000
11,0,-1,False,,,22.94734900694503,0,0,-2.6013425472788834,7.982600126952775,9.083942674231661,False,150,11001
11,1,1,False,,,26.342345706234216,0,0,-3.080271038677701,10.245588021782284,11.825859060459988,False,150,11000
11,1,1,False,,,27.403109195912254,0,0,-3.1144664165931193,7.982600126952775,9.59706654354591,False,150,11001
11,1,-1,False,,,18.169693972081557,0,0,-5.713129821366154,10.245588021782284,14.458717843148458,False,150,11000
11,1,-1,False,,,16.096415107754932,0,0,-2.5415483630307136,7.982600126952775,9.024148489983496,False,150,11001
11,2,1,False,,,15.078080628437581,0,0,-2.6593966418637947,10.245588021782284,11.404984663646086,False,150,11000
11,2,1,False,,,19.626298545465925,0,0,-2.8378788307638994,7.982600126952775,9.320478957716679,False,150,11001
11,2,-1,False,,,32.80567865216945,0,0,-1.699918239587455,10.245588021782284,10.445506261369749,False,150,11000
11,2,-1,False,,,12.153430203589222,0,0,-1.1251042672089264,7.982600126952775,7.607704394161701,False,150,11001
11,3,1,False,,,30.523259593458867,0,0,-14.38045738064947,10.245588021782284,23.12604540243178,False,150,11000
11,3,1,False,,,19.247931580428833,0,0,-8.627622400529829,7.982600126952775,15.110222527482625,False,150,11001
11,3,-1,False,,,32.2581401220445,0,0,-10.053043923818915,10.245588021782284,18.798631945601212,False,150,11000
11,3,-1,False,,,18.99454134869339,0,0,-3.0911710263271823,7.982600126952775,9.573771153279964,False,150,11001
11,4,1,False,,,35.62965171547758,0,0,0.6418653905284508,10.245588021782284,8.103722631253838,False,150,11000
11,4,1,False,,,36.00508955404937,0,0,-11.569310862031207,7.982600126952775,18.051910988984005,False,150,11001
11,4,-1,False,,,9.476905897691287,0,0,-3.3086041144553766,10.245588021782284,12.054192136237672,False,150,11000
11,4,-1,False,,,23.597372344290523,0,0,2.7974520592608076,7.982600126952775,3.685148067691967,False,150,11001
11,5,1,False,,,21.676033745683014,0,0,-3.254933910512576,10.245588021782284,12.000521932294866,False,150,11000
11,5,1,False,,,6.859648583825445,0,0,-1.8108726747271284,7.982600126952775,8.293472801679902,False,150,11001
11,5,-1,False,,,17.675947622592567,0,0,-5.439466832285705,10.245588021782284,14.18505485406801,False,150,11000
11,5,-1,False,,,21.429320992502053,0,0,-5.50450893973921,7.982600126952775,11.987109066692001,False,150,11001
11,6,1,False,,,18.744266975283516,0,0,-2.2026088825818118,10.245588021782284,10.948196904364096,False,150,11000
11,6,1,False,,,20.333688561436674,0,0,-4.772943972887265,7.982600126952775,11.255544099840055,False,150,11001
11,6,-1,False,,,35.48186833806057,0,0,-5.780194286541791,10.245588021782284,14.525782308324086,False,150,11000
11,6,-1,False,,,32.48598517365557,0,0,-8.32135726627332,7.982600126952775,14.803957393226119,False,150,11001
11,7,1,False,,,26.584800363540406,0,0,-5.590682520151179,10.245588021782284,14.336270541933475,False,150,11000
11,7,1,False,,,34.1681167633437,0,0,-11.971929405297141,7.982600126952775,18.45452953224994,False,150,11001
11,7,-1,False,,,15.003031314709764,0,0,-5.426537219346916,10.245588021782284,14.17212524112922,False,150,11000
11,7,-1,False,,,16.40141470942688,0,0,-1.6508820148388308,7.982600126952775,8.133482141791616,False,150,11001
12,0,1,False,,,10.986036429579631,0,0,-1.8547467228284173,9.403375205303199,9.758121928131615,False,150,12000
12,0,1,False,,,22.610567515491866,0,0,-9.78210674211135,7.790044025372896,16.072150767484274,False,150,12001
12,0,-1,False,,,31.962543684061302,0,0,-6.186293824961655,9.403375205303199,14.089669030264872,False,150,12000
12,0,-1,False,,,20.792936288062023,0,0,2.4059659239437794,7.790044025372896,3.8840781014291226,False,150,12001
12,1,1,False,,,22.56606413800374,0,0,-1.1935519672677657,9.403375205303199,9.096927172570979,False,150,12000
12,1,1,False,,,12.729502480531615,0,0,4.376858520256413,7.790044025372896,1.9131855051164997,False,150,12001
12,1,-1,False,,,23.325170929214785,0,0,-4.150658885079626,9.403375205303199,12.054034090382844,False,150,12000
12,1,-1,False,,,29.64606551319081,0,0,-13.002236759492446,7.790044025372896,19.29228078486537,False,150,12001
12,2,1,False,,,29.456943307625917,0,0,-1.8881564871492862,9.403375205303199,9.791531692452494,False,150,12000
12,2,1,False,,,38.86518591988977,0,0,-16.88461781804303,7.790044025372896,23.174661843415887,False,150,12001
12,2,-1,False,,,23.475959482149968,0,0,-4.228475885112993,9.403375205303199,12.131851090416214,False,150,12000
12,2,-1,False,,,7.259719859122857,0,0,-0.33232574770139334,7.790044025372896,6.622369773074288,False,150,12001
12,3,1,False,,,22.10821538316176,0,0,-2.0486576174068007,9.403375205303199,9.95203282271,False,150,12000
12,3,1,False,,,24.535353918250568,0,0,-8.731165552113358,7.790044025372896,15.021209577486278,False,150,12001
12,3,-1,False,,,30.809318757010466,0,0,-4.739016440685432,9.403375205303199,12.642391645988644,False,150,12000
12,3,-1,False,,,26.570171705152287,0,0,-6.20125081840343,7.790044025372896,12.49129484377635,False,150,12001
12,4,1,False,,,19.365790089777853,0,0,-2.4157226592338894,9.403375205303199,10.319097864537094,False,150,12000
12,4,1,False,,,49.933877187663555,0,0,-29.841654500171494,7.790044025372896,36.131698525544294,False,150,12001
12,4,-1,False,,,27.09905985397016,0,0,-3.100839956896497,9.403375205303199,11.004215162199719,False,150,12000
12,4,-1,False,,,10.653522968694784,0,0,1.328974729174162,7.790044025372896,4.961069296198732,False,150,12001
12,5,1,False,,,27.476680017450384,0,0,-7.5454782478810225,9.403375205303199,15.448853453184245,False,150,12000
12,5,1,False,,,12.573996899104888,0,0,-1.0797875392230267,7.790044025372896,7.369831564595922,False,150,12001
12,5,-1,False,,,24.20829221766116,0,0,-2.748705999752435,9.403375205303199,10.65208120505564,False,150,12000
12,5,-1,False,,,40.39693670520744,0,0,-22.07020895374526,7.790044025372896,28.360252979118094,False,150,12001
12,6,1,False,,,23.55448247857628,0,0,-3.484630079267757,9.403375205303199,11.388005284570971,False,150,12000
12,6,1,False,,,33.83071821553397,0,0,-17.631969587564075,7.790044025372896,23.92201361293696,False,150,12001
12,6,-1,False,,,21.367472051537188,0,0,-3.230639550373631,9.403375205303199,11.134014755676858,False,150,12000
12,6,-1,False,,,27.279514571352372,0,0,-4.18005565354994,7.790044025372896,10.470099678922857,False,150,12001
12,7,1,False,,,21.849609945689313,0,0,-1.250082829571514,9.403375205303199,9.153458034874731,False,150,12000
12,7,1,False,,,11.883918646280314,0,0,-1.467401280359581,7.790044025372896,7.7574453057324755,False,150,12001
12,7,-1,False,,,9.934812454823213,0,0,-3.6478840416693394,9.403375205303199,11.551259246972558,False,150,12000
12,7,-1,False,,,22.8488955646288,0,0,-8.627662379211907,7.790044025372896,14.91770640458483,False,150,12001
13,0,1,False,,,29.119178376522957,0,0,-8.084616419823924,6.96214105719718,13.546757477021133,False,150,13000
13,0,1,False,,,15.059082117483634,0,0,4.127652474095746,9.169428332018564,3.5417758579228336,False,150,13001
13,0,-1,False,,,29.49152199732336,0,0,-2.7790903161472764,6.96214105719718,8.241231373344467,False,150,13000
13,0,-1,False,,,27.672593489900635,0,0,-8.740424598767401,9.169428332018564,16.40985293078599,False,150,13001
13,1,1,False,,,36.78266977135147,0,0,-11.497825579866115,6.96214105719718,16.959966637063324,False,150,13000
13,1,1,True,108,2.16,20.00710033960839,0,0,17.128534431722287,9.169428332018564,0.9608939002962795,False,108,13001
13,1,-1,False,,,16.56414975521475,0,0,-6.597575589667392,6.96214105719718,12.059716646864597,False,150,13000
13,1,-1,False,,,42.36357663364127,0,0,-20.63783859876351,9.169428332018564,28.307266930781978,False,150,13001
13,2,1,False,,,29.341495625251312,0,0,-4.817936750503029,6.96214105719718,10.280077807700238,False,150,13000
13,2,1,False,,,15.530809350402574,0,0,1.3270219662074696,9.169428332018564,6.342406365811093,False,150,13001
13,2,-1,False,,,21.92581187285044,0,0,-0.07361810324888216,6.96214105719718,5.535759160446061,False,150,13000
13,2,-1,False,,,24.600561222374488,0,0,-7.651701117036164,9.169428332018564,15.321129449054753,False,150,13001
13,3,1,False,,,34.762883175819454,0,0,-4.959308277509088,6.96214105719718,10.421449334706276,False,150,13000
13,3,1,False,,,42.00489606282166,0,0,-23.851227777226768,9.169428332018564,31.520656109245262,False,150,13001
13,3,-1,False,,,30.302505228975757,0,0,-8.757111276612996,6.96214105719718,14.219252333810205,False,150,13000
13,3,-1,False,,,28.304600813297583,0,0,5.9670173163148705,9.169428332018564,1.702411015703704,False,150,13001
13,4,1,False,,,26.54796414956798,0,0,-1.665380777961714,6.96214105719718,7.12752183515892,False,150,13000
13,4,1,False,,,11.060954236496004,0,0,-1.7554374650753328,9.169428332018564,9.424865797093895,False,150,13001
13,4,-1,False,,,23.566497000499158,0,0,1.6134773627976249,6.96214105719718,3.848663694399558,False,150,13000
13,4,-1,False,,,21.286803535111208,0,0,-5.961961214317508,9.169428332018564,13.631389546336095,False,150,13001
13,5,1,False,,,23.406066661595126,0,0,0.8702792276174717,6.96214105719718,4.5918618295797105,False,150,13000
13,5,1,False,,,25.72357930860323,0,0,-10.637509120901807,9.169428332018564,18.306937452920398,False,150,13001
13,5,-1,False,,,33.52623885947002,0,0,-9.168454205053347,6.96214105719718,14.630595262250557,False,150,13000
13,5,-1,False,,,23.875744573638723,0,0,2.53681566546732,9.169428332018564,5.132612666551252,False,150,13001
13,6,1,False,,,20.086522834206963,0,0,-6.9569186034819,6.96214105719718,12.419059660679109,False,150,13000
13,6,1,False,,,17.582013284498498,0,0,-1.5976416122538697,9.169428332018564,9.267069944272432,False,150,13001
13,6,-1,False,,,23.765008253919458,0,0,-3.4485836396911047,6.96214105719718,8.91072469688829,False,150,13000
13,6,-1,False,,,18.49509851065599,0,0,-4.7178085713850395,9.169428332018564,12.387236903403625,False,150,13001
13,7,1,False,,,25.9510430422586,0,0,-15.237639164901404,6.96214105719718,20.69978022209861,False,150,13000
13,7,1,False,,,10.357880801784775,0,0,-3.0998142015442336,9.169428332018564,10.769242533562805,False,150,13001
13,7,-1,False,,,22.414269481683018,0,0,-2.2763657863619358,6.96214105719718,7.738506843559115,False,150,13000
13,7,-1,False,,,25.312168342000973,0,0,-13.914807644799925,9.169428332018564,21.584235976818515,False,150,13001
14,0,1,False,,,16.182717458440997,0,0,-10.596119282318629,8.728367276795208,17.824486559113865,False,150,14000
14,0,1,False,,,10.510399204683015,0,0,-1.747689775513009,8.691258881274782,8.93894865678779,False,150,14001
14,0,-1,False,,,27.52518231484604,0,0,-3.708218605322844,8.728367276795208,10.93658588211806,False,150,14000
14,0,-1,False,,,19.506712167590162,0,0,-3.167353028330611,8.691258881274782,10.358611909605411,False,150,14001
14,1,1,False,,,11.867073291062672,0,0,-6.060100253233251,8.728367276795208,13.288467530028486,False,150,14000
14,1,1,False,,,7.816796611602444,0,0,3.2305588996972254,8.691258881274782,3.9606999815775796,False,150,14001
14,1,-1,False,,,7.274178957984143,0,0,-3.1749457033244424,8.728367276795208,10.403312980119667,False,150,14000
14,1,-1,False,,,33.19990159336915,0,0,-14.24800655193567,8.691258881274782,21.43926543321048,False,150,14001
14,2,1,False,,,6.940944167716946,0,0,-4.361764250630042,8.728367276795208,11.590131527425262,False,150,14000
14,2,1,False,,,30.46006326986943,0,0,-16.466539263661023,8.691258881274782,23.657798144935814,False,150,14001
14,2,-1,False,,,29.24168811284528,0,0,-2.3140034199472597,8.728367276795208,9.54237069674247,False,150,14000
14,2,-1,False,,,36.2233666989769,0,0,-1.0183429811804823,8.691258881274782,8.209601862455278,False,150,14001
14,3,1,True,117,2.34,21.27693550615672,0,0,16.65300903149199,8.728367276795208,0.905358245303226,False,117,14000
14,3,1,False,,,39.73201890742066,0,0,-23.090309614430346,8.691258881274782,30.28156849570505,False,150,14001
14,3,-1,False,,,43.84615959572133,0,0,-12.233759015928225,8.728367276795208,19.46212629272346,False,150,14000
14,3,-1,False,,,42.861903373368634,0,0,-14.292647448349125,8.691258881274782,21.483906329623924,False,150,14001
14,4,1,False,,,36.87935681720883,0,0,-4.2023803719667745,8.728367276795208,11.430747648762,False,150,14000
14,4,1,False,,,15.663409484458485,0,0,-2.895020928220317,8.691258881274782,10.086279809495112,False,150,14001
14,4,-1,False,,,17.61334154189517,0,0,-11.577896984033343,8.728367276795208,18.806264260828577,False,150,14000
14,4,-1,False,,,12.27529119263692,0,0,-2.4844730606324332,8.691258881274782,9.675731941907218,False,150,14001
14,5,1,False,,,14.71447081654417,0,0,-4.178642117730332,8.728367276795208,11.407009394525566,False,150,14000
14,5,1,False,,,14.616633025083619,0,0,-0.3739013587390003,8.691258881274782,7.565160240013782,False,150,14001
14,5,-1,False,,,28.067871086832067,0,0,0.0027146710688239206,8.728367276795208,7.225652605726387,False,150,14000
14,5,-1,False,,,11.59834760876507,0,0,-0.8760280018857833,8.691258881274782,8.067286883160564,False,150,14001
14,6,1,False,,,25.67968578703872,0,0,-4.9342856408681435,8.728367276795208,12.16265291766338,False,150,14000
14,6,1,False,,,14.114397034070555,0,0,2.3226276094333467,8.691258881274782,4.868631271841441,False,150,14001
14,6,-1,False,,,24.32226853922614,0,0,-1.8493863454200454,8.728367276795208,9.077753622215253,False,150,14000
14,6,-1,False,,,16.019357340470382,0,0,-3.7721350323605556,8.691258881274782,10.963393913635356,False,150,14001
14,7,1,False,,,19.97755889078294,0,0,-5.635034051372711,8.728367276795208,12.863401328167939,False,150,14000
14,7,1,False,,,13.430536415674876,0,0,-4.440597622498279,8.691258881274782,11.631856503773072,False,150,14001
14,7,-1,False,,,25.115624745947688,0,0,-0.2656339010730659,8.728367276795208,7.494001177868283,False,150,14000
14,7,-1,False,,,19.988193232323226,0,0,-5.9623233268073985,8.691258881274782,13.153582208082202,False,150,14001
15,0,1,False,,,14.618873198220893,0,0,-4.01283526304443,7.4152043116096715,9.92803957465411,False,150,15000
15,0,1,False,,,10.830359374744095,0,0,-1.4591840017802324,7.29733786931187,7.256521871092102,False,150,15001
15,0,-1,False,,,22.183181103977144,0,0,-3.7576552419141107,7.4152043116096715,9.672859553523805,False,150,15000
15,0,-1,False,,,26.60793113150461,0,0,-2.561423602408934,7.29733786931187,8.35876147172083,False,150,15001
15,1,1,False,,,29.55636272040355,0,0,-2.048157393307244,7.4152043116096715,7.963361704916936,False,150,15000
15,1,1,False,,,25.953009262178746,0,0,-2.276014324523854,7.29733786931187,8.073352193835737,False,150,15001
15,1,-1,False,,,11.374401932801156,0,0,-2.0210959053480426,7.4152043116096715,7.936300216957714,False,150,15000
15,1,-1,False,,,19.92267121335345,0,0,-5.126979096764271,7.29733786931187,10.924316966076155,False,150,15001
15,2,1,False,,,19.771155082649912,0,0,-3.5483364193560956,7.4152043116096715,9.463540730965775,False,150,15000
15,2,1,False,,,19.218056874164738,0,0,-5.233704667104126,7.29733786931187,11.031042536416017,False,150,15001
15,2,-1,False,,,7.948180654960553,0,0,-0.6592365420330637,7.4152043116096715,6.574440853642734,False,150,15000
15,2,-1,False,,,24.550671638686175,0,0,-4.137628443169698,7.29733786931187,9.934966312481594,False,150,15001
15,3,1,False,,,12.917984406458794,0,0,-0.7049707788243988,7.4152043116096715,6.62017509043407,False,150,15000
15,3,1,False,,,24.449450862512364,0,0,-2.6326565299758835,7.29733786931187,8.429994399287777,False,150,15001
15,3,-1,False,,,12.336715927586,0,0,-1.5577256096250434,7.4152043116096715,7.472929921234714,False,150,15000
15,3,-1,False,,,12.846166202117189,0,0,-6.319448048846872,7.29733786931187,12.116785918158763,False,150,15001
15,4,1,False,,,24.32171250792516,0,0,-5.898039375697089,7.4152043116096715,11.813243687306766,False,150,15000
15,4,1,False,,,26.278248953667312,0,0,-3.7997540472075073,7.29733786931187,9.597091916519402,False,150,15001
15,4,-1,False,,,12.149245583911021,0,0,-2.6301696315380094,7.4152043116096715,8.54537394314769,False,150,15000
15,4,-1,False,,,4.8909750455194345,0,0,-1.8465977006333285,7.29733786931187,7.643935569945198,False,150,15001
15,5,1,False,,,23.72432782663077,0,0,-6.943438105923934,7.4152043116096715,12.858642417533625,False,150,15000
15,5,1,False,,,23.988978958974357,0,0,-1.2630772520775844,7.29733786931187,7.060415121389479,False,150,15001
15,5,-1,False,,,20.831878698996356,0,0,-3.1682432170761015,7.4152043116096715,9.083447528685783,False,150,15000
15,5,-1,False,,,22.862815695916343,0,0,-3.349761544799242,7.29733786931187,9.147099414111135,False,150,15001
15,6,1,True,150,3.0,19.11188383481546,0,0,15.024526611214004,7.4152043116096715,0.8906777003956818,False,150,15000
15,6,1,False,,,30.317280166853838,0,0,-5.53886505114055,7.29733786931187,11.336202920452443,False,150,15001
15,6,-1,False,,,18.11710001551664,0,0,-2.001299353076633,7.4152043116096715,7.916503664686323,False,150,15000
15,6,-1,False,,,16.12469018771253,0,0,-2.219943006304109,7.29733786931187,8.017280875615997,False,150,15001
15,7,1,False,,,24.307876487736085,0,0,1.8562376672069887,7.4152043116096715,4.058966644402684,False,150,15000
15,7,1,False,,,27.097429402244163,0,0,1.616996900105232,7.29733786931187,4.180340969206647,False,150,15001
15,7,-1,False,,,20.58334721549016,0,0,-0.014632871521277811,7.4152043116096715,5.929837183130949,False,150,15000
15,7,-1,False,,,11.431910036594177,0,0,0.18565735583239595,7.29733786931187,5.611680513479474,False,150,15001
16,0,1,False,,,25.77423977529932,0,0,0.7946982663224895,8.750634650624164,6.455936384301675,False,150,16000
16,0,1,False,,,31.71308420688716,0,0,-11.532576202081698,9.54469710931843,19.57727331140015,False,150,16001
16,0,-1,False,,,33.88806099401894,0,0,-11.009929595258308,8.750634650624164,18.260564245882495,False,150,16000
16,0,-1,False,,,22.66879403057667,0,0,-4.818173775576038,9.54469710931843,12.862870884894468,False,150,16001
16,1,1,False,,,27.072146083006075,0,0,1.2102245161230891,8.750634650624164,6.0404101345010766,False,150,16000
16,1,1,False,,,26.959536614271258,0,0,-4.5587761365294455,9.54469710931843,12.603473245847884,False,150,16001
16,1,-1,False,,,26.916303679009545,0,0,-5.844377890794063,8.750634650624164,13.095012541418239,False,150,16000
16,1,-1,False,,,15.233072381849688,0,0,0.7082897995323678,9.54469710931843,7.33640730978606,False,150,16001
16,2,1,False,,,12.68693756825648,0,0,-3.7384249620581773,8.750634650624164,10.989059612682354,False,150,16000
16,2,1,False,,,15.50823917714548,0,0,-2.059643121194072,9.54469710931843,10.1043402305125,False,150,16001
16,2,-1,False,,,24.92792574895502,0,0,-7.230167865450541,8.750634650624164,14.480802516074732,False,150,16000
16,2,-1,False,,,28.34492736803148,0,0,-5.3348056819178655,9.54469710931843,13.379502791236321,False,150,16001
16,3,1,False,,,32.984811660004205,0,0,-1.436685020726047,8.750634650624164,8.687319671350226,False,150,16000
16,3,1,False,,,28.998388299332508,0,0,-4.359354867252976,9.54469710931843,12.404051976571429,False,150,16001
16,3,-1,False,,,18.59750968812343,0,0,-6.417592025220902,8.750634650624164,13.66822667584509,False,150,16000
16,3,-1,False,,,19.672761800450544,0,0,-7.962625402436311,9.54469710931843,16.00732251175476,False,150,16001
16,4,1,False,,,44.17457134490571,0,0,-19.50074601823324,8.750634650624164,26.751380668857298,False,150,16000
16,4,1,False,,,47.205662198616075,0,0,-24.89684238992963,9.54469710931843,32.94153949924798,False,150,16001
16,4,-1,False,,,25.124972622863073,0,0,-0.895177294098342,8.750634650624164,8.145811944722505,False,150,16000
16,4,-1,False,,,22.120701030480582,0,0,-2.878976825196876,9.54469710931843,10.923673934515312,False,150,16001
16,5,1,False,,,17.367912269355866,0,0,0.1632907340386834,8.750634650624164,7.087343916585495,False,150,16000
16,5,1,False,,,17.313655690643362,0,0,-3.2039430831826596,9.54469710931843,11.248640192501112,False,150,16001
16,5,-1,False,,,32.20679431421528,0,0,-5.102879222304862,8.750634650624164,12.353513872929046,False,150,16000
16,5,-1,False,,,17.024128796655592,0,0,2.1887582870897324,9.54469710931843,5.855938822228705,False,150,16001
16,6,1,False,,,22.884555661731287,0,0,-6.082277199697774,8.750634650624164,13.332911850321965,False,150,16000
16,6,1,False,,,22.207922428347125,0,0,-4.521651604100702,9.54469710931843,12.566348713419146,False,150,16001
16,6,-1,False,,,20.271813654137148,0,0,-7.810391153574773,8.750634650624164,15.061025804198959,False,150,16000
16,6,-1,False,,,13.379560369657595,0,0,2.804545187776755,9.54469710931843,5.24015192154169,False,150,16001
16,7,1,False,,,20.189632781779654,0,0,-0.07251325047994348,8.750634650624164,7.323147901104128,False,150,16000
16,7,1,False,,,22.23598235843905,0,0,0.1885412418902639,9.54469710931843,7.856155867428181,False,150,16001
16,7,-1,False,,,16.810229952024226,0,0,-2.073889684445853,8.750634650624164,9.324524335070045,False,150,16000
16,7,-1,False,,,26.28720611035045,0,0,0.26593242492556,9.54469710931843,7.778764684392883,False,150,16001
17,0,1,False,,,43.09654634934269,0,0,-14.728579513508437,7.707738130493065,20.936317644001523,False,150,17000
17,0,1,False,,,39.08656972757302,0,0,-5.823440901700566,9.694785364862451,14.018226266563028,False,150,17001
17,0,-1,False,,,12.238833867756147,0,0,-2.8765847511936786,7.707738130493065,9.084322881686752,False,150,17000
17,0,-1,False,,,9.674854825912977,0,0,-1.4551975140829727,9.694785364862451,9.649982878945423,False,150,17001
17,1,1,False,,,31.93767147758144,0,0,2.560508444369918,7.707738130493065,3.6472296861231563,False,150,17000
17,1,1,False,,,37.166749328885906,0,0,-10.130971946005898,9.694785364862451,18.325757310868372,False,150,17001
17,1,-1,False,,,9.939393801438086,0,0,-1.4339997622424392,7.707738130493065,7.641737892735503,False,150,17000
17,1,-1,False,,,7.502044831830182,0,0,-1.153858385281798,9.694785364862451,9.348643750144248,False,150,17001
17,2,1,False,,,6.724749046557403,0,0,-1.500869285771983,7.707738130493065,7.708607416265047,False,150,17000
17,2,1,False,,,5.580331734140073,0,0,-0.8644002634707554,9.694785364862451,9.059185628333205,False,150,17001
17,2,-1,False,,,12.146480392160955,0,0,1.9409378692846944,7.707738130493065,4.266800261208375,False,150,17000
17,2,-1,False,,,12.700604982629777,0,0,3.2494336066324836,9.694785364862451,4.945351758229987,False,150,17001
17,3,1,False,,,18.439583338831696,0,0,2.8688201452968913,7.707738130493065,3.3389179851961956,False,150,17000
17,3,1,False,,,17.510500141593013,0,0,1.2278755809953994,9.694785364862451,6.966909783867059,False,150,17001
17,3,-1,False,,,9.878871826174594,0,0,-2.1302322644360845,7.707738130493065,8.33797039492915,False,150,17000
17,3,-1,False,,,28.235100752166993,0,0,-10.435068911939302,9.694785364862451,18.629854276801776,False,150,17001
17,4,1,False,,,23.372840028583415,0,0,-0.7712627783103316,7.707738130493065,6.979000908803407,False,150,17000
17,4,1,False,,,31.027366249754337,0,0,-1.7973204139951346,9.694785364862451,9.992105778857592,False,150,17001
17,4,-1,False,,,12.318160184196573,0,0,-2.141199041841004,7.707738130493065,8.34893717233407,False,150,17000
17,4,-1,False,,,5.36349023381212,0,0,-1.4256394765921165,9.694785364862451,9.620424841454566,False,150,17001
17,5,1,False,,,23.829333357760724,0,0,-3.7913203113605274,7.707738130493065,9.999058441853595,False,150,17000
17,5,1,False,,,26.43151500648767,0,0,-11.810969569461667,9.694785364862451,20.005754934324138,False,150,17001
17,5,-1,False,,,18.009285946497986,0,0,1.0668109442021516,7.707738130493065,5.140927186290927,False,150,17000
17,5,-1,False,,,21.501729366121427,0,0,2.696817461261648,9.694785364862451,5.49796790360082,False,150,17001
17,6,1,False,,,5.509236209935271,0,0,-1.3010871351001994,7.707738130493065,7.508825265593264,False,150,17000
17,6,1,False,,,3.396164113388245,0,0,-1.2894628705557871,9.694785364862451,9.484248235418237,False,150,17001
17,6,-1,False,,,38.16088213726646,0,0,-0.09584757900595897,7.707738130493065,6.303585709499025,False,150,17000
17,6,-1,False,,,39.08826341011185,0,0,-7.084698624451168,9.694785364862451,15.279483989313638,False,150,17001
17,7,1,False,,,8.034029095530414,0,0,1.285926911943696,7.707738130493065,4.921811218549368,False,150,17000
17,7,1,False,,,19.331883942225716,0,0,-9.831602738086511,9.694785364862451,18.026388102948978,False,150,17001
17,7,-1,False,,,19.053115238555918,0,0,1.7637511973703144,7.707738130493065,4.443986933122758,False,150,17000
17,7,-1,False,,,16.521982701409954,0,0,0.45716489048513465,9.694785364862451,7.737620474377315,False,150,17001
18,0,1,False,,,32.44519078547298,0,0,-3.786659105299387,7.5976719721151165,9.884331077414508,False,150,18000
18,0,1,False,,,25.576247943493545,0,0,-3.7294301087949373,6.609328650666891,8.838758759461854,False,150,18001
18,0,-1,False,,,19.336007030216933,0,0,-4.027026906111806,7.5976719721151165,10.12469887822695,False,150,18000
18,0,-1,False,,,12.476465020816674,0,0,-9.425542249541559,6.609328650666891,14.534870900208476,False,150,18001
18,1,1,False,,,23.843622028470147,0,0,-1.9583833388645362,7.5976719721151165,8.056055310979682,False,150,18000
18,1,1,False,,,23.503019647370596,0,0,-6.340745182320777,6.609328650666891,11.450073832987696,False,150,18001
18,1,-1,False,,,21.92441010573649,0,0,-4.010533492318241,7.5976719721151165,10.108205464433382,False,150,18000
18,1,-1,False,,,27.2128426031868,0,0,0.729287653097042,6.609328650666891,4.380040997569847,False,150,18001
18,2,1,False,,,30.192570673038606,0,0,-10.300725539907015,7.5976719721151165,16.39839751202216,False,150,18000
18,2,1,False,,,32.58015717184645,0,0,-3.4539791157397888,6.609328650666891,8.563307766406696,False,150,18001
18,2,-1,False,,,16.589597749545522,0,0,-6.647045877983175,7.5976719721151165,12.744717850098317,False,150,18000
18,2,-1,False,,,18.706201674292444,0,0,-8.286093662128382,6.609328650666891,13.395422312795299,False,150,18001
18,3,1,False,,,37.31408546152079,0,0,-4.330274698495453,7.5976719721151165,10.42794667061058,False,150,18000
18,3,1,False,,,35.846315129247195,0,0,-6.532869583320572,6.609328650666891,11.642198233987488,False,150,18001
18,3,-1,False,,,25.930035566773242,0,0,-15.92943174252978,7.5976719721151165,22.027103714644923,False,150,18000
18,3,-1,False,,,23.083719243962992,0,0,-14.414947647575493,6.609328650666891,19.52427629824241,False,150,18001
18,4,1,False,,,42.5001568077575,0,0,-12.548100935134391,7.5976719721151165,18.645772907249537,False,150,18000
18,4,1,False,,,56.13612618061268,0,0,-43.068365927090134,6.609328650666891,48.17769457775703,False,150,18001
18,4,-1,False,,,20.63585157869082,0,0,-2.4473888430257684,7.5976719721151165,8.545060815140888,False,150,18000
18,4,-1,False,,,12.453953417781577,0,0,-1.9590665031006185,6.609328650666891,7.068395153767508,False,150,18001
18,5,1,False,,,25.56803249283369,0,0,-2.6574570169976566,7.5976719721151165,8.755128989112785,False,150,18000
18,5,1,False,,,28.035969230870847,0,0,-4.808772947881479,6.609328650666891,9.918101598548395,False,150,18001
18,5,-1,False,,,37.53735153768792,0,0,-28.82053506457151,7.5976719721151165,34.91820703668655,False,150,18000
18,5,-1,False,,,12.615458731471506,0,0,-6.641241545088756,6.609328650666891,11.750570195755673,False,150,18001
18,6,1,False,,,36.9003668941582,0,0,-6.159688990498642,7.5976719721151165,12.257360962613776,False,150,18000
18,6,1,False,,,28.04407792404532,0,0,-4.6746411002817565,6.609328650666891,9.783969750948668,False,150,18001
18,6,-1,False,,,16.006401840432595,0,0,-7.69045209726461,7.5976719721151165,13.78812406937975,False,150,18000
18,6,-1,False,,,13.483364996081832,0,0,-2.1509871115529657,6.609328650666891,7.260315762219883,False,150,18001
18,7,1,False,,,36.13838365704002,0,0,-22.93781815060423,7.5976719721151165,29.035490122719285,False,150,18000
18,7,1,False,,,33.75410778390881,0,0,-16.266856045101022,6.609328650666891,21.376184695767932,False,150,18001
18,7,-1,False,,,28.60642442198461,0,0,-2.847591618868881,7.5976719721151165,8.945263590984007,False,150,18000
18,7,-1,False,,,14.652746038578842,0,0,-7.1107627702985114,6.609328650666891,12.220091420965426,False,150,18001
19,0,1,False,,,30.1278519092325,0,0,-1.761935115573356,7.704412933997912,7.966348049571276,False,150,19000
19,0,1,False,,,29.571444502748417,0,0,-2.2475353749855964,7.156409951479781,7.90394532646539,False,150,19001
19,0,-1,False,,,24.83175154409883,0,0,-15.834377160235142,7.704412933997912,22.038790094233082,False,150,19000
19,0,-1,False,,,24.856959242998883,0,0,-8.607847018297264,7.156409951479781,14.26425696977707,False,150,19001
19,1,1,False,,,23.301953697093744,0,0,-4.956888823458392,7.704412933997912,11.161301757456327,False,150,19000
19,1,1,False,,,17.53332246870665,0,0,3.402746972450156,7.156409951479781,2.2536629790296336,False,150,19001
19,1,-1,False,,,23.684695536673733,0,0,-3.5947123670496834,7.704412933997912,9.799125301047608,False,150,19000
19,1,-1,False,,,11.70176386202853,0,0,1.71443843066801,7.156409951479781,3.94197152081177,False,150,19001
19,2,1,False,,,26.21098060916177,0,0,-10.629021159212254,7.704412933997912,16.83343409321019,False,150,19000
19,2,1,False,,,11.629597050655992,0,0,3.735656888374953,7.156409951479781,1.9207530631048397,False,150,19001
19,2,-1,False,,,24.455441073260896,0,0,-1.500511176872225,7.704412933997912,7.704924110870136,False,150,19000
19,2,-1,False,,,12.542367311433631,0,0,2.6225989702075743,7.156409951479781,3.033810981272214,False,150,19001
19,3,1,False,,,27.36293410190288,0,0,-3.477678168390497,7.704412933997912,9.682091102388423,False,150,19000
19,3,1,False,,,24.47514117914368,0,0,-8.590082625426069,7.156409951479781,14.246492576905876,False,150,19001
19,3,-1,False,,,44.94680514238715,0,0,-26.870316185692605,7.704412933997912,33.07472911969043,False,150,19000
19,3,-1,False,,,35.04847170499405,0,0,-9.323762149667036,7.156409951479781,14.98017210114683,False,150,19001
19,4,1,False,,,17.30775465346981,0,0,-6.362273358780739,7.704412933997912,12.566686292778675,False,150,19000
19,4,1,False,,,28.92667808487386,0,0,-12.024800236076388,7.156409951479781,17.681210187556196,False,150,19001
19,4,-1,False,,,34.815714468487805,0,0,-3.383351446372491,7.704412933997912,9.587764380370418,False,150,19000
19,4,-1,False,,,44.845637871425986,0,0,-17.196033859386816,7.156409951479781,22.85244381086653,False,150,19001
19,5,1,False,,,18.14351442806342,0,0,-11.647480313296885,7.704412933997912,17.85189324729482,False,150,19000
19,5,1,False,,,6.100402132787178,0,0,-0.2114339137609116,7.156409951479781,5.867843865240692,False,150,19001
19,5,-1,False,,,23.95556318618916,0,0,-2.905786843405629,7.704412933997912,9.110199777403555,False,150,19000
19,5,-1,False,,,25.825478431399087,0,0,3.06526657470441,7.156409951479781,2.5911433767753778,False,150,19001
19,6,1,False,,,19.04029099003825,0,0,-10.23734406536717,7.704412933997912,16.441756999365108,False,150,19000
19,6,1,False,,,19.948361372627964,0,0,1.5839370231457606,7.156409951479781,4.072472928334031,False,150,19001
19,6,-1,False,,,35.944637790271315,0,0,-4.91169343774688,7.704412933997912,11.116106371744806,False,150,19000
19,6,-1,False,,,22.199302962238164,0,0,-5.249673583679309,7.156409951479781,10.906083535159107,False,150,19001
19,7,1,False,,,17.409891863939247,0,0,-9.720045844409723,7.704412933997912,15.924458778407661,False,150,19000
19,7,1,False,,,18.695134862209418,0,0,-5.820961460001281,7.156409951479781,11.477371411481087,False,150,19001
19,7,-1,False,,,32.378178246487636,0,0,-5.167483058418004,7.704412933997912,11.371895992415928,False,150,19000
19,7,-1,False,,,26.531991411267512,0,0,0.3054051507122988,7.156409951479781,5.35100480076749,False,150,19001
20,0,1,False,,,26.309096640326974,0,0,-16.229750415260472,10.155114464097156,24.884864879357654,False,150,20000
20,0,1,False,,,15.965689727517173,0,0,-6.415877553722525,9.715424167989513,14.631301721712065,False,150,20001
20,0,-1,False,,,32.86207778701207,0,0,0.09093487067626427,10.155114464097156,8.564179593420898,False,150,20000
20,0,-1,False,,,33.421538248783264,0,0,-1.1675066043122633,9.715424167989513,9.382930772301785,False,150,20001
20,1,1,False,,,33.69295699793605,0,0,-12.934745339154313,10.155114464097156,21.58985980325149,False,150,20000
20,1,1,False,,,21.050403668983147,0,0,0.6142183532711463,9.715424167989513,7.60120581471837,False,150,20001
20,1,-1,False,,,23.57565202704914,0,0,-1.032816692305029,10.155114464097156,9.687931156402188,False,150,20000
20,1,-1,False,,,14.639675254772706,0,0,-5.131646428696948,9.715424167989513,13.347070596686489,False,150,20001
20,2,1,False,,,30.35639949256737,0,0,-7.454107364530209,10.155114464097156,16.10922182862738,False,150,20000
20,2,1,False,,,34.33880634122103,0,0,-4.291350057733226,9.715424167989513,12.506774225722744,False,150,20001
20,2,-1,False,,,10.730898727186041,0,0,-5.543096596345106,10.155114464097156,14.198211060442283,False,150,20000
20,2,-1,False,,,10.950652754221037,0,0,-2.7420086087091726,9.715424167989513,10.957432776698706,False,150,20001
20,3,1,False,,,20.421561098545656,0,0,-5.1014685924667456,10.155114464097156,13.756583056563926,False,150,20000
20,3,1,False,,,19.806720504919475,0,0,-3.1199510231653367,9.715424167989513,11.335375191154858,False,150,20001
20,3,-1,False,,,29.903457518853312,0,0,-4.941634750723828,10.155114464097156,13.596749214820994,False,150,20000
20,3,-1,False,,,29.76848065011636,0,0,-5.930060073462145,9.715424167989513,14.14548424145167,False,150,20001
20,4,1,False,,,25.60134238156937,0,0,-4.26316290706751,10.155114464097156,12.918277371164686,False,150,20000
20,4,1,False,,,22.99211284863491,0,0,-3.381979733545749,9.715424167989513,11.597403901535271,False,150,20001
20,4,-1,False,,,28.290016470137683,0,0,-4.786352670623884,10.155114464097156,13.44146713472106,False,150,20000
20,4,-1,False,,,27.536730635905204,0,0,-5.245189972045852,9.715424167989513,13.460614140035384,False,150,20001
20,5,1,False,,,28.18176952070905,0,0,-7.852257301021957,10.155114464097156,16.50737176511914,False,150,20000
20,5,1,False,,,31.54257860140531,0,0,-12.95836887759222,9.715424167989513,21.17379304558176,False,150,20001
20,5,-1,False,,,18.312996303885203,0,0,-0.45094952896721385,10.155114464097156,9.10606399306437,False,150,20000
20,5,-1,False,,,21.41636298002191,0,0,-1.0384083928390395,9.715424167989513,9.25383256082855,False,150,20001
20,6,1,False,,,34.251861193022876,0,0,-4.866634788139756,10.155114464097156,13.52174925223694,False,150,20000
20,6,1,False,,,33.87694057085926,0,0,-7.748213860577816,9.715424167989513,15.963638028567347,False,150,20001
20,6,-1,False,,,17.599179456321487,0,0,-4.607056421802497,10.155114464097156,13.262170885899675,False,150,20000
20,6,-1,False,,,21.122465996028346,0,0,-0.6836820287850376,9.715424167989513,8.899106196774552,False,150,20001
20,7,1,False,,,23.729586502143807,0,0,-2.77530639334641,10.155114464097156,11.430420857443572,False,150,20000
20,7,1,False,,,21.764029874678492,0,0,0.1191482347682188,9.715424167989513,8.096275933221293,False,150,20001
20,7,-1,False,,,34.194450108128855,0,0,-6.598106943020824,10.155114464097156,15.25322140711801,False,150,20000
20,7,-1,False,,,32.71378674019675,0,0,-8.929915114238279,9.715424167989513,17.14533928222782,False,150,20001
21,0,1,False,,,11.545459605390217,0,0,3.4919590703057426,8.81064771164678,3.818688641341051,False,150,21000
21,0,1,False,,,30.747496086451477,0,0,-5.605751161524941,8.509053998396297,12.614805159921252,False,150,21001
21,0,-1,False,,,14.196907917948002,0,0,0.8729788146037414,8.81064771164678,6.437668897043038,False,150,21000
21,0,-1,False,,,8.976837709052017,0,0,-4.244299614940088,8.509053998396297,11.253353613336412,False,150,21001
21,1,1,True,135,2.7,20.11830031692708,0,0,16.53012066633876,8.81064771164678,0.9305270453080273,False,135,21000
21,1,1,False,,,11.288880895328965,0,0,-7.547352627722767,8.509053998396297,14.556406626119092,False,150,21001
21,1,-1,False,,,15.163430219810472,0,0,-1.8785090014320032,8.81064771164678,9.189156713078782,False,150,21000
21,1,-1,False,,,15.880255560173945,0,0,-2.7194216544513123,8.509053998396297,9.728475652847631,False,150,21001
21,2,1,False,,,27.60837615471412,0,0,-3.1341240153276626,8.81064771164678,10.444771726974453,False,150,21000
21,2,1,False,,,26.241166562322345,0,0,1.5354248048699743,8.509053998396297,5.4736291935263335,False,150,21001
21,2,-1,False,,,23.32615196749146,0,0,4.95037843361551,8.81064771164678,2.3602692780312777,False,150,21000
21,2,-1,False,,,49.48055887473287,0,0,-32.35719560820346,8.509053998396297,39.36624960659964,False,150,21001
21,3,1,False,,,54.626598581769116,0,0,-28.626557274907988,8.81064771164678,35.93720498655472,False,150,21000
21,3,1,False,,,58.6362336685909,0,0,-47.709078314890554,8.509053998396297,54.71813231328688,False,150,21001
21,3,-1,False,,,16.344565451968293,0,0,-4.444113494789594,8.81064771164678,11.754761206436392,False,150,21000
21,3,-1,False,,,21.512165445082747,0,0,3.4310643737721374,8.509053998396297,3.577989624624167,False,150,21001
21,4,1,False,,,11.210794117760194,0,0,0.30276742851940486,8.81064771164678,7.007880283127374,False,150,21000
21,4,1,False,,,8.876760071969795,0,0,-4.024608047482964,8.509053998396297,11.033662045879288,False,150,21001
21,4,-1,False,,,31.92977791007011,0,0,-2.4169336009653613,8.81064771164678,9.72758131261216,False,150,21000
21,4,-1,False,,,30.625451443505426,0,0,-10.365597323880763,8.509053998396297,17.37465132227709,False,150,21001
21,5,1,True,60,1.2,13.39233286821031,0,0,17.219975838610786,8.81064771164678,0.9906718730359999,False,60,21000
21,5,1,False,,,56.55423611217089,0,0,-44.84483282887318,8.509053998396297,51.85388682726949,False,150,21001
21,5,-1,False,,,26.173848569516377,0,0,-14.54202173304276,8.81064771164678,21.852669444689568,False,150,21000
21,5,-1,False,,,24.301721894078945,0,0,5.215164905306575,8.509053998396297,1.7938890930897282,False,150,21001
21,6,1,False,,,29.829027982636184,0,0,2.8077721325888394,8.81064771164678,4.502875579057949,False,150,21000
21,6,1,False,,,31.221570783721305,0,0,-5.6124143811746166,8.509053998396297,12.621468379570931,False,150,21001
21,6,-1,False,,,17.209534048626146,0,0,-3.02467411404636,8.81064771164678,10.335321825693153,False,150,21000
21,6,-1,False,,,18.71225317585203,0,0,-4.704838381550039,8.509053998396297,11.713892379946364,False,150,21001
21,7,1,False,,,14.602394997356656,0,0,5.994216572292998,8.81064771164678,1.3164311393537946,False,150,21000
21,7,1,False,,,18.75327170946019,0,0,-5.7972516323204095,8.509053998396297,12.806305630716736,False,150,21001
21,7,-1,False,,,19.840808060581576,0,0,2.914613027726915,8.81064771164678,4.396034683919873,False,150,21000
21,7,-1,False,,,28.49992142181007,0,0,-5.919102441465737,8.509053998396297,12.928156439862061,False,150,21001
22,0,1,False,,,28.975807772478134,0,0,-3.1854960158300383,6.5583036408842705,8.243799656714321,False,150,22000
22,0,1,True,79,1.58,11.166698610512693,0,0,14.386020336539074,6.171691741310358,0.9956714047712907,False,79,22001
22,0,-1,False,,,22.967349446746308,0,0,-8.06135374328629,6.5583036408842705,13.119657384170576,False,150,22000
22,0,-1,False,,,22.248909756371557,0,0,-6.633694174563933,6.171691741310358,11.305385915874306,False,150,22001
22,1,1,False,,,22.610141622005237,0,0,0.0673635849407448,6.5583036408842705,4.990940055943525,False,150,22000
22,1,1,False,,,32.45429158859615,0,0,-6.1720907845374,6.171691741310358,10.84378252584778,False,150,22001
22,1,-1,False,,,16.13656719415939,0,0,-1.864128397472092,6.5583036408842705,6.922432038356361,False,150,22000
22,1,-1,False,,,5.849249369506609,0,0,-0.7278175614596082,6.171691741310358,5.399509302769966,False,150,22001
22,2,1,False,,,12.301014484973104,0,0,-1.8590959749592042,6.5583036408842705,6.917399615843474,False,150,22000
22,2,1,False,,,10.627220779800123,0,0,-2.499695832216423,6.171691741310358,7.171387573526792,False,150,22001
22,2,-1,False,,,37.97387473760048,0,0,-3.7103473092447414,6.5583036408842705,8.768650950129022,False,150,22000
22,2,-1,False,,,30.286830235660773,0,0,-1.7436600382164864,6.171691741310358,6.4153517795268655,False,150,22001
22,3,1,False,,,19.560959410774473,0,0,-6.009977910397919,6.5583036408842705,11.068281551282208,False,150,22000
22,3,1,False,,,6.338451670111233,0,0,-1.1626363957497432,6.171691741310358,5.8343281370601,False,150,22001
22,3,-1,False,,,24.59005143852434,0,0,-4.053023731062826,6.5583036408842705,9.111327371947102,False,150,22000
22,3,-1,False,,,34.79182754939492,0,0,-2.3124362257384465,6.171691741310358,6.98412796704881,False,150,22001
22,4,1,False,,,16.875445390889134,0,0,-0.45482436612761135,6.5583036408842705,5.513128007011881,False,150,22000
22,4,1,False,,,7.4315899135685335,0,0,-1.6076680332289721,6.171691741310358,6.279359774539329,False,150,22001
22,4,-1,False,,,27.9446242458428,0,0,-8.645012698418732,6.5583036408842705,13.703316339303024,False,150,22000
22,4,-1,False,,,25.011214117167604,0,0,-5.363890397121239,6.171691741310358,10.035582138431604,False,150,22001
22,5,1,False,,,33.424879117860925,0,0,-1.895087715775444,6.5583036408842705,6.953391356659729,False,150,22000
22,5,1,False,,,40.80616086336345,0,0,-7.8062837105783744,6.171691741310358,12.477975451888753,False,150,22001
22,5,-1,False,,,3.4937202046609706,0,0,-1.4689198143612734,6.5583036408842705,6.527223455245543,False,150,22000
22,5,-1,False,,,26.637098655754667,0,0,-9.53541082674422,6.171691741310358,14.207102568054598,False,150,22001
22,6,1,False,,,24.016332146073406,0,0,-0.016817881452768857,6.5583036408842705,5.0751215223370405,False,150,22000
22,6,1,False,,,9.313957128851907,0,0,-0.5061032997393582,6.171691741310358,5.177795041049715,False,150,22001
22,6,-1,False,,,34.620966983247264,0,0,-20.92217475780078,6.5583036408842705,25.980478398685033,False,150,22000
22,6,-1,False,,,21.083493260848343,0,0,0.5274473741935839,6.171691741310358,4.144244367116788,False,150,22001
22,7,1,False,,,6.705114694083944,0,0,-2.473479717317826,6.5583036408842705,7.531783358202098,False,150,22000
22,7,1,False,,,22.902554522702363,0,0,2.6333722795836225,6.171691741310358,2.0383194617267395,False,150,22001
22,7,-1,True,91,1.82,12.52798787982603,0,0,14.67690625980827,6.5583036408842705,0.9713973810760091,False,91,22000
22,7,-1,False,,,26.915112521640413,0,0,-7.998107656183146,6.171691741310358,12.66979939749352,False,150,22001
23,0,1,False,,,13.162814171044886,0,0,-7.694960413226371,9.877821976340856,16.072782389567255,False,150,23000
23,0,1,False,,,20.638712040603927,0,0,3.2966831547811712,6.693134622732086,1.8964514679509321,False,150,23001
23,0,-1,False,,,27.482870317187068,0,0,-5.967188743618396,9.877821976340856,14.34501071995927,False,150,23000
23,0,-1,False,,,11.169111964487236,0,0,0.9581695122103113,6.693134622732086,4.234965110521774,False,150,23001
23,1,1,False,,,37.155473456072826,0,0,-15.323522247158506,9.877821976340856,23.701344223499294,False,150,23000
23,1,1,True,64,1.28,8.579713345969969,0,0,15.053477710966726,6.693134622732086,0.9996569117653665,False,64,23001
23,1,-1,False,,,23.69390837542465,0,0,-2.793511448682967,9.877821976340856,11.171333425023825,False,150,23000
23,1,-1,False,,,13.257000122609396,0,0,-0.31608854269781683,6.693134622732086,5.509223165429902,False,150,23001
23,2,1,False,,,29.81822271026138,0,0,-9.043055922767486,9.877821976340856,17.420877899108362,False,150,23000
23,2,1,False,,,17.735102602379808,0,0,2.0240684342933557,6.693134622732086,3.169066188438749,False,150,23001
23,2,-1,False,,,20.805948900164147,0,0,-6.908202532902639,9.877821976340856,15.286024509243521,False,150,23000
23,2,-1,False,,,7.188832170599006,0,0,0.033324631102612974,6.693134622732086,5.159809991629472,False,150,23001
23,3,1,False,,,16.963324369925264,0,0,-1.0175927251676165,9.877821976340856,9.395414701508471,False,150,23000
23,3,1,False,,,16.282101147439484,0,0,-5.3160095771478755,6.693134622732086,10.509144199879978,False,150,23001
23,3,-1,False,,,40.467329817062726,0,0,-9.782040092591895,9.877821976340856,18.159862068932778,False,150,23000
23,3,-1,False,,,38.89553720876259,0,0,-1.0036306227079672,6.693134622732086,6.196765245440065,False,150,23001
23,4,1,False,,,24.400121969321013,0,0,-3.1874729455229147,9.877821976340856,11.5652949218638,False,150,23000
23,4,1,False,,,23.633283467263002,0,0,-4.518072450027419,6.693134622732086,9.711207072759507,False,150,23001
23,4,-1,False,,,16.16995314967907,0,0,-0.4477382781854464,9.877821976340856,8.825560254526302,False,150,23000
23,4,-1,False,,,13.553039960437943,0,0,3.2066735742121595,6.693134622732086,1.9864610485199494,False,150,23001
23,5,1,False,,,52.485030398301646,0,0,-37.53301419571229,9.877821976340856,45.91083617205311,False,150,23000
23,5,1,False,,,36.39871700395964,0,0,-12.293844329799814,6.693134622732086,17.48697895253192,False,150,23001
23,5,-1,False,,,7.482831891557834,0,0,-1.5325335439845198,9.877821976340856,9.910355520325375,False,150,23000
23,5,-1,False,,,5.4287101055759575,0,0,-0.7055247542189812,6.693134622732086,5.898659376951066,False,150,23001
23,6,1,False,,,10.993178682108724,0,0,-1.7325069888184814,9.877821976340856,10.110328965159336,False,150,23000
23,6,1,False,,,4.669433724578522,0,0,-0.27651381113338036,6.693134622732086,5.469648433865466,False,150,23001
23,6,-1,False,,,17.843350501157033,0,0,0.14215421705039807,9.877821976340856,8.235667759290465,False,150,23000
23,6,-1,False,,,30.47514790817219,0,0,-1.1971571130319092,6.693134622732086,6.390291735764008,False,150,23001
23,7,1,False,,,13.26153080439622,0,0,-4.161859280900156,9.877821976340856,12.53968125724102,False,150,23000
23,7,1,False,,,13.505183265650063,0,0,-0.8696768319546404,6.693134622732086,6.0628114546867256,False,150,23001
23,7,-1,False,,,33.327358358695626,0,0,-7.912894432354799,9.877821976340856,16.29071640869568,False,150,23000
23,7,-1,True,81,1.62,14.530687118276568,0,0,14.908023573242309,6.693134622732086,0.9751110494897797,False,81,23001
24,0,1,False,,,13.834137744307203,0,0,-1.501289372729427,8.947442104019423,8.948731476748849,False,150,24000
24,0,1,False,,,30.27845123740614,0,0,-9.200346278214111,8.622748189231732,16.323094467445866,False,150,24001
24,0,-1,False,,,10.604988872646407,0,0,-8.92488570943069,8.947442104019423,16.37232781345014,False,150,24000
24,0,-1,False,,,11.377422284702693,0,0,-5.76282496161838,8.622748189231732,12.885573150850137,False,150,24001
24,1,1,False,,,17.95018586372428,0,0,-3.803533896425841,8.947442104019423,11.250976000445291,False,150,24000
24,1,1,False,,,32.105721160288994,0,0,-2.4569046950066307,8.622748189231732,9.57965288423837,False,150,24001
24,1,-1,False,,,21.789017350408535,0,0,-2.0045286364844688,8.947442104019423,9.451970740503908,False,150,24000
24,1,-1,False,,,16.927372087339265,0,0,-7.845245050939311,8.622748189231732,14.967993240171067,False,150,24001
24,2,1,False,,,19.333577424275298,0,0,-5.403660966563785,8.947442104019423,12.851103070583234,False,150,24000
24,2,1,False,,,17.744312888701497,0,0,-3.657849774015801,8.622748189231732,10.780597963247548,False,150,24001
24,2,-1,False,,,26.495457856114466,0,0,-5.308966978683898,8.947442104019423,12.756409082703348,False,150,24000
24,2,-1,False,,,29.127962233118193,0,0,-6.8719077698756195,8.622748189231732,13.994655959107371,False,150,24001
24,3,1,False,,,24.60177084299754,0,0,-10.20121468357737,8.947442104019423,17.6486567875968,False,150,24000
24,3,1,False,,,29.014599202248185,0,0,-18.845794832532093,8.622748189231732,25.968543021763814,False,150,24001
24,3,-1,False,,,30.582114568412052,0,0,-3.183419006643618,8.947442104019423,10.630861110663064,False,150,24000
24,3,-1,False,,,31.094867048979413,0,0,-2.200747991351414,8.622748189231732,9.323496180583161,False,150,24001
24,4,1,False,,,24.75798805754834,0,0,5.607753030433526,8.947442104019423,1.8396890735858995,False,150,24000
24,4,1,False,,,22.677232808275555,0,0,4.583346520008332,8.622748189231732,2.5394016692234054,False,150,24001
24,4,-1,False,,,37.24417653251057,0,0,-10.7573220170343,8.947442104019423,18.20476412105375,False,150,24000
24,4,-1,False,,,35.93844694622402,0,0,-6.63339598949743,8.622748189231732,13.756144178729174,False,150,24001
24,5,1,False,,,27.631956910813205,0,0,-6.1811530376114545,8.947442104019423,13.628595141630905,False,150,24000
24,5,1,False,,,23.330122778667345,0,0,-3.7701296257027312,8.622748189231732,10.89287781493447,False,150,24001
24,5,-1,False,,,13.417046361090028,0,0,-3.0243436332209033,8.947442104019423,10.47178573724034,False,150,24000
24,5,-1,False,,,21.26522852002094,0,0,-4.037679954680234,8.622748189231732,11.160428143911982,False,150,24001
24,6,1,False,,,38.188632188850264,0,0,-11.752604278820893,8.947442104019423,19.200046382840345,False,150,24000
24,6,1,False,,,35.10551423920758,0,0,-10.963191081971148,8.622748189231732,18.08593927120291,False,150,24001
24,6,-1,False,,,23.0419845161918,0,0,3.436280420328549,8.947442104019423,4.011161683690876,False,150,24000
24,6,-1,False,,,20.910722073480475,0,0,-0.7415808084909284,8.622748189231732,7.86432899772266,False,150,24001
24,7,1,False,,,16.054114965082643,0,0,-1.2284645270261585,8.947442104019423,8.675906631045587,False,150,24000
24,7,1,False,,,33.1920482046659,0,0,-3.4561289449710806,8.622748189231732,10.578877134202815,False,150,24001
24,7,-1,False,,,9.347563118042572,0,0,-5.71801069043588,8.947442104019423,13.165452794455327,False,150,24000
24,7,-1,False,,,9.923880979473454,0,0,-6.099579136760543,8.622748189231732,13.222327325992298,False,150,24001
25,0,1,False,,,30.650399202817244,0,0,1.7394256543200342,8.608358986740983,5.368933332420954,False,150,25000
25,0,1,False,,,35.871642744254736,0,0,-13.761215627458148,8.121373464544156,20.382589092002263,False,150,25001
25,0,-1,False,,,14.712639339749428,0,0,-1.0568616917112452,8.608358986740983,8.165220678452227,False,150,25000
25,0,-1,False,,,12.473839069849005,0,0,-2.342579764081382,8.121373464544156,8.963953228625543,False,150,25001
25,1,1,False,,,9.020718925838388,0,0,-2.131693010664442,8.608358986740983,9.240051997405425,False,150,25000
25,1,1,False,,,18.085611146713372,0,0,-0.9927082239172285,8.121373464544156,7.6140816884613844,False,150,25001
25,1,-1,False,,,32.81241386730947,0,0,0.7609381337719501,8.608358986740983,6.347420852969038,False,150,25000
25,1,-1,False,,,33.82882249574173,0,0,-9.349822192002067,8.121373464544156,15.971195656546248,False,150,25001
25,2,1,False,,,19.876849933074986,0,0,-1.1875170303023395,8.608358986740983,8.295876017043321,False,150,25000
25,2,1,False,,,19.961204530858545,0,0,-0.7704213508115119,8.121373464544156,7.391794815355672,False,150,25001
25,2,-1,False,,,16.44405055544518,0,0,0.8525827465986144,8.608358986740983,6.255776240142367,False,150,25000
25,2,-1,False,,,27.019429913751605,0,0,-6.836223884506593,8.121373464544156,13.457597349050772,False,150,25001
25,3,1,False,,,15.853699961711344,0,0,-3.1644363195653664,8.608358986740983,10.272795306306357,False,150,25000
25,3,1,False,,,8.470094653914364,0,0,-1.9273326715871744,8.121373464544156,8.54870613613133,False,150,25001
25,3,-1,False,,,41.57045124191995,0,0,-2.897049065508271,8.608358986740983,10.005408052249255,False,150,25000
25,3,-1,False,,,27.902960233562062,0,0,-1.4242835915640757,8.121373464544156,8.04565705610825,False,150,25001
25,4,1,False,,,38.32722366393623,0,0,-0.8986912034472248,8.608358986740983,8.007050190188219,False,150,25000
25,4,1,False,,,17.739686870816822,0,0,-3.0629348128877147,8.121373464544156,9.684308277431898,False,150,25001
25,4,-1,False,,,8.723075097698676,0,0,-1.7427549169760903,8.608358986740983,8.851113903717073,False,150,25000
25,4,-1,False,,,2.663622461436849,0,0,-1.4997059574522844,8.121373464544156,8.12107942199644,False,150,25001
25,5,1,False,,,6.2448251884932,0,0,-3.4082789110629763,8.608358986740983,10.51663789780397,False,150,25000
25,5,1,False,,,19.999323937343085,0,0,-2.6658909215405453,8.121373464544156,9.287264386084713,False,150,25001
25,5,-1,False,,,16.933518728466275,0,0,1.629612382621683,8.608358986740983,5.4787466041193165,False,150,25000
25,5,-1,False,,,16.254365531108753,0,0,0.11922228589394002,8.121373464544156,6.502151178650215,False,150,25001
25,6,1,False,,,18.064615943091617,0,0,-3.9674711940888585,8.608358986740983,11.075830180829847,False,150,25000
25,6,1,False,,,15.65245740468223,0,0,-5.803956751257184,8.121373464544156,12.42533021580136,False,150,25001
25,6,-1,False,,,24.18694587602185,0,0,-1.543632438168268,8.608358986740983,8.65199142490925,False,150,25000
25,6,-1,False,,,21.497606559751812,0,0,-3.83446493372152,8.121373464544156,10.455838398265703,False,150,25001
25,7,1,False,,,13.043581983606527,0,0,-1.7479679266791674,8.608358986740983,8.85632691342015,False,150,25000
25,7,1,False,,,15.509419469654988,0,0,-2.0496525087089283,8.121373464544156,8.671025973253085,False,150,25001
25,7,-1,False,,,39.677163816858176,0,0,2.4012502191238534,8.608358986740983,4.707108767617138,False,150,25000
25,7,-1,False,,,34.490015361014756,0,0,-4.936635503520159,8.121373464544156,11.558008968064334,False,150,25001
26,0,1,False,,,34.07697777777649,0,0,-9.527819966431666,10.130788447048726,18.158608413480415,False,150,26000
26,0,1,True,118,2.36,17.29208100708166,0,0,17.192308453343152,9.310395720291833,0.9380872669486966,False,118,26001
26,0,-1,False,,,24.95002720333666,0,0,3.3951930036152556,10.130788447048726,5.235595443433479,False,150,26000
26,0,-1,False,,,21.76867989385982,0,0,-10.697625074723828,9.310395720291833,18.508020795015685,False,150,26001
26,1,1,False,,,26.91348977676697,0,0,-2.0572840732798454,10.130788447048726,10.68807252032858,False,150,26000
26,1,1,False,,,23.426540444744894,0,0,-0.3763800097163108,9.310395720291833,8.186775730008145,False,150,26001
26,1,-1,False,,,22.49122787545397,0,0,-0.25722361171858843,10.130788447048726,8.88801205876733,False,150,26000
26,1,-1,False,,,17.023135090121215,0,0,-8.26008432821253,9.310395720291833,16.070480048504386,False,150,26001
26,2,1,False,,,22.532602152154784,0,0,0.2829644087368297,10.130788447048726,8.347824038311897,False,150,26000
26,2,1,False,,,11.444110970994126,0,0,-1.4419542565575594,9.310395720291833,9.252349976849391,False,150,26001
26,2,-1,False,,,36.02937458503997,0,0,-5.517790409219313,10.130788447048726,14.148578856268061,False,150,26000
26,2,-1,True,90,1.8,11.243222300050027,0,0,17.456402944071307,9.310395720291833,0.9539927762205337,False,90,26001
26,3,1,False,,,19.356707882470317,0,0,0.9050088785507471,10.130788447048726,7.725779568497978,False,150,26000
26,3,1,False,,,14.639684716118724,0,0,-7.575161443019113,9.310395720291833,15.385557163310965,False,150,26001
26,3,-1,False,,,18.244411457655403,0,0,-3.8686954203905577,10.130788447048726,12.499483867439311,False,150,26000
26,3,-1,False,,,12.57504725730388,0,0,1.6850182514074532,9.310395720291833,6.125377468884379,False,150,26001
26,4,1,False,,,15.873722536472982,0,0,-3.1946637548084924,10.130788447048726,11.825452201857244,False,150,26000
26,4,1,False,,,18.563666960380793,0,0,-4.92305823936699,9.310395720291833,12.733453959658839,False,150,26001
26,4,-1,False,,,25.811800535713452,0,0,-1.62886585366998,10.130788447048726,10.259654300718728,False,150,26000
26,4,-1,False,,,13.323231332183406,0,0,-0.3841248558196241,9.310395720291833,8.194520576111456,False,150,26001
26,5,1,False,,,31.625979747493435,0,0,5.045201158064259,10.130788447048726,3.585587288984472,False,150,26000
26,5,1,False,,,31.197094213477083,0,0,-14.389527818341111,9.310395720291833,22.19992353863297,False,150,26001
26,5,-1,False,,,43.43758151691406,0,0,-17.53438412335061,10.130788447048726,26.165172570399353,False,150,26000
26,5,-1,False,,,38.35725961642466,0,0,-5.716861796840711,9.310395720291833,13.527257517132567,False,150,26001
26,6,1,False,,,27.251260427217574,0,0,-3.0861585643443226,10.130788447048726,11.71694701139305,False,150,26000
26,6,1,False,,,22.82968401013689,0,0,-7.731621078908765,9.310395720291833,15.54201679920062,False,150,26001
26,6,-1,False,,,25.18566285911812,0,0,-4.511247605584984,10.130788447048726,13.142036052633735,False,150,26000
26,6,-1,False,,,29.84965911922004,0,0,-7.565127343228479,9.310395720291833,15.37552306352033,False,150,26001
26,7,1,False,,,24.158841598097396,0,0,1.0304051586102034,10.130788447048726,7.600383288438521,False,150,26000
26,7,1,False,,,15.830450455562858,0,0,-3.1613185559989514,9.310395720291833,10.971714276290802,False,150,26001
26,7,-1,False,,,32.87145947127182,0,0,-6.588121946222075,10.130788447048726,15.218910393270823,False,150,26000
26,7,-1,False,,,25.0937118695067,0,0,1.16462619730503,9.310395720291833,6.645769522986811,False,150,26001
27,0,1,False,,,12.328619517512225,0,0,-2.935656275284386,8.71475391081264,10.150410186097035,False,150,27000
27,0,1,False,,,14.357197940024665,0,0,-8.764421872051718,10.205205859903506,17.469627731955246,False,150,27001
27,0,-1,False,,,24.00377420075781,0,0,-3.2173012205748064,8.71475391081264,10.432055131387473,False,150,27000
27,0,-1,False,,,33.67695026820054,0,0,-0.8641166116783638,10.205205859903506,9.569322471581874,False,150,27001
27,1,1,False,,,35.26446745718246,0,0,1.2882696878570563,8.71475391081264,5.926484222955586,False,150,27000
27,1,1,False,,,44.522167027316186,0,0,-4.5753318831335905,10.205205859903506,13.280537743037105,False,150,27001
27,1,-1,False,,,39.835884349973,0,0,-9.299015404894533,8.71475391081264,16.5137693157072,False,150,27000
27,1,-1,False,,,42.65033449754752,0,0,-11.371476257414537,10.205205859903506,20.076682117317983,False,150,27001
27,2,1,False,,,20.600661655630436,0,0,3.5852033516278277,8.71475391081264,3.62955055918482,False,150,27000
27,2,1,False,,,18.99975058868244,0,0,2.8742074414806327,10.205205859903506,5.830998418422876,False,150,27001
27,2,-1,False,,,22.884971073040898,0,0,0.2189510003945523,8.71475391081264,6.995802910418088,False,150,27000
27,2,-1,False,,,19.721021154153412,0,0,-4.084538862836768,10.205205859903506,12.789744722740295,False,150,27001
27,3,1,False,,,20.656718808226646,0,0,-2.62943585884127,8.71475391081264,9.844189769653935,False,150,27000
27,3,1,False,,,25.5705605334986,0,0,-4.944841847476912,10.205205859903506,13.650047707380446,False,150,27001
27,3,-1,False,,,23.120782372204275,0,0,3.2310467707175707,8.71475391081264,3.983707140095076,False,150,27000
27,3,-1,False,,,22.336654186455647,0,0,3.065247676039987,10.205205859903506,5.6399581838635315,False,150,27001
27,4,1,False,,,23.134428841766645,0,0,0.1608866938088337,8.71475391081264,7.053867217003823,False,150,27000
27,4,1,False,,,24.152821355436647,0,0,0.3721786360343653,10.205205859903506,8.333027223869152,False,150,27001
27,4,-1,False,,,23.958208224626677,0,0,-4.649310908957057,8.71475391081264,11.86406481976972,False,150,27000
27,4,-1,False,,,22.51904751905599,0,0,1.4647375859505345,10.205205859903506,7.24046827395298,False,150,27001
27,5,1,False,,,22.801406766914486,0,0,-2.1566499075694416,8.71475391081264,9.37140381838209,False,150,27000
27,5,1,False,,,25.44585578224402,0,0,-3.687440273311477,10.205205859903506,12.392646133215006,False,150,27001
27,5,-1,False,,,20.687331576727907,0,0,-4.040700852348646,8.71475391081264,11.255454763161312,False,150,27000
27,5,-1,False,,,17.0209565695921,0,0,-6.631741865249918,10.205205859903506,15.336947725153452,False,150,27001
27,6,1,False,,,21.64015799460242,0,0,-5.498070861027207,8.71475391081264,12.712824771839873,False,150,27000
27,6,1,False,,,23.160237051766273,0,0,-3.7302762231829556,10.205205859903506,12.43548208308649,False,150,27001
27,6,-1,False,,,25.275721736918975,0,0,3.071353708472061,8.71475391081264,4.143400202340583,False,150,27000
27,6,-1,False,,,22.162682284201228,0,0,-0.8065143232883909,10.205205859903506,9.511720183191896,False,150,27001
27,7,1,False,,,28.683679215394918,0,0,-4.576227661267172,8.71475391081264,11.790981572079824,False,150,27000
27,7,1,False,,,28.618317458795005,0,0,-5.009959801193708,10.205205859903506,13.715165661097233,False,150,27001
27,7,-1,False,,,11.964275059902931,0,0,-5.18820662746799,8.71475391081264,12.402960538280652,False,150,27000
27,7,-1,False,,,7.2316445414175785,0,0,-6.56950530909941,10.205205859903506,15.274711169002945,False,150,27001
28,0,1,False,,,8.99778039929977,0,0,-0.8566278698156059,6.596509574530437,5.953137444346042,False,150,28000
28,0,1,False,,,9.922914028070812,0,0,-3.077892823095265,7.7764530376561805,9.354345860751451,False,150,28001
28,0,-1,False,,,16.804248148840585,0,0,-3.9019470145134854,6.596509574530437,8.998456589043931,False,150,28000
28,0,-1,False,,,13.144511244614156,0,0,0.12155061840812895,7.7764530376561805,6.15490241924805,False,150,28001
28,1,1,False,,,20.993815314980118,0,0,-6.575183673250499,6.596509574530437,11.67169324778095,False,150,28000
28,1,1,False,,,20.39782930187727,0,0,3.671834152625192,7.7764530376561805,2.604618885031001,False,150,28001
28,1,-1,False,,,20.10631036616081,0,0,-0.08119394889439689,6.596509574530437,5.1777035234248325,False,150,28000
28,1,-1,False,,,24.248013980806945,0,0,-4.769553599668357,7.7764530376561805,11.046006637324558,False,150,28001
28,2,1,False,,,23.09348355646278,0,0,-10.874961078589962,6.596509574530437,15.971470653120425,False,150,28000
28,2,1,False,,,14.574882342206529,0,0,-3.604508159183518,7.7764530376561805,9.880961196839724,False,150,28001
28,2,-1,False,,,23.76969866150577,0,0,-2.7209045934868055,6.596509574530437,7.817414168017253,False,150,28000
28,2,-1,True,114,2.2800000000000002,15.877919992713604,0,0,15.692613029029891,7.7764530376561805,0.943840008626296,False,114,28001
28,3,1,False,,,10.641356347282207,0,0,3.3705172593921815,6.596509574530437,1.7259923151382743,False,150,28000
28,3,1,True,122,2.44,14.301986741549674,0,0,15.727854407210994,7.7764530376561805,0.8285986304451941,False,122,28001
28,3,-1,False,,,24.036174930978135,0,0,-11.239008142328549,6.596509574530437,16.335517716859012,False,150,28000
28,3,-1,False,,,20.58808107269767,0,0,-8.477940257691833,7.7764530376561805,14.754393295348038,False,150,28001
28,4,1,False,,,4.554499169308074,0,0,-1.114396855258227,6.596509574530437,6.210906429788663,False,150,28000
28,4,1,False,,,5.923944053625561,0,0,-0.24000710877371578,7.7764530376561805,6.516460146429895,False,150,28001
28,4,-1,False,,,18.56240122717938,0,0,-3.377355112301192,6.596509574530437,8.473864686831636,False,150,28000
28,4,-1,False,,,12.765891331886703,0,0,-1.8372942743536274,7.7764530376561805,8.113747312009806,False,150,28001
28,5,1,False,,,18.86901424861206,0,0,-4.558467652382694,6.596509574530437,9.654977226913148,False,150,28000
28,5,1,False,,,14.259643910533432,0,0,-3.9131544136034107,7.7764530376561805,10.189607451259606,False,150,28001
28,5,-1,False,,,30.131962290668945,0,0,1.1163803092323354,6.596509574530437,3.980129265298101,False,150,28000
28,5,-1,False,,,27.790052260806327,0,0,-1.5175952060212394,7.7764530376561805,7.794048243677435,False,150,28001
28,6,1,False,,,11.81992685685329,0,0,1.1600705310438184,6.596509574530437,3.9364390434866174,False,150,28000
28,6,1,False,,,12.063549018732507,0,0,0.2692276024511284,7.7764530376561805,6.007225435205051,False,150,28001
28,6,-1,False,,,13.892100685011151,0,0,-0.6652958037135495,6.596509574530437,5.761805378243985,False,150,28000
28,6,-1,False,,,13.321403671159972,0,0,-0.2676878818389179,7.7764530376561805,6.5441409194950975,False,150,28001
28,7,1,False,,,15.057323231291656,0,0,-0.6228606829315154,6.596509574530437,5.719370257461951,False,150,28000
28,7,1,False,,,14.353460477751137,0,0,2.6923901435160214,7.7764530376561805,3.584062894140165,False,150,28001
28,7,-1,False,,,27.093520699902403,0,0,-3.92855423361034,6.596509574530437,9.025063808140791,False,150,28000
28,7,-1,False,,,15.054325024575666,0,0,1.1695703155560002,7.7764530376561805,5.106882722100179,False,150,28001
29,0,1,False,,,11.070760520520846,0,0,-1.3850634384290386,8.823031649463335,8.708095087892373,False,150,29000
29,0,1,False,,,17.48489271259879,0,0,-1.2829981096089451,8.978019710017378,8.761017819626343,False,150,29001
29,0,-1,False,,,21.77539858131749,0,0,1.1596087819616758,8.823031649463335,6.163422867501658,False,150,29000
29,0,-1,False,,,27.864572146869946,0,0,-0.3332280701359622,8.978019710017378,7.811247780153349,False,150,29001
29,1,1,False,,,18.746815153328843,0,0,-4.389507121985398,8.823031649463335,11.712538771448742,False,150,29000
29,1,1,False,,,18.040826335355803,0,0,-3.589446338764837,8.978019710017378,11.067466048782238,False,150,29001
29,1,-1,False,,,5.793733803687959,0,0,-1.3273172759916314,8.823031649463335,8.650348925454965,False,150,29000
29,1,-1,False,,,26.45948317613525,0,0,-2.7356862914246305,8.978019710017378,10.213706001442024,False,150,29001
29,2,1,False,,,18.241118504093578,0,0,-4.523039233118653,8.823031649463335,11.846070882581996,False,150,29000
29,2,1,False,,,26.922348524763557,0,0,-0.12207041208554859,8.978019710017378,7.600090122102929,False,150,29001
29,2,-1,False,,,4.841996585028773,0,0,-1.1938267126898348,8.823031649463335,8.516858362153169,False,150,29000
29,2,-1,False,,,25.243002361042734,0,0,0.9959837662787248,8.978019710017378,6.482035943738652,False,150,29001
29,3,1,False,,,23.50990577021546,0,0,0.32151482615788995,8.823031649463335,7.001516823305458,False,150,29000
29,3,1,False,,,25.10569448108539,0,0,-3.6640489746341363,8.978019710017378,11.142068684651528,False,150,29001
29,3,-1,False,,,15.487656484410023,0,0,-5.01753703630461,8.823031649463335,12.340568685767954,False,150,29000
29,3,-1,False,,,22.403511747288338,0,0,1.1844439277888599,8.978019710017378,6.293575782228524,False,150,29001
29,4,1,False,,,21.645879759437165,0,0,-1.9353876562359786,8.823031649463335,9.258419305699313,False,150,29000
29,4,1,False,,,31.671247794377802,0,0,-5.718398714455587,8.978019710017378,13.196418424472974,False,150,29001
29,4,-1,False,,,12.714340858661943,0,0,-6.062462527642117,8.823031649463335,13.385494177105468,False,150,29000
29,4,-1,False,,,9.425069396015719,0,0,-5.625741518278122,8.978019710017378,13.103761228295525,False,150,29001
29,5,1,False,,,28.867721435461082,0,0,-1.7823238757410858,8.823031649463335,9.105355525204434,False,150,29000
29,5,1,False,,,36.840375131872264,0,0,-7.454643645038522,8.978019710017378,14.932663355055926,False,150,29001
29,5,-1,False,,,5.62150835482437,0,0,-1.3771923855447359,8.823031649463335,8.70022403500807,False,150,29000
29,5,-1,False,,,13.437568971564914,0,0,-1.8624530944950348,8.978019710017378,9.340472804512423,False,150,29001
29,6,1,False,,,27.856884036646644,0,0,-11.325106560465873,8.823031649463335,18.648138209929225,False,150,29000
29,6,1,False,,,26.987070515353647,0,0,0.5217759158815918,8.978019710017378,6.956243794135788,False,150,29001
29,6,-1,False,,,19.697052506626616,0,0,-2.385996591149812,8.823031649463335,9.709028240613174,False,150,29000
29,6,-1,False,,,30.78749605534989,0,0,-6.096473786935783,8.978019710017378,13.574493496953181,False,150,29001
29,7,1,False,,,17.188193475056767,0,0,-3.51070762011755,8.823031649463335,10.833739269580896,False,150,29000
29,7,1,False,,,24.841634224950898,0,0,3.776024246009663,8.978019710017378,3.701995464007721,False,150,29001
29,7,-1,False,,,25.040315565274312,0,0,-1.159018767411498,8.823031649463335,8.482050416874854,False,150,29000
29,7,-1,False,,,31.00731391699862,0,0,-3.6598630791172493,8.978019710017378,11.137882789134645,False,150,29001
30,0,1,False,,,36.07652216328828,0,0,-2.0807714713353462,8.882241559148271,9.46301303048363,False,150,30000
30,0,1,False,,,22.25963150411564,0,0,-1.2895050849462546,8.880110786370984,8.66961587131724,False,150,30001
30,0,-1,False,,,17.39267666405512,0,0,-3.4050635540802245,8.882241559148271,10.787305113228507,False,150,30000
30,0,-1,False,,,16.73696767640904,0,0,-2.510641775273382,8.880110786370984,9.89075256164437,False,150,30001
30,1,1,False,,,23.44062070651364,0,0,-7.2055818371139555,8.882241559148271,14.587823396262236,False,150,30000
30,1,1,False,,,22.144293635240178,0,0,-9.190100392595726,8.880110786370984,16.570211178966737,False,150,30001
30,1,-1,False,,,40.83603928891256,0,0,1.2716665069006965,8.882241559148271,6.110575052247581,False,150,30000
30,1,-1,True,109,2.18,17.505209948417207,0,0,16.810775083816907,8.880110786370984,0.9793357025540876,False,109,30001
30,2,1,False,,,37.61618536057062,0,0,0.40163329094184363,8.882241559148271,6.980608268206427,False,150,30000
30,2,1,False,,,10.490380443480674,0,0,-0.7401164450824805,8.880110786370984,8.120227231453464,False,150,30001
30,2,-1,False,,,26.89589654773629,0,0,-4.026060742829142,8.882241559148271,11.408302301977418,False,150,30000
30,2,-1,False,,,11.214274738835783,0,0,0.23283916981070052,8.880110786370984,7.147271616560283,False,150,30001
30,3,1,False,,,25.90714568552582,0,0,-4.796223998370057,8.882241559148271,12.178465557518333,False,150,30000
30,3,1,False,,,23.111682133506264,0,0,-9.466202763222734,8.880110786370984,16.84631354959374,False,150,30001
30,3,-1,False,,,34.55923893066577,0,0,-1.825522857872511,8.882241559148271,9.20776441702079,False,150,30000
30,3,-1,False,,,34.02101576588371,0,0,3.03867198700892,8.880110786370984,4.341438799362075,False,150,30001
30,4,1,False,,,27.12523355679533,0,0,-5.815645432343487,8.882241559148271,13.19788699149177,False,150,30000
30,4,1,False,,,21.03425080548379,0,0,-1.978526989131964,8.880110786370984,9.358637775502947,False,150,30001
30,4,-1,False,,,24.659364340937465,0,0,-7.052505100905663,8.882241559148271,14.434746660053946,False,150,30000
30,4,-1,False,,,9.797532635110075,0,0,-3.3927695427202567,8.880110786370984,10.772880329091262,False,150,30001
30,5,1,False,,,37.15102227437567,0,0,-1.6320315193680788,8.882241559148271,9.014273078516352,False,150,30000
30,5,1,False,,,4.447187468373262,0,0,-0.5639986777775896,8.880110786370984,7.944109464148573,False,150,30001
30,5,-1,False,,,21.816539153238555,0,0,-3.8384824072256114,8.882241559148271,11.220723966373887,False,150,30000
30,5,-1,False,,,24.32531998605337,0,0,-2.4250099150098476,8.880110786370984,9.805120701380844,False,150,30001
30,6,1,False,,,39.083789372058625,0,0,-1.8747537054712107,8.882241559148271,9.256995264619487,False,150,30000
30,6,1,False,,,14.050585649031717,0,0,-4.785640363477032,8.880110786370984,12.165751149848031,False,150,30001
30,6,-1,False,,,7.9745799664336365,0,0,-3.6870029879256574,8.882241559148271,11.069244547073936,False,150,30000
30,6,-1,False,,,12.012007404748617,0,0,4.105680122424609,8.880110786370984,3.274430663946392,False,150,30001
30,7,1,False,,,26.585039330169238,0,0,-1.438234009271619,8.882241559148271,8.820475568419889,False,150,30000
30,7,1,False,,,15.943774327750857,0,0,-2.914872428624121,8.880110786370984,10.294983214995113,False,150,30001
30,7,-1,False,,,13.576348827601025,0,0,-7.694105410507637,8.882241559148271,15.076346969655932,False,150,30000
30,7,-1,False,,,16.596309916594922,0,0,3.8994724475547,8.880110786370984,3.4806383388162985,False,150,30001
31,0,1,True,81,1.62,14.79631180330898,0,0,15.48270325001194,7.194006919170754,0.9013036691588157,False,81,31000
31,0,1,False,,,25.370336563261873,0,0,-0.39007811443802765,7.695320190053505,6.585398304491548,False,150,31001
31,0,-1,False,,,25.19838522252818,0,0,-2.201834531146935,7.194006919170754,7.895841450317705,False,150,31000
31,0,-1,False,,,34.558392293958136,0,0,-3.3724346631062208,7.695320190053505,9.567754853159737,False,150,31001
31,1,1,False,,,27.269271996302237,0,0,-1.4073768068755732,7.194006919170754,7.1013837260463335,False,150,31000
31,1,1,False,,,38.09436099716164,0,0,0.5434041668278391,7.695320190053505,5.651916023225682,False,150,31001
31,1,-1,False,,,38.81676394985126,0,0,-5.217680866501996,7.194006919170754,10.911687785672756,False,150,31000
31,1,-1,False,,,34.79753005948665,0,0,-5.3842028562868505,7.695320190053505,11.57952304634037,False,150,31001
31,2,1,False,,,30.815854997242276,0,0,-2.6202506282226103,7.194006919170754,8.314257547393368,False,150,31000
31,2,1,False,,,34.7486889800719,0,0,-1.155460166226163,7.695320190053505,7.350780356279672,False,150,31001
31,2,-1,False,,,25.484113679730395,0,0,2.2768806938926653,7.194006919170754,3.417126225278098,False,150,31000
31,2,-1,False,,,26.969750725511805,0,0,-7.597876168725733,7.695320190053505,13.793196358779246,False,150,31001
31,3,1,False,,,27.96448981000392,0,0,-0.4045424081113258,7.194006919170754,6.098549327282078,False,150,31000
31,3,1,False,,,24.192387995144305,0,0,0.3545243990136926,7.695320190053505,5.840795791039811,False,150,31001
31,3,-1,False,,,11.551883514819142,0,0,-3.7182558555851664,7.194006919170754,9.412262774755947,False,150,31000
31,3,-1,False,,,22.607789939966146,0,0,-3.6321014324795744,7.695320190053505,9.82742162253309,False,150,31001
31,4,1,False,,,20.850849064400386,0,0,-3.1716984787084375,7.194006919170754,8.865705397879216,False,150,31000
31,4,1,False,,,26.001877252733763,0,0,-1.6726152393121834,7.695320190053505,7.867935429365687,False,150,31001
31,4,-1,False,,,24.990313913631024,0,0,-3.0258114593214867,7.194006919170754,8.719818378492242,False,150,31000
31,4,-1,False,,,21.52734512044947,0,0,-2.170611661652684,7.695320190053505,8.365931851706188,False,150,31001
31,5,1,False,,,26.375505390645095,0,0,-1.0283561807179828,7.194006919170754,6.722363099888751,False,150,31000
31,5,1,False,,,19.375174238608327,0,0,-1.6795977114564473,7.695320190053505,7.874917901509951,False,150,31001
31,5,-1,False,,,21.602999123525013,0,0,-1.1168763097644399,7.194006919170754,6.810883228935207,False,150,31000
31,5,-1,False,,,21.387240480455606,0,0,-2.48602816438195,7.695320190053505,8.681348354435459,False,150,31001
31,6,1,False,,,26.93728774769645,0,0,-0.21822932921013827,7.194006919170754,5.912236248380895,False,150,31000
31,6,1,False,,,30.09572723690393,0,0,-3.305532727249915,7.695320190053505,9.50085291730342,False,150,31001
31,6,-1,False,,,27.345003158327465,0,0,4.353358857301413,7.194006919170754,1.3406480618693446,False,150,31000
31,6,-1,False,,,30.860531699625415,0,0,1.4562934674123718,7.695320190053505,4.739026722641142,False,150,31001
31,7,1,False,,,24.36596885523996,0,0,-1.16853910607033,7.194006919170754,6.862546025241087,False,150,31000
31,7,1,False,,,36.54909329258311,0,0,-1.760513529224662,7.695320190053505,7.955833719278175,False,150,31001
31,7,-1,False,,,27.322756693047445,0,0,0.7611303463026282,7.194006919170754,4.932876572868128,False,150,31000
31,7,-1,False,,,12.9747991737559,0,0,-3.432687081748951,7.695320190053505,9.628007271802476,False,150,31001
32,0,1,False,,,16.11751211505202,0,0,-3.3643245669125763,9.06420454434389,10.928529111256472,False,150,32000
32,0,1,False,,,17.897324620036272,0,0,-3.388938806917455,7.093987868108297,8.982926675025768,False,150,32001
32,0,-1,False,,,26.48684249472995,0,0,1.7529018288620652,9.06420454434389,5.811302715481843,False,150,32000
32,0,-1,False,,,33.84955500185674,0,0,-2.474003688191031,7.093987868108297,8.067991556299331,False,150,32001
32,1,1,False,,,15.610142386012319,0,0,1.7503154977066882,9.06420454434389,5.813889046637221,False,150,32000
32,1,1,False,,,30.210118162039777,0,0,-1.2949915164001615,7.093987868108297,6.888979384508457,False,150,32001
32,1,-1,False,,,27.714931971106708,0,0,-13.70736491423732,9.06420454434389,21.271569458581233,False,150,32000
32,1,-1,False,,,26.20299529608199,0,0,-6.856611220130968,7.093987868108297,12.450599088239278,False,150,32001
32,2,1,False,,,21.333506803734846,0,0,-0.4845601132985574,9.06420454434389,8.048764657642446,False,150,32000
32,2,1,False,,,26.29316265251943,0,0,-2.51871251637155,7.093987868108297,8.112700384479856,False,150,32001
32,2,-1,False,,,14.688826401753634,0,0,-2.3440844393747637,9.06420454434389,9.908288983718654,False,150,32000
32,2,-1,False,,,25.501338664132895,0,0,-1.9110442518240676,7.093987868108297,7.5050321199323635,False,150,32001
32,3,1,False,,,4.573461855871135,0,0,-0.12017236725574867,9.06420454434389,7.684376911599637,False,150,32000
32,3,1,False,,,21.341031528518844,0,0,-5.623067209597726,7.093987868108297,11.217055077706041,False,150,32001
32,3,-1,False,,,10.684779335168583,0,0,-0.3403827984163275,9.06420454434389,7.904587342760216,False,150,32000
32,3,-1,False,,,28.795944595579037,0,0,-1.6981998356072916,7.093987868108297,7.292187703715587,False,150,32001
32,4,1,False,,,26.088523304566092,0,0,2.501455665302532,9.06420454434389,5.062748879041362,False,150,32000
32,4,1,False,,,39.367686122968486,0,0,-1.2960312465276649,7.093987868108297,6.890019114635967,False,150,32001
32,4,-1,False,,,28.62513498848447,0,0,-11.89349496351915,9.06420454434389,19.45769950786306,False,150,32000
32,4,-1,False,,,29.062654977174653,0,0,-13.802353179533737,7.093987868108297,19.396341047642053,False,150,32001
32,5,1,False,,,16.757237933461266,0,0,-1.5369045288013268,9.06420454434389,9.101109073145215,False,150,32000
32,5,1,False,,,26.477305636253796,0,0,-1.3903362906621073,7.093987868108297,6.984324158770417,False,150,32001
32,5,-1,False,,,21.751906402870933,0,0,-1.5084912787881346,9.06420454434389,9.072695823132022,False,150,32000
32,5,-1,False,,,29.519975423220814,0,0,-3.680324107004801,7.093987868108297,9.274311975113113,False,150,32001
32,6,1,False,,,6.897153656446652,0,0,1.4869334876669562,9.06420454434389,6.077271056676947,False,150,32000
32,6,1,False,,,21.94182223839887,0,0,-0.3652164188733887,7.093987868108297,5.959204286981684,False,150,32001
32,6,-1,False,,,20.72537768100038,0,0,-4.3875975124312045,9.06420454434389,11.951802056775108,False,150,32000
32,6,-1,False,,,24.233905961231716,0,0,-4.87294655425756,7.093987868108297,10.466934422365874,False,150,32001
32,7,1,False,,,12.49503155380366,0,0,2.2610789569232974,9.06420454434389,5.303125587420594,False,150,32000
32,7,1,False,,,20.038790801543136,0,0,-6.282084510952409,7.093987868108297,11.876072379060725,False,150,32001
32,7,-1,False,,,18.499372855779356,0,0,2.6953998180791015,9.06420454434389,4.86880472626479,False,150,32000
32,7,-1,False,,,39.58765228782737,0,0,0.10610221297852743,7.093987868108297,5.487885655129771,False,150,32001
33,0,1,False,,,14.38085468319038,0,0,0.18766213721462477,7.763008706410336,6.07534656919571,False,150,33000
33,0,1,True,132,2.64,13.293478272989827,0,0,14.383859833145113,6.681851709729574,0.9779918765844642,False,132,33001
33,0,-1,False,,,25.25665695543842,0,0,1.4780089346556335,7.763008706410336,4.784999771754701,False,150,33000
33,0,-1,False,,,27.110051316302133,0,0,-8.021730800575224,6.681851709729574,13.203582510304818,False,150,33001
33,1,1,False,,,12.057607677572017,0,0,-3.2337102307476404,7.763008706410336,9.496718937157988,False,150,33000
33,1,1,False,,,20.740415362871634,0,0,-3.6691061373571294,6.681851709729574,8.850957847086715,False,150,33001
33,1,-1,False,,,11.798625616492522,0,0,0.09933593520463463,7.763008706410336,6.1636727712057,False,150,33000
33,1,-1,False,,,17.137291128554338,0,0,3.404876815786435,6.681851709729574,1.7769748939431567,False,150,33001
33,2,1,False,,,17.61639558911269,0,0,-0.8221880016000438,7.763008706410336,7.085196708010388,False,150,33000
33,2,1,False,,,20.275075940668756,0,0,-2.343143784811792,6.681851709729574,7.524995494541366,False,150,33001
33,2,-1,False,,,15.852312101492192,0,0,1.4912453633963814,7.763008706410336,4.771763343013953,False,150,33000
33,2,-1,True,101,2.02,11.610068896310885,0,0,14.711302100819672,6.681851709729574,0.9605496089099085,False,101,33001
33,3,1,False,,,32.06500060379177,0,0,-12.541498839951284,7.763008706410336,18.804507546361638,False,150,33000
33,3,1,False,,,31.30398647089237,0,0,-18.30017514150503,6.681851709729574,23.482026851234604,False,150,33001
33,3,-1,False,,,30.355865861147876,0,0,2.893728023244135,7.763008706410336,3.369280683166207,False,150,33000
33,3,-1,False,,,33.21246555149686,0,0,3.2037407572732084,6.681851709729574,1.9781109524563698,False,150,33001
33,4,1,False,,,22.474467921416917,0,0,0.006911268250890973,7.763008706410336,6.256097438159443,False,150,33000
33,4,1,False,,,38.37318310652995,0,0,-0.8007806185403652,6.681851709729574,5.982632328269939,False,150,33001
33,4,-1,False,,,21.779227581217288,0,0,-9.76405774006,7.763008706410336,16.027066446470354,False,150,33000
33,4,-1,False,,,18.141542530091332,0,0,-3.6273437696149617,6.681851709729574,8.80919547934455,False,150,33001
33,5,1,False,,,19.47919924322622,0,0,-4.068685561088374,7.763008706410336,10.331694267498715,False,150,33000
33,5,1,False,,,9.202484291780936,0,0,0.6761581928212285,6.681851709729574,4.5056935169083445,False,150,33001
33,5,-1,False,,,35.545094012726715,0,0,-3.0330043208997477,7.763008706410336,9.296013027310108,False,150,33000
33,5,-1,False,,,28.2207960659082,0,0,2.7891834687502106,6.681851709729574,2.3926682409793782,False,150,33001
33,6,1,False,,,9.542970299388461,0,0,0.46555791326319673,7.763008706410336,5.797450793147138,False,150,33000
33,6,1,False,,,25.794524482787246,0,0,-1.5548683789179947,6.681851709729574,6.736720088647575,False,150,33001
33,6,-1,False,,,13.945011271354051,0,0,-2.6704054488297153,7.763008706410336,8.933414155240056,False,150,33000
33,6,-1,False,,,25.394615667339007,0,0,-6.12999905281179,6.681851709729574,11.311850762541379,False,150,33001
33,7,1,False,,,24.305545820526604,0,0,-0.06824479092615254,7.763008706410336,6.331253497336496,False,150,33000
33,7,1,False,,,29.920176836576342,0,0,2.1167691833568374,6.681851709729574,3.0650825263727377,False,150,33001
33,7,-1,False,,,22.81816193493004,0,0,-9.281204638835863,7.763008706410336,15.544213345246215,False,150,33000
33,7,-1,False,,,10.890503609949615,0,0,-2.6545182132660865,6.681851709729574,7.8363699229956705,False,150,33001
34,0,1,False,,,34.231053882352185,0,0,0.5378674465064299,9.904737609791837,7.866870163285412,False,150,34000
34,0,1,False,,,26.089751124579028,0,0,0.12287253674890188,7.35806277161038,5.735190234861477,False,150,34001
34,0,-1,False,,,37.718719307264195,0,0,-4.534786006446026,9.904737609791837,12.939523616237867,False,150,34000
34,0,-1,False,,,16.28648692984558,0,0,-0.503141577371677,7.35806277161038,6.3612043489820564,False,150,34001
34,1,1,False,,,25.32765729486843,0,0,-2.990003362055168,9.904737609791837,11.394740971847007,False,150,34000
34,1,1,False,,,24.329071839014823,0,0,0.1931845781719419,7.35806277161038,5.664878193438445,False,150,34001
34,1,-1,False,,,33.632191751295714,0,0,2.355456767982205,9.904737609791837,6.049280841809643,False,150,34000
34,1,-1,False,,,25.985658511066227,0,0,-3.1586987504689334,7.35806277161038,9.01676152207934,False,150,34001
34,2,1,False,,,13.527024045215823,0,0,-4.366258730544633,9.904737609791837,12.77099634033648,False,150,34000
34,2,1,False,,,13.393848934727254,0,0,-0.49370486085981,7.35806277161038,6.35176763247019,False,150,34001
34,2,-1,False,,,43.54060680739277,0,0,4.690822068212242,9.904737609791837,3.7139155415796083,False,150,34000
34,2,-1,False,,,34.68946148689841,0,0,-7.229847571066151,7.35806277161038,13.087910342676558,False,150,34001
34,3,1,False,,,31.18096810558859,0,0,-3.018315681557022,9.904737609791837,11.423053291348863,False,150,34000
34,3,1,False,,,16.501349724798335,0,0,-3.5326812552486806,7.35806277161038,9.390744026859068,False,150,34001
34,3,-1,False,,,28.12830900518099,0,0,1.455273117290336,9.904737609791837,6.949464492501515,False,150,34000
34,3,-1,False,,,17.172336684942163,0,0,-3.2499248155944924,7.35806277161038,9.1079875872049,False,150,34001
34,4,1,False,,,16.756525632936203,0,0,-0.6228342959096701,9.904737609791837,9.027571905701507,False,150,34000
34,4,1,False,,,24.78310437935598,0,0,0.6356589409367774,7.35806277161038,5.222403830673605,False,150,34001
34,4,-1,False,,,40.31355545841509,0,0,2.269622528947747,9.904737609791837,6.135115080844098,False,150,34000
34,4,-1,False,,,9.86701606884665,0,0,0.04683984410664322,7.35806277161038,5.811222927503736,False,150,34001
34,5,1,False,,,25.188462250727962,0,0,-4.465154223011118,9.904737609791837,12.869891832802963,False,150,34000
34,5,1,False,,,20.482557971860594,0,0,-3.7066244078318302,7.35806277161038,9.56468717944222,False,150,34001
34,5,-1,False,,,37.238250513502315,0,0,-0.9254571114775443,9.904737609791837,9.330194721269395,False,150,34000
34,5,-1,False,,,11.1145331736349,0,0,0.8621480239131294,7.35806277161038,4.99591474769725,False,150,34001
34,6,1,False,,,37.70602571132583,0,0,-0.6948198891607384,9.904737609791837,9.099557498952578,False,150,34000
34,6,1,False,,,25.690545242610494,0,0,0.0037323804548426848,7.35806277161038,5.854330391155542,False,150,34001
34,6,-1,False,,,25.218193339569655,0,0,1.26524450710544,9.904737609791837,7.139493102686396,False,150,34000
34,6,-1,False,,,16.558027354883677,0,0,0.606232608742921,7.35806277161038,5.251830162867458,False,150,34001
34,7,1,False,,,41.43965120539891,0,0,-7.265346437774018,9.904737609791837,15.670084047565872,False,150,34000
34,7,1,False,,,42.56335319818625,0,0,-4.297917194876605,7.35806277161038,10.155979966487006,False,150,34001
34,7,-1,False,,,34.907452349348986,0,0,-10.319292463595376,9.904737609791837,18.724030073387222,False,150,34000
34,7,-1,False,,,39.78378943360448,0,0,-20.613048928487768,7.35806277161038,26.47111170009811,False,150,34001
35,0,1,False,,,18.82099808632099,0,0,-7.062232419261263,6.73559117718944,12.297823596450716,False,150,35000
35,0,1,False,,,26.70620698401749,0,0,-1.0394583818936003,6.86556864923925,6.405027031132849,False,150,35001
35,0,-1,False,,,29.74526983931611,0,0,-0.1434164313576971,6.73559117718944,5.37900760854715,False,150,35000
35,0,-1,False,,,32.774789949194066,0,0,-0.9249940820822693,6.86556864923925,6.290562731321519,False,150,35001
35,1,1,False,,,17.587828590709798,0,0,-1.0920443789599519,6.73559117718944,6.327635556149391,False,150,35000
35,1,1,False,,,30.2363153563665,0,0,-0.8706872513615656,6.86556864923925,6.236255900600814,False,150,35001
35,1,-1,False,,,25.132568741618634,0,0,-0.05503468507251963,6.73559117718944,5.290625862261971,False,150,35000
35,1,-1,False,,,29.869465147887038,0,0,-1.1764989695810262,6.86556864923925,6.542067618820274,False,150,35001
35,2,1,False,,,32.135367788345825,0,0,-4.974897424192251,6.73559117718944,10.21048860138171,False,150,35000
35,2,1,False,,,34.67679034420329,0,0,-2.3970865170334807,6.86556864923925,7.762655166272742,False,150,35001
35,2,-1,False,,,22.315623786442703,0,0,-3.388505570874985,6.73559117718944,8.624096748064437,False,150,35000
35,2,-1,False,,,27.69089057201766,0,0,0.05391841973201618,6.86556864923925,5.311650229507237,False,150,35001
35,3,1,False,,,27.70079746846143,0,0,-8.267365960974521,6.73559117718944,13.502957138163975,False,150,35000
35,3,1,True,76,1.52,16.140413066803205,0,0,15.186352093395982,6.86556864923925,0.9192165558432696,False,76,35001
35,3,-1,False,,,38.49628426179341,0,0,-8.373233763412957,6.73559117718944,13.608824940602425,False,150,35000
35,3,-1,False,,,34.49474867142,0,0,-1.4948407454651742,6.86556864923925,6.860409394704441,False,150,35001
35,4,1,False,,,38.050106493839436,0,0,-12.039596682354789,6.73559117718944,17.275187859544257,False,150,35000
35,4,1,False,,,41.400393052995334,0,0,-6.156451690888794,6.86556864923925,11.522020340128064,False,150,35001
35,4,-1,False,,,16.56668946924944,0,0,-2.761518676275206,6.73559117718944,7.997109853464651,False,150,35000
35,4,-1,True,108,2.16,16.439226596166954,0,0,14.822482733738433,6.86556864923925,0.9630859155008221,False,108,35001
35,5,1,False,,,25.09964510626767,0,0,-0.07567491328136744,6.73559117718944,5.3112660904708235,False,150,35000
35,5,1,False,,,29.35814753294991,0,0,-0.5037828368670934,6.86556864923925,5.869351486106347,False,150,35001
35,5,-1,False,,,13.350365458101177,0,0,-4.322393813149649,6.73559117718944,9.557984990339104,False,150,35000
35,5,-1,False,,,27.364163621954365,0,0,1.4622338410772937,6.86556864923925,3.9033348081619623,False,150,35001
35,6,1,False,,,31.98259073911777,0,0,-0.2035366827933402,6.73559117718944,5.439127859982791,False,150,35000
35,6,1,False,,,22.86582468090477,0,0,-0.8764283453628492,6.86556864923925,6.241996994602098,False,150,35001
35,6,-1,False,,,20.522203840646444,0,0,-0.09911058465399436,6.73559117718944,5.334701761843434,False,150,35000
35,6,-1,False,,,26.65371265723053,0,0,0.7041801818276148,6.86556864923925,4.66138846741164,False,150,35001
35,7,1,False,,,28.970295496044827,0,0,0.48971045084205866,6.73559117718944,4.745880726347381,False,150,35000
35,7,1,False,,,33.07441484846799,0,0,0.3402730579432658,6.86556864923925,5.025295591295987,False,150,35001
35,7,-1,False,,,13.082806654417052,0,0,-0.17357271128016635,6.73559117718944,5.409163888469606,False,150,35000
35,7,-1,False,,,25.483002408761646,0,0,-1.1292877161197272,6.86556864923925,6.4948563653589755,False,150,35001
36,0,1,False,,,14.609499930184002,0,0,0.3063360461738972,8.43488609831338,6.628550052139481,False,150,36000
36,0,1,False,,,28.596942117328336,0,0,0.9389368057288121,7.234567502793486,4.795630697064673,False,150,36001
36,0,-1,False,,,27.946562825030345,0,0,0.5974447783576888,8.43488609831338,6.337441319955697,False,150,36000
36,0,-1,False,,,30.19626851639804,0,0,-0.8600096918435967,7.234567502793486,6.594577194637082,False,150,36001
36,1,1,False,,,10.71794388224495,0,0,-4.827807757533881,8.43488609831338,11.762693855847271,False,150,36000
36,1,1,False,,,29.350188783899526,0,0,-1.3486433805482394,7.234567502793486,7.083210883341724,False,150,36001
36,1,-1,False,,,26.691459787555956,0,0,-2.967857755904279,8.43488609831338,9.902743854217665,False,150,36000
36,1,-1,False,,,31.513246476463653,0,0,-2.051992055343493,7.234567502793486,7.7865595581369895,False,150,36001
36,2,1,False,,,28.68655794603415,0,0,-2.9988137780464923,8.43488609831338,9.9336998763599,False,150,36000
36,2,1,False,,,43.733054808015495,0,0,-4.055162405829084,7.234567502793486,9.789729908622583,False,150,36001
36,2,-1,False,,,18.34919858425104,0,0,-2.612424819642299,8.43488609831338,9.547310917955688,False,150,36000
36,2,-1,False,,,22.47324256467059,0,0,-4.337789959633759,7.234567502793486,10.07235746242726,False,150,36001
36,3,1,False,,,25.623338995070032,0,0,0.6738728330007142,8.43488609831338,6.2610132653126644,False,150,36000
36,3,1,False,,,34.436782122865615,0,0,-3.7539768376414333,7.234567502793486,9.488544340434924,False,150,36001
36,3,-1,False,,,11.476990431534636,0,0,-0.8844540423198942,8.43488609831338,7.8193401406332725,False,150,36000
36,3,-1,False,,,39.95505130023717,0,0,-1.0552338072469298,7.234567502793486,6.78980131004042,False,150,36001
36,4,1,False,,,10.918144754047077,0,0,-3.3034486889447603,8.43488609831338,10.238334787258152,False,150,36000
36,4,1,False,,,34.287062654708585,0,0,-0.3480819948010344,7.234567502793486,6.082649497594519,False,150,36001
36,4,-1,False,,,25.308714535409333,0,0,-8.611402866444752,8.43488609831338,15.54628896475815,False,150,36000
36,4,-1,False,,,31.17209240251682,0,0,1.5470859528692205,7.234567502793486,4.187481549924264,False,150,36001
36,5,1,False,,,20.873834446079883,0,0,-3.074499123065438,8.43488609831338,10.00938522137882,False,150,36000
36,5,1,False,,,27.76994444436451,0,0,-3.918575827570576,7.234567502793486,9.653143330364069,False,150,36001
36,5,-1,False,,,36.14144031693865,0,0,-3.8046700674419274,8.43488609831338,10.739556165755323,False,150,36000
36,5,-1,False,,,41.847224931556305,0,0,-1.7703138936165577,7.234567502793486,7.5048813964100525,False,150,36001
36,6,1,False,,,22.919942116073003,0,0,-5.355544012687474,8.43488609831338,12.290430111000859,False,150,36000
36,6,1,False,,,32.454697410252734,0,0,-13.611601158779678,7.234567502793486,19.34616866157318,False,150,36001
36,6,-1,False,,,35.3586525220482,0,0,-10.396045681907056,8.43488609831338,17.330931780220464,False,150,36000
36,6,-1,False,,,40.461960796717534,0,0,-0.6121025413955963,7.234567502793486,6.346670044189089,False,150,36001
36,7,1,False,,,20.090347232426325,0,0,2.0242422820350265,8.43488609831338,4.910643816278353,False,150,36000
36,7,1,False,,,29.48327477896315,0,0,-4.945581104587309,7.234567502793486,10.680148607380811,False,150,36001
36,7,-1,False,,,29.813179344671575,0,0,-8.186621513230651,8.43488609831338,15.121507611544057,False,150,36000
36,7,-1,False,,,39.99027720882904,0,0,-0.5627380968506837,7.234567502793486,6.297305599644172,False,150,36001
37,0,1,False,,,34.062714900652495,0,0,-2.4417684454720936,8.316984517481307,9.2587529629534,False,150,37000
37,0,1,False,,,34.362563590158906,0,0,-2.3905867215472467,9.513552079740462,10.404138801287708,False,150,37001
37,0,-1,False,,,28.382287227520283,0,0,0.3493044051474452,8.316984517481307,6.467680112333866,False,150,37000
37,0,-1,False,,,26.85033581595185,0,0,-0.9770224397648515,9.513552079740462,8.990574519505312,False,150,37001
37,1,1,False,,,23.81645032473166,0,0,-3.6013981375532387,8.316984517481307,10.41838265503456,False,150,37000
37,1,1,False,,,23.22057775555915,0,0,-6.99792782981011,9.513552079740462,15.011479909550587,False,150,37001
37,1,-1,False,,,42.62637388789698,0,0,2.2963267458661925,8.316984517481307,4.520657771615118,False,150,37000
37,1,-1,False,,,40.092061136294134,0,0,0.5406066282290782,9.513552079740462,7.472945451511394,False,150,37001
37,2,1,False,,,37.33457006222552,0,0,-0.5033491927380147,8.316984517481307,7.320333710219327,False,150,37000
37,2,1,False,,,34.356225553384,0,0,0.8716253389912336,9.513552079740462,7.141926740749227,False,150,37001
37,2,-1,False,,,27.114252056666075,0,0,-6.66535976274614,8.316984517481307,13.48234428022746,False,150,37000
37,2,-1,False,,,27.72581554457554,0,0,-5.162058953513352,9.513552079740462,13.175611033253823,False,150,37001
37,3,1,False,,,36.758577206231536,0,0,1.102349213811561,8.316984517481307,5.7146353036697475,False,150,37000
37,3,1,False,,,29.90562652964422,0,0,0.8465252619668175,9.513552079740462,7.167026817773643,False,150,37001
37,3,-1,False,,,38.92422044199113,0,0,0.6923753038522313,8.316984517481307,6.124609213629075,False,150,37000
37,3,-1,False,,,33.56272801939028,0,0,-0.493773443242,9.513552079740462,8.50732552298246,False,150,37001
37,4,1,False,,,39.52434817566853,0,0,-1.2114077088319037,8.316984517481307,8.028392226313219,False,150,37000
37,4,1,False,,,29.214109295907036,0,0,-6.883595848872689,9.513552079740462,14.897147928613162,False,150,37001
37,4,-1,False,,,37.025050224131235,0,0,1.2279897366186487,8.316984517481307,5.588994780862658,False,150,37000
37,4,-1,False,,,34.72958636761663,0,0,-1.8809354295986624,9.513552079740462,9.894487509339124,False,150,37001
37,5,1,False,,,39.51701260687233,0,0,-1.8141802949006167,8.316984517481307,8.631164812381927,False,150,37000
37,5,1,False,,,34.302950817015656,0,0,0.1288574980105568,9.513552079740462,7.884694581729904,False,150,37001
37,5,-1,False,,,22.662876973612846,0,0,-2.3311922783641332,8.316984517481307,9.148176795845444,False,150,37000
37,5,-1,False,,,23.765874629361637,0,0,-3.0160259303930177,9.513552079740462,11.02957801013349,False,150,37001
37,6,1,False,,,40.36963512323276,0,0,-0.9149725476742598,8.316984517481307,7.731957065155566,False,150,37000
37,6,1,False,,,28.862593290963403,0,0,0.9103122849110442,9.513552079740462,7.103239794829417,False,150,37001
37,6,-1,False,,,32.54622314478508,0,0,-0.5050399672536678,8.316984517481307,7.322024484734979,False,150,37000
37,6,-1,False,,,33.81343056277382,0,0,-0.28556959430900375,9.513552079740462,8.299121674049465,False,150,37001
37,7,1,False,,,42.01711695018391,0,0,3.9917365580596353,8.316984517481307,2.8252479594216813,False,150,37000
37,7,1,False,,,41.02377163538055,0,0,4.335655903512155,9.513552079740462,3.67789617622832,False,150,37001
37,7,-1,False,,,25.593872206477478,0,0,-7.932295191902083,8.316984517481307,14.749279709383405,False,150,37000
37,7,-1,False,,,22.717103540086057,0,0,-7.165009672367348,9.513552079740462,15.178561752107825,False,150,37001
38,0,1,False,,,38.84306619289948,0,0,-4.1638797146645565,6.293696718806072,8.957576433470644,False,150,38000
38,0,1,False,,,31.314012840735632,0,0,-1.8833585763520653,9.062069643284012,9.445428219636089,False,150,38001
38,0,-1,False,,,33.20768763456227,0,0,-0.8078056648638245,6.293696718806072,5.601502383669904,False,150,38000
38,0,-1,False,,,25.640123672715433,0,0,-1.0070484756164766,9.062069643284012,8.569118118900487,False,150,38001
38,1,1,False,,,30.879263007572106,0,0,-2.3677947013853187,6.293696718806072,7.161491420191401,False,150,38000
38,1,1,False,,,26.351027981156115,0,0,-4.3938123521886485,9.062069643284012,11.955881995472668,False,150,38001
38,1,-1,False,,,41.48969248431864,0,0,-2.9501358362084984,6.293696718806072,7.743832555014579,False,150,38000
38,1,-1,False,,,37.3535483416266,0,0,-2.0172633447880948,9.062069643284012,9.579332988072114,False,150,38001
38,2,1,False,,,38.398287021218245,0,0,-0.8443297435790043,6.293696718806072,5.638026462385075,False,150,38000
38,2,1,False,,,34.57863262816084,0,0,-1.052209067420939,9.062069643284012,8.61427871070495,False,150,38001
38,2,-1,False,,,33.996198695054545,0,0,-1.4240652947952364,6.293696718806072,6.217762013601319,False,150,38000
38,2,-1,False,,,26.810281308240118,0,0,-3.8334034015625162,9.062069643284012,11.395473044846538,False,150,38001
38,3,1,False,,,37.21761582411112,0,0,-2.7646175374945345,6.293696718806072,7.558314256300608,False,150,38000
38,3,1,False,,,40.307764150976425,0,0,-1.783687412737605,9.062069643284012,9.34575705602162,False,150,38001
38,3,-1,False,,,37.23420297347339,0,0,-1.8775437401635513,6.293696718806072,6.671240458969622,False,150,38000
38,3,-1,False,,,22.504952976863166,0,0,-1.0960600608519087,9.062069643284012,8.658129704135924,False,150,38001
38,4,1,False,,,37.28716159312848,0,0,-2.911107053401283,6.293696718806072,7.704803772207373,False,150,38000
38,4,1,False,,,29.941077278987184,0,0,-2.279739791122714,9.062069643284012,9.84180943440673,False,150,38001
38,4,-1,False,,,40.674614079049206,0,0,-3.68607169533367,6.293696718806072,8.479768414139748,False,150,38000
38,4,-1,False,,,35.128361573262254,0,0,0.7438794472424002,9.062069643284012,6.818190196041618,False,150,38001
38,5,1,False,,,42.77120139667163,0,0,-0.9727540786727262,6.293696718806072,5.7664507974787975,False,150,38000
38,5,1,False,,,32.7917136312335,0,0,-2.6467685064720827,9.062069643284012,10.208838149756096,False,150,38001
38,5,-1,False,,,37.12012406064755,0,0,0.6643202470830147,6.293696718806072,4.129376471723058,False,150,38000
38,5,-1,False,,,27.442485557193933,0,0,-0.4702798170931064,9.062069643284012,8.032349460377125,False,150,38001
38,6,1,False,,,33.628567658264394,0,0,-1.3908583231831253,6.293696718806072,6.184555041989205,False,150,38000
38,6,1,False,,,29.789710192025037,0,0,-1.749951026791064,9.062069643284012,9.312020670075086,False,150,38001
38,6,-1,False,,,43.85279692953803,0,0,-4.1871715073360285,6.293696718806072,8.980868226142116,False,150,38000
38,6,-1,False,,,34.260706236995816,0,0,-0.34712681022657893,9.062069643284012,7.90919645351059,False,150,38001
38,7,1,False,,,39.985287671621194,0,0,-3.6816598377966967,6.293696718806072,8.475356556602776,False,150,38000
38,7,1,False,,,36.76190677926738,0,0,-2.6045386230052605,9.062069643284012,10.166608266289273,False,150,38001
38,7,-1,False,,,29.952344936181632,0,0,-0.6485317534219899,6.293696718806072,5.442228472228061,False,150,38000
38,7,-1,False,,,39.177418453557365,0,0,-2.5272655624384885,9.062069643284012,10.089335205722511,False,150,38001
39,0,1,False,,,33.747551088703055,0,0,0.27457268958040837,9.634853397378686,7.860280707798295,False,150,39000
39,0,1,False,,,31.622412156066158,0,0,3.9422867684673344,7.314700294448144,1.8724135259808201,False,150,39001
39,0,-1,False,,,9.00147945748843,0,0,-2.338803534818625,9.634853397378686,10.473656932197315,False,150,39000
39,0,-1,False,,,23.197399655389823,0,0,-1.1166426871105575,7.314700294448144,6.931342981558708,False,150,39001
39,1,1,False,,,11.634654541753179,0,0,3.2997760712159168,9.634853397378686,4.835077326162794,False,150,39000
39,1,1,False,,,30.258970051969705,0,0,0.25647123306678665,7.314700294448144,5.558229061381363,False,150,39001
39,1,-1,False,,,30.366332852404387,0,0,-4.426405719857769,9.634853397378686,12.561259117236473,False,150,39000
39,1,-1,False,,,23.900718923141035,0,0,0.02136521916178616,7.314700294448144,5.7933350752863655,False,150,39001
39,2,1,False,,,29.932236030517895,0,0,-1.5684404329638766,9.634853397378686,9.703293830342568,False,150,39000
39,2,1,False,,,31.31579113549227,0,0,3.416980668753138,7.314700294448144,2.3977196256950113,False,150,39001
39,2,-1,False,,,11.554772077077235,0,0,4.913227622356037,9.634853397378686,3.221625775022665,False,150,39000
39,2,-1,True,50,1.0,9.254843680501759,0,0,15.971609639491017,7.314700294448144,0.8430906549571306,False,50,39001
39,3,1,False,,,13.444678386805126,0,0,-5.307120380808489,9.634853397378686,13.4419737781872,False,150,39000
39,3,1,False,,,27.658293767241172,0,0,-0.36632976485936763,7.314700294448144,6.181030059307512,False,150,39001
39,3,-1,False,,,16.935176705710486,0,0,5.907420560945275,9.634853397378686,2.2274328364334264,False,150,39000
39,3,-1,True,80,1.6,14.564642044917676,0,0,15.538487403285814,7.314700294448144,0.9762128911623384,False,80,39001
39,4,1,False,,,25.708593315913394,0,0,-0.5450067342755227,9.634853397378686,8.679860131654227,False,150,39000
39,4,1,False,,,32.378534479702125,0,0,0.9913400437086659,7.314700294448144,4.823360250739481,False,150,39001
39,4,-1,False,,,11.06436712948001,0,0,1.8282504526004766,9.634853397378686,6.306602944778208,False,150,39000
39,4,-1,False,,,17.335979745308734,0,0,-0.9255680825427788,7.314700294448144,6.740268376990927,False,150,39001
39,5,1,False,,,15.10223014090414,0,0,6.249920473898262,9.634853397378686,1.8849329234804344,False,150,39000
39,5,1,True,47,0.9400000000000001,9.29946741391108,0,0,15.92909048439843,7.314700294448144,0.9156098100497178,False,47,39001
39,5,-1,False,,,30.936885254854474,0,0,-1.7536533096092215,9.634853397378686,9.888506706987915,False,150,39000
39,5,-1,False,,,26.40273234382788,0,0,-0.48902806625812945,7.314700294448144,6.3037283607062795,False,150,39001
39,6,1,False,,,10.388678509478034,0,0,2.7036928703802428,9.634853397378686,5.431160526998459,False,150,39000
39,6,1,False,,,11.341698447243644,0,0,-0.9427727328208824,7.314700294448144,6.757473027269028,False,150,39001
39,6,-1,False,,,25.171931118282107,0,0,-0.018599842924511514,9.634853397378686,8.153453240303204,False,150,39000
39,6,-1,False,,,25.26937116227299,0,0,-2.2165876455861575,7.314700294448144,8.031287940034318,False,150,39001
39,7,1,False,,,21.97259454544086,0,0,-0.6248437706395337,9.634853397378686,8.759697168018219,False,150,39000
39,7,1,False,,,20.99979145799963,0,0,-1.7838379997611,7.314700294448144,7.598538294209243,False,150,39001
39,7,-1,False,,,27.894893125752326,0,0,-2.9636853613779426,9.634853397378686,11.098538758756654,False,150,39000
39,7,-1,False,,,30.41160001844569,0,0,3.571588522389982,7.314700294448144,2.2431117720581697,False,150,39001
40,0,1,False,,,17.19505175652357,0,0,0.860319335841657,8.950210201389673,6.589890865548036,False,150,40000
40,0,1,False,,,11.83433894049294,0,0,-2.326759822059996,6.007111528687685,6.833871350747687,False,150,40001
40,0,-1,False,,,50.170693659536965,0,0,-3.205577289290579,8.950210201389673,10.655787490680275,False,150,40000
40,0,-1,False,,,42.91289304090623,0,0,-7.023500142617234,6.007111528687685,11.530611671304941,False,150,40001
40,1,1,False,,,36.63123264626264,0,0,3.3445801975295764,8.950210201389673,4.105630003860107,False,150,40000
40,1,1,False,,,20.308846786257636,0,0,1.7427143156152962,6.007111528687685,2.7643972130723875,False,150,40001
40,1,-1,False,,,34.43305155781262,0,0,3.92526977941593e-05,8.950210201389673,7.450170948691881,False,150,40000
40,1,-1,False,,,28.39888065429211,0,0,3.0565856705938756,6.007111528687685,1.450525858093818,False,150,40001
40,2,1,False,,,43.34415238393819,0,0,-0.4560333656171873,8.950210201389673,7.906243567006863,False,150,40000
40,2,1,False,,,31.6235461222797,0,0,-5.71981630505167,6.007111528687685,10.22692783373937,False,150,40001
40,2,-1,False,,,20.664923094320855,0,0,4.972194523859348,8.950210201389673,2.478015677530336,False,150,40000
40,2,-1,False,,,12.661353345489538,0,0,1.8935756824735113,6.007111528687685,2.6135358462141913,False,150,40001
40,3,1,False,,,35.7428960326127,0,0,-0.24247334636329287,8.950210201389673,7.692683547752975,False,150,40000
40,3,1,False,,,25.331535554261343,0,0,0.8679287571704519,6.007111528687685,3.6391827715172473,False,150,40001
40,3,-1,False,,,17.16573181629735,0,0,5.5123790356505955,8.950210201389673,1.937831165739089,False,150,40000
40,3,-1,False,,,11.928568436062356,0,0,2.703718711739485,6.007111528687685,1.8033928169482167,False,150,40001
40,4,1,False,,,39.4296720951356,0,0,3.803267461048396,8.950210201389673,3.646942740341292,False,150,40000
40,4,1,False,,,42.848452109182034,0,0,-6.07742403400368,6.007111528687685,10.584535562691388,False,150,40001
40,4,-1,False,,,25.25531287021165,0,0,-4.263869380299109,8.950210201389673,11.714079581688793,False,150,40000
40,4,-1,False,,,19.321914424822637,0,0,-1.7556415826519036,6.007111528687685,6.262753111339587,False,150,40001
40,5,1,False,,,39.51186697304309,0,0,-0.7563550718538212,8.950210201389673,8.2065652732435,False,150,40000
40,5,1,False,,,35.41385097814547,0,0,-1.3431234267647256,6.007111528687685,5.850234955452417,False,150,40001
40,5,-1,False,,,20.323518922416966,0,0,-2.3239020279874074,8.950210201389673,9.774112229377083,False,150,40000
40,5,-1,False,,,15.304856828803471,0,0,-4.096209810368602,6.007111528687685,8.603321339056306,False,150,40001
40,6,1,False,,,23.16679601407972,0,0,-1.5850868976356405,8.950210201389673,9.035297099025312,False,150,40000
40,6,1,False,,,16.796322886136466,0,0,-0.7325175840908442,6.007111528687685,5.239629112778528,False,150,40001
40,6,-1,False,,,51.109784705145636,0,0,-13.067511476533411,8.950210201389673,20.517721677923078,False,150,40000
40,6,-1,False,,,47.304518431893385,0,0,-12.142001694730642,6.007111528687685,16.649113223418336,False,150,40001
40,7,1,False,,,18.96921187622568,0,0,0.6181116341564885,8.950210201389673,6.832098567233183,False,150,40000
40,7,1,False,,,14.018500320589213,0,0,0.8804788496595339,6.007111528687685,3.6266326790281496,False,150,40001
40,7,-1,False,,,42.361629069253524,0,0,-0.4118085626465853,8.950210201389673,7.862018764036267,False,150,40000
40,7,-1,False,,,34.20740123757928,0,0,-3.290499006878255,6.007111528687685,7.797610535565951,False,150,40001
41,0,1,False,,,46.25570154568095,0,0,-13.960500155140428,7.633645307919271,20.09414546305961,False,150,41000
41,0,1,False,,,41.60188338203186,0,0,-5.198979230024403,5.61164012542917,9.310619355453593,False,150,41001
41,0,-1,False,,,25.90150086372704,0,0,-4.208096271359091,7.633645307919271,10.34174157927837,False,150,41000
41,0,-1,False,,,27.628701821953225,0,0,1.3592868073837159,5.61164012542917,2.752353318045464,False,150,41001
41,1,1,False,,,31.06893169530176,0,0,-0.7614542648954692,7.633645307919271,6.895099572814755,False,150,41000
41,1,1,False,,,29.021875732792207,0,0,-1.7876942004424168,5.61164012542917,5.899334325871588,False,150,41001
41,1,-1,False,,,35.05311240263437,0,0,-8.867639474632728,7.633645307919271,15.001284782552025,False,150,41000
41,1,-1,False,,,37.842689856834426,0,0,0.6563814912790982,5.61164012542917,3.455258634150073,False,150,41001
41,2,1,False,,,25.035054639397412,0,0,-2.394915822020545,7.633645307919271,8.528561129939844,False,150,41000
41,2,1,False,,,17.494282724618454,0,0,2.0221737118260394,5.61164012542917,2.089466413603151,False,150,41001
41,2,-1,False,,,39.77850633961701,0,0,-3.7922288822622097,7.633645307919271,9.9258741901815,False,150,41000
41,2,-1,True,146,2.92,36.53785044744119,0,0,13.24235662955751,5.61164012542917,0.9092834958716697,False,146,41001
41,3,1,False,,,31.3593433168613,0,0,-2.6942017763509982,7.633645307919271,8.827847084270283,False,150,41000
41,3,1,False,,,25.717474724203516,0,0,0.017214225501411162,5.61164012542917,4.094425899927769,False,150,41001
41,3,-1,False,,,25.801766240328416,0,0,2.9833753352322194,7.633645307919271,3.150269972687064,False,150,41000
41,3,-1,False,,,33.75546418665572,0,0,-5.326418683147701,5.61164012542917,9.438058808576882,False,150,41001
41,4,1,False,,,42.067745795913396,0,0,-12.693058371119758,7.633645307919271,18.826703679039056,False,150,41000
41,4,1,False,,,37.759163829741894,0,0,-0.7457819220183699,5.61164012542917,4.857422047447553,False,150,41001
41,4,-1,False,,,24.070451454231424,0,0,-3.2175449062408914,7.633645307919271,9.351190214160168,False,150,41000
41,4,-1,False,,,30.411021990008475,0,0,-1.0277803755105703,5.61164012542917,5.139420500939739,False,150,41001
41,5,1,False,,,29.948390845529783,0,0,-4.57400153134331,7.633645307919271,10.707646839262601,False,150,41000
41,5,1,False,,,33.55509144953459,0,0,-1.9384443677429775,5.61164012542917,6.0500844931721485,False,150,41001
41,5,-1,False,,,11.064891191865582,0,0,1.6683419329147333,7.633645307919271,4.4653033750045426,False,150,41000
41,5,-1,True,59,1.18,9.453563278453254,0,0,14.038352448325377,5.61164012542917,0.9832876771037946,False,59,41001
41,6,1,False,,,24.82815503828691,0,0,-2.7700801455185564,7.633645307919271,8.903725453437849,False,150,41000
41,6,1,False,,,20.311915301067085,0,0,1.348622357911903,5.61164012542917,2.7630177675172654,False,150,41001
41,6,-1,False,,,34.10465160675801,0,0,-3.3219805726952556,7.633645307919271,9.45562588061454,False,150,41000
41,6,-1,False,,,40.266322043379134,0,0,-0.9938695853684378,5.61164012542917,5.105509710797611,False,150,41001
41,7,1,False,,,18.272927567737987,0,0,-3.471360427722005,7.633645307919271,9.605005735641289,False,150,41000
41,7,1,False,,,13.130942205541164,0,0,-0.024145395748852903,5.61164012542917,4.135785521178022,False,150,41001
41,7,-1,False,,,37.098473169316236,0,0,-1.552170307121443,7.633645307919271,7.685815615040729,False,150,41000
41,7,-1,False,,,39.9193225160994,0,0,-0.33908109610952697,5.61164012542917,4.450721221538705,False,150,41001
42,0,1,False,,,36.407569581669975,0,0,1.6473008508387688,7.567636945390815,4.420336094552057,False,150,42000
42,0,1,False,,,38.00618995156656,0,0,-0.14228128515383198,7.284459442197181,5.926740727351018,False,150,42001
42,0,-1,False,,,19.26730198986839,0,0,-0.0973913865799495,7.567636945390815,6.165028331970763,False,150,42000
42,0,-1,False,,,37.57455589231328,0,0,-0.6653540576890031,7.284459442197181,6.449813499886183,False,150,42001
42,1,1,False,,,42.58849636715304,0,0,1.3125029976313674,7.567636945390815,4.755133947759451,False,150,42000
42,1,1,False,,,35.99629558461907,0,0,1.481271192910469,7.284459442197181,4.303188249286715,False,150,42001
42,1,-1,False,,,30.6277666572417,0,0,0.7647383550155982,7.567636945390815,5.302898590375215,False,150,42000
42,1,-1,False,,,32.95227904826625,0,0,0.8923463079744622,7.284459442197181,4.8921131342227175,False,150,42001
42,2,1,False,,,24.25952945069252,0,0,-4.063932564005468,7.567636945390815,10.131569509396295,False,150,42000
42,2,1,False,,,27.840306806663552,0,0,-2.686789946742423,7.284459442197181,8.471249388939613,False,150,42001
42,2,-1,False,,,47.506000520318764,0,0,0.25809800595520405,7.567636945390815,5.809538939435621,False,150,42000
42,2,-1,False,,,40.125351457915514,0,0,-2.553860486266929,7.284459442197181,8.338319928464113,False,150,42001
42,3,1,False,,,18.912120644793006,0,0,-0.26568235081649094,7.567636945390815,6.333319296207304,False,150,42000
42,3,1,False,,,26.674097678308545,0,0,-3.515239712252943,7.284459442197181,9.299699154450133,False,150,42001
42,3,-1,False,,,43.20101054048338,0,0,3.0242883346259006,7.567636945390815,3.0433486107649212,False,150,42000
42,3,-1,False,,,37.56338299034538,0,0,-1.1657090452369256,7.284459442197181,6.950168487434107,False,150,42001
42,4,1,False,,,44.11362253876419,0,0,0.3032299392025912,7.567636945390815,5.76440700618823,False,150,42000
42,4,1,False,,,39.27630851958216,0,0,0.9266443393960313,7.284459442197181,4.857815102801151,False,150,42001
42,4,-1,False,,,22.12172176692816,0,0,-0.37714011659688335,7.567636945390815,6.444777061987697,False,150,42000
42,4,-1,False,,,22.73378498288992,0,0,-0.46079685984291646,7.284459442197181,6.245256302040096,False,150,42001
42,5,1,False,,,34.444314546677006,0,0,2.3410031999990806,7.567636945390815,3.7266337453917435,False,150,42000
42,5,1,False,,,35.452697009268846,0,0,-0.35413414474452987,7.284459442197181,6.138593586941721,False,150,42001
42,5,-1,False,,,32.41001034595476,0,0,-1.8832938320542774,7.567636945390815,7.950930777445091,False,150,42000
42,5,-1,False,,,31.878383428111555,0,0,1.3047733752987565,7.284459442197181,4.479686066898431,False,150,42001
42,6,1,False,,,38.39084727357721,0,0,0.37170701240790405,7.567636945390815,5.695929932982912,False,150,42000
42,6,1,False,,,36.40024193518566,0,0,-1.3066336411572392,7.284459442197181,7.091093083354426,False,150,42001
42,6,-1,False,,,30.19099212495683,0,0,2.8767575501982554,7.567636945390815,3.1908793951925696,False,150,42000
42,6,-1,False,,,34.804582792322805,0,0,1.1203487101371816,7.284459442197181,4.664110732060005,False,150,42001
42,7,1,False,,,15.645845923537477,0,0,-2.389010041375475,7.567636945390815,8.456646986766293,False,150,42000
42,7,1,False,,,28.10444244695127,0,0,-2.646160131273284,7.284459442197181,8.430619573470468,False,150,42001
42,7,-1,False,,,45.516502284737314,0,0,-2.5312681394307512,7.567636945390815,8.59890508482158,False,150,42000
42,7,-1,False,,,42.00869148370276,0,0,-1.0484369800643358,7.284459442197181,6.832896422261526,False,150,42001
43,0,1,False,,,45.256538524341934,0,0,4.8747442146470545,10.372214790970396,3.9974705763233573,False,150,43000
43,0,1,False,,,43.731832894429246,0,0,-1.3707622080992872,8.369879571339316,8.240641779438622,False,150,43001
43,0,-1,False,,,17.645788118547788,0,0,-4.532910668693852,10.372214790970396,13.405125459664271,False,150,43000
43,0,-1,False,,,23.15223556113393,0,0,-0.41885064532626987,8.369879571339316,7.288730216665585,False,150,43001
43,1,1,False,,,27.44070697854211,0,0,-2.10990572891241,10.372214790970396,10.982120519882805,False,150,43000
43,1,1,False,,,29.993379043755976,0,0,0.821314256078963,8.369879571339316,6.048565315260363,False,150,43001
43,1,-1,False,,,55.36423507274063,0,0,-36.57985703748552,10.372214790970396,45.45207182845586,False,150,43000
43,1,-1,False,,,53.82501107969948,0,0,-35.2095108413259,8.369879571339316,42.07939041266516,False,150,43001
43,2,1,False,,,40.13402481861759,0,0,-4.827223794770138,10.372214790970396,13.699438585740543,False,150,43000
43,2,1,False,,,36.210371496117034,0,0,-3.806044431362694,8.369879571339316,10.675924002702033,False,150,43001
43,2,-1,False,,,28.34929564131823,0,0,-1.7340504527156795,10.372214790970396,10.606265243686087,False,150,43000
43,2,-1,False,,,19.780857219886293,0,0,-1.4062279652265923,8.369879571339316,8.276107536565908,False,150,43001
43,3,1,False,,,43.81087261306516,0,0,-2.602893482428473,10.372214790970396,11.475108273398877,False,150,43000
43,3,1,False,,,41.7932383259549,0,0,-2.5335722367681086,8.369879571339316,9.403451808107436,False,150,43001
43,3,-1,False,,,28.075638145659262,0,0,-1.9317262402896698,10.372214790970396,10.803941031260065,False,150,43000
43,3,-1,False,,,25.75476460785451,0,0,-2.9154841682938972,8.369879571339316,9.785363739633222,False,150,43001
43,4,1,False,,,29.906325999894108,0,0,-3.620378370299628,10.372214790970396,12.492593161270028,False,150,43000
43,4,1,False,,,27.36160073684656,0,0,-3.253010076719308,8.369879571339316,10.122889648058628,False,150,43001
43,4,-1,False,,,41.469277169609185,0,0,-7.2657831430529995,10.372214790970396,16.137997934023417,False,150,43000
43,4,-1,False,,,40.06386717081691,0,0,-1.7673962360801732,8.369879571339316,8.637275807419508,False,150,43001
43,5,1,False,,,28.772536505767786,0,0,-0.45166216866266273,10.372214790970396,9.323876959633058,False,150,43000
43,5,1,False,,,27.140142038101924,0,0,1.1871245849327603,8.369879571339316,5.682754986406555,False,150,43001
43,5,-1,False,,,37.2739477502665,0,0,-0.43685254857827194,10.372214790970396,9.309067339548676,False,150,43000
43,5,-1,False,,,38.19217175267877,0,0,-2.421368879760494,8.369879571339316,9.291248451099822,False,150,43001
43,6,1,False,,,30.89532167713445,0,0,1.3899822864712694,10.372214790970396,7.482232504499131,False,150,43000
43,6,1,False,,,32.32335464871954,0,0,-1.4204992346571421,8.369879571339316,8.290378805996461,False,150,43001
43,6,-1,False,,,44.478081319130055,0,0,-2.494065184001598,10.372214790970396,11.366279974972006,False,150,43000
43,6,-1,False,,,35.47556069811377,0,0,-0.5951573718223352,8.369879571339316,7.465036943161651,False,150,43001
43,7,1,False,,,34.12065235294367,0,0,-2.859359495044595,10.372214790970396,11.731574286014995,False,150,43000
43,7,1,False,,,35.85461735982426,0,0,0.36617360827291723,8.369879571339316,6.503705963066401,False,150,43001
43,7,-1,False,,,33.570644386313596,0,0,-3.022273081857109,10.372214790970396,11.894487872827508,False,150,43000
43,7,-1,False,,,31.774490919693818,0,0,-3.138059790997585,8.369879571339316,10.007939362336906,False,150,43001
44,0,1,False,,,40.46682792261519,0,0,-0.36300750371549606,9.412411461217534,8.275418964933044,False,150,44000
44,0,1,False,,,37.81072839439624,0,0,-0.865544499563675,6.877083825467334,6.242628325031016,False,150,44001
44,0,-1,False,,,37.13789721713149,0,0,0.4230591479428885,9.412411461217534,7.4893523132746544,False,150,44000
44,0,-1,False,,,30.391572166751892,0,0,-4.336750041168591,6.877083825467334,9.71383386663595,False,150,44001
44,1,1,False,,,41.24669560129844,0,0,-2.9344787213365215,9.412411461217534,10.846890182554064,False,150,44000
44,1,1,False,,,40.061889636726704,0,0,-1.3600463325916314,6.877083825467334,6.7371301580589815,False,150,44001
44,1,-1,False,,,18.180912160772287,0,0,0.6753818758663024,9.412411461217534,7.23702958535123,False,150,44000
44,1,-1,False,,,28.150947620984862,0,0,-2.340796441709945,6.877083825467334,7.717880267177284,False,150,44001
44,2,1,False,,,38.10956549518527,0,0,4.3022166272185975,9.412411461217534,3.6101948339989507,False,150,44000
44,2,1,False,,,37.046031559155466,0,0,-0.6171480367797599,6.877083825467334,5.9942318622471085,False,150,44001
44,2,-1,False,,,35.82863412361054,0,0,1.9188978066208535,9.412411461217534,5.993513654596679,False,150,44000
44,2,-1,False,,,29.974334971178266,0,0,-1.52743978497709,6.877083825467334,6.9045236104444285,False,150,44001
44,3,1,False,,,40.71445471494111,0,0,-0.8411524169003433,9.412411461217534,8.753563878117879,False,150,44000
44,3,1,False,,,42.883699217318515,0,0,-0.33460152303095425,6.877083825467334,5.711685348498295,False,150,44001
44,3,-1,False,,,31.849702018175442,0,0,0.5608380964960706,9.412411461217534,7.351573364721463,False,150,44000
44,3,-1,False,,,30.26698356938182,0,0,-3.3664497747116817,6.877083825467334,8.743533600179028,False,150,44001
44,4,1,False,,,26.745106498152023,0,0,3.629449980823167,9.412411461217534,4.282961480394383,False,150,44000
44,4,1,False,,,16.7826811187988,0,0,-1.3355887476336572,6.877083825467334,6.71267257310099,False,150,44001
44,4,-1,False,,,39.19200229046255,0,0,0.6084155938300158,9.412411461217534,7.303995867387529,False,150,44000
44,4,-1,False,,,41.12995799939346,0,0,-5.065902837703274,6.877083825467334,10.442986663170629,False,150,44001
44,5,1,False,,,40.65110321040203,0,0,0.07881050193276606,9.412411461217534,7.83360095928478,False,150,44000
44,5,1,False,,,41.13295145971808,0,0,-3.339408194617385,6.877083825467334,8.716492020084742,False,150,44001
44,5,-1,False,,,23.53689113925454,0,0,-1.3914564204577318,9.412411461217534,9.303867881675275,False,150,44000
44,5,-1,False,,,27.047910242615412,0,0,-2.5492875485393967,6.877083825467334,7.926371374006732,False,150,44001
44,6,1,False,,,40.749358138453104,0,0,0.9011526736513733,9.412411461217534,7.011258787566174,False,150,44000
44,6,1,False,,,36.1126033664028,0,0,-1.6367840019161937,6.877083825467334,7.013867827383535,False,150,44001
44,6,-1,False,,,16.29543209270273,0,0,2.369563930308117,9.412411461217534,5.542847530909441,False,150,44000
44,6,-1,False,,,30.97587964400553,0,0,-3.002513549058353,6.877083825467334,8.3795973745257,False,150,44001
44,7,1,False,,,40.55485627131506,0,0,0.6073925912241787,9.412411461217534,7.305018869993354,False,150,44000
44,7,1,False,,,38.19813230411931,0,0,-4.72779390536955,6.877083825467334,10.104877730836913,False,150,44001
44,7,-1,False,,,31.694663422291423,0,0,2.944338917720194,9.412411461217534,4.9680725434973505,False,150,44000
44,7,-1,False,,,32.02387654358962,0,0,-4.235775203410188,6.877083825467334,9.612859028877532,False,150,44001
45,0,1,False,,,46.17411884198582,0,0,-5.672846768582482,8.98522665333821,13.15807342192072,False,150,45000
45,0,1,False,,,43.29180910633054,0,0,-1.5550284144425668,6.666971855346987,6.722000269789553,False,150,45001
45,0,-1,False,,,30.497812852679942,0,0,-2.781184671391249,8.98522665333821,10.26641132472946,False,150,45000
45,0,-1,False,,,33.993064111396265,0,0,-1.5141388644175056,6.666971855346987,6.681110719764501,False,150,45001
45,1,1,False,,,27.138955791520512,0,0,-1.3390343512797038,8.98522665333821,8.824261004617913,False,150,45000
45,1,1,False,,,37.12819742056435,0,0,0.38910739032476505,6.666971855346987,4.777864465022221,False,150,45001
45,1,-1,False,,,37.93904027715467,0,0,-1.3076095356544848,8.98522665333821,8.792836188992705,False,150,45000
45,1,-1,False,,,36.320357815789244,0,0,-0.46498151928076514,6.666971855346987,5.631953374627751,False,150,45001
45,2,1,False,,,38.1650703160954,0,0,-6.1888731409283375,8.98522665333821,13.674099794266576,False,150,45000
45,2,1,False,,,34.13474549702356,0,0,1.0275180248483673,6.666971855346987,4.139453830498619,False,150,45001
45,2,-1,False,,,22.706417190219952,0,0,0.6431248937139276,8.98522665333821,6.842101759624291,False,150,45000
45,2,-1,False,,,28.06483450557909,0,0,0.4039914245623453,6.666971855346987,4.762980430784641,False,150,45001
45,3,1,False,,,36.054300526179055,0,0,-0.6042276757501726,8.98522665333821,8.089454329088396,False,150,45000
45,3,1,False,,,34.99529284817788,0,0,-1.1732646907737576,6.666971855346987,6.340236546120745,False,150,45001
45,3,-1,False,,,38.060294468795725,0,0,-3.6430535317417405,8.98522665333821,11.12828018507997,False,150,45000
45,3,-1,False,,,32.66435948144008,0,0,-0.8092372114772464,6.666971855346987,5.976209066824232,False,150,45001
45,4,1,False,,,33.735399222512704,0,0,-5.90159104524733,8.98522665333821,13.38681769858555,False,150,45000
45,4,1,False,,,35.79551158715442,0,0,0.15575794377982644,6.666971855346987,5.011213911567161,False,150,45001
45,4,-1,False,,,34.0169781160833,0,0,-2.275655777656671,8.98522665333821,9.760882430994888,False,150,45000
45,4,-1,False,,,40.112799991810256,0,0,-2.206428018028724,6.666971855346987,7.3733998733757184,False,150,45001
45,5,1,False,,,34.094081856758905,0,0,-2.4096973962918176,8.98522665333821,9.894924049630033,False,150,45000
45,5,1,False,,,38.97839536701619,0,0,3.0004196176378244,6.666971855346987,2.1665522377091677,False,150,45001
45,5,-1,False,,,35.76118259127826,0,0,-4.000356973234318,8.98522665333821,11.485583626572536,False,150,45000
45,5,-1,False,,,29.350316788022653,0,0,-1.2360448581112637,6.666971855346987,6.40301671345825,False,150,45001
45,6,1,False,,,35.47192700125472,0,0,-2.4398197989735504,8.98522665333821,9.925046452311767,False,150,45000
45,6,1,False,,,39.39837129609708,0,0,-1.938894894512526,6.666971855346987,7.105866749859512,False,150,45001
45,6,-1,False,,,35.223600490157125,0,0,-3.9563870672480244,8.98522665333821,11.441613720586249,False,150,45000
45,6,-1,False,,,31.18446729908822,0,0,2.6240933319904296,6.666971855346987,2.542878523356562,False,150,45001
45,7,1,False,,,24.56243873394411,0,0,-2.1016180668491864,8.98522665333821,9.586844720187399,False,150,45000
45,7,1,False,,,29.25115273774936,0,0,0.712279905789609,6.666971855346987,4.454691949557377,False,150,45001
45,7,-1,False,,,43.34182158989192,0,0,1.1871989131609098,8.98522665333821,6.2980277401773,False,150,45000
45,7,-1,False,,,38.84577627288878,0,0,3.6757940680670877,6.666971855346987,1.4911777872798997,False,150,45001
46,0,1,False,,,42.07579752663994,0,0,0.5021625568261492,8.332558229513689,6.330395672687551,False,150,46000
46,0,1,False,,,43.14746604062858,0,0,-1.247122413121516,7.375279955559668,7.12240236868119,False,150,46001
46,0,-1,False,,,26.447313693888812,0,0,-3.450787785782377,8.332558229513689,10.28334601529608,False,150,46000
46,0,-1,False,,,34.070243603307645,0,0,-4.323763485328161,7.375279955559668,10.199043440887833,False,150,46001
46,1,1,False,,,35.31542354930484,0,0,3.0052798329945736,8.332558229513689,3.8272783965191226,False,150,46000
46,1,1,False,,,35.36700713566384,0,0,1.3945462401559585,7.375279955559668,4.48073371540371,False,150,46001
46,1,-1,False,,,38.10066886189148,0,0,-0.8562445533564922,8.332558229513689,7.688802782870188,False,150,46000
46,1,-1,False,,,35.0300232131694,0,0,-3.0360317995195194,7.375279955559668,8.911311755079195,False,150,46001
46,2,1,False,,,33.08001321886521,0,0,-0.7038097972004334,8.332558229513689,7.536368026714122,False,150,46000
46,2,1,False,,,28.362374522943547,0,0,-0.7473812409818403,7.375279955559668,6.622661196541512,False,150,46001
46,2,-1,False,,,41.77765324073414,0,0,0.6693075480283313,8.332558229513689,6.163250681485364,False,150,46000
46,2,-1,False,,,39.53876217880943,0,0,-2.1005837085347077,7.375279955559668,7.975863664094376,False,150,46001
46,3,1,False,,,35.82853281145921,0,0,-2.613368049020141,8.332558229513689,9.44592627853383,False,150,46000
46,3,1,False,,,37.22475565934903,0,0,-2.5894789829807308,7.375279955559668,8.464758938540408,False,150,46001
46,3,-1,False,,,42.2275875345793,0,0,1.0560457120933695,8.332558229513689,5.776512517420325,False,150,46000
46,3,-1,True,133,2.66,33.23431601955093,0,0,15.108506463771153,7.375279955559668,0.9367734917885231,False,133,46001
46,4,1,False,,,41.46493546821197,0,0,-0.15979881954512032,8.332558229513689,6.992357049058817,False,150,46000
46,4,1,False,,,35.2742200462898,0,0,1.869412490225366,7.375279955559668,4.005867465334301,False,150,46001
46,4,-1,False,,,34.33375786814128,0,0,-2.1748648492594738,8.332558229513689,9.007423078773162,False,150,46000
46,4,-1,False,,,32.31396030911053,0,0,-2.9607150890736875,7.375279955559668,8.83599504463336,False,150,46001
46,5,1,False,,,39.082693201726464,0,0,0.41515113041128515,8.332558229513689,6.417407099102406,False,150,46000
46,5,1,False,,,42.30159204138036,0,0,-0.30614135757072747,7.375279955559668,6.181421313130402,False,150,46001
46,5,-1,False,,,32.278680601736184,0,0,-2.5191452320805565,8.332558229513689,9.351703461594244,False,150,46000
46,5,-1,False,,,31.73030113291199,0,0,-2.897566227238616,7.375279955559668,8.7728461827983,False,150,46001
46,6,1,False,,,39.97002556276997,0,0,2.1384959574873874,8.332558229513689,4.694062272026305,False,150,46000
46,6,1,False,,,42.12891148948297,0,0,-1.3403239846696637,7.375279955559668,7.215603940229334,False,150,46001
46,6,-1,False,,,31.73058382776013,0,0,-2.7759649801657087,8.332558229513689,9.608523209679408,False,150,46000
46,6,-1,False,,,31.258508322310217,0,0,-2.996808099508259,7.375279955559668,8.872088055067941,False,150,46001
46,7,1,False,,,40.517933085683985,0,0,-0.3891935777099853,8.332558229513689,7.221751807223682,False,150,46000
46,7,1,False,,,44.832424987195985,0,0,0.06919768962256945,7.375279955559668,5.806082265937106,False,150,46001
46,7,-1,False,,,37.5486776664084,0,0,-0.649716131871473,8.332558229513689,7.48227436138516,False,150,46000
46,7,-1,False,,,32.78138041682537,0,0,-2.5455845807206376,7.375279955559668,8.420864536280305,False,150,46001
47,0,1,False,,,46.42475851882216,0,0,-0.08783775892582323,6.590369387626066,5.178207146551908,False,150,47000
47,0,1,False,,,45.442581893802945,0,0,-4.58115598013693,8.347526195962129,11.42868217609908,False,150,47001
47,0,-1,False,,,21.18541612622453,0,0,-1.490674113343941,6.590369387626066,6.581043500970007,False,150,47000
47,0,-1,False,,,32.07054023985983,0,0,-1.197573954272841,8.347526195962129,8.045100150234976,False,150,47001
47,1,1,False,,,33.760209993803656,0,0,-0.12890324671951459,6.590369387626066,5.219272634345597,False,150,47000
47,1,1,False,,,30.25640547266942,0,0,-3.3576390197412467,8.347526195962129,10.20516521570339,False,150,47001
47,1,-1,False,,,31.399203693447348,0,0,0.7541180506767906,6.590369387626066,4.336251336949281,False,150,47000
47,1,-1,False,,,36.96468852820795,0,0,2.9628995928570743,8.347526195962129,3.884626603105062,False,150,47001
47,2,1,False,,,42.68347706313999,0,0,-0.7193298497264746,6.590369387626066,5.80969923735256,False,150,47000
47,2,1,False,,,41.055947679545916,0,0,-4.239961099319581,8.347526195962129,11.087487295281727,False,150,47001
47,2,-1,False,,,25.93586815124822,0,0,1.8967053030046568,6.590369387626066,3.1936640846214095,False,150,47000
47,2,-1,False,,,26.243918004922318,0,0,1.264148909788255,8.347526195962129,5.58337728617389,False,150,47001
47,3,1,False,,,29.685292384701295,0,0,-0.8923179147453955,6.590369387626066,5.982687302371468,False,150,47000
47,3,1,False,,,30.19138967395771,0,0,0.14166807125275405,8.347526195962129,6.705858124709388,False,150,47001
47,3,-1,False,,,35.81627169650521,0,0,3.1465099816386326,6.590369387626066,1.9438594059874366,False,150,47000
47,3,-1,False,,,39.849320002290604,0,0,0.8761392600721796,8.347526195962129,5.971386935889956,False,150,47001
47,4,1,False,,,37.87752113677961,0,0,-1.123257366613933,6.590369387626066,6.213626754240014,False,150,47000
47,4,1,False,,,40.04664857951304,0,0,-9.64311685648537,8.347526195962129,16.490643052447517,False,150,47001
47,4,-1,False,,,35.621637390823246,0,0,1.569336565584101,6.590369387626066,3.521032822041965,False,150,47000
47,4,-1,False,,,36.2753852844208,0,0,2.238161436293124,8.347526195962129,4.609364759669019,False,150,47001
47,5,1,False,,,44.26058809544381,0,0,0.8752307845118039,6.590369387626066,4.215138603114271,False,150,47000
47,5,1,False,,,41.38718067093826,0,0,3.4230494388677997,8.347526195962129,3.4244767570943364,False,150,47001
47,5,-1,False,,,12.415306518475012,0,0,-0.8559903826337945,6.590369387626066,5.94635977025986,False,150,47000
47,5,-1,False,,,19.220093355536008,0,0,0.4837933753353185,8.347526195962129,6.363732820626822,False,150,47001
47,6,1,False,,,44.94578075129123,0,0,-17.20093743080012,6.590369387626066,22.291306818426182,False,150,47000
47,6,1,True,65,1.3,15.787333269980289,0,0,16.825527013182025,8.347526195962129,0.8719991827801039,False,65,47001
47,6,-1,False,,,36.43167396067649,0,0,0.6106901556803923,6.590369387626066,4.479679231945675,False,150,47000
47,6,-1,False,,,33.8610595631905,0,0,0.570020503457306,8.347526195962129,6.277505692504829,False,150,47001
47,7,1,False,,,36.42952582960213,0,0,-15.17348001428685,6.590369387626066,20.263849401912935,False,150,47000
47,7,1,False,,,35.68993772245634,0,0,-7.239232348804531,8.347526195962129,14.086758544766672,False,150,47001
47,7,-1,False,,,32.095301041839726,0,0,-6.350461889507612,6.590369387626066,11.440831277133695,False,150,47000
47,7,-1,False,,,36.45748890663025,0,0,-1.3190645154407945,8.347526195962129,8.166590711402934,False,150,47001
