generation,candidate,sign,success,steps_to_target,time_to_target,distance_traveled,collision_ticks,collision_onsets,reward,initial_distance,final_distance,flipped,ticks,seed
0,0,1,False,,,23.572322311077002,0,0,-3.079290471516086,7.615114941723648,9.194405413239735,False,150,0
0,0,1,False,,,27.210068143432245,0,0,-5.823523493109022,10.152347547978732,14.47587104108776,False,150,1
0,0,-1,False,,,13.526329079662252,0,0,-2.7796745502565106,7.615114941723648,8.894789491980177,False,150,0
0,0,-1,False,,,9.750307830869666,0,0,-2.113747971381226,10.152347547978732,10.76609551935996,False,150,1
0,1,1,False,,,14.295725427753455,0,0,-1.9774605023428666,7.615114941723648,8.092575444066519,False,150,0
0,1,1,False,,,15.966012619489186,0,0,-2.112505462498251,10.152347547978732,10.764853010476982,False,150,1
0,1,-1,False,,,17.528377777132015,0,0,-2.630631172355961,7.615114941723648,8.745746114079632,False,150,0
0,1,-1,False,,,10.719320761246204,0,0,-4.064821935924872,10.152347547978732,12.717169483903618,False,150,1
0,2,1,False,,,19.437161272940106,0,0,-0.10509521394475305,7.615114941723648,6.2202101556684,False,150,0
0,2,1,False,,,19.120697726457127,0,0,2.146303948630263,10.152347547978732,6.506043599348472,False,150,1
0,2,-1,False,,,35.6238233353924,0,0,-4.258854385108411,7.615114941723648,10.37396932683208,False,150,0
0,2,-1,False,,,18.36779051631801,0,0,-5.0379758923707865,10.152347547978732,13.690323440349543,False,150,1
0,3,1,False,,,22.754607442685302,0,0,-1.5342248442146182,7.615114941723648,7.649339785938265,False,150,0
0,3,1,False,,,28.943190013134586,0,0,-8.127813066753074,10.152347547978732,16.780160614731816,False,150,1
0,3,-1,False,,,12.350975842545443,0,0,-4.5553862096269935,7.615114941723648,10.670501151350669,False,150,0
0,3,-1,False,,,6.827501728731516,0,0,-3.5108594730484,10.152347547978732,12.163207021027144,False,150,1
0,4,1,False,,,8.070537388768749,0,0,-5.219081188119797,7.615114941723648,11.334196129843473,False,150,0
0,4,1,False,,,7.795376567945806,0,0,-3.831255977111554,10.152347547978732,12.483603525090306,False,150,1
0,4,-1,False,,,22.58994266388706,0,0,-2.1165059255949155,7.615114941723648,8.231620867318563,False,150,0
0,4,-1,False,,,27.70261409081302,0,0,-4.785787996962401,10.152347547978732,13.438135544941144,False,150,1
0,5,1,False,,,21.389380901468524,0,0,-1.6244148621025523,7.615114941723648,7.739529803826199,False,150,0
0,5,1,False,,,16.706754663748637,0,0,-2.469392616300614,10.152347547978732,11.121740164279354,False,150,1
0,5,-1,False,,,16.3509398934574,0,0,-9.75055561724782,7.615114941723648,15.865670558971495,False,150,0
0,5,-1,False,,,3.5237143844423047,0,0,-2.642327001996418,10.152347547978732,11.294674549975158,False,150,1
0,6,1,False,,,13.925549771978176,0,0,-3.019929369474162,7.615114941723648,9.13504431119782,False,150,0
0,6,1,False,,,4.935854268769304,0,0,-2.7245076232379746,10.152347547978732,11.376855171216713,False,150,1
0,6,-1,False,,,14.274196746717768,0,0,-2.0875795006629403,7.615114941723648,8.2026944423866,False,150,0
0,6,-1,False,,,20.245092340908467,0,0,-3.00315425626129,10.152347547978732,11.655501804240023,False,150,1
0,7,1,False,,,12.080754139312283,0,0,-1.8112547292587227,7.615114941723648,7.926369670982369,False,150,0
0,7,1,False,,,13.616122850307406,0,0,-1.4523473960455473,10.152347547978732,10.104694944024278,False,150,1
0,7,-1,False,,,26.614423827304403,0,0,-3.05599084950435,7.615114941723648,9.171105791227998,False,150,0
0,7,-1,False,,,35.13041533849555,0,0,-7.342159450946957,10.152347547978732,15.994506998925697,False,150,1
1,0,1,False,,,33.871298523802565,0,0,-16.828809203114012,7.872305478935019,23.20111468204905,False,150,1000
1,0,1,False,,,18.496685786069545,0,0,-5.126463919258851,6.294548299982861,9.921012219241717,False,150,1001
1,0,-1,False,,,4.664846624102316,0,0,-0.04333596195528706,7.872305478935019,6.415641440890305,False,150,1000
1,0,-1,True,95,1.9000000000000001,15.023053041056084,0,0,14.673840486417923,6.294548299982861,0.6707078135649376,False,95,1001
1,1,1,False,,,52.787629598354805,0,0,-26.87360200377806,7.872305478935019,33.24590748271303,False,150,1000
1,1,1,False,,,54.41221909232661,0,0,-36.303470677849894,6.294548299982861,41.0980189778327,False,150,1001
1,1,-1,False,,,20.02216907054457,0,0,-9.525233823036752,7.872305478935019,15.897539301971793,False,150,1000
1,1,-1,False,,,16.352179660744223,0,0,-5.291213475368965,6.294548299982861,10.08576177535184,False,150,1001
1,2,1,False,,,10.189867206946955,0,0,-0.22008793847996183,7.872305478935019,6.592393417414979,False,150,1000
1,2,1,False,,,17.646997669799358,0,0,-4.401067848327962,6.294548299982861,9.195616148310847,False,150,1001
1,2,-1,False,,,28.57784966969535,0,0,-10.868450919200033,7.872305478935019,17.240756398135073,False,150,1000
1,2,-1,False,,,31.62015185983172,0,0,-9.310558548078337,6.294548299982861,14.105106848061217,False,150,1001
1,3,1,False,,,14.096793459676551,0,0,-1.5344693022548148,7.872305478935019,7.906774781189832,False,150,1000
1,3,1,False,,,17.786530378167726,0,0,-3.748029693951427,6.294548299982861,8.542577993934295,False,150,1001
1,3,-1,False,,,10.471708577771308,0,0,-2.292977142838445,7.872305478935019,8.66528262177347,False,150,1000
1,3,-1,False,,,6.6646212512741485,0,0,-2.6040601047632483,6.294548299982861,7.398608404746115,False,150,1001
1,4,1,False,,,13.134380664870898,0,0,-2.6232962594466738,7.872305478935019,8.995601738381696,False,150,1000
1,4,1,False,,,15.387570273726604,0,0,-2.9675939772760906,6.294548299982861,7.762142277258958,False,150,1001
1,4,-1,False,,,9.022168532898935,0,0,-0.1429772372560023,7.872305478935019,6.51528271619102,False,150,1000
1,4,-1,False,,,10.849432765388993,0,0,-2.6258910819308685,6.294548299982861,7.420439381913735,False,150,1001
1,5,1,False,,,23.803306677612525,0,0,-11.99261192575549,7.872305478935019,18.364917404690534,False,150,1000
1,5,1,False,,,18.145547090988384,0,0,-3.7745246908285175,6.294548299982861,8.569072990811382,False,150,1001
1,5,-1,False,,,17.387405127137338,0,0,-6.462716132507361,7.872305478935019,12.835021611442404,False,150,1000
1,5,-1,False,,,12.18648195887312,0,0,-1.9595662847103958,6.294548299982861,6.754114584693255,False,150,1001
1,6,1,False,,,38.25661884596331,0,0,-22.41596119229284,7.872305478935019,28.788266671227795,False,150,1000
1,6,1,False,,,36.379574014141795,0,0,-16.644676857646985,6.294548299982861,21.439225157629856,False,150,1001
1,6,-1,False,,,6.5107009454234746,0,0,-2.3217183215686354,7.872305478935019,8.694023800503658,False,150,1000
1,6,-1,False,,,19.386462162985406,0,0,2.174424042495102,6.294548299982861,2.6201242574877583,False,150,1001
1,7,1,False,,,3.061285080695436,0,0,-1.1108877887288298,7.872305478935019,7.4831932676638475,False,150,1000
1,7,1,False,,,11.835193910941344,0,0,-3.399798584045543,6.294548299982861,8.19434688402842,False,150,1001
1,7,-1,False,,,19.010043397302717,0,0,-6.48991654991675,7.872305478935019,12.86222202885179,False,150,1000
1,7,-1,False,,,21.72051871695187,0,0,-4.364715155613184,6.294548299982861,9.159263455596056,False,150,1001
2,0,1,False,,,4.096186189891329,0,0,-2.5737913312659284,9.171104247193439,10.244895578459374,False,150,2000
2,0,1,True,32,0.64,6.8151764470200815,0,0,15.176642427202072,6.269351194101572,0.7727087668995012,False,32,2001
2,0,-1,False,,,17.153757440803997,0,0,-1.7750437535966408,9.171104247193439,9.446148000790078,False,150,2000
2,0,-1,False,,,18.26105950250257,0,0,-4.223725648730205,6.269351194101572,8.993076842831794,False,150,2001
2,1,1,False,,,15.076395013383893,0,0,-5.892753931109633,9.171104247193439,13.563858178303091,False,150,2000
2,1,1,False,,,20.30384778411115,0,0,-11.626237945186174,6.269351194101572,16.39558913928777,False,150,2001
2,1,-1,False,,,44.08984548396075,0,0,-1.2536238319467816,9.171104247193439,8.924728079140225,False,150,2000
2,1,-1,False,,,50.8257004108373,0,0,-30.28451812977754,6.269351194101572,35.05386932387904,False,150,2001
2,2,1,False,,,27.69306583543866,0,0,-2.4182448839046193,9.171104247193439,10.089349131098057,False,150,2000
2,2,1,False,,,28.248651370749084,0,0,-16.96388328111008,6.269351194101572,21.73323447521166,False,150,2001
2,2,-1,False,,,53.84126781104081,0,0,-42.86365898190413,9.171104247193439,50.53476322909757,False,150,2000
2,2,-1,False,,,52.923446076358125,0,0,-30.080223834197984,6.269351194101572,34.8495750282995,False,150,2001
2,3,1,False,,,34.64630982626451,0,0,-4.7524160574369585,9.171104247193439,12.423520304630408,False,150,2000
2,3,1,False,,,10.621809926071984,0,0,-0.6092886075291828,6.269351194101572,5.3786398016307535,False,150,2001
2,3,-1,False,,,13.174599155821106,0,0,-3.161364514701706,9.171104247193439,10.832468761895155,False,150,2000
2,3,-1,False,,,15.23099311729997,0,0,-4.6324908522087265,6.269351194101572,9.401842046310318,False,150,2001
2,4,1,False,,,47.61083153366741,0,0,-13.435255435678195,9.171104247193439,21.106359682871535,False,150,2000
2,4,1,False,,,17.72272612522406,0,0,-1.7933706285587003,6.269351194101572,6.562721822660274,False,150,2001
2,4,-1,False,,,14.123767410379378,0,0,-1.7678945840964402,9.171104247193439,9.438998831289878,False,150,2000
2,4,-1,False,,,16.279486344019787,0,0,-9.520279152394032,6.269351194101572,14.28963034649563,False,150,2001
2,5,1,False,,,33.28044019276086,0,0,-0.8850716895033834,9.171104247193439,8.556175936696828,False,150,2000
2,5,1,False,,,7.674143760733957,0,0,-0.18951127587648997,6.269351194101572,4.958862469978061,False,150,2001
2,5,-1,False,,,17.734537790809142,0,0,-2.0852981912707977,9.171104247193439,9.756402438464237,False,150,2000
2,5,-1,False,,,19.258574079742868,0,0,-8.786770621573975,6.269351194101572,13.556121815675569,False,150,2001
2,6,1,False,,,20.956920984046008,0,0,-4.480821596945587,9.171104247193439,12.151925844139043,False,150,2000
2,6,1,False,,,25.517433844895393,0,0,-12.064648913797015,6.269351194101572,16.834000107898614,False,150,2001
2,6,-1,False,,,15.582874718466137,0,0,-4.583148603125179,9.171104247193439,12.254252850318645,False,150,2000
2,6,-1,False,,,14.819219715007051,0,0,-6.414857306304246,6.269351194101572,11.184208500405836,False,150,2001
2,7,1,False,,,47.380956335446015,0,0,-6.658025112088249,9.171104247193439,14.329129359281703,False,150,2000
2,7,1,False,,,13.956118756639805,0,0,-1.0209543551040545,6.269351194101572,5.790305549205625,False,150,2001
2,7,-1,False,,,29.336337874203988,0,0,-2.426852241718982,9.171104247193439,10.097956488912422,False,150,2000
2,7,-1,False,,,20.30928113111176,0,0,-11.658794075800165,6.269351194101572,16.428145269901762,False,150,2001
3,0,1,False,,,18.90286664002516,0,0,-4.336988334370932,6.830979194446965,9.66796752881792,False,150,3000
3,0,1,False,,,28.268531203627344,0,0,-1.444325290750207,9.485737258288605,9.430062549038825,False,150,3001
3,0,-1,False,,,15.22832307087465,0,0,-9.63442763170276,6.830979194446965,14.965406826149751,False,150,3000
3,0,-1,False,,,54.10145802970704,0,0,-42.12912812913841,9.485737258288605,50.11486538742701,False,150,3001
3,1,1,False,,,47.03758218770834,0,0,-25.919538144412737,6.830979194446965,31.250517338859666,False,150,3000
3,1,1,False,,,56.376543697634055,0,0,-44.50044221596544,9.485737258288605,52.48617947425406,False,150,3001
3,1,-1,False,,,24.456412253455884,0,0,-8.774261376373168,6.830979194446965,14.105240570820161,False,150,3000
3,1,-1,False,,,27.13217003108802,0,0,-0.3586060243400506,9.485737258288605,8.344343282628666,False,150,3001
3,2,1,True,64,1.28,8.242877511432138,0,0,15.268418977607821,6.830979194446965,0.9225602168391465,False,64,3000
3,2,1,False,,,58.427142079312866,0,0,-44.6020946772208,9.485737258288605,52.58783193550941,False,150,3001
3,2,-1,False,,,25.903237521936376,0,0,-10.16359411825532,6.830979194446965,15.494573312702313,False,150,3000
3,2,-1,False,,,25.252296501909616,0,0,-11.648183284954495,9.485737258288605,19.63392054324311,False,150,3001
3,3,1,False,,,11.778354518052648,0,0,-1.5483665087215226,6.830979194446965,6.879345703168487,False,150,3000
3,3,1,False,,,50.21025756267796,0,0,-36.98866712439253,9.485737258288605,44.97440438268109,False,150,3001
3,3,-1,False,,,11.973966313840384,0,0,0.09574891448214362,6.830979194446965,5.235230279964822,False,150,3000
3,3,-1,False,,,52.15406313024814,0,0,-36.582968221766855,9.485737258288605,44.568705480055414,False,150,3001
3,4,1,False,,,8.980583599008323,0,0,1.3453540739717975,6.830979194446965,3.985625120475167,False,150,3000
3,4,1,False,,,55.77621555609091,0,0,-42.456821492249354,9.485737258288605,50.442558750537955,False,150,3001
3,4,-1,False,,,20.039152424881003,0,0,-7.9330709481578054,6.830979194446965,13.264050142604795,False,150,3000
3,4,-1,False,,,48.15963914071202,0,0,-33.693222035823695,9.485737258288605,41.67895929411223,False,150,3001
3,5,1,False,,,31.248148825237738,0,0,-5.558591127888428,6.830979194446965,10.88957032233541,False,150,3000
3,5,1,False,,,32.698891722736015,0,0,0.5747791290851457,9.485737258288605,7.410958129203466,False,150,3001
3,5,-1,False,,,44.78011528557198,0,0,-19.454032610848856,6.830979194446965,24.785011805295817,False,150,3000
3,5,-1,False,,,57.60661798017703,0,0,-43.894433727532686,9.485737258288605,51.880170985821294,False,150,3001
3,6,1,False,,,13.786101511135184,0,0,-2.0921618546804543,6.830979194446965,7.423141049127421,False,150,3000
3,6,1,False,,,52.97996935028222,0,0,-40.225986515203026,9.485737258288605,48.21172377349161,False,150,3001
3,6,-1,False,,,14.108530872588101,0,0,-2.136521606620617,6.830979194446965,7.467500801067585,False,150,3000
3,6,-1,False,,,51.0908726254318,0,0,-37.09884213167944,9.485737258288605,45.084579389968,False,150,3001
3,7,1,False,,,54.18215531821336,0,0,-30.963658397086284,6.830979194446965,36.29463759153319,False,150,3000
3,7,1,False,,,59.44368437995006,0,0,-44.688254307443906,9.485737258288605,52.67399156573252,False,150,3001
3,7,-1,False,,,22.804628977295362,0,0,-5.338848337795498,6.830979194446965,10.66982753224249,False,150,3000
3,7,-1,False,,,27.576705263293306,0,0,-4.317245238532808,9.485737258288605,12.302982496821432,False,150,3001
4,0,1,False,,,22.858770255273924,0,0,-0.3138145913152046,9.738796858029003,8.552611449344216,False,150,4000
4,0,1,False,,,26.50307914173327,0,0,-5.785921301751069,8.004257231413446,12.290178533164534,False,150,4001
4,0,-1,False,,,15.376280746385174,0,0,-1.6579548226277414,9.738796858029003,9.896751680656743,False,150,4000
4,0,-1,False,,,11.222530380586619,0,0,-1.780201254906214,8.004257231413446,8.284458486319659,False,150,4001
4,1,1,False,,,43.459039001378855,0,0,-15.034882180307369,9.738796858029003,23.273679038336386,False,150,4000
4,1,1,False,,,47.84323782120321,0,0,-22.9394983904931,8.004257231413446,29.443755621906522,False,150,4001
4,1,-1,False,,,25.16719118021182,0,0,-6.502834558093644,9.738796858029003,14.741631416122665,False,150,4000
4,1,-1,False,,,28.23472988780948,0,0,-9.05137371902954,8.004257231413446,15.555630950443009,False,150,4001
4,2,1,False,,,38.204179885056014,0,0,-6.325798373262169,9.738796858029003,14.56459523129118,False,150,4000
4,2,1,False,,,20.463814458304274,0,0,3.9413433634301605,8.004257231413446,2.5629138679832844,False,150,4001
4,2,-1,False,,,14.52055004042054,0,0,-2.5402801426440673,9.738796858029003,10.779077000673075,False,150,4000
4,2,-1,False,,,16.88257859739553,0,0,-4.349293845354228,8.004257231413446,10.853551076767689,False,150,4001
4,3,1,False,,,36.169369731837655,0,0,-13.3718970769139,9.738796858029003,21.610693934942923,False,150,4000
4,3,1,False,,,31.81893206554994,0,0,-12.728375879624418,8.004257231413446,19.232633111037888,False,150,4001
4,3,-1,False,,,56.058199717857946,0,0,-26.515997905490337,9.738796858029003,34.7547947635193,False,150,4000
4,3,-1,False,,,55.88270827520738,0,0,-27.621038207583947,8.004257231413446,34.12529543899735,False,150,4001
4,4,1,False,,,19.058536590986765,0,0,-3.019807761896624,9.738796858029003,11.258604619925645,False,150,4000
4,4,1,False,,,15.914212948286394,0,0,-2.2257708819794257,8.004257231413446,8.730028113392873,False,150,4001
4,4,-1,False,,,21.91850071076886,0,0,-0.9517652796227596,9.738796858029003,9.190562137651762,False,150,4000
4,4,-1,False,,,12.720915008600333,0,0,-1.683917545675585,8.004257231413446,8.18817477708903,False,150,4001
4,5,1,False,,,30.525912062663558,0,0,-6.9162819435425735,9.738796858029003,15.15507880157159,False,150,4000
4,5,1,False,,,38.84000628544548,0,0,-20.76673577137906,8.004257231413446,27.27099300279249,False,150,4001
4,5,-1,False,,,14.322502851786322,0,0,-2.093233268892318,9.738796858029003,10.332030126921321,False,150,4000
4,5,-1,False,,,13.37253590309953,0,0,-1.4889891125658778,8.004257231413446,7.993246343979322,False,150,4001
4,6,1,False,,,17.5254292030964,0,0,-3.3666788024932526,9.738796858029003,11.605475660522265,False,150,4000
4,6,1,False,,,15.928486741541121,0,0,-2.6970221851545952,8.004257231413446,9.201279416568047,False,150,4001
4,6,-1,False,,,13.725161308650916,0,0,-2.1327589462050436,9.738796858029003,10.371555804234047,False,150,4000
4,6,-1,False,,,18.105988011302017,0,0,-6.138790591798353,8.004257231413446,12.643047823211822,False,150,4001
4,7,1,False,,,42.57036222030705,0,0,-12.045639534848153,9.738796858029003,20.284436392877165,False,150,4000
4,7,1,True,79,1.58,13.317017000486414,0,0,16.38334797480799,8.004257231413446,0.8309092566054576,False,79,4001
4,7,-1,False,,,27.464997986266013,0,0,-11.612599682906822,9.738796858029003,19.851396540935845,False,150,4000
4,7,-1,False,,,29.898978882288358,0,0,-13.412568987716496,8.004257231413446,19.916826219129966,False,150,4001
5,0,1,False,,,24.692256958047633,0,0,-2.2130385127103738,7.62323124870712,8.336269761417519,False,150,5000
5,0,1,False,,,19.989003172716664,0,0,-1.8639798806708696,9.594597909508437,9.958577790179305,False,150,5001
5,0,-1,False,,,59.89104266811358,0,0,-46.3070389397574,7.62323124870712,52.43027018846453,False,150,5000
5,0,-1,False,,,60.511165576192376,0,0,-48.01114192470316,9.594597909508437,56.105739834211626,False,150,5001
5,1,1,False,,,32.32325814351336,0,0,-7.4557547581737795,7.62323124870712,13.578986006880926,False,150,5000
5,1,1,False,,,29.41571937455867,0,0,-1.3796349148124099,9.594597909508437,9.474232824320854,False,150,5001
5,1,-1,False,,,48.98676869614715,0,0,-21.087899404517056,7.62323124870712,27.211130653224167,False,150,5000
5,1,-1,False,,,47.20388716064506,0,0,-10.9496661671989,9.594597909508437,19.044264076707346,False,150,5001
5,2,1,False,,,32.85135756276987,0,0,-7.250321191734493,7.62323124870712,13.373552440441637,False,150,5000
5,2,1,False,,,26.3157748568887,0,0,1.8563522387609195,9.594597909508437,6.238245670747522,False,150,5001
5,2,-1,False,,,55.21384993842682,0,0,-42.71223673414072,7.62323124870712,48.83546798284784,False,150,5000
5,2,-1,False,,,56.750605861033975,0,0,-40.00783742187817,9.594597909508437,48.10243533138659,False,150,5001
5,3,1,False,,,32.80429790101155,0,0,-7.656743678018872,7.62323124870712,13.779974926726018,False,150,5000
5,3,1,False,,,19.28015265058223,0,0,-1.7976208041948438,9.594597909508437,9.89221871370328,False,150,5001
5,3,-1,False,,,55.28376271392559,0,0,-42.060843780329826,7.62323124870712,48.18407502903694,False,150,5000
5,3,-1,False,,,37.527386986505384,0,0,0.6801617730975087,9.594597909508437,7.4144361364109415,False,150,5001
5,4,1,False,,,34.83325989424668,0,0,-8.581887472090239,7.62323124870712,14.705118720797387,False,150,5000
5,4,1,False,,,28.869105106591498,0,0,2.5797437092479854,9.594597909508437,5.514854200260453,False,150,5001
5,4,-1,False,,,52.559498163740265,0,0,-41.584590589356736,7.62323124870712,47.70782183806385,False,150,5000
5,4,-1,False,,,33.665787133265844,0,0,-5.121536266209814,9.594597909508437,13.216134175718263,False,150,5001
5,5,1,False,,,55.98421861683247,0,0,-43.85250289085626,7.62323124870712,49.975734139563386,False,150,5000
5,5,1,False,,,58.380152707773284,0,0,-44.965692054942956,9.594597909508437,53.0602899644514,False,150,5001
5,5,-1,False,,,24.535595762588745,0,0,1.99646958602663,7.62323124870712,4.126761662680496,False,150,5000
5,5,-1,False,,,22.846554919875675,0,0,-1.3364866772811825,9.594597909508437,9.431084586789618,False,150,5001
5,6,1,False,,,25.94987979249355,0,0,-2.0082243174477163,7.62323124870712,8.131455566154855,False,150,5000
5,6,1,False,,,25.135654995695596,0,0,1.6142249600578915,9.594597909508437,6.480372949450544,False,150,5001
5,6,-1,False,,,56.031036954032714,0,0,-43.79771834174428,7.62323124870712,49.9209495904514,False,150,5000
5,6,-1,True,90,1.8,22.667386449840468,0,0,17.754421267639543,9.594597909508437,0.9401766418689025,False,90,5001
5,7,1,False,,,30.30215894882263,0,0,-5.322758256415937,7.62323124870712,11.445989505123077,False,150,5000
5,7,1,False,,,18.06178168249306,0,0,-1.7784688138616018,9.594597909508437,9.873066723370037,False,150,5001
5,7,-1,False,,,57.822527498942705,0,0,-45.670251893520614,7.62323124870712,51.79348314222775,False,150,5000
5,7,-1,False,,,57.91202140229632,0,0,-44.42385721757378,9.594597909508437,52.51845512708223,False,150,5001
6,0,1,False,,,35.17784621471791,0,0,-14.109283249597294,9.382278634163663,21.991561883760983,False,150,6000
6,0,1,False,,,32.18515883195881,0,0,-10.350114653872547,8.535074755138247,17.385189409010817,False,150,6001
6,0,-1,False,,,47.098981115610265,0,0,-26.47387564788485,9.382278634163663,34.35615428204848,False,150,6000
6,0,-1,False,,,49.06226967621678,0,0,-29.358160764726655,8.535074755138247,36.39323551986485,False,150,6001
6,1,1,False,,,22.39351925335905,0,0,-2.351019323129856,9.382278634163663,10.233297957293523,False,150,6000
6,1,1,False,,,42.60216530306919,0,0,-16.679712660050225,8.535074755138247,23.714787415188468,False,150,6001
6,1,-1,False,,,36.586144930498605,0,0,-19.216608848959993,9.382278634163663,27.09888748312365,False,150,6000
6,1,-1,False,,,41.49545392088667,0,0,-23.294167158529667,8.535074755138247,30.329241913667886,False,150,6001
6,2,1,False,,,33.976040590549154,0,0,-5.814902151358397,9.382278634163663,13.697180785522086,False,150,6000
6,2,1,False,,,32.699588569729,0,0,-8.319505163171504,8.535074755138247,15.354579918309776,False,150,6001
6,2,-1,False,,,60.14126806855749,0,0,-30.40125048125333,9.382278634163663,38.28352911541694,False,150,6000
6,2,-1,True,30,0.6,10.220877228678273,0,0,17.498113080236948,8.535074755138247,0.7369616749012999,False,30,6001
6,3,1,False,,,24.218792368190595,0,0,-12.198160037337837,9.382278634163663,20.080438671501526,False,150,6000
6,3,1,False,,,23.411660766077116,0,0,-9.05465827190267,8.535074755138247,16.08973302704094,False,150,6001
6,3,-1,False,,,46.69961670659571,0,0,-25.6007765580649,9.382278634163663,33.48305519222853,False,150,6000
6,3,-1,False,,,47.541924973401116,0,0,-31.298583336493905,8.535074755138247,38.33365809163209,False,150,6001
6,4,1,False,,,14.046159976584981,0,0,-2.1164557486261875,9.382278634163663,9.99873438278985,False,150,6000
6,4,1,False,,,15.424263041605172,0,0,-2.3284987054633888,8.535074755138247,9.363573460601637,False,150,6001
6,4,-1,False,,,32.4782024500622,0,0,-18.24391253141045,9.382278634163663,26.126191165574117,False,150,6000
6,4,-1,False,,,36.711401670344365,0,0,-21.201959382287516,8.535074755138247,28.23703413742574,False,150,6001
6,5,1,False,,,39.784092771782674,0,0,-20.874750372234246,9.382278634163663,28.75702900639789,False,150,6000
6,5,1,False,,,39.76320406707709,0,0,-21.27922992659725,8.535074755138247,28.31430468173548,False,150,6001
6,5,-1,False,,,16.834273859958273,0,0,-3.160735529585649,9.382278634163663,11.043014163749318,False,150,6000
6,5,-1,False,,,16.25435635462622,0,0,-3.7547661356281017,8.535074755138247,10.789840890766362,False,150,6001
6,6,1,False,,,43.65014318381475,0,0,-25.93489257211449,9.382278634163663,33.81717120627811,False,150,6000
6,6,1,False,,,45.20623230858743,0,0,-28.997601842423524,8.535074755138247,36.03267659756172,False,150,6001
6,6,-1,False,,,30.675474909863848,0,0,-7.760312828923486,9.382278634163663,15.642591463087173,False,150,6000
6,6,-1,False,,,27.15738743019259,0,0,-7.0531479387610805,8.535074755138247,14.088222693899352,False,150,6001
6,7,1,False,,,49.741360437265335,0,0,-34.22127014203497,9.382278634163663,42.10354877619858,False,150,6000
6,7,1,False,,,48.22888561077093,0,0,-31.34380276877223,8.535074755138247,38.37887752391041,False,150,6001
6,7,-1,False,,,21.246015933142655,0,0,-4.296031435580462,9.382278634163663,12.178310069744139,False,150,6000
6,7,-1,False,,,22.032742689034755,0,0,-2.1962012327455485,8.535074755138247,9.231275987883794,False,150,6001
7,0,1,False,,,56.09010278039918,0,0,-39.97823535753473,9.79980101121602,48.27803636875074,False,150,7000
7,0,1,False,,,55.26094456762194,0,0,-42.04697871354086,8.56184524469918,49.10882395824003,False,150,7001
7,0,-1,False,,,22.55961786504738,0,0,-5.274939567896973,9.79980101121602,13.574740579113017,False,150,7000
7,0,-1,False,,,25.485219953932095,0,0,-6.348082872692321,8.56184524469918,13.409928117391525,False,150,7001
7,1,1,False,,,29.47235863306215,0,0,0.8536106183474728,9.79980101121602,7.446190392868547,False,150,7000
7,1,1,False,,,38.02080124149797,0,0,-15.619542276947337,8.56184524469918,22.681387521646535,False,150,7001
7,1,-1,False,,,50.91808823086636,0,0,-5.495441949487979,9.79980101121602,13.795242960704023,False,150,7000
7,1,-1,False,,,50.40528962545192,0,0,-28.81973836190644,8.56184524469918,35.881583606605524,False,150,7001
7,2,1,False,,,57.49494224952055,0,0,-43.272182766523045,9.79980101121602,51.571983777739064,False,150,7000
7,2,1,False,,,55.69838884751299,0,0,-41.50203779953483,8.56184524469918,48.563883044234004,False,150,7001
7,2,-1,False,,,22.105136590808907,0,0,-5.232148857073064,9.79980101121602,13.53194986828911,False,150,7000
7,2,-1,False,,,23.03620227157254,0,0,-2.224819343957251,8.56184524469918,9.28666458865643,False,150,7001
7,3,1,False,,,25.97279975571986,0,0,-0.37593598530754013,9.79980101121602,8.675736996523582,False,150,7000
7,3,1,False,,,31.2733212046608,0,0,-11.26538370393791,8.56184524469918,18.327228948637106,False,150,7001
7,3,-1,False,,,51.61053125343994,0,0,-16.21709176467721,9.79980101121602,24.516892775893094,False,150,7000
7,3,-1,False,,,51.32307757870794,0,0,-37.17662405568414,8.56184524469918,44.23846930038328,False,150,7001
7,4,1,False,,,42.327684396756766,0,0,-5.18385245708726,9.79980101121602,13.48365346830331,False,150,7000
7,4,1,False,,,49.489404725570736,0,0,-33.737354863516835,8.56184524469918,40.79920010821594,False,150,7001
7,4,-1,False,,,37.502996179510596,0,0,-2.927128208348945,9.79980101121602,11.22692921956498,False,150,7000
7,4,-1,False,,,49.2991699364038,0,0,-30.206871524362363,8.56184524469918,37.26871676906147,False,150,7001
7,5,1,False,,,32.555773246217505,0,0,2.7293970094113584,9.79980101121602,5.570404001804674,False,150,7000
7,5,1,False,,,35.81988564095196,0,0,-11.774246728203071,8.56184524469918,18.836091972902274,False,150,7001
7,5,-1,False,,,41.647858523283944,0,0,-1.206038697034017,9.79980101121602,9.505839708250058,False,150,7000
7,5,-1,False,,,54.078594646221,0,0,-40.96622225202714,8.56184524469918,48.02806749672631,False,150,7001
7,6,1,False,,,39.292832996277276,0,0,0.40693294006091896,9.79980101121602,7.892868071155113,False,150,7000
7,6,1,False,,,50.0758691221748,0,0,-32.39911331023469,8.56184524469918,39.4609585549338,False,150,7001
7,6,-1,False,,,26.221039447954997,0,0,-1.0844730918183623,9.79980101121602,9.384274103034405,False,150,7000
7,6,-1,False,,,19.359263204031368,0,0,-2.553426385216879,8.56184524469918,9.615271629916059,False,150,7001
7,7,1,False,,,24.7433855718184,0,0,-2.844100583823778,9.79980101121602,11.143901595039825,False,150,7000
7,7,1,False,,,16.483263580826684,0,0,-1.0557123652738742,8.56184524469918,8.117557609973053,False,150,7001
7,7,-1,False,,,50.9817658168757,0,0,-24.163070243118447,9.79980101121602,32.46287125433439,False,150,7000
7,7,-1,False,,,53.50841846675714,0,0,-37.9808253374805,8.56184524469918,45.04267058217965,False,150,7001
8,0,1,False,,,47.93166609048394,0,0,-31.702752543088938,7.065058865897444,37.26781140898631,False,150,8000
8,0,1,False,,,34.15833529701755,0,0,3.1466330479920357,8.352367173194459,3.7057341252024365,False,150,8001
8,0,-1,False,,,25.488957184583278,0,0,-4.575541151392312,7.065058865897444,10.140600017289767,False,150,8000
8,0,-1,False,,,30.51398525029355,0,0,-2.009339428473971,8.352367173194459,8.861706601668457,False,150,8001
8,1,1,False,,,30.60164739799318,0,0,-11.600981634470408,7.065058865897444,17.166040500367878,False,150,8000
8,1,1,False,,,24.049573084991675,0,0,-4.192742189534646,8.352367173194459,11.045109362729118,False,150,8001
8,1,-1,False,,,53.38274326197445,0,0,-36.893120590938175,7.065058865897444,42.45817945683558,False,150,8000
8,1,-1,False,,,57.32850623968928,0,0,-43.74735325345367,8.352367173194459,50.59972042664813,False,150,8001
8,2,1,False,,,32.34248287276193,0,0,-16.74655333783906,7.065058865897444,22.311612203736512,False,150,8000
8,2,1,False,,,30.416720724055608,0,0,-3.5752608227141156,8.352367173194459,10.427627995908587,False,150,8001
8,2,-1,False,,,44.392350996647075,0,0,-28.629850200426624,7.065058865897444,34.19490906632401,False,150,8000
8,2,-1,False,,,36.61168928695647,0,0,0.4418203377993255,8.352367173194459,6.410546835395148,False,150,8001
8,3,1,False,,,48.45811692226339,0,0,-32.28791852624063,7.065058865897444,37.85297739213801,False,150,8000
8,3,1,False,,,32.57229570628223,0,0,4.421244449491259,8.352367173194459,2.431122723703213,False,150,8001
8,3,-1,False,,,33.191991057854985,0,0,-12.883830181277427,7.065058865897444,18.448889047174895,False,150,8000
8,3,-1,False,,,26.676616637613943,0,0,-6.213879336656903,8.352367173194459,13.066246509851387,False,150,8001
8,4,1,False,,,18.06617881461747,0,0,-0.7372674993175796,7.065058865897444,6.3023263652150225,False,150,8000
8,4,1,False,,,30.03633276884881,0,0,-3.3669509456503324,8.352367173194459,10.219318118844805,False,150,8001
8,4,-1,False,,,35.41440014808964,0,0,-17.09289916220458,7.065058865897444,22.657958028102026,False,150,8000
8,4,-1,False,,,33.17598273445259,0,0,-5.498708408562331,8.352367173194459,12.351075581756819,False,150,8001
8,5,1,False,,,35.530864523053744,0,0,-12.861980913557124,7.065058865897444,18.427039779454592,False,150,8000
8,5,1,False,,,34.09696734906711,0,0,-4.202579007339161,8.352367173194459,11.054946180533639,False,150,8001
8,5,-1,False,,,18.962813697563256,0,0,-0.4817095731254063,7.065058865897444,6.046768439022849,False,150,8000
8,5,-1,False,,,28.98708362972896,0,0,0.008774291508117482,8.352367173194459,6.843592881686358,False,150,8001
8,6,1,False,,,28.399384700227944,0,0,-8.410988493115255,7.065058865897444,13.976047359012721,False,150,8000
8,6,1,False,,,28.48931636836856,0,0,-5.352735318529674,8.352367173194459,12.20510249172416,False,150,8001
8,6,-1,False,,,42.53093109874025,0,0,-27.1941925204876,7.065058865897444,32.75925138638499,False,150,8000
8,6,-1,False,,,33.45011188143878,0,0,3.0788334799153967,8.352367173194459,3.773533693279086,False,150,8001
8,7,1,False,,,25.99227133786418,0,0,-8.71594064552647,7.065058865897444,14.280999511423918,False,150,8000
8,7,1,False,,,36.783252307085384,0,0,-3.8626708517652872,8.352367173194459,10.715038024959775,False,150,8001
8,7,-1,False,,,27.692742411779722,0,0,-9.09115976596975,7.065058865897444,14.656218631867212,False,150,8000
8,7,-1,False,,,33.775694729504096,0,0,-0.02773194871297746,8.352367173194459,6.880099121907459,False,150,8001
9,0,1,False,,,39.913910670666304,0,0,-19.735659577418048,6.213834704363471,24.449494281781497,False,150,9000
9,0,1,False,,,26.94599319260741,0,0,-7.116496683304065,9.5065292781639,15.123025961467981,False,150,9001
9,0,-1,False,,,27.352486277907577,0,0,-3.7808379148242244,6.213834704363471,8.494672619187721,False,150,9000
9,0,-1,False,,,23.443667130242112,0,0,-1.1988766125841075,9.5065292781639,9.205405890748006,False,150,9001
9,1,1,False,,,32.07836037419744,0,0,-17.199597112340218,6.213834704363471,21.913431816703692,False,150,9000
9,1,1,False,,,25.748427215370825,0,0,-3.9785482015419706,9.5065292781639,11.98507747970588,False,150,9001
9,1,-1,False,,,26.23950513694098,0,0,-7.770295226059656,6.213834704363471,12.484129930423148,False,150,9000
9,1,-1,False,,,25.6174790029407,0,0,-1.3155724350718725,9.5065292781639,9.32210171323577,False,150,9001
9,2,1,False,,,34.96821416352263,0,0,-13.264057325740959,6.213834704363471,17.97789203010445,False,150,9000
9,2,1,False,,,25.780839245391668,0,0,-4.910542516549111,9.5065292781639,12.917071794713024,False,150,9001
9,2,-1,False,,,35.3932218303849,0,0,-9.813720342962412,6.213834704363471,14.527555047325905,False,150,9000
9,2,-1,False,,,20.038145106999416,0,0,-1.6446837401592085,9.5065292781639,9.651213018323107,False,150,9001
9,3,1,False,,,42.25892272392969,0,0,-20.333286952056127,6.213834704363471,25.047121656419495,False,150,9000
9,3,1,False,,,32.62992554325126,0,0,-6.631083628724072,9.5065292781639,14.637612906887977,False,150,9001
9,3,-1,False,,,25.20595350214765,0,0,-5.915981874507959,6.213834704363471,10.629816578871441,False,150,9000
9,3,-1,False,,,35.07078186850163,0,0,-6.576703259442115,9.5065292781639,14.583232537606026,False,150,9001
9,4,1,False,,,56.69937243475823,0,0,-40.46995370748519,6.213834704363471,45.183788411848646,False,150,9000
9,4,1,False,,,48.18412299962953,0,0,-16.051140986148823,9.5065292781639,24.057670264312737,False,150,9001
9,4,-1,False,,,25.123432334030635,0,0,-5.97379620074048,6.213834704363471,10.687630905103973,False,150,9000
9,4,-1,False,,,48.41302909197777,0,0,-16.4182725808116,9.5065292781639,24.42480185897551,False,150,9001
9,5,1,False,,,41.80936354052128,0,0,-21.281798800469044,6.213834704363471,25.99563350483243,False,150,9000
9,5,1,False,,,17.797700806284926,0,0,-2.3982822894891163,9.5065292781639,10.40481156765302,False,150,9001
9,5,-1,False,,,36.871217971783054,0,0,-15.793741000438166,6.213834704363471,20.507575704801653,False,150,9000
9,5,-1,False,,,38.19102708485246,0,0,-10.066668072796281,9.5065292781639,18.073197350960196,False,150,9001
9,6,1,False,,,27.627766378265903,0,0,-3.8853005558800806,6.213834704363471,8.59913526024357,False,150,9000
9,6,1,False,,,30.270219212456524,0,0,-3.6385998071791583,9.5065292781639,11.645129085343072,False,150,9001
9,6,-1,False,,,41.58163480907894,0,0,-30.37098292285837,6.213834704363471,35.084817627221774,False,150,9000
9,6,-1,False,,,21.814863393904062,0,0,-3.231978678049897,9.5065292781639,11.238507956213803,False,150,9001
9,7,1,False,,,33.54580452317254,0,0,-12.171156803267346,6.213834704363471,16.88499150763084,False,150,9000
9,7,1,False,,,28.721106293298256,0,0,-3.338629629200172,9.5065292781639,11.345158907364082,False,150,9001
9,7,-1,False,,,40.915634385057906,0,0,-24.903665294603055,6.213834704363471,29.617499998966473,False,150,9000
9,7,-1,False,,,20.87031230482668,0,0,-2.848493634234245,9.5065292781639,10.855022912398157,False,150,9001
10,0,1,False,,,32.92927199791546,0,0,-7.201205544867449,7.205332057292296,12.906537602159764,False,150,10000
10,0,1,False,,,27.073657003809696,0,0,-7.2880446868713555,8.239471254259945,14.027515941131327,False,150,10001
10,0,-1,False,,,20.58520358837461,0,0,-7.571279812875988,7.205332057292296,13.27661187016829,False,150,10000
10,0,-1,False,,,20.625286008654147,0,0,-3.331949956841096,8.239471254259945,10.07142121110105,False,150,10001
10,1,1,False,,,33.10803461373337,0,0,-9.84020241483756,7.205332057292296,15.54553447212988,False,150,10000
10,1,1,False,,,37.931529638875155,0,0,-14.220882353396057,8.239471254259945,20.960353607656028,False,150,10001
10,1,-1,False,,,46.65452977080623,0,0,-32.05516945746187,7.205332057292296,37.76050151475409,False,150,10000
10,1,-1,False,,,12.172364384312692,0,0,-1.8472476831501663,8.239471254259945,8.58671893741011,False,150,10001
10,2,1,False,,,27.535655203345176,0,0,-4.299075127654294,7.205332057292296,10.004407184946611,False,150,10000
10,2,1,False,,,34.778343452105425,0,0,-11.78610144843196,8.239471254259945,18.52557270269193,False,150,10001
10,2,-1,False,,,39.96627652363113,0,0,-23.588543224092017,7.205332057292296,29.29387528138428,False,150,10000
10,2,-1,False,,,22.353242746930174,0,0,-3.6602164045420267,8.239471254259945,10.399687658801986,False,150,10001
10,3,1,False,,,34.31372352424384,0,0,-13.525021763144853,7.205332057292296,19.23035382043717,False,150,10000
10,3,1,False,,,32.23160151233237,0,0,-11.422519515845526,8.239471254259945,18.161990770105497,False,150,10001
10,3,-1,False,,,24.934499668005223,0,0,-7.307504422336834,7.205332057292296,13.012836479629149,False,150,10000
10,3,-1,False,,,21.7645443038289,0,0,-6.504659137573808,8.239471254259945,13.244130391833771,False,150,10001
10,4,1,False,,,35.61311077524475,0,0,-13.066261788098684,7.205332057292296,18.771593845391,False,150,10000
10,4,1,False,,,36.02683911539584,0,0,-14.022315633628773,8.239471254259945,20.761786887888743,False,150,10001
10,4,-1,False,,,23.100498235173397,0,0,-6.229539605583247,7.205332057292296,11.934871662875565,False,150,10000
10,4,-1,False,,,22.98817936953029,0,0,-6.683968838266669,8.239471254259945,13.423440092526636,False,150,10001
10,5,1,False,,,29.735202604880225,0,0,-9.362549237017971,7.205332057292296,15.067881294310286,False,150,10000
10,5,1,False,,,32.70427356390308,0,0,-10.447599047174851,8.239471254259945,17.187070301434822,False,150,10001
10,5,-1,False,,,37.35184323164296,0,0,-13.235353661464355,7.205332057292296,18.940685718756672,False,150,10000
10,5,-1,False,,,21.541473987900876,0,0,-4.137974912947279,8.239471254259945,10.877446167207243,False,150,10001
10,6,1,False,,,39.41047650032674,0,0,-12.450273803107603,7.205332057292296,18.155605860399923,False,150,10000
10,6,1,False,,,31.79877685228307,0,0,-2.6377690158794804,8.239471254259945,9.377240270139424,False,150,10001
10,6,-1,False,,,27.02316278017692,0,0,-13.085599052370583,7.205332057292296,18.790931109662903,False,150,10000
10,6,-1,False,,,31.655889565681115,0,0,-10.859671309050398,8.239471254259945,17.59914256331037,False,150,10001
10,7,1,False,,,26.004397975423075,0,0,-7.600800874812447,7.205332057292296,13.306132932104758,False,150,10000
10,7,1,False,,,25.436902023279153,0,0,-9.639979561695618,8.239471254259945,16.379450815955586,False,150,10001
10,7,-1,False,,,23.90159762248397,0,0,-5.852244596073227,7.205332057292296,11.557576653365539,False,150,10000
10,7,-1,False,,,26.53369383235498,0,0,-8.192851182631394,8.239471254259945,14.932322436891363,False,150,10001
11,0,1,False,,,18.389390258692742,0,0,-1.746154281243498,10.245588021782284,10.49174230302578,False,150,11000
11,0,1,False,,,22.947328235081596,0,0,-6.552019012740181,7.982600126952775,13.034619139692982,False,150,11001
11,0,-1,False,,,35.9272050845892,0,0,-5.578868477548337,10.245588021782284,14.324456499330628,False,150,11000
11,0,-1,False,,,31.054333166929368,0,0,-4.0287774260090305,7.982600126952775,10.511377552961823,False,150,11001
11,1,1,False,,,28.749798682789514,0,0,0.8339541697380066,10.245588021782284,7.911633852044288,False,150,11000
11,1,1,False,,,28.81421552841025,0,0,-4.011160009945521,7.982600126952775,10.493760136898322,False,150,11001
11,1,-1,False,,,38.293959713742765,0,0,-10.174397207138576,10.245588021782284,18.919985228920872,False,150,11000
11,1,-1,False,,,29.69105963672022,0,0,-4.349343271778758,7.982600126952775,10.831943398731543,False,150,11001
11,2,1,False,,,39.74431990664292,0,0,-6.466446476112416,10.245588021782284,15.212034497894708,False,150,11000
11,2,1,False,,,27.00282091675449,0,0,-1.0492426867521414,7.982600126952775,7.531842813704915,False,150,11001
11,2,-1,False,,,33.15075284097247,0,0,-1.8399461723974684,10.245588021782284,10.585534194179758,False,150,11000
11,2,-1,False,,,33.89011082601734,0,0,-3.54440621766659,7.982600126952775,10.027006344619393,False,150,11001
11,3,1,False,,,20.26300139456349,0,0,-0.8181261524543804,10.245588021782284,9.563714174236663,False,150,11000
11,3,1,False,,,37.55927931639223,0,0,-11.335670934949501,7.982600126952775,17.8182710619023,False,150,11001
11,3,-1,False,,,35.3522629523227,0,0,-5.791127453367403,10.245588021782284,14.536715475149697,False,150,11000
11,3,-1,False,,,27.164504098856824,0,0,-2.5303425240605852,7.982600126952775,9.012942651013374,False,150,11001
11,4,1,False,,,49.33961290327386,0,0,-15.128445501596959,10.245588021782284,23.874033523379257,False,150,11000
11,4,1,False,,,40.50157778338007,0,0,-7.700787833139037,7.982600126952775,14.18338796009184,False,150,11001
11,4,-1,False,,,48.13772069817854,0,0,-13.024069705496352,10.245588021782284,21.769657727278652,False,150,11000
11,4,-1,False,,,39.47658154263359,0,0,-8.125478088483577,7.982600126952775,14.608078215436363,False,150,11001
11,5,1,False,,,35.36439595989798,0,0,-1.3420953694453346,10.245588021782284,10.087683391227618,False,150,11000
11,5,1,False,,,30.243752132680452,0,0,-2.4971945076365953,7.982600126952775,8.979794634589389,False,150,11001
11,5,-1,False,,,28.471931123981147,0,0,0.6966857589262141,10.245588021782284,8.04890226285607,False,150,11000
11,5,-1,False,,,26.64362239653286,0,0,-4.333770486000831,7.982600126952775,10.816370612953632,False,150,11001
11,6,1,False,,,36.70070562293687,0,0,-3.907836661998777,10.245588021782284,12.653424683781067,False,150,11000
11,6,1,False,,,28.31337220909486,0,0,-1.128310628229306,7.982600126952775,7.61091075518208,False,150,11001
11,6,-1,False,,,17.203515955289415,0,0,-2.3541074594457347,10.245588021782284,11.099695481228022,False,150,11000
11,6,-1,False,,,30.033861087805683,0,0,-2.851773062849335,7.982600126952775,9.334373189802138,False,150,11001
11,7,1,False,,,25.634625836793308,0,0,-0.6888971295857931,10.245588021782284,9.434485151368076,False,150,11000
11,7,1,False,,,27.856889790985306,0,0,-6.712347483990202,7.982600126952775,13.194947610942998,False,150,11001
11,7,-1,False,,,26.412867235528942,0,0,-0.5075800058888258,10.245588021782284,9.253168027671109,False,150,11000
11,7,-1,False,,,25.121048823357818,0,0,-1.502560667344721,7.982600126952775,7.98516079429751,False,150,11001
12,0,1,False,,,26.25730132181227,0,0,1.2014310051969685,9.403375205303199,6.701944200106236,False,150,12000
12,0,1,False,,,42.903924139909705,0,0,-24.206496835483716,7.790044025372896,30.49654086085654,False,150,12001
12,0,-1,False,,,28.75227936604048,0,0,-8.331515843289118,9.403375205303199,16.234891048592345,False,150,12000
12,0,-1,False,,,36.86947236174926,0,0,-13.904122606912136,7.790044025372896,20.194166632285047,False,150,12001
12,1,1,False,,,27.75206125719885,0,0,-4.239773679868482,9.403375205303199,12.143148885171707,False,150,12000
12,1,1,False,,,17.555526059799835,0,0,-0.97447552257219,7.790044025372896,7.264519547945085,False,150,12001
12,1,-1,False,,,31.65513398001826,0,0,-0.8164506099775064,9.403375205303199,8.719825815280716,False,150,12000
12,1,-1,False,,,40.072652072189776,0,0,-15.978838627943633,7.790044025372896,22.268882653316556,False,150,12001
12,2,1,False,,,26.026725664840548,0,0,-4.948736894188938,9.403375205303199,12.852112099492155,False,150,12000
12,2,1,False,,,36.08784769558286,0,0,-17.95137007068704,7.790044025372896,24.241414096059938,False,150,12001
12,2,-1,False,,,31.131481438573186,0,0,-4.681234440529099,9.403375205303199,12.584609645832323,False,150,12000
12,2,-1,False,,,22.944453498462607,0,0,-4.036993291240856,7.790044025372896,10.327037316613776,False,150,12001
12,3,1,False,,,19.23357675625674,0,0,0.21453442822909308,9.403375205303199,7.6888407770741045,False,150,12000
12,3,1,False,,,27.351793277763313,0,0,-9.141381473403737,7.790044025372896,15.431425498776653,False,150,12001
12,3,-1,False,,,29.518932407191986,0,0,-0.4252972295124513,9.403375205303199,8.328672434815664,False,150,12000
12,3,-1,False,,,34.07279473712025,0,0,-10.343901094454436,7.790044025372896,16.63394511982735,False,150,12001
12,4,1,False,,,29.495666318546295,0,0,2.8461234782950022,9.403375205303199,5.057251727008203,False,150,12000
12,4,1,False,,,38.469358722070616,0,0,-17.57447241405415,7.790044025372896,23.86451643942703,False,150,12001
12,4,-1,False,,,35.994879604307215,0,0,-7.641522476281487,9.403375205303199,15.54489768158471,False,150,12000
12,4,-1,False,,,20.57151134334491,0,0,-5.502665968604596,7.790044025372896,11.792709993977514,False,150,12001
12,5,1,False,,,26.307834381234038,0,0,-3.801161430107409,9.403375205303199,11.704536635410632,False,150,12000
12,5,1,False,,,25.531091315850556,0,0,-11.551392870462408,7.790044025372896,17.84143689583533,False,150,12001
12,5,-1,False,,,28.342814157281552,0,0,-1.5834013043157587,9.403375205303199,9.486776509618958,False,150,12000
12,5,-1,False,,,35.56810043769302,0,0,-13.659626479417808,7.790044025372896,19.94967050479073,False,150,12001
12,6,1,False,,,37.79805329910867,0,0,-7.03836714284221,9.403375205303199,14.941742348145418,False,150,12000
12,6,1,False,,,37.21050526631894,0,0,-15.928608629322243,7.790044025372896,22.218652654695166,False,150,12001
12,6,-1,False,,,32.63568910536544,0,0,5.217939382314459,9.403375205303199,2.685435822988758,False,150,12000
12,6,-1,False,,,14.813109492383516,0,0,-1.066747122973915,7.790044025372896,7.35679114834681,False,150,12001
12,7,1,False,,,30.19833668776315,0,0,-4.424929511999159,9.403375205303199,12.328304717302377,False,150,12000
12,7,1,False,,,20.815379008297956,0,0,-5.089048840444068,7.790044025372896,11.379092865816984,False,150,12001
12,7,-1,False,,,26.20851861499178,0,0,-2.174867870884748,9.403375205303199,10.07824307618795,False,150,12000
12,7,-1,False,,,30.121768024750473,0,0,-10.701039565846498,7.790044025372896,16.99108359121942,False,150,12001
13,0,1,False,,,23.355957297272013,0,0,-6.8113344847581585,6.96214105719718,12.273475541955358,False,150,13000
13,0,1,False,,,30.124071541145884,0,0,-11.633926636534659,9.169428332018564,19.303354968553244,False,150,13001
13,0,-1,False,,,26.417293715275342,0,0,-2.098673508968848,6.96214105719718,7.560814566166028,False,150,13000
13,0,-1,False,,,30.342571737646615,0,0,-14.039903044740466,9.169428332018564,21.709331376759057,False,150,13001
13,1,1,False,,,26.080864611186886,0,0,-3.6322709585804622,6.96214105719718,9.094412015777669,False,150,13000
13,1,1,False,,,17.08248957696619,0,0,-2.857258355745401,9.169428332018564,10.526686687763984,False,150,13001
13,1,-1,False,,,22.696110489464832,0,0,2.022166320995905,6.96214105719718,3.4399747362012745,False,150,13000
13,1,-1,False,,,37.88555129474613,0,0,-15.553344760552072,9.169428332018564,23.222773092570662,False,150,13001
13,2,1,False,,,35.28363095968699,0,0,0.8296950624107859,6.96214105719718,4.63244599478641,False,150,13000
13,2,1,False,,,33.917723867528125,0,0,-10.619553495523833,9.169428332018564,18.288981827542415,False,150,13001
13,2,-1,True,88,1.76,17.485634200302048,0,0,15.147835019702134,6.96214105719718,0.9343060374950505,False,88,13000
13,2,-1,False,,,45.7776673279651,0,0,-21.858063504902262,9.169428332018564,29.52749183692077,False,150,13001
13,3,1,True,84,1.68,15.17728370067841,0,0,15.267196444559326,6.96214105719718,0.8549446126378563,False,84,13000
13,3,1,False,,,45.115511710300396,0,0,-23.79751763731774,9.169428332018564,31.466945969336237,False,150,13001
13,3,-1,False,,,29.825768875166556,0,0,-5.962790290660637,6.96214105719718,11.424931347857834,False,150,13000
13,3,-1,False,,,20.11714630531546,0,0,-2.598860296498133,9.169428332018564,10.268288628516698,False,150,13001
13,4,1,False,,,29.48459887331788,0,0,-0.8742763733659524,6.96214105719718,6.336417430563157,False,150,13000
13,4,1,False,,,23.91421334254586,0,0,-3.6630388519898363,9.169428332018564,11.332467184008417,False,150,13001
13,4,-1,False,,,22.79924994546052,0,0,2.926615697049922,6.96214105719718,2.535525360147257,False,150,13000
13,4,-1,False,,,26.749901351128884,0,0,-8.004604052644108,9.169428332018564,15.674032384662697,False,150,13001
13,5,1,False,,,44.53263846734826,0,0,-13.208420117199168,6.96214105719718,18.67056117439636,False,150,13000
13,5,1,False,,,52.28104467841634,0,0,-29.479185629813177,9.169428332018564,37.14861396183165,False,150,13001
13,5,-1,False,,,29.979381254327972,0,0,1.1001485607108317,6.96214105719718,4.3619924964863666,False,150,13000
13,5,-1,False,,,19.306379629571435,0,0,1.5613620434473967,9.169428332018564,6.108066288571166,False,150,13001
13,6,1,False,,,23.247242312097473,0,0,-6.777094159630657,6.96214105719718,12.239235216827865,False,150,13000
13,6,1,False,,,19.982695581134053,0,0,-4.338444952488861,9.169428332018564,12.007873284507442,False,150,13001
13,6,-1,False,,,30.270561306558896,0,0,-1.8588354237745872,6.96214105719718,7.320976480971768,False,150,13000
13,6,-1,False,,,40.88374240725796,0,0,-19.929073502145354,9.169428332018564,27.598501834163866,False,150,13001
13,7,1,False,,,18.126058404161984,0,0,-4.433203204247829,6.96214105719718,9.895344261445029,False,150,13000
13,7,1,False,,,34.18650239396845,0,0,-16.60502780370255,9.169428332018564,24.274456135721135,False,150,13001
13,7,-1,False,,,26.49996835390171,0,0,3.1683160833864905,6.96214105719718,2.2938249738106897,False,150,13000
13,7,-1,False,,,26.648176319830135,0,0,-8.072004827375109,9.169428332018564,15.741433159393697,False,150,13001
14,0,1,False,,,25.159532226989608,0,0,-1.5617234197490903,8.728367276795208,8.7900906965443,False,150,14000
14,0,1,False,,,27.369128706515355,0,0,-10.182615456073519,8.691258881274782,17.373874337348326,False,150,14001
14,0,-1,False,,,23.74718291023936,0,0,-4.701902863844037,8.728367276795208,11.930270140639271,False,150,14000
14,0,-1,False,,,33.73224092676996,0,0,-15.852270633671578,8.691258881274782,23.043529514946385,False,150,14001
14,1,1,False,,,21.22045147098895,0,0,-0.5343400927504569,8.728367276795208,7.762707369545663,False,150,14000
14,1,1,False,,,22.839884274532608,0,0,-3.5117883100600835,8.691258881274782,10.703047191334882,False,150,14001
14,1,-1,False,,,28.213907911299778,0,0,-4.745972657085572,8.728367276795208,11.974339933880806,False,150,14000
14,1,-1,False,,,35.413485329284796,0,0,-16.272891756652186,8.691258881274782,23.46415063792699,False,150,14001
14,2,1,False,,,27.02764336559239,0,0,-4.201978305307185,8.728367276795208,11.430345582102417,False,150,14000
14,2,1,False,,,41.61420888510402,0,0,-21.087408103286496,8.691258881274782,28.278666984561234,False,150,14001
14,2,-1,False,,,20.67041403207882,0,0,-4.539541793819775,8.728367276795208,11.767909070615005,False,150,14000
14,2,-1,False,,,35.64259029116202,0,0,-16.916102899734494,8.691258881274782,24.107361781009267,False,150,14001
14,3,1,False,,,37.185847866790326,0,0,-4.335275559233093,8.728367276795208,11.56364283602831,False,150,14000
14,3,1,False,,,52.020602530762474,0,0,-30.28508128431283,8.691258881274782,37.476340165587516,False,150,14001
14,3,-1,False,,,31.1819851959315,0,0,-1.370873231156078,8.728367276795208,8.5992405079513,False,150,14000
14,3,-1,False,,,44.46897248754725,0,0,-27.161605653041292,8.691258881274782,34.35286453431602,False,150,14001
14,4,1,False,,,27.662165220615528,0,0,-1.7899249925379526,8.728367276795208,9.018292269333188,False,150,14000
14,4,1,False,,,26.722499564973237,0,0,-7.00468216304007,8.691258881274782,14.195941044314873,False,150,14001
14,4,-1,False,,,26.72359604936245,0,0,2.656966762648592,8.728367276795208,4.571400514146624,False,150,14000
14,4,-1,False,,,31.747104257801723,0,0,-15.749052810875217,8.691258881274782,22.940311692150026,False,150,14001
14,5,1,False,,,25.901238669663176,0,0,-1.3661738711282922,8.728367276795208,8.59454114792352,False,150,14000
14,5,1,False,,,20.521128032086924,0,0,-5.689998630147432,8.691258881274782,12.881257511422238,False,150,14001
14,5,-1,False,,,19.5239116192961,0,0,-2.5737758446432153,8.728367276795208,9.802143121438437,False,150,14000
14,5,-1,False,,,21.695382801448964,0,0,-6.326604416393324,8.691258881274782,13.51786329766813,False,150,14001
14,6,1,False,,,28.2491671738958,0,0,-3.4167923424799103,8.728367276795208,10.645159619275143,False,150,14000
14,6,1,False,,,29.222642438541566,0,0,-12.017070846125328,8.691258881274782,19.208329727400134,False,150,14001
14,6,-1,False,,,22.17394022848518,0,0,-7.646273517706562,8.728367276795208,14.874640794501794,False,150,14000
14,6,-1,False,,,31.41391950221964,0,0,-15.49587861990041,8.691258881274782,22.68713750117522,False,150,14001
14,7,1,False,,,25.47007261410391,0,0,-7.892152218622911,8.728367276795208,15.120519495418144,False,150,14000
14,7,1,False,,,40.035091257594495,0,0,-20.35778989782955,8.691258881274782,27.549048779104304,False,150,14001
14,7,-1,False,,,25.754613322889846,0,0,-4.142583881668008,8.728367276795208,11.37095115846324,False,150,14000
14,7,-1,False,,,25.909170340445637,0,0,-8.185333812843593,8.691258881274782,15.376592694118393,False,150,14001
15,0,1,False,,,36.41960010696429,0,0,-19.871631243044003,7.4152043116096715,25.78683555465362,False,150,15000
15,0,1,False,,,33.47906268592172,0,0,-8.307143445471882,7.29733786931187,14.104481314783778,False,150,15001
15,0,-1,False,,,24.775028963408236,0,0,-0.35347733167490014,7.4152043116096715,6.2686816432845704,False,150,15000
15,0,-1,False,,,26.61374763905846,0,0,3.4188765997935664,7.29733786931187,2.3784612695183096,False,150,15001
15,1,1,False,,,27.786426617113317,0,0,-7.021156771393089,7.4152043116096715,12.936361083002785,False,150,15000
15,1,1,False,,,29.048823567118546,0,0,-2.863646501227306,7.29733786931187,8.6609843705392,False,150,15001
15,1,-1,False,,,20.533317633318994,0,0,-4.098735083944431,7.4152043116096715,10.01393939555411,False,150,15000
15,1,-1,False,,,25.327601797755015,0,0,-1.3559507939107303,7.29733786931187,7.153288663222599,False,150,15001
15,2,1,False,,,24.553057302276173,0,0,-7.731223553844914,7.4152043116096715,13.646427865454594,False,150,15000
15,2,1,False,,,22.474026323193442,0,0,-0.8044022892731025,7.29733786931187,6.601740158584972,False,150,15001
15,2,-1,False,,,23.82621058187798,0,0,-5.253596380734631,7.4152043116096715,11.168800692344325,False,150,15000
15,2,-1,False,,,26.299609223309087,0,0,-2.149831417449974,7.29733786931187,7.9471692867618575,False,150,15001
15,3,1,False,,,23.178135741544352,0,0,-6.039045867609057,7.4152043116096715,11.954250179218748,False,150,15000
15,3,1,False,,,23.772858263934047,0,0,-2.7726366863192107,7.29733786931187,8.569974555631104,False,150,15001
15,3,-1,False,,,18.26063119461058,0,0,-1.2960812582974124,7.4152043116096715,7.2112855699070835,False,150,15000
15,3,-1,False,,,25.291957706643096,0,0,-3.4949484403181863,7.29733786931187,9.29228630963007,False,150,15001
15,4,1,False,,,29.084232955998885,0,0,-3.9059080864108138,7.4152043116096715,9.82111239802051,False,150,15000
15,4,1,False,,,29.311777954611994,0,0,1.2094012511873717,7.29733786931187,4.5879366181245,False,150,15001
15,4,-1,False,,,12.876991389898706,0,0,-2.056822149824485,7.4152043116096715,7.972026461434156,False,150,15000
15,4,-1,False,,,19.803661259502253,0,0,-3.1930430139230888,7.29733786931187,8.990380883234968,False,150,15001
15,5,1,False,,,25.446890520830493,0,0,-4.92928194158778,7.4152043116096715,10.844486253197475,False,150,15000
15,5,1,False,,,32.02138111585342,0,0,-1.954349766540419,7.29733786931187,7.751687635852308,False,150,15001
15,5,-1,False,,,17.983423828329688,0,0,-1.972084602421277,7.4152043116096715,7.887288914030948,False,150,15000
15,5,-1,False,,,23.78908904267137,0,0,0.6029464060902485,7.29733786931187,5.194391463221621,False,150,15001
15,6,1,False,,,28.995164160168436,0,0,-10.986513700800234,7.4152043116096715,16.901718012409926,False,150,15000
15,6,1,False,,,28.284618331549467,0,0,-3.740498228671157,7.29733786931187,9.53783609798305,False,150,15001
15,6,-1,False,,,21.104746701933323,0,0,-4.676701818364067,7.4152043116096715,10.591906129973758,False,150,15000
15,6,-1,False,,,24.582788137688524,0,0,-3.702280276488012,7.29733786931187,9.499618145799893,False,150,15001
15,7,1,False,,,26.935315649174047,0,0,-3.6363796768108916,7.4152043116096715,9.55158398842058,False,150,15000
15,7,1,False,,,28.232920433429495,0,0,-0.09432674735554523,7.29733786931187,5.8916646166674145,False,150,15001
15,7,-1,False,,,26.27504006462689,0,0,-12.170140603344864,7.4152043116096715,18.08534491495455,False,150,15000
15,7,-1,False,,,19.517817850403052,0,0,-5.161165134866985,7.29733786931187,10.958503004178871,False,150,15001
16,0,1,False,,,27.991323337836,0,0,-0.8262686354764892,8.750634650624164,8.076903286100652,False,150,16000
16,0,1,False,,,32.78141440258928,0,0,-10.004528404557709,9.54469710931843,18.04922551387616,False,150,16001
16,0,-1,False,,,22.379443568953686,0,0,0.4064426368155959,8.750634650624164,6.844192013808583,False,150,16000
16,0,-1,False,,,24.13200802006893,0,0,-6.1047429779845785,9.54469710931843,14.149440087303034,False,150,16001
16,1,1,False,,,26.75566268035234,0,0,-1.799672830864558,8.750634650624164,9.050307481488721,False,150,16000
16,1,1,False,,,27.04334756119183,0,0,-4.995326955784778,9.54469710931843,13.040024065103218,False,150,16001
16,1,-1,False,,,23.767171832677427,0,0,-4.645862010807793,8.750634650624164,11.896496661431978,False,150,16000
16,1,-1,False,,,26.822792726422808,0,0,-4.310154363576408,9.54469710931843,12.35485147289486,False,150,16001
16,2,1,False,,,23.782264859790416,0,0,-3.068108861937244,8.750634650624164,10.318743512561415,False,150,16000
16,2,1,False,,,20.43968996566695,0,0,-3.0478597870087256,9.54469710931843,11.09255689632716,False,150,16001
16,2,-1,False,,,26.480119328784312,0,0,-3.7386246418697135,8.750634650624164,10.989259292493902,False,150,16000
16,2,-1,False,,,27.988136739557916,0,0,-7.272708479937151,9.54469710931843,15.317405589255605,False,150,16001
16,3,1,False,,,27.0185250680437,0,0,-2.190852697713263,8.750634650624164,9.44148734833744,False,150,16000
16,3,1,False,,,29.376865510079472,0,0,-4.644125577441705,9.54469710931843,12.688822686760151,False,150,16001
16,3,-1,False,,,25.760884879311575,0,0,-5.735502302739594,8.750634650624164,12.986136953363776,False,150,16000
16,3,-1,False,,,24.732482554857953,0,0,-5.895598198616505,9.54469710931843,13.940295307934957,False,150,16001
16,4,1,False,,,33.848435457470316,0,0,-2.797063388661746,8.750634650624164,10.047698039285937,False,150,16000
16,4,1,False,,,34.01189704401211,0,0,-10.488148966186174,9.54469710931843,18.53284607550463,False,150,16001
16,4,-1,False,,,26.365593809430383,0,0,0.6908406675368608,8.750634650624164,6.559793983087302,False,150,16000
16,4,-1,False,,,26.45171418976023,0,0,-1.4209308575271442,9.54469710931843,9.465627966845572,False,150,16001
16,5,1,False,,,25.17239147550959,0,0,1.873434081063607,8.750634650624164,5.377200569560563,False,150,16000
16,5,1,False,,,24.10938962011937,0,0,-1.992139972487045,9.54469710931843,10.036837081805473,False,150,16001
16,5,-1,False,,,24.00386917728067,0,0,-4.404652890661741,8.750634650624164,11.655287541285931,False,150,16000
16,5,-1,False,,,27.262392886450122,0,0,-9.133870381249915,9.54469710931843,17.17856749056837,False,150,16001
16,6,1,False,,,28.02264992032323,0,0,-3.2373142829019743,8.750634650624164,10.487948933526159,False,150,16000
16,6,1,False,,,26.44058397829053,0,0,-4.016168350601735,9.54469710931843,12.060865459920189,False,150,16001
16,6,-1,False,,,24.67968697551742,0,0,-3.2024582453089927,8.750634650624164,10.453092895933162,False,150,16000
16,6,-1,False,,,25.86010193277109,0,0,-3.4816223979836263,9.54469710931843,11.526319507302057,False,150,16001
16,7,1,False,,,23.45220805964363,0,0,0.6552445903327011,8.750634650624164,6.595390060291462,False,150,16000
16,7,1,False,,,22.999491239594217,0,0,-1.174889429839916,9.54469710931843,9.219586539158344,False,150,16001
16,7,-1,False,,,29.997495302431524,0,0,-3.235864221540594,8.750634650624164,10.486498872164775,False,150,16000
16,7,-1,False,,,30.31447457697715,0,0,-6.460553221439369,9.54469710931843,14.50525033075782,False,150,16001
17,0,1,False,,,18.213023883889917,0,0,-1.11322085060698,7.707738130493065,7.320958981100044,False,150,17000
17,0,1,False,,,19.51158546740638,0,0,-2.4601159818396683,9.694785364862451,10.654901346702124,False,150,17001
17,0,-1,False,,,45.060362936710796,0,0,-24.568303111989543,7.707738130493065,30.776041242482552,False,150,17000
17,0,-1,False,,,45.94474669180117,0,0,-19.06826389810808,9.694785364862451,27.263049262970522,False,150,17001
17,1,1,False,,,18.798045639604084,0,0,-3.2476848158351093,7.707738130493065,9.455422946328193,False,150,17000
17,1,1,False,,,20.490107390581077,0,0,-3.898783826637093,9.694785364862451,12.093569191499553,False,150,17001
17,1,-1,False,,,35.37495132946406,0,0,-15.832986791943943,7.707738130493065,22.040724922437033,False,150,17000
17,1,-1,False,,,36.73518602951408,0,0,-13.485768401279747,9.694785364862451,21.68055376614222,False,150,17001
17,2,1,False,,,31.930426256541544,0,0,-12.123206298794761,7.707738130493065,18.33094442928785,False,150,17000
17,2,1,False,,,35.50319090143778,0,0,-10.878403465192678,9.694785364862451,19.07318883005515,False,150,17001
17,2,-1,False,,,19.967483773574806,0,0,-4.686678934554539,7.707738130493065,10.894417065047623,False,150,17000
17,2,-1,False,,,21.727652394485233,0,0,-4.489358575250274,9.694785364862451,12.684143940112742,False,150,17001
17,3,1,False,,,20.329101303558726,0,0,-5.1889202894353526,7.707738130493065,11.39665841992844,False,150,17000
17,3,1,False,,,22.69742147841749,0,0,-2.999968063567671,9.694785364862451,11.194753428430134,False,150,17001
17,3,-1,False,,,32.49244168092508,0,0,-11.541992490041183,7.707738130493065,17.749730620534272,False,150,17000
17,3,-1,False,,,34.01680462861235,0,0,-8.679604322538351,9.694785364862451,16.874389687400825,False,150,17001
17,4,1,False,,,23.89752162714586,0,0,-8.02654247587495,7.707738130493065,14.234280606368035,False,150,17000
17,4,1,False,,,25.38942648803577,0,0,-6.564902716465236,9.694785364862451,14.759688081327708,False,150,17001
17,4,-1,False,,,28.49151167692925,0,0,-8.649574806118343,7.707738130493065,14.857312936611432,False,150,17000
17,4,-1,False,,,27.964545089535203,0,0,-1.4821228521380756,9.694785364862451,9.676908217000525,False,150,17001
17,5,1,False,,,22.00767237044824,0,0,-0.5568945271029613,7.707738130493065,6.764632657596025,False,150,17000
17,5,1,False,,,28.254257180069004,0,0,-4.858115567942401,9.694785364862451,13.052900932804866,False,150,17001
17,5,-1,False,,,33.67519422187278,0,0,-16.784195091240466,7.707738130493065,22.991933221733543,False,150,17000
17,5,-1,False,,,33.03366908424067,0,0,-5.594584513075485,9.694785364862451,13.78936987793795,False,150,17001
17,6,1,False,,,41.073319796401115,0,0,-19.94684957258317,7.707738130493065,26.154587703076203,False,150,17000
17,6,1,False,,,46.88550750980364,0,0,-18.86959884309426,9.694785364862451,27.0643842079567,False,150,17001
17,6,-1,False,,,18.072801961483833,0,0,-2.872605950565596,7.707738130493065,9.080344081058671,False,150,17000
17,6,-1,False,,,19.534790298714253,0,0,-3.0515654696758148,9.694785364862451,11.246350834538278,False,150,17001
17,7,1,False,,,24.175895551763293,0,0,-5.43961416917865,7.707738130493065,11.647352299671736,False,150,17000
17,7,1,False,,,28.055565923678277,0,0,-5.567260669701259,9.694785364862451,13.76204603456373,False,150,17001
17,7,-1,False,,,32.61652804622375,0,0,-10.986783552097886,7.707738130493065,17.194521682590974,False,150,17000
17,7,-1,False,,,35.98360438299638,0,0,-10.4207179465047,9.694785364862451,18.61550331136717,False,150,17001
18,0,1,False,,,31.44122907358139,0,0,-4.616344548903771,7.5976719721151165,10.714016521018891,False,150,18000
18,0,1,False,,,26.956018055097854,0,0,-1.8263416444718328,6.609328650666891,6.935670295138725,False,150,18001
18,0,-1,False,,,22.642383029781318,0,0,-0.7263503685982153,7.5976719721151165,6.824022340713331,False,150,18000
18,0,-1,False,,,20.763951453481507,0,0,-2.1104162985013195,6.609328650666891,7.219744949168209,False,150,18001
18,1,1,False,,,16.345856099981734,0,0,-5.529758584763075,7.5976719721151165,11.627430556878208,False,150,18000
18,1,1,False,,,21.918589846924032,0,0,-2.9162182953997755,6.609328650666891,8.025546946066687,False,150,18001
18,1,-1,False,,,28.753714469145926,0,0,-1.1346943312658486,7.5976719721151165,7.232366303380964,False,150,18000
18,1,-1,False,,,28.60016270122142,0,0,-0.586917006300274,6.609328650666891,5.696245656967164,False,150,18001
18,2,1,False,,,23.487128867020168,0,0,-0.9089829701362782,7.5976719721151165,7.0066549422513935,False,150,18000
18,2,1,False,,,29.33828128503007,0,0,-2.9155543465081317,6.609328650666891,8.024882997175038,False,150,18001
18,2,-1,False,,,25.500391612407455,0,0,-3.8381403432635732,7.5976719721151165,9.935812315378715,False,150,18000
18,2,-1,False,,,25.544979368750713,0,0,-3.59107657595564,6.609328650666891,8.700405226622555,False,150,18001
18,3,1,False,,,30.937261246816167,0,0,-3.76248169690696,7.5976719721151165,9.860153669022079,False,150,18000
18,3,1,False,,,29.55714213089599,0,0,-0.989556246416661,6.609328650666891,6.0988848970835505,False,150,18001
18,3,-1,False,,,18.11119529979901,0,0,-8.790812297395352,7.5976719721151165,14.88848426951049,False,150,18000
18,3,-1,False,,,20.47390298178892,0,0,-8.558515322917833,6.609328650666891,13.667843973584745,False,150,18001
18,4,1,False,,,23.736534185654982,0,0,-1.540963823855621,7.5976719721151165,7.638635795970763,False,150,18000
18,4,1,False,,,29.954024067138906,0,0,1.4094065859906983,6.609328650666891,3.6999220646762043,False,150,18001
18,4,-1,False,,,36.5099936176887,0,0,-7.555403382007212,7.5976719721151165,13.653075354122336,False,150,18000
18,4,-1,False,,,24.96908122709457,0,0,-1.2362973808673428,6.609328650666891,6.345626031534232,False,150,18001
18,5,1,False,,,32.38819418123304,0,0,-6.3377810023540295,7.5976719721151165,12.435452974469154,False,150,18000
18,5,1,False,,,26.485391109745635,0,0,-1.9788339560522015,6.609328650666891,7.088162606719099,False,150,18001
18,5,-1,False,,,18.161537254928483,0,0,-1.2065894323547772,7.5976719721151165,7.304261404469893,False,150,18000
18,5,-1,False,,,19.49132022074337,0,0,-3.2389862923422275,6.609328650666891,8.34831494300913,False,150,18001
18,6,1,False,,,21.246357175976904,0,0,-2.0348468679258875,7.5976719721151165,8.13251884004101,False,150,18000
18,6,1,False,,,25.852629621756744,0,0,-3.0412346634379572,6.609328650666891,8.15056331410487,False,150,18001
18,6,-1,False,,,30.926429356192436,0,0,-4.33237951666567,7.5976719721151165,10.430051488780792,False,150,18000
18,6,-1,False,,,23.71194393170829,0,0,0.22154178725996665,6.609328650666891,4.887786863406923,False,150,18001
18,7,1,False,,,32.40841279137588,0,0,-2.743181869227721,7.5976719721151165,8.84085384134284,False,150,18000
18,7,1,False,,,24.091934028882477,0,0,-0.41593085195434565,6.609328650666891,5.525259502621235,False,150,18001
18,7,-1,False,,,17.913970849651033,0,0,-7.105181158648357,7.5976719721151165,13.202853130763494,False,150,18000
18,7,-1,False,,,24.499085862253107,0,0,-3.7349307588928067,6.609328650666891,8.84425940955972,False,150,18001
19,0,1,False,,,21.573508173455732,0,0,-8.80075636325932,7.704412933997912,15.005169297257256,False,150,19000
19,0,1,False,,,21.74235590789186,0,0,-6.43489896187521,7.156409951479781,12.091308913355004,False,150,19001
19,0,-1,False,,,35.91766252963214,0,0,-6.16643732151261,7.704412933997912,12.370850255510534,False,150,19000
19,0,-1,False,,,27.77099581868452,0,0,-9.890451374118044,7.156409951479781,15.54686132559785,False,150,19001
19,1,1,False,,,25.081532050891177,0,0,-1.6459241777485538,7.704412933997912,7.850337111746465,False,150,19000
19,1,1,False,,,24.781332020173426,0,0,-3.9602049854007992,7.156409951479781,9.616614936880591,False,150,19001
19,1,-1,False,,,26.29324829100375,0,0,-3.7572544726148296,7.704412933997912,9.961667406612749,False,150,19000
19,1,-1,False,,,19.656108054342212,0,0,-5.739648629691915,7.156409951479781,11.39605858117172,False,150,19001
19,2,1,False,,,24.29288385150966,0,0,-3.954845834212307,7.704412933997912,10.159258768210247,False,150,19000
19,2,1,False,,,18.126759685040966,0,0,-0.21755341773910897,7.156409951479781,5.873963369218889,False,150,19001
19,2,-1,False,,,32.84409812672983,0,0,-5.381437532579183,7.704412933997912,11.58585046657711,False,150,19000
19,2,-1,False,,,23.874138784217834,0,0,-6.7671708072614205,7.156409951479781,12.423580758741227,False,150,19001
19,3,1,False,,,15.165111370426189,0,0,-1.1963922945372039,7.704412933997912,7.400805228535115,False,150,19000
19,3,1,False,,,27.045539855309016,0,0,-10.171012116350889,7.156409951479781,15.827422067830696,False,150,19001
19,3,-1,False,,,22.343824825630424,0,0,-0.3030547698225895,7.704412933997912,6.507467703820501,False,150,19000
19,3,-1,False,,,22.381418840335346,0,0,-4.658227619075711,7.156409951479781,10.314637570555512,False,150,19001
19,4,1,False,,,47.70905021007595,0,0,-16.62159783221444,7.704412933997912,22.826010766212363,False,150,19000
19,4,1,False,,,46.00026836328171,0,0,-24.694227228216498,7.156409951479781,30.350637179696207,False,150,19001
19,4,-1,False,,,24.681789544268888,0,0,-5.9770656798541975,7.704412933997912,12.181478613852137,False,150,19000
19,4,-1,False,,,35.02127971985774,0,0,-16.164128336650503,7.156409951479781,21.820538288130297,False,150,19001
19,5,1,False,,,36.41326345226383,0,0,-7.35261907360174,7.704412933997912,13.557032007599664,False,150,19000
19,5,1,False,,,31.519715203165863,0,0,-16.75983148212149,7.156409951479781,22.41624143360129,False,150,19001
19,5,-1,False,,,25.91600595772041,0,0,1.5108056497330435,7.704412933997912,4.69360728426487,False,150,19000
19,5,-1,False,,,27.5676582208009,0,0,-7.333485920881143,7.156409951479781,12.989895872360945,False,150,19001
19,6,1,False,,,17.67679470686462,0,0,-5.664433231692567,7.704412933997912,11.868846165690497,False,150,19000
19,6,1,False,,,17.099454079599866,0,0,-2.301158025056141,7.156409951479781,7.957567976535923,False,150,19001
19,6,-1,False,,,28.95215520136501,0,0,-0.5363710227660885,7.704412933997912,6.740783956764,False,150,19000
19,6,-1,False,,,30.288565326050552,0,0,-9.436260753424548,7.156409951479781,15.09267070490435,False,150,19001
19,7,1,False,,,33.03654350785656,0,0,-3.967074346912888,7.704412933997912,10.171487280910803,False,150,19000
19,7,1,False,,,32.69271438654113,0,0,-14.596829441113337,7.156409951479781,20.253239392593144,False,150,19001
19,7,-1,False,,,25.490764398123197,0,0,-3.0492428558863054,7.704412933997912,9.25365578988424,False,150,19000
19,7,-1,False,,,26.05513131950872,0,0,-5.621448225865519,7.156409951479781,11.277858177345319,False,150,19001
20,0,1,False,,,19.77355363073033,0,0,-4.536659985012512,10.155114464097156,13.191774449109694,False,150,20000
20,0,1,False,,,22.42907431877808,0,0,-5.491963737963279,9.715424167989513,13.707387905952812,False,150,20001
20,0,-1,False,,,22.16890613632551,0,0,0.2554360370147259,10.155114464097156,8.39967842708243,False,150,20000
20,0,-1,False,,,24.422066433419328,0,0,1.261702440748398,9.715424167989513,6.953721727241113,False,150,20001
20,1,1,False,,,20.45284740098514,0,0,-4.125240033176542,10.155114464097156,12.78035449727372,False,150,20000
20,1,1,False,,,15.781781961760954,0,0,-1.644648227816489,9.715424167989513,9.860072395806,False,150,20001
20,1,-1,False,,,25.635847238207663,0,0,-1.4076517314873336,10.155114464097156,10.062766195584489,False,150,20000
20,1,-1,False,,,25.292475802514982,0,0,-1.3900607945350028,9.715424167989513,9.605484962524514,False,150,20001
20,2,1,False,,,21.896573515049965,0,0,-0.5768454564353143,10.155114464097156,9.231959920532493,False,150,20000
20,2,1,False,,,27.413862497512763,0,0,3.5934363243806775,9.715424167989513,4.621987843608853,False,150,20001
20,2,-1,False,,,38.402230026462334,0,0,-0.5716463533534948,10.155114464097156,9.226760817450659,False,150,20000
20,2,-1,True,88,1.76,18.503346878817645,0,0,17.956157353488578,9.715424167989513,0.8792668145009375,False,88,20001
20,3,1,False,,,26.106047133751172,0,0,0.42151621346485757,10.155114464097156,8.233598250632298,False,150,20000
20,3,1,False,,,25.502596579071483,0,0,-0.8990088929047486,9.715424167989513,9.11443306089427,False,150,20001
20,3,-1,False,,,21.561216003871703,0,0,-0.15768650410169488,10.155114464097156,8.81280096819885,False,150,20000
20,3,-1,False,,,23.080401878374822,0,0,0.2944230577177921,9.715424167989513,7.921001110271719,False,150,20001
20,4,1,False,,,31.406654123266247,0,0,-2.104032450119166,10.155114464097156,10.759146914216322,False,150,20000
20,4,1,False,,,28.81735061062892,0,0,0.5604627694223736,9.715424167989513,7.6549613985671385,False,150,20001
20,4,-1,False,,,19.948612716120827,0,0,-1.3967289404279672,10.155114464097156,10.051843404525123,False,150,20000
20,4,-1,False,,,22.227996505221903,0,0,-2.0194936151387877,9.715424167989513,10.234917783128328,False,150,20001
20,5,1,False,,,26.871832010620686,0,0,-2.367381446207551,10.155114464097156,11.022495910304707,False,150,20000
20,5,1,False,,,23.932955318212812,0,0,-2.781754613638073,9.715424167989513,10.997178781627586,False,150,20001
20,5,-1,False,,,9.911250806198082,0,0,-6.622463278192657,10.155114464097156,15.277577742289838,False,150,20000
20,5,-1,False,,,9.807537339175092,0,0,-3.303583120750666,9.715424167989513,11.519007288740202,False,150,20001
20,6,1,False,,,23.789308973332822,0,0,-7.901334363474483,10.155114464097156,16.556448827571664,False,150,20000
20,6,1,False,,,22.494703564371303,0,0,-5.273400379850673,9.715424167989513,13.488824547840204,False,150,20001
20,6,-1,False,,,30.82396058565346,0,0,-1.4600732036396002,10.155114464097156,10.115187667736755,False,150,20000
20,6,-1,False,,,30.10012726976836,0,0,-0.7187446466076637,9.715424167989513,8.934168814597175,False,150,20001
20,7,1,False,,,22.805822812572714,0,0,-3.7632238100125983,10.155114464097156,12.418338274109763,False,150,20000
20,7,1,False,,,23.000382910302026,0,0,-1.7239069574517099,9.715424167989513,9.939331125441221,False,150,20001
20,7,-1,False,,,24.691102622536558,0,0,-1.8029921704228444,10.155114464097156,10.45810663452001,False,150,20000
20,7,-1,False,,,21.568502820709078,0,0,-1.700195566960421,9.715424167989513,9.915619734949935,False,150,20001
21,0,1,False,,,25.71525124165495,0,0,-5.903506245589461,8.81064771164678,13.214153957236261,False,150,21000
21,0,1,False,,,29.43752657525344,0,0,-0.16111387713073377,8.509053998396297,7.17016787552703,False,150,21001
21,0,-1,False,,,28.150121615176385,0,0,-10.875991968826916,8.81064771164678,18.186639680473714,False,150,21000
21,0,-1,False,,,22.372726746068267,0,0,-3.8798848823479775,8.509053998396297,10.8889388807443,False,150,21001
21,1,1,False,,,24.207453263133562,0,0,-6.277727978444195,8.81064771164678,13.588375690090992,False,150,21000
21,1,1,False,,,25.275003870385763,0,0,-7.173154152129108,8.509053998396297,14.18220815052543,False,150,21001
21,1,-1,False,,,22.16675771449435,0,0,-6.853611028486728,8.81064771164678,14.164258740133532,False,150,21000
21,1,-1,False,,,27.76144739121081,0,0,-0.3291783779806452,8.509053998396297,7.338232376376941,False,150,21001
21,2,1,False,,,23.73295250968103,0,0,-3.0180848487044507,8.81064771164678,10.328732560351247,False,150,21000
21,2,1,False,,,26.349721005998234,0,0,-0.9500697174252708,8.509053998396297,7.959123715821566,False,150,21001
21,2,-1,False,,,28.965569629862596,0,0,-9.503075446939352,8.81064771164678,16.81372315858615,False,150,21000
21,2,-1,False,,,26.23904086372215,0,0,1.0336654194978983,8.509053998396297,5.975388578898397,False,150,21001
21,3,1,False,,,41.31818130394656,0,0,4.76372035081168,8.81064771164678,2.5469273608351024,False,150,21000
21,3,1,False,,,35.322298318456355,0,0,4.409943896019511,8.509053998396297,2.599110102376791,False,150,21001
21,3,-1,False,,,27.275501919804956,0,0,-14.270415882198225,8.81064771164678,21.58106359384503,False,150,21000
21,3,-1,False,,,27.748225366611056,0,0,1.7443632285683794,8.509053998396297,5.264690769827927,False,150,21001
21,4,1,False,,,27.139954949243595,0,0,-8.482582300539319,8.81064771164678,15.793230012186124,False,150,21000
21,4,1,False,,,26.407626071842095,0,0,3.17730210023825,8.509053998396297,3.8317518981580565,False,150,21001
21,4,-1,False,,,32.36476588741665,0,0,-11.769017137452943,8.81064771164678,19.079664849099743,False,150,21000
21,4,-1,False,,,27.8547770927968,0,0,0.12472385098645146,8.509053998396297,6.884330147409864,False,150,21001
21,5,1,False,,,36.21806785807694,0,0,-6.786620552911142,8.81064771164678,14.097268264557943,False,150,21000
21,5,1,True,96,1.92,22.371634262730698,0,0,16.56270025894551,8.509053998396297,0.9863537394507923,False,96,21001
21,5,-1,False,,,24.315421393577815,0,0,-8.255346586625786,8.81064771164678,15.565994298272587,False,150,21000
21,5,-1,False,,,28.656075606966663,0,0,2.983170377063769,8.509053998396297,4.02588362133254,False,150,21001
21,6,1,False,,,24.264799576092553,0,0,-4.863054307668499,8.81064771164678,12.173702019315295,False,150,21000
21,6,1,False,,,22.85512102918725,0,0,-2.3638414859555947,8.509053998396297,9.372895484351918,False,150,21001
21,6,-1,False,,,26.244739569866002,0,0,-5.37556094222877,8.81064771164678,12.686208653875562,False,150,21000
21,6,-1,False,,,27.122009378206968,0,0,0.17210930819017856,8.509053998396297,6.836944690206117,False,150,21001
21,7,1,False,,,23.02530459747655,0,0,-5.915028367766973,8.81064771164678,13.225676079413775,False,150,21000
21,7,1,False,,,23.01645985918081,0,0,1.788025341585357,8.509053998396297,5.2210286568109385,False,150,21001
21,7,-1,False,,,23.392956303277433,0,0,-5.481689403677919,8.81064771164678,12.792337115324719,False,150,21000
21,7,-1,False,,,22.207795821625357,0,0,-2.436720832596297,8.509053998396297,9.44577483099262,False,150,21001
22,0,1,False,,,18.594353953038407,0,0,-3.372083784501597,6.5583036408842705,8.430387425385877,False,150,22000
22,0,1,False,,,24.319478147513138,0,0,-6.857847485539425,6.171691741310358,11.529539226849804,False,150,22001
22,0,-1,False,,,30.18254208884352,0,0,-4.396964792050267,6.5583036408842705,9.455268432934544,False,150,22000
22,0,-1,False,,,32.00667322663414,0,0,-6.284695804322977,6.171691741310358,10.956387545633357,False,150,22001
22,1,1,False,,,19.003197487488443,0,0,-2.8063827875445337,6.5583036408842705,7.864686428428814,False,150,22000
22,1,1,False,,,30.00266649497967,0,0,-7.750122203397895,6.171691741310358,12.421813944708276,False,150,22001
22,1,-1,False,,,25.879793550557793,0,0,-3.3737610766366144,6.5583036408842705,8.432064717520898,False,150,22000
22,1,-1,False,,,27.922781776403912,0,0,-3.2788441757878717,6.171691741310358,7.950535917098247,False,150,22001
22,2,1,False,,,33.51975525803127,0,0,-14.176192302805823,6.5583036408842705,19.234495943690117,False,150,22000
22,2,1,False,,,21.557792787515186,0,0,-0.3430519693696559,6.171691741310358,5.014743710680013,False,150,22001
22,2,-1,True,64,1.28,11.50196671015158,0,0,15.197664074276751,6.5583036408842705,0.72063956660752,False,64,22000
22,2,-1,False,,,28.68914314461924,0,0,-1.4371844124114659,6.171691741310358,6.108876153721847,False,150,22001
22,3,1,False,,,19.624127456804075,0,0,-3.1690469603615847,6.5583036408842705,8.227350601245865,False,150,22000
22,3,1,False,,,27.312730309042973,0,0,-6.6335235789224125,6.171691741310358,11.305215320232792,False,150,22001
22,3,-1,False,,,25.46484708775448,0,0,-3.303626808687489,6.5583036408842705,8.361930449571771,False,150,22000
22,3,-1,False,,,26.68444336881841,0,0,-2.9172236905030653,6.171691741310358,7.588915431813439,False,150,22001
22,4,1,False,,,18.797816810094535,0,0,1.679805575867133,6.5583036408842705,3.378498065017136,False,150,22000
22,4,1,False,,,22.728079657240546,0,0,-5.843747568087291,6.171691741310358,10.515439309397673,False,150,22001
22,4,-1,False,,,31.441074099906842,0,0,-10.545176641610754,6.5583036408842705,15.603480282495045,False,150,22000
22,4,-1,False,,,27.845508385901343,0,0,-4.355801213629893,6.171691741310358,9.027492954940259,False,150,22001
22,5,1,False,,,22.641736763864664,0,0,3.9162227193191144,6.5583036408842705,1.142080921565155,False,150,22000
22,5,1,False,,,28.82942773726061,0,0,-4.9143328329816915,6.171691741310358,9.586024574292074,False,150,22001
22,5,-1,False,,,28.145886383234878,0,0,-6.648833783923908,6.5583036408842705,11.7071374248082,False,150,22000
22,5,-1,False,,,23.39779228161379,0,0,-1.0854152248429536,6.171691741310358,5.7571069661533105,False,150,22001
22,6,1,False,,,29.091543686288695,0,0,-5.907200534483938,6.5583036408842705,10.965504175368213,False,150,22000
22,6,1,False,,,27.442282721516328,0,0,-5.532310792196393,6.171691741310358,10.204002533506774,False,150,22001
22,6,-1,False,,,23.72044059705185,0,0,-5.3326097237701315,6.5583036408842705,10.390913364654422,False,150,22000
22,6,-1,False,,,21.066894801092573,0,0,-1.5525808649016775,6.171691741310358,6.224272606212034,False,150,22001
22,7,1,False,,,25.689379408049998,0,0,-4.814155137695301,6.5583036408842705,9.872458778579588,False,150,22000
22,7,1,False,,,24.71553100281718,0,0,-3.6330531669343147,6.171691741310358,8.304744908244688,False,150,22001
22,7,-1,False,,,20.81597382622028,0,0,0.35390997262675195,6.5583036408842705,4.704393668257517,False,150,22000
22,7,-1,False,,,24.711776282048444,0,0,-5.096643005856503,6.171691741310358,9.768334747166882,False,150,22001
23,0,1,False,,,32.17501632323312,0,0,-0.5931562721577643,9.877821976340856,8.97097824849864,False,150,23000
23,0,1,False,,,32.137214064939904,0,0,-8.715822907934117,6.693134622732086,13.90895753066622,False,150,23001
23,0,-1,False,,,24.94428357847829,0,0,0.9450350802264635,9.877821976340856,7.432786896114392,False,150,23000
23,0,-1,False,,,26.18079048916911,0,0,-10.362775652449384,6.693134622732086,15.555910275181496,False,150,23001
23,1,1,False,,,24.737571253336682,0,0,-1.2375126466488136,9.877821976340856,9.615334622989687,False,150,23000
23,1,1,False,,,25.541553667133453,0,0,-1.2819310230680896,6.693134622732086,6.475065645800177,False,150,23001
23,1,-1,False,,,26.790368985614656,0,0,-2.2134463198511907,9.877821976340856,10.591268296192053,False,150,23000
23,1,-1,False,,,23.527550766556992,0,0,-5.208598241587621,6.693134622732086,10.40173286431973,False,150,23001
23,2,1,False,,,29.91013193104113,0,0,1.7109294206269297,9.877821976340856,6.666892555713944,False,150,23000
23,2,1,False,,,31.2756280218657,0,0,-8.429014263107396,6.693134622732086,13.622148885839492,False,150,23001
23,2,-1,False,,,24.195725628577254,0,0,-1.275582249187884,9.877821976340856,9.653404225528739,False,150,23000
23,2,-1,False,,,23.828753043915817,0,0,-9.365321714711717,6.693134622732086,14.558456337443827,False,150,23001
23,3,1,False,,,35.80747710739817,0,0,-1.4775883392755185,9.877821976340856,9.855410315616382,False,150,23000
23,3,1,False,,,38.5890355708497,0,0,-22.37285698351611,6.693134622732086,27.56599160624815,False,150,23001
23,3,-1,False,,,39.164941223448615,0,0,-6.782347062047173,9.877821976340856,15.160169038388048,False,150,23000
23,3,-1,True,37,0.74,8.539465478362018,0,0,15.571692002640264,6.693134622732086,0.7514426200918224,False,37,23001
23,4,1,False,,,27.031746207484296,0,0,-3.9849423729531113,9.877821976340856,12.362764349293993,False,150,23000
23,4,1,False,,,29.54569801347012,0,0,-2.7252412760735503,6.693134622732086,7.918375898805648,False,150,23001
23,4,-1,False,,,24.00665371506425,0,0,-2.4310998657611815,9.877821976340856,10.80892184210204,False,150,23000
23,4,-1,False,,,27.88291926127436,0,0,-6.893660162060338,6.693134622732086,12.086794784792446,False,150,23001
23,5,1,False,,,25.158561850854845,0,0,-5.2228067843123265,9.877821976340856,13.60062876065321,False,150,23000
23,5,1,True,99,1.98,13.960724916637131,0,0,14.759504015565218,6.693134622732086,0.9436306071668688,False,99,23001
23,5,-1,False,,,28.316003874467036,0,0,-0.9301009943728319,9.877821976340856,9.307922970713687,False,150,23000
23,5,-1,False,,,28.548546950689282,0,0,-3.6909982331941045,6.693134622732086,8.88413285592621,False,150,23001
23,6,1,False,,,27.71638903701958,0,0,-0.5961287190429014,9.877821976340856,8.973950695383756,False,150,23000
23,6,1,False,,,25.290286718858173,0,0,-2.697909656887342,6.693134622732086,7.891044279619431,False,150,23001
23,6,-1,False,,,28.474883852115,0,0,-1.1483683289419047,9.877821976340856,9.526190305282778,False,150,23000
23,6,-1,False,,,23.270563891045292,0,0,-3.8469887806193483,6.693134622732086,9.040123403351442,False,150,23001
23,7,1,False,,,28.96573256874513,0,0,-3.814417808273581,9.877821976340856,12.192239784614461,False,150,23000
23,7,1,False,,,25.938475304215327,0,0,-6.271758116231063,6.693134622732086,11.464892738963155,False,150,23001
23,7,-1,False,,,25.95529140997671,0,0,0.14326554551145013,9.877821976340856,8.234556430829407,False,150,23000
23,7,-1,False,,,18.707293785179797,0,0,-1.9816968958843864,6.693134622732086,7.174831518616472,False,150,23001
24,0,1,False,,,30.6731509175754,0,0,3.142645966605718,8.947442104019423,4.304796137413722,False,150,24000
24,0,1,False,,,37.07062560455644,0,0,-6.500003231715019,8.622748189231732,13.622751420946761,False,150,24001
24,0,-1,False,,,27.6592281577356,0,0,-7.513605392042131,8.947442104019423,14.961047496061582,False,150,24000
24,0,-1,False,,,26.68821734360517,0,0,-3.3467597098795583,8.622748189231732,10.469507899111301,False,150,24001
24,1,1,False,,,28.820588235916464,0,0,-1.1989617852964287,8.947442104019423,8.646403889315872,False,150,24000
24,1,1,False,,,20.278600618706836,0,0,-1.9911281654213326,8.622748189231732,9.113876354653064,False,150,24001
24,1,-1,False,,,32.676355830326855,0,0,3.073101476899188,8.947442104019423,4.374340627120237,False,150,24000
24,1,-1,False,,,31.341273793904126,0,0,1.2403550966831098,8.622748189231732,5.882393092548625,False,150,24001
24,2,1,False,,,21.17830185189108,0,0,-0.3311963738358199,8.947442104019423,7.7786384778552415,False,150,24000
24,2,1,False,,,21.460347444492598,0,0,-1.1878395789189835,8.622748189231732,8.310587768150715,False,150,24001
24,2,-1,False,,,29.70591215784352,0,0,-0.9444543779200365,8.947442104019423,8.391896481939458,False,150,24000
24,2,-1,False,,,31.96649757175466,0,0,-0.8380058041336427,8.622748189231732,7.9607539933653735,False,150,24001
24,3,1,False,,,24.616831430006986,0,0,5.906608258293657,8.947442104019423,1.5408338457257784,False,150,24000
24,3,1,False,,,27.39568278665787,0,0,0.6355787144062746,8.622748189231732,6.48716947482547,False,150,24001
24,3,-1,False,,,35.249255928396984,0,0,-7.022872302301635,8.947442104019423,14.470314406321087,False,150,24000
24,3,-1,False,,,36.37929653747254,0,0,-2.644433080985234,8.622748189231732,9.767181270216984,False,150,24001
24,4,1,False,,,25.98179334896961,0,0,2.229472718596856,8.947442104019423,5.217969385422582,False,150,24000
24,4,1,False,,,23.77739458220577,0,0,-2.4039004706024416,8.622748189231732,9.526648659834189,False,150,24001
24,4,-1,False,,,28.344934347301855,0,0,-2.2366065124126333,8.947442104019423,9.684048616432062,False,150,24000
24,4,-1,False,,,28.67585743943826,0,0,-1.444657313811616,8.622748189231732,8.567405503043348,False,150,24001
24,5,1,False,,,27.39668639051128,0,0,3.3444103762012114,8.947442104019423,4.103031727818217,False,150,24000
24,5,1,False,,,27.81449899531814,0,0,1.6619800612981512,8.622748189231732,5.460768127933587,False,150,24001
24,5,-1,False,,,27.150367869619345,0,0,-2.2696538793600487,8.947442104019423,9.71709598337948,False,150,24000
24,5,-1,False,,,26.698680297958752,0,0,-2.851240145542654,8.622748189231732,9.973988334774395,False,150,24001
24,6,1,False,,,24.843320479613197,0,0,0.4191059752565529,8.947442104019423,7.028336128762885,False,150,24000
24,6,1,False,,,22.39416258791789,0,0,0.3281839001001017,8.622748189231732,6.794564289131629,False,150,24001
24,6,-1,False,,,27.811851249606267,0,0,0.6302333511283967,8.947442104019423,6.817208752891025,False,150,24000
24,6,-1,False,,,24.105085346678052,0,0,0.9815339348735699,8.622748189231732,6.141214254358161,False,150,24001
24,7,1,False,,,28.00879417489437,0,0,0.9326326630273329,8.947442104019423,6.514809440992096,False,150,24000
24,7,1,False,,,29.06262911622421,0,0,-0.3032174917251633,8.622748189231732,7.425965680956894,False,150,24001
24,7,-1,False,,,27.351310529110606,0,0,1.7151352126766448,8.947442104019423,5.732306891342777,False,150,24000
24,7,-1,False,,,24.826108692718584,0,0,-0.8444363509706376,8.622748189231732,7.967184540202369,False,150,24001
25,0,1,False,,,28.300162706203253,0,0,-3.0202640737294333,8.608358986740983,10.128623060470426,False,150,25000
25,0,1,False,,,29.497783002669745,0,0,-1.0331138764812022,8.121373464544156,7.654487341025383,False,150,25001
25,0,-1,False,,,29.42242094373289,0,0,-3.9512623189787357,8.608358986740983,11.059621305719737,False,150,25000
25,0,-1,False,,,26.449803872749005,0,0,0.5246567391602299,8.121373464544156,6.096716725383925,False,150,25001
25,1,1,False,,,26.45150523286323,0,0,-4.005257875762496,8.608358986740983,11.113616862503493,False,150,25000
25,1,1,False,,,25.113223846911364,0,0,-0.2661705605557822,8.121373464544156,6.887544025099937,False,150,25001
25,1,-1,False,,,34.510569500894405,0,0,-3.7484005567113305,8.608358986740983,10.856759543452332,False,150,25000
25,1,-1,False,,,35.589951134827196,0,0,-5.368136832158321,8.121373464544156,11.989510296702504,False,150,25001
25,2,1,False,,,23.85879861381655,0,0,-1.6725386243329006,8.608358986740983,8.780897611073883,False,150,25000
25,2,1,False,,,29.540060745072893,0,0,1.1756825440862533,8.121373464544156,5.445690920457902,False,150,25001
25,2,-1,False,,,27.593576115151727,0,0,-1.7952437880053775,8.608358986740983,8.903602774746362,False,150,25000
25,2,-1,False,,,29.10363983004898,0,0,-0.5334966842566549,8.121373464544156,7.154870148800832,False,150,25001
25,3,1,False,,,18.213226717404538,0,0,-1.6794858148883283,8.608358986740983,8.78784480162931,False,150,25000
25,3,1,False,,,24.736140177152155,0,0,-5.5699943595544275,8.121373464544156,12.191367824098606,False,150,25001
25,3,-1,False,,,30.651266321411185,0,0,-1.1405255862472459,8.608358986740983,8.248884572988233,False,150,25000
25,3,-1,False,,,31.582795817275436,0,0,-0.6074737857532893,8.121373464544156,7.228847250297444,False,150,25001
25,4,1,False,,,23.282320932692247,0,0,-0.2670977151384532,8.608358986740983,7.375456701879444,False,150,25000
25,4,1,False,,,31.44675052171287,0,0,-2.043068985175509,8.121373464544156,8.66444244971967,False,150,25001
25,4,-1,False,,,20.92139487689582,0,0,-2.3920477870162307,8.608358986740983,9.50040677375722,False,150,25000
25,4,-1,False,,,25.95951853315228,0,0,-5.0006332675095555,8.121373464544156,11.622006732053725,False,150,25001
25,5,1,False,,,24.89170182922934,0,0,-0.7477231832345163,8.608358986740983,7.856082169975498,False,150,25000
25,5,1,False,,,27.323531637749518,0,0,-0.6134959624640373,8.121373464544156,7.234869427008192,False,150,25001
25,5,-1,False,,,31.74418470577969,0,0,-8.856374158692368,8.608358986740983,15.964733145433367,False,150,25000
25,5,-1,False,,,23.855901794243124,0,0,-3.3936495286646817,8.121373464544156,10.015022993208863,False,150,25001
25,6,1,False,,,20.859167993133013,0,0,-1.3730598990627394,8.608358986740983,8.481418885803722,False,150,25000
25,6,1,False,,,28.730124074889016,0,0,-3.493954188093146,8.121373464544156,10.115327652637324,False,150,25001
25,6,-1,False,,,26.283877977438816,0,0,-1.8550165520147195,8.608358986740983,8.963375538755708,False,150,25000
25,6,-1,False,,,27.913510323641553,0,0,1.1354979723584835,8.121373464544156,5.485875492185674,False,150,25001
25,7,1,False,,,27.139666320464848,0,0,-7.841415453270012,8.608358986740983,14.949774440011014,False,150,25000
25,7,1,False,,,22.623450222077306,0,0,2.0538162979608465,8.121373464544156,4.567557166583312,False,150,25001
25,7,-1,True,59,1.18,12.63429925549624,0,0,17.365936944588636,8.608358986740983,0.6524220421523469,False,59,25000
25,7,-1,False,,,40.775223304381115,0,0,-7.954666780455208,8.121373464544156,14.57604024499939,False,150,25001
26,0,1,False,,,30.973520190309642,0,0,-2.860351144982136,10.130788447048726,11.491139592030873,False,150,26000
26,0,1,False,,,35.1999944674184,0,0,0.5199396617737,9.310395720291833,7.290456058518146,False,150,26001
26,0,-1,False,,,26.784998754104105,0,0,3.031903909719956,10.130788447048726,5.598884537328782,False,150,26000
26,0,-1,False,,,26.34797339068578,0,0,-0.3130822041520738,9.310395720291833,8.123477924443906,False,150,26001
26,1,1,False,,,34.75993618099417,0,0,1.2354799743292557,10.130788447048726,7.395308472719469,False,150,26000
26,1,1,False,,,30.05266327963509,0,0,-2.4936771801681505,9.310395720291833,10.304072900459989,False,150,26001
26,1,-1,False,,,28.202747428392517,0,0,-1.2975610520637346,10.130788447048726,9.928349499112484,False,150,26000
26,1,-1,False,,,26.484180742339486,0,0,-5.074187165296161,9.310395720291833,12.884582885588015,False,150,26001
26,2,1,False,,,29.595245098428904,0,0,3.038401301843167,10.130788447048726,5.59238714520557,False,150,26000
26,2,1,False,,,25.23119972780971,0,0,-1.7510462556590194,9.310395720291833,9.561441975950853,False,150,26001
26,2,-1,False,,,34.13968558080317,0,0,-1.6560636791924566,10.130788447048726,10.286852126241191,False,150,26000
26,2,-1,False,,,31.58498703428059,0,0,-3.828584136085209,9.310395720291833,11.638979856377066,False,150,26001
26,3,1,False,,,26.005552238548884,0,0,-1.4217348598377624,10.130788447048726,10.05252330688651,False,150,26000
26,3,1,False,,,29.90895505797153,0,0,-5.543015807772202,9.310395720291833,13.353411528064058,False,150,26001
26,3,-1,False,,,33.070122940514885,0,0,-2.5726766349843917,10.130788447048726,11.20346508203312,False,150,26000
26,3,-1,False,,,34.237703509522056,0,0,-3.0367455578865776,9.310395720291833,10.84714127817842,False,150,26001
26,4,1,False,,,26.746312134180812,0,0,0.1612390831066104,10.130788447048726,8.469549363942116,False,150,26000
26,4,1,False,,,27.90703004134893,0,0,-5.321250325287795,9.310395720291833,13.131646045579647,False,150,26001
26,4,-1,False,,,29.128970714813782,0,0,-0.446027433872346,10.130788447048726,9.076815880921073,False,150,26000
26,4,-1,False,,,30.0047551685686,0,0,-4.44477140682481,9.310395720291833,12.255167127116668,False,150,26001
26,5,1,False,,,29.028000885840818,0,0,3.5456585819228383,10.130788447048726,5.085129865125908,False,150,26000
26,5,1,False,,,27.703021287796673,0,0,-0.8744021640595794,9.310395720291833,8.684797884351411,False,150,26001
26,5,-1,False,,,36.254007826762695,0,0,-1.8097338548220618,10.130788447048726,10.440522301870804,False,150,26000
26,5,-1,False,,,41.25154571460331,0,0,-0.11933871515429528,9.310395720291833,7.929734435446141,False,150,26001
26,6,1,False,,,29.344068066527633,0,0,2.4038946817173406,10.130788447048726,6.226893765331395,False,150,26000
26,6,1,False,,,26.947243786212386,0,0,-0.8170760514878923,9.310395720291833,8.627471771779724,False,150,26001
26,6,-1,False,,,28.798721904946056,0,0,-2.876412372730627,10.130788447048726,11.507200819779365,False,150,26000
26,6,-1,False,,,33.86061388840677,0,0,-5.6209381297221,9.310395720291833,13.431333850013955,False,150,26001
26,7,1,False,,,31.31257455386006,0,0,3.109593159041812,10.130788447048726,5.521195288006924,False,150,26000
26,7,1,False,,,30.155328956301958,0,0,0.6383178459857192,9.310395720291833,7.172077874306113,False,150,26001
26,7,-1,False,,,30.474871044037222,0,0,-0.8731702822192096,10.130788447048726,9.503958729267952,False,150,26000
26,7,-1,False,,,32.03973353444214,0,0,-0.5659647157785648,9.310395720291833,8.376360436070412,False,150,26001
27,0,1,False,,,26.400028320125983,0,0,-0.3601532796470899,8.71475391081264,7.574907190459745,False,150,27000
27,0,1,False,,,29.055109447436866,0,0,-1.225952397475562,10.205205859903506,9.931158257379089,False,150,27001
27,0,-1,False,,,31.81292392221126,0,0,2.171307713841995,8.71475391081264,5.043446196970644,False,150,27000
27,0,-1,False,,,28.73684822224903,0,0,-0.9081723975908278,10.205205859903506,9.613378257494333,False,150,27001
27,1,1,True,104,2.08,21.10614737742855,0,0,16.81666670348229,8.71475391081264,0.8580872073303579,False,104,27000
27,1,1,True,120,2.4,23.958261468208185,0,0,18.180145401058468,10.205205859903506,0.8250604588450516,False,120,27001
27,1,-1,False,,,36.37770432198666,0,0,-1.2678465769220741,8.71475391081264,8.482600487734727,False,150,27000
27,1,-1,False,,,36.4317839481177,0,0,0.820033442746416,10.205205859903506,7.885172417157108,False,150,27001
27,2,1,False,,,28.45257788498292,0,0,0.5020054736409993,8.71475391081264,6.712748437171639,False,150,27000
27,2,1,False,,,28.893957780149766,0,0,-0.6520968225938009,10.205205859903506,9.357302682497306,False,150,27001
27,2,-1,False,,,32.987628866686514,0,0,-1.092719889123586,8.71475391081264,8.307473799936234,False,150,27000
27,2,-1,False,,,34.92575564517761,0,0,-0.5424502954312873,10.205205859903506,9.247656155334802,False,150,27001
27,3,1,False,,,30.771425088037564,0,0,0.6321622845966643,8.71475391081264,6.582591626215987,False,150,27000
27,3,1,False,,,31.39834008199327,0,0,-0.5103608381220479,10.205205859903506,9.215566698025555,False,150,27001
27,3,-1,False,,,26.400382594247326,0,0,2.310991932945388,8.71475391081264,4.903761977867251,False,150,27000
27,3,-1,False,,,28.093017422316617,0,0,0.8209125104314308,10.205205859903506,7.884293349472074,False,150,27001
27,4,1,False,,,28.329898212975166,0,0,-0.021153902494263487,8.71475391081264,7.2359078133069215,False,150,27000
27,4,1,False,,,29.034977958194855,0,0,2.4731042316878993,10.205205859903506,6.232101628215607,False,150,27001
27,4,-1,False,,,30.76578224228303,0,0,0.7717855109848173,8.71475391081264,6.442968399827837,False,150,27000
27,4,-1,False,,,30.878504174859707,0,0,-1.0322386672631532,10.205205859903506,9.737444527166675,False,150,27001
27,5,1,False,,,26.875127030247853,0,0,-0.1985677927857738,8.71475391081264,7.413321703598429,False,150,27000
27,5,1,False,,,33.88403183202403,0,0,-2.4589576038818626,10.205205859903506,11.164163463785378,False,150,27001
27,5,-1,False,,,26.903496199646458,0,0,1.860053878365505,8.71475391081264,5.354700032447133,False,150,27000
27,5,-1,False,,,25.919906093087654,0,0,3.4033281464980094,10.205205859903506,5.301877713405499,False,150,27001
27,6,1,False,,,30.50828881714892,0,0,0.624931122748581,8.71475391081264,6.589822788064077,False,150,27000
27,6,1,False,,,30.469024024496996,0,0,-1.3724588829635747,10.205205859903506,10.077664742867087,False,150,27001
27,6,-1,False,,,26.4821303549854,0,0,-0.5723735852281826,8.71475391081264,7.787127496040821,False,150,27000
27,6,-1,False,,,27.737007822570966,0,0,0.058980086453367706,10.205205859903506,8.646225773450137,False,150,27001
27,7,1,False,,,31.140664293643635,0,0,-2.439132763405806,8.71475391081264,9.653886674218471,False,150,27000
27,7,1,False,,,31.454117806708588,0,0,1.1154270851238781,10.205205859903506,7.589778774779629,False,150,27001
27,7,-1,False,,,24.504020176639877,0,0,-3.717585989322595,8.71475391081264,10.93233990013526,False,150,27000
27,7,-1,False,,,23.742915408512406,0,0,1.923652629030024,10.205205859903506,6.781553230873481,False,150,27001
28,0,1,False,,,25.912127433463798,0,0,-5.58161725437118,6.596509574530437,10.678126828901638,False,150,28000
28,0,1,False,,,25.477062262064393,0,0,-3.6327501558308413,7.7764530376561805,9.909203193487038,False,150,28001
28,0,-1,False,,,30.082526025594767,0,0,-3.4204915394510333,6.596509574530437,8.517001113981493,False,150,28000
28,0,-1,False,,,30.18760839621839,0,0,-0.22620088233281543,7.7764530376561805,6.502653919988995,False,150,28001
28,1,1,False,,,24.932918457631434,0,0,-2.599506819289622,6.596509574530437,7.696016393820079,False,150,28000
28,1,1,False,,,25.656178690463836,0,0,-3.92142043240276,7.7764530376561805,10.197873470058958,False,150,28001
28,1,-1,False,,,32.5648036515535,0,0,-1.2402935005315023,6.596509574530437,6.336803075061951,False,150,28000
28,1,-1,False,,,30.161338676045347,0,0,1.911109222918797,7.7764530376561805,4.365343814737383,False,150,28001
28,2,1,False,,,31.531172997110833,0,0,-3.4592971832535744,6.596509574530437,8.55580675778403,False,150,28000
28,2,1,False,,,30.641268669828438,0,0,-8.026890159185061,7.7764530376561805,14.303343196841258,False,150,28001
28,2,-1,False,,,29.129668706187935,0,0,-3.5950183375705045,6.596509574530437,8.691527912100964,False,150,28000
28,2,-1,False,,,30.882343718593972,0,0,-0.06980359160915325,7.7764530376561805,6.346256629265336,False,150,28001
28,3,1,False,,,31.551409006642125,0,0,-3.1542821097688334,6.596509574530437,8.25079168429929,False,150,28000
28,3,1,False,,,33.75391664943029,0,0,-3.338791183546351,7.7764530376561805,9.615244221202552,False,150,28001
28,3,-1,False,,,26.051448474580322,0,0,-1.753824069005206,6.596509574530437,6.850333643535642,False,150,28000
28,3,-1,False,,,23.081878717640734,0,0,-1.6879697333141443,7.7764530376561805,7.964422770970326,False,150,28001
28,4,1,False,,,27.951316099061366,0,0,-3.9860496538515333,6.596509574530437,9.082559228381992,False,150,28000
28,4,1,False,,,30.344978979876966,0,0,-5.990582061406338,7.7764530376561805,12.267035099062541,False,150,28001
28,4,-1,False,,,27.323459145458706,0,0,-1.5712814534922048,6.596509574530437,6.6677910280226405,False,150,28000
28,4,-1,False,,,27.4437963586802,0,0,-1.058876250627911,7.7764530376561805,7.335329288284091,False,150,28001
28,5,1,False,,,26.771518141137157,0,0,-2.969176540895904,6.596509574530437,8.06568611542636,False,150,28000
28,5,1,False,,,28.77152442149018,0,0,-2.151930762537825,7.7764530376561805,8.428383800194009,False,150,28001
28,5,-1,False,,,34.56304244178115,0,0,-0.28998680916763164,6.596509574530437,5.386496383698073,False,150,28000
28,5,-1,False,,,34.523375664534974,0,0,4.506670896412152,7.7764530376561805,1.769782141244033,False,150,28001
28,6,1,False,,,29.73053374596436,0,0,-1.172193482079392,6.596509574530437,6.268703056609827,False,150,28000
28,6,1,False,,,26.177006478309565,0,0,-0.5193867164705791,7.7764530376561805,6.795839754126758,False,150,28001
28,6,-1,False,,,28.828687040752524,0,0,-0.061572666802554646,6.596509574530437,5.158082241332998,False,150,28000
28,6,-1,False,,,37.90484303020012,0,0,-11.523226689402554,7.7764530376561805,17.799679727058752,False,150,28001
28,7,1,False,,,26.447944236598364,0,0,-1.0243123620623564,6.596509574530437,6.120821936592792,False,150,28000
28,7,1,False,,,26.360777311736456,0,0,-1.8234943663763847,7.7764530376561805,8.099947404032578,False,150,28001
28,7,-1,False,,,28.174524069422777,0,0,-1.1521812798361406,6.596509574530437,6.248690854366598,False,150,28000
28,7,-1,False,,,29.034666874971204,0,0,-0.6436693885027787,7.7764530376561805,6.920122426158962,False,150,28001
29,0,1,False,,,25.70176335514158,0,0,-1.0163604342199843,8.823031649463335,8.339392083683338,False,150,29000
29,0,1,False,,,29.600852774335824,0,0,0.9621293236129813,8.978019710017378,6.515890386404403,False,150,29001
29,0,-1,False,,,30.718370634497756,0,0,-0.09318222076520175,8.823031649463335,7.416213870228535,False,150,29000
29,0,-1,False,,,31.485363652476806,0,0,2.1351788555499516,8.978019710017378,5.342840854467426,False,150,29001
29,1,1,False,,,31.959191218584632,0,0,-2.565915970735557,8.823031649463335,9.888947620198913,False,150,29000
29,1,1,False,,,29.93288257778719,0,0,-0.5166370399587663,8.978019710017378,7.994656749976147,False,150,29001
29,1,-1,False,,,27.322580681812994,0,0,-1.2276632656947952,8.823031649463335,8.550694915158129,False,150,29000
29,1,-1,False,,,27.84407131995198,0,0,3.7638681178883617,8.978019710017378,3.7141515921290176,False,150,29001
29,2,1,False,,,27.575805947419063,0,0,-3.2572924965485734,8.823031649463335,10.580324146011934,False,150,29000
29,2,1,False,,,28.641788040112665,0,0,0.15052099686862153,8.978019710017378,7.3274987131487705,False,150,29001
29,2,-1,False,,,27.342563621795396,0,0,-1.439665444830831,8.823031649463335,8.762697094294165,False,150,29000
29,2,-1,False,,,29.874183384559135,0,0,-0.02018508077488549,8.978019710017378,7.498204790792262,False,150,29001
29,3,1,False,,,35.040075625788255,0,0,-0.8018874389152599,8.823031649463335,8.124919088378594,False,150,29000
29,3,1,False,,,34.66520578777758,0,0,-0.9741620133604159,8.978019710017378,8.452181723377793,False,150,29001
29,3,-1,False,,,25.021817717307425,0,0,-1.7006302384277245,8.823031649463335,9.023661887891073,False,150,29000
29,3,-1,False,,,24.8718397129114,0,0,0.36514378406945935,8.978019710017378,7.112875925947917,False,150,29001
29,4,1,False,,,28.762533542260147,0,0,0.049228102583285804,8.823031649463335,7.273803546880048,False,150,29000
29,4,1,False,,,28.89718764303979,0,0,1.1030065490809795,8.978019710017378,6.3750131609363985,False,150,29001
29,4,-1,False,,,26.55447578278602,0,0,-1.7964217284500958,8.823031649463335,9.119453377913446,False,150,29000
29,4,-1,False,,,30.30580061561796,0,0,-0.6295210821957022,8.978019710017378,8.107540792213085,False,150,29001
29,5,1,False,,,33.935660696203726,0,0,-3.9594667519883764,8.823031649463335,11.282498401451724,False,150,29000
29,5,1,False,,,37.920864540335394,0,0,-0.3683443680533163,8.978019710017378,7.846364078070693,False,150,29001
29,5,-1,False,,,26.406629470617247,0,0,-3.557485131372167,8.823031649463335,10.880516780835526,False,150,29000
29,5,-1,False,,,25.936965555009095,0,0,-0.12367137733758016,8.978019710017378,7.601691087354957,False,150,29001
29,6,1,False,,,29.07349217363735,0,0,-0.612176514054876,8.823031649463335,7.93520816351821,False,150,29000
29,6,1,False,,,28.758753146088196,0,0,3.0805073098527496,8.978019710017378,4.397512400164644,False,150,29001
29,6,-1,False,,,31.621794862316932,0,0,-0.6628349128446,8.823031649463335,7.985866562307954,False,150,29000
29,6,-1,False,,,32.64207937969859,0,0,-3.182004259343951,8.978019710017378,10.66002396936134,False,150,29001
29,7,1,False,,,30.73265500340608,0,0,-3.8058604555515965,8.823031649463335,11.128892105014955,False,150,29000
29,7,1,False,,,26.30079645353598,0,0,1.4996848248569967,8.978019710017378,5.97833488516038,False,150,29001
29,7,-1,False,,,29.530374332569007,0,0,0.1528985884069881,8.823031649463335,7.1701330610563545,False,150,29000
29,7,-1,False,,,33.94013800891199,0,0,-3.4628137844379516,8.978019710017378,10.94083349445535,False,150,29001
30,0,1,False,,,26.06098991186972,0,0,0.8185644971793962,8.882241559148271,6.563677061968874,False,150,30000
30,0,1,False,,,31.586430647512714,0,0,-3.4860766085729296,8.880110786370984,10.866187394943932,False,150,30001
30,0,-1,False,,,26.6606610554738,0,0,0.9764232087741498,8.882241559148271,6.405818350374123,False,150,30000
30,0,-1,False,,,27.40602017127581,0,0,-2.3290465998891765,8.880110786370984,9.709157386260172,False,150,30001
30,1,1,False,,,26.91035453980407,0,0,-0.06765372950613377,8.882241559148271,7.449895288654404,False,150,30000
30,1,1,False,,,26.65238050440002,0,0,-0.9932194500568658,8.880110786370984,8.373330236427849,False,150,30001
30,1,-1,False,,,27.67425498877225,0,0,1.467851196976023,8.882241559148271,5.9143903621722504,False,150,30000
30,1,-1,False,,,26.898949568237907,0,0,-2.5145435206401965,8.880110786370984,9.894654307011185,False,150,30001
30,2,1,False,,,24.937658562625163,0,0,1.365372117345412,8.882241559148271,6.016869441802867,False,150,30000
30,2,1,False,,,29.293038360844378,0,0,-2.0540068482472402,8.880110786370984,9.434117634618227,False,150,30001
30,2,-1,False,,,29.083272396826896,0,0,-0.560540611870959,8.882241559148271,7.942782171019229,False,150,30000
30,2,-1,False,,,30.945627064044473,0,0,-0.24552980560621718,8.880110786370984,7.6256405919772,False,150,30001
30,3,1,False,,,26.878769719424337,0,0,-0.7954326475164964,8.882241559148271,8.177674206664767,False,150,30000
30,3,1,False,,,24.744454559573327,0,0,3.2872442305305336,8.880110786370984,4.092866555840459,False,150,30001
30,3,-1,False,,,27.818823038193603,0,0,-0.28157307909204154,8.882241559148271,7.663814638240316,False,150,30000
30,3,-1,False,,,33.386852421530335,0,0,-0.5871280791001663,8.880110786370984,7.967238865471165,False,150,30001
30,4,1,False,,,33.59145349475341,0,0,-1.2006971298387592,8.882241559148271,8.582938688987035,False,150,30000
30,4,1,False,,,32.662667049555104,0,0,-0.5709842541423169,8.880110786370984,7.951095040513301,False,150,30001
30,4,-1,False,,,24.51945674271452,0,0,2.360896603263444,8.882241559148271,5.021344955884834,False,150,30000
30,4,-1,False,,,26.284313901832974,0,0,-0.010069110220311782,8.880110786370984,7.390179896591295,False,150,30001
30,5,1,True,96,1.92,19.157475386109024,0,0,17.12659044696438,8.882241559148271,0.7956511121838947,False,96,30000
30,5,1,False,,,31.15996218722929,0,0,-6.821988364989742,8.880110786370984,14.202099151360747,False,150,30001
30,5,-1,False,,,29.417371877481223,0,0,-2.1102080323143726,8.882241559148271,9.492449591462643,False,150,30000
30,5,-1,False,,,28.49042675469742,0,0,2.943092180426892,8.880110786370984,4.437018605944094,False,150,30001
30,6,1,False,,,30.98841056686044,0,0,-2.3583112800055117,8.882241559148271,9.740552839153784,False,150,30000
30,6,1,False,,,30.534861154643135,0,0,-3.8721645912850793,8.880110786370984,11.252275377656083,False,150,30001
30,6,-1,False,,,27.26161513325704,0,0,3.163613055240255,8.882241559148271,4.218628503908021,False,150,30000
30,6,-1,False,,,28.502922374452133,0,0,-0.7441523892616959,8.880110786370984,8.124263175632679,False,150,30001
30,7,1,False,,,29.72617379695373,0,0,-0.15877717940860703,8.882241559148271,7.541018738556877,False,150,30000
30,7,1,False,,,25.702172052346533,0,0,-2.1287812926898817,8.880110786370984,9.508892079060866,False,150,30001
30,7,-1,False,,,30.358852386185074,0,0,0.6438282588249347,8.882241559148271,6.738413300323336,False,150,30000
30,7,-1,False,,,31.015030388772928,0,0,-1.5237540951670598,8.880110786370984,8.903864881538043,False,150,30001
31,0,1,False,,,26.238792115409474,0,0,3.65186318518597,7.194006919170754,2.0421437339847963,False,150,31000
31,0,1,False,,,27.462356157098995,0,0,3.7049139591558005,7.695320190053505,2.4904062308977086,False,150,31001
31,0,-1,False,,,33.343542603656644,0,0,-3.845911317938352,7.194006919170754,9.539918237109115,False,150,31000
31,0,-1,False,,,32.5526486786733,0,0,-0.9589425258412594,7.695320190053505,7.154262715894763,False,150,31001
31,1,1,False,,,27.874300201672757,0,0,0.45561374557004974,7.194006919170754,5.238393173600703,False,150,31000
31,1,1,False,,,33.49036201128086,0,0,-1.8839456165044113,7.695320190053505,8.079265806557915,False,150,31001
31,1,-1,False,,,28.607139523015903,0,0,3.4836833879860953,7.194006919170754,2.2103235311846694,False,150,31000
31,1,-1,False,,,28.652737061064265,0,0,2.2979424453580872,7.695320190053505,3.897377744695434,False,150,31001
31,2,1,True,97,1.94,22.16452057174985,0,0,15.263791749369132,7.194006919170754,0.9602151698016276,False,97,31000
31,2,1,True,83,1.6600000000000001,18.311221377426264,0,0,15.925333121438152,7.695320190053505,0.9399870686153541,False,83,31001
31,2,-1,True,72,1.44,14.647332328904291,0,0,15.476614365224291,7.194006919170754,0.9973925539464666,False,72,31000
31,2,-1,False,,,31.91982815269342,0,0,-2.0016363790540344,7.695320190053505,8.196956569107538,False,150,31001
31,3,1,False,,,30.16984091512107,0,0,2.5308853587379607,7.194006919170754,3.1631215604327996,False,150,31000
31,3,1,False,,,29.308491816707054,0,0,1.6031154860156616,7.695320190053505,4.592204704037849,False,150,31001
31,3,-1,False,,,26.918715618185836,0,0,-0.32930643833050377,7.194006919170754,6.023313357501276,False,150,31000
31,3,-1,False,,,23.972224984255686,0,0,1.825674466985832,7.695320190053505,4.369645723067676,False,150,31001
31,4,1,False,,,31.149541229621782,0,0,1.2294600449516477,7.194006919170754,4.464546874219105,False,150,31000
31,4,1,False,,,30.55082813846032,0,0,1.6784196943487792,7.695320190053505,4.516900495704727,False,150,31001
31,4,-1,False,,,28.313847052440018,0,0,0.9804314837105754,7.194006919170754,4.713575435460177,False,150,31000
31,4,-1,False,,,26.64430034651832,0,0,1.6418953410465924,7.695320190053505,4.553424849006912,False,150,31001
31,5,1,False,,,29.978867904923433,0,0,2.7376295313614594,7.194006919170754,2.956377387809297,False,150,31000
31,5,1,False,,,26.16182337190605,0,0,4.4608966782036,7.695320190053505,1.7344235118499052,False,150,31001
31,5,-1,False,,,28.218595182720065,0,0,1.9031214592382084,7.194006919170754,3.790885459932544,False,150,31000
31,5,-1,False,,,29.06243154718089,0,0,1.6136711346172998,7.695320190053505,4.581649055436208,False,150,31001
31,6,1,False,,,29.412163242874957,0,0,-1.5232028743049981,7.194006919170754,7.21720979347575,False,150,31000
31,6,1,False,,,26.798213238608838,0,0,1.5166029065921638,7.695320190053505,4.67871728346134,False,150,31001
31,6,-1,False,,,31.271325111485474,0,0,2.9460194052432094,7.194006919170754,2.7479875139275456,False,150,31000
31,6,-1,False,,,30.71498556330631,0,0,0.5685301278355133,7.695320190053505,5.6267900622179905,False,150,31001
31,7,1,False,,,30.35567604161899,0,0,-0.9739678605699016,7.194006919170754,6.667974779740666,False,150,31000
31,7,1,False,,,30.0974751603204,0,0,-1.8081791894936912,7.695320190053505,8.0034993795472,False,150,31001
31,7,-1,False,,,30.1786292400902,0,0,3.6014834942079212,7.194006919170754,2.0925234249628417,False,150,31000
31,7,-1,False,,,28.94686538795041,0,0,-0.6068661761564405,7.695320190053505,6.802186366209945,False,150,31001
32,0,1,False,,,30.874627976571894,0,0,-0.6165713738393588,9.06420454434389,8.180775918183256,False,150,32000
32,0,1,False,,,25.825547519100347,0,0,0.7863400150044635,7.093987868108297,4.807647853103838,False,150,32001
32,0,-1,False,,,31.172209892180284,0,0,-1.2527487371619197,9.06420454434389,8.81695328150581,False,150,32000
32,0,-1,False,,,31.186588677133415,0,0,-1.2163693309343266,7.093987868108297,6.810357199042623,False,150,32001
32,1,1,False,,,29.106302983727133,0,0,-1.3439148948920974,9.06420454434389,8.908119439235989,False,150,32000
32,1,1,False,,,25.101590540980702,0,0,0.04912551252447229,7.093987868108297,5.5448623555838275,False,150,32001
32,1,-1,False,,,29.93372796974795,0,0,0.7241484021495768,9.06420454434389,6.840056142194311,False,150,32000
32,1,-1,False,,,31.65560300364221,0,0,0.3103691417005664,7.093987868108297,5.283618726407729,False,150,32001
32,2,1,False,,,32.40760855963324,0,0,-3.244661739663509,9.06420454434389,10.808866284007417,False,150,32000
32,2,1,False,,,28.029972441900345,0,0,-0.43912902110188456,7.093987868108297,6.03311688921018,False,150,32001
32,2,-1,False,,,31.047911469680717,0,0,3.1021617727044504,9.06420454434389,4.462042771639462,False,150,32000
32,2,-1,False,,,24.788411220016503,0,0,3.23581009748305,7.093987868108297,2.358177770625252,False,150,32001
32,3,1,False,,,27.416502471813942,0,0,-1.0725313231524722,9.06420454434389,8.63673586749636,False,150,32000
32,3,1,False,,,28.851825378657576,0,0,-2.688250254869504,7.093987868108297,8.282238122977805,False,150,32001
32,3,-1,True,41,0.8200000000000001,10.782457943167852,0,0,17.773327786779827,9.06420454434389,0.8808767575640621,False,41,32000
32,3,-1,True,89,1.78,21.530587938859234,0,0,15.330987217588508,7.093987868108297,0.8730006505197879,False,89,32001
32,4,1,False,,,35.820412933662894,0,0,4.331887847527584,9.06420454434389,3.2323166968163184,False,150,32000
32,4,1,False,,,28.756024405842883,0,0,1.8809713657885343,7.093987868108297,3.7130165023197614,False,150,32001
32,4,-1,False,,,28.803696557243132,0,0,-10.070501855083329,9.06420454434389,17.634706399427245,False,150,32000
32,4,-1,False,,,31.21874984651501,0,0,-7.019237094321998,7.093987868108297,12.613224962430312,False,150,32001
32,5,1,False,,,29.634213135311835,0,0,-5.378917856999067,9.06420454434389,12.943122401342974,False,150,32000
32,5,1,False,,,26.687605137455137,0,0,-1.4556939198741463,7.093987868108297,7.049681787982444,False,150,32001
32,5,-1,False,,,32.66724705217599,0,0,0.37309958093101736,9.06420454434389,7.1911049634128705,False,150,32000
32,5,-1,False,,,28.16873687539448,0,0,-1.5745830262313636,7.093987868108297,7.168570894339659,False,150,32001
32,6,1,False,,,34.13483791355634,0,0,-1.2967053490190448,9.06420454434389,8.860909893362935,False,150,32000
32,6,1,False,,,31.83833933647983,0,0,-0.2093968612415691,7.093987868108297,5.803384729349865,False,150,32001
32,6,-1,False,,,26.456466654641886,0,0,-0.37977189843369097,9.06420454434389,7.943976442777579,False,150,32000
32,6,-1,False,,,24.815155691045327,0,0,0.17501159562271068,7.093987868108297,5.418976272485585,False,150,32001
32,7,1,False,,,24.444851850228126,0,0,0.7826601767894824,9.06420454434389,6.781544367554406,False,150,32000
32,7,1,False,,,21.21280889244173,0,0,1.1938215447236782,7.093987868108297,4.400166323384617,False,150,32001
32,7,-1,False,,,39.945511063422536,0,0,1.78117699048435,9.06420454434389,5.783027553859547,False,150,32000
32,7,-1,False,,,37.794517250186956,0,0,-1.1561900510727443,7.093987868108297,6.750177919181044,False,150,32001
33,0,1,False,,,30.557760316139603,0,0,-0.7090825593887673,7.763008706410336,6.972091265799102,False,150,33000
33,0,1,False,,,27.087949280070475,0,0,-1.133858243543789,6.681851709729574,6.315709953273362,False,150,33001
33,0,-1,False,,,27.49310923596743,0,0,2.3261777631413714,7.763008706410336,3.9368309432689683,False,150,33000
33,0,-1,False,,,32.64155056214817,0,0,1.8090404233589508,6.681851709729574,3.372811286370622,False,150,33001
33,1,1,False,,,38.677008304036164,0,0,-1.3215712817300393,7.763008706410336,7.584579988140374,False,150,33000
33,1,1,False,,,34.55930230351857,0,0,0.9753776767514957,6.681851709729574,4.206474032978091,False,150,33001
33,1,-1,True,143,2.86,23.637176598942492,0,0,15.456449912954486,7.763008706410336,0.8765587934558537,False,143,33000
33,1,-1,False,,,23.543497777219063,0,0,3.049377825472585,6.681851709729574,2.13247388425699,False,150,33001
33,2,1,False,,,30.863594040054487,0,0,1.2091806498809017,7.763008706410336,5.053828056529433,False,150,33000
33,2,1,False,,,34.3795455549473,0,0,1.1033011331005231,6.681851709729574,4.078550576629049,False,150,33001
33,2,-1,False,,,26.857865069971812,0,0,-0.7149675563764952,7.763008706410336,6.97797626278683,False,150,33000
33,2,-1,False,,,26.178085212730227,0,0,-2.7423381369442508,6.681851709729574,7.924189846673834,False,150,33001
33,3,1,False,,,29.084072863968416,0,0,2.293363246062343,7.763008706410336,3.9696454603479925,False,150,33000
33,3,1,False,,,31.459472086684173,0,0,0.14594507986937452,6.681851709729574,5.035906629860198,False,150,33001
33,3,-1,False,,,27.59286435064393,0,0,-1.969573738237487,7.763008706410336,8.23258244464783,False,150,33000
33,3,-1,False,,,29.884667279292213,0,0,-3.0486002338739038,6.681851709729574,8.2304519436035,False,150,33001
33,4,1,False,,,33.747420634562104,0,0,-0.8335737744123617,7.763008706410336,7.0965824808227,False,150,33000
33,4,1,False,,,34.331294907064716,0,0,-1.8847007979335406,6.681851709729574,7.066552507663117,False,150,33001
33,4,-1,False,,,27.337229664671458,0,0,2.435630598017879,7.763008706410336,3.8273781083924567,False,150,33000
33,4,-1,False,,,24.925515581281154,0,0,0.6873709093580318,6.681851709729574,4.494480800371541,False,150,33001
33,5,1,False,,,26.14570356336381,0,0,2.2060373454101674,7.763008706410336,4.056971361000168,False,150,33000
33,5,1,False,,,23.986709288629097,0,0,-1.3952377360869053,6.681851709729574,6.577089445816478,False,150,33001
33,5,-1,False,,,27.966683668312022,0,0,-0.5753070375719296,7.763008706410336,6.838315743982264,False,150,33000
33,5,-1,False,,,38.19860105075043,0,0,1.300392872254838,6.681851709729574,3.8814588374747383,False,150,33001
33,6,1,False,,,22.192762853360588,0,0,0.08272543826452994,7.763008706410336,6.18028326814582,False,150,33000
33,6,1,False,,,25.98283371760576,0,0,-4.26983150358371,6.681851709729574,9.4516832133133,False,150,33001
33,6,-1,False,,,27.33645123504275,0,0,4.1990984909680735,7.763008706410336,2.06391021544227,False,150,33000
33,6,-1,False,,,30.635947043674125,0,0,0.8290568293704836,6.681851709729574,4.352794880359089,False,150,33001
33,7,1,False,,,29.820669099024546,0,0,-2.6046238661233394,7.763008706410336,8.867632572533694,False,150,33000
33,7,1,False,,,33.6382023338381,0,0,-0.8851904439746352,6.681851709729574,6.067042153704209,False,150,33001
33,7,-1,False,,,27.254531906597634,0,0,4.4291248190100365,7.763008706410336,1.8338838874003038,False,150,33000
33,7,-1,False,,,26.490051370624446,0,0,1.755443253968662,6.681851709729574,3.4264084557609107,False,150,33001
34,0,1,False,,,30.135052819063283,0,0,-0.5974029632994421,9.904737609791837,9.002140573091278,False,150,34000
34,0,1,False,,,28.454969647504544,0,0,0.9127424824750308,7.35806277161038,4.945320289135348,False,150,34001
34,0,-1,False,,,27.92724448706363,0,0,1.6680271885785136,9.904737609791837,6.736710421213322,False,150,34000
34,0,-1,False,,,31.42375787909705,0,0,1.6013278387517533,7.35806277161038,4.256734932858626,False,150,34001
34,1,1,False,,,29.926461669093875,0,0,-0.986421314535874,9.904737609791837,9.39115892432771,False,150,34000
34,1,1,False,,,30.402147009116266,0,0,3.605976143356877,7.35806277161038,2.2520866282535077,False,150,34001
34,1,-1,False,,,25.810392040519687,0,0,1.9391401614236816,9.904737609791837,6.465597448368155,False,150,34000
34,1,-1,False,,,28.62820609025925,0,0,-1.992903941548416,7.35806277161038,7.8509667131587975,False,150,34001
34,2,1,False,,,32.30618734319818,0,0,2.123188523116069,9.904737609791837,6.281549086675778,False,150,34000
34,2,1,True,141,2.82,27.028470971272267,0,0,15.019154205507991,7.35806277161038,0.9289085661023936,False,141,34001
34,2,-1,False,,,31.82995007200661,0,0,1.6133033808821897,9.904737609791837,6.7914342289096465,False,150,34000
34,2,-1,False,,,32.862445836516706,0,0,0.21653367313018146,7.35806277161038,5.641529098480198,False,150,34001
34,3,1,False,,,30.354521535278206,0,0,-1.6547097941069455,9.904737609791837,10.059447403898782,False,150,34000
34,3,1,False,,,27.884103663888016,0,0,1.585942117071284,7.35806277161038,4.272120654539095,False,150,34001
34,3,-1,False,,,28.873050828654993,0,0,0.1718373315674424,9.904737609791837,8.232900278224397,False,150,34000
34,3,-1,False,,,28.800053202384362,0,0,-1.8872700370451851,7.35806277161038,7.745332808655564,False,150,34001
34,4,1,False,,,29.218891242354328,0,0,-2.590475927261675,9.904737609791837,10.995213537053516,False,150,34000
34,4,1,False,,,25.222885671175625,0,0,0.415609197086138,7.35806277161038,5.442453574524241,False,150,34001
34,4,-1,False,,,33.06815374819839,0,0,1.592176999753647,9.904737609791837,6.812560610038198,False,150,34000
34,4,-1,False,,,31.8702761671735,0,0,1.1151163287705486,7.35806277161038,4.7429464428398305,False,150,34001
34,5,1,False,,,34.29101720329805,0,0,3.676905890790673,9.904737609791837,4.7278317190011885,False,150,34000
34,5,1,False,,,27.441539881833002,0,0,4.747339406792786,7.35806277161038,1.110723364817597,False,150,34001
34,5,-1,False,,,33.37567993010834,0,0,-1.9117726843219434,9.904737609791837,10.31651029411378,False,150,34000
34,5,-1,False,,,30.176100343896703,0,0,0.15525692765621946,7.35806277161038,5.70280584395416,False,150,34001
34,6,1,False,,,33.307168458784474,0,0,0.33137135016277997,9.904737609791837,8.073366259629056,False,150,34000
34,6,1,False,,,31.519814767257632,0,0,0.8984117469577855,7.35806277161038,4.959651024652594,False,150,34001
34,6,-1,False,,,27.42862978676787,0,0,-2.913678480494747,9.904737609791837,11.318416090286592,False,150,34000
34,6,-1,False,,,27.067485137516414,0,0,0.0330589229190979,7.35806277161038,5.825003848691281,False,150,34001
34,7,1,False,,,28.668509078223636,0,0,2.309149442215027,9.904737609791837,6.095588167576827,False,150,34000
34,7,1,False,,,29.521687600896406,0,0,1.8385774934384582,7.35806277161038,4.019485278171922,False,150,34001
34,7,-1,False,,,37.22855840231809,0,0,-7.55275906447526,9.904737609791837,15.957496674267109,False,150,34000
34,7,-1,False,,,33.05381648111739,0,0,1.4109155665278508,7.35806277161038,4.447147205082528,False,150,34001
35,0,1,False,,,28.103752637139284,0,0,2.4253394574518725,6.73559117718944,2.81025171973757,False,150,35000
35,0,1,True,115,2.3000000000000003,20.35485726617582,0,0,14.744270030493206,6.86556864923925,0.9712986187460526,False,115,35001
35,0,-1,True,136,2.72,25.164766574852962,0,0,14.395347428468089,6.73559117718944,0.9802437487213548,False,136,35000
35,0,-1,True,87,1.74,16.39082953081248,0,0,15.176218241911734,6.86556864923925,0.8193504073275222,False,87,35001
35,1,1,False,,,31.026462560822615,0,0,-0.032152985892956114,6.73559117718944,5.267744163082395,False,150,35000
35,1,1,False,,,32.779447364299585,0,0,2.889428377270508,6.86556864923925,2.4761402719687493,False,150,35001
35,1,-1,False,,,31.317981039937,0,0,-0.14658640135110285,6.73559117718944,5.382177578540542,False,150,35000
35,1,-1,True,44,0.88,10.871081799960987,0,0,15.538560627919804,6.86556864923925,0.8870080213194473,False,44,35001
35,2,1,False,,,30.758605124357498,0,0,0.7943359010855713,6.73559117718944,4.441255276103871,False,150,35000
35,2,1,False,,,29.956124693799065,0,0,1.303626606779238,6.86556864923925,4.061942042460015,False,150,35001
35,2,-1,False,,,29.217292978411255,0,0,2.5777051421197665,6.73559117718944,2.6578860350696787,False,150,35000
35,2,-1,False,,,30.17875542673466,0,0,3.0233081001921125,6.86556864923925,2.3422605490471464,False,150,35001
35,3,1,False,,,29.20673202728792,0,0,1.0164704830331641,6.73559117718944,4.219120694156275,False,150,35000
35,3,1,True,48,0.96,11.74751085765035,0,0,15.579117981527446,6.86556864923925,0.8064506677118028,False,48,35001
35,3,-1,False,,,36.81605085139557,0,0,-2.6807687344187716,6.73559117718944,7.916359911608217,False,150,35000
35,3,-1,False,,,31.753358988499798,0,0,2.1219310354752645,6.86556864923925,3.243637613763993,False,150,35001
35,4,1,False,,,36.18394979481832,0,0,-1.7961330893632905,6.73559117718944,7.0317242665527315,False,150,35000
35,4,1,False,,,37.667380520937094,0,0,-2.2490228005549087,6.86556864923925,7.614591449794159,False,150,35001
35,4,-1,False,,,23.03786422504731,0,0,1.7331787698442973,6.73559117718944,3.502412407345142,False,150,35000
35,4,-1,True,55,1.1,10.683509228839862,0,0,15.363808621655352,6.86556864923925,0.9517600275839017,False,55,35001
35,5,1,False,,,34.27604937157027,0,0,0.9068242896607273,6.73559117718944,4.328766887528712,False,150,35000
35,5,1,True,150,3.0,31.321607766401158,0,0,14.385238164396126,6.86556864923925,0.9803304848431244,False,150,35001
35,5,-1,True,143,2.86,25.39275184862242,0,0,14.468725582690801,6.73559117718944,0.8368655944986445,False,143,35000
35,5,-1,True,46,0.92,10.932148942153908,0,0,15.475215104601334,6.86556864923925,0.9303535446379191,False,46,35001
35,6,1,False,,,34.90883543440975,0,0,1.926982853861438,6.73559117718944,3.3086083233280013,False,150,35000
35,6,1,True,129,2.58,26.041781882164056,0,0,14.626846042972167,6.86556864923925,0.9487226062670892,False,129,35001
35,6,-1,False,,,27.044370885670165,0,0,3.1005318650045046,6.73559117718944,2.135059312184944,False,150,35000
35,6,-1,True,63,1.26,13.430416910269269,0,0,15.341870328283274,6.86556864923925,0.8936983209559799,False,63,35001
35,7,1,False,,,29.334341777253723,0,0,3.4126935201915534,6.73559117718944,1.8228976569978907,False,150,35000
35,7,1,True,137,2.74,27.546579501022322,0,0,14.534635255958724,6.86556864923925,0.9609333932805363,False,137,35001
35,7,-1,False,,,27.891700919226516,0,0,1.511475362901989,6.73559117718944,3.72411581428745,False,150,35000
35,7,-1,False,,,27.170855936306445,0,0,2.905938603683688,6.86556864923925,2.4596300455555697,False,150,35001
36,0,1,False,,,28.269292630038937,0,0,4.792884462334622,8.43488609831338,2.1420016359787613,False,150,36000
36,0,1,False,,,29.791072542773634,0,0,-3.41917945274845,7.234567502793486,9.153746955541944,False,150,36001
36,0,-1,False,,,29.38098007065439,0,0,2.8168661225074763,8.43488609831338,4.118019975805905,False,150,36000
36,0,-1,False,,,32.41786325719802,0,0,0.8558077686238732,7.234567502793486,4.878759734169612,False,150,36001
36,1,1,False,,,27.323453350315653,0,0,2.191732684247423,8.43488609831338,4.743153414065957,False,150,36000
36,1,1,False,,,32.44002045615809,0,0,-4.234176497465096,7.234567502793486,9.968744000258592,False,150,36001
36,1,-1,False,,,28.87161971421625,0,0,4.774973439351447,8.43488609831338,2.159912658961936,False,150,36000
36,1,-1,False,,,30.093786623217177,0,0,2.0432915110068564,7.234567502793486,3.6912759917866294,False,150,36001
36,2,1,False,,,32.8066181389215,0,0,-0.1372930253607012,8.43488609831338,7.072179123674079,False,150,36000
36,2,1,False,,,26.636116415726992,0,0,2.2748285328475393,7.234567502793486,3.4597389699459513,False,150,36001
36,2,-1,False,,,29.927007005550877,0,0,2.8309520270501274,8.43488609831338,4.103934071263255,False,150,36000
36,2,-1,False,,,29.639705031008347,0,0,-1.8384381602668367,7.234567502793486,7.5730056630603215,False,150,36001
36,3,1,False,,,28.999893598273516,0,0,2.3938005614197415,8.43488609831338,4.54108553689364,False,150,36000
36,3,1,False,,,29.96563843763957,0,0,-5.331085043694137,7.234567502793486,11.065652546487636,False,150,36001
36,3,-1,False,,,29.357204104072633,0,0,1.4490949446703367,8.43488609831338,5.485791153643041,False,150,36000
36,3,-1,False,,,27.69602998928259,0,0,-1.8788304401004918,7.234567502793486,7.613397942893977,False,150,36001
36,4,1,False,,,29.46211209255491,0,0,5.154450173105742,8.43488609831338,1.7804359252076358,False,150,36000
36,4,1,False,,,30.25458162967944,0,0,-2.410746719391483,7.234567502793486,8.14531422218497,False,150,36001
36,4,-1,False,,,28.579166516960274,0,0,3.415074086424677,8.43488609831338,3.5198120118887077,False,150,36000
36,4,-1,False,,,26.36247504818447,0,0,2.3621498437677033,7.234567502793486,3.37241765902579,False,150,36001
36,5,1,True,136,2.72,26.786719445675097,0,0,16.07783670861293,8.43488609831338,0.9970493897004572,False,136,36000
36,5,1,False,,,29.665166461696863,0,0,-4.222728283329447,7.234567502793486,9.957295786122948,False,150,36001
36,5,-1,False,,,28.864135123834743,0,0,2.1400345034109565,8.43488609831338,4.794851594902424,False,150,36000
36,5,-1,False,,,30.03697022454139,0,0,0.08396851844672398,7.234567502793486,5.650598984346761,False,150,36001
36,6,1,False,,,32.068985933865655,0,0,2.8050555685077283,8.43488609831338,4.1298305298056555,False,150,36000
36,6,1,False,,,38.50095487384092,0,0,-13.881386809491175,7.234567502793486,19.615954312284682,False,150,36001
36,6,-1,False,,,33.610364951909446,0,0,0.49770418344451395,8.43488609831338,6.437181914868864,False,150,36000
36,6,-1,False,,,32.22137918572684,0,0,1.5726960927189761,7.234567502793486,4.16187141007451,False,150,36001
36,7,1,False,,,28.90604877913129,0,0,3.863093176933428,8.43488609831338,3.071792921379956,False,150,36000
36,7,1,False,,,30.86218524493451,0,0,-1.5914250255168594,7.234567502793486,7.325992528310344,False,150,36001
36,7,-1,False,,,29.7563214634362,0,0,0.11444645321843062,8.43488609831338,6.820439645094948,False,150,36000
36,7,-1,False,,,29.927948258753567,0,0,0.46082165440138123,7.234567502793486,5.273745848392106,False,150,36001
37,0,1,False,,,30.814543528643416,0,0,-1.238384255611844,8.316984517481307,8.05536877309315,False,150,37000
37,0,1,False,,,35.00449593218714,0,0,-1.1704407799473606,9.513552079740462,9.183992859687823,False,150,37001
37,0,-1,False,,,28.558428184281475,0,0,0.6749189587766415,8.316984517481307,6.142065558704664,False,150,37000
37,0,-1,False,,,29.658554195425143,0,0,-1.4262293495688116,9.513552079740462,9.439781429309273,False,150,37001
37,1,1,False,,,31.693243254400628,0,0,-5.874031531813526,8.316984517481307,12.691016049294843,False,150,37000
37,1,1,False,,,37.50120325376725,0,0,-9.49549813060147,9.513552079740462,17.509050210341947,False,150,37001
37,1,-1,False,,,32.26737165600291,0,0,3.257789988144194,8.316984517481307,3.5591945293371268,False,150,37000
37,1,-1,False,,,30.839829924270955,0,0,1.8575731000305675,9.513552079740462,6.155978979709894,False,150,37001
37,2,1,False,,,23.346633780972425,0,0,2.796479624980722,8.316984517481307,4.020504892500594,False,150,37000
37,2,1,False,,,23.909532036016387,0,0,3.5952273141668583,9.513552079740462,4.418324765573612,False,150,37001
37,2,-1,False,,,50.030009716737894,0,0,-19.379248115523172,8.316984517481307,26.19623263300447,False,150,37000
37,2,-1,False,,,50.694562984765234,0,0,-19.07049655709887,9.513552079740462,27.08404863683932,False,150,37001
37,3,1,False,,,29.20472325793761,0,0,1.9915446294799197,8.316984517481307,4.825439888001393,False,150,37000
37,3,1,False,,,31.85005428634065,0,0,-1.1535230802169383,9.513552079740462,9.167075159957399,False,150,37001
37,3,-1,False,,,30.12774992302195,0,0,-1.7752781584251622,8.316984517481307,8.592262675906468,False,150,37000
37,3,-1,False,,,35.26913747350326,0,0,-2.0983547832262155,9.513552079740462,10.111906862966684,False,150,37001
37,4,1,False,,,28.753459262665682,0,0,0.9984801407255133,8.316984517481307,5.818504376755793,False,150,37000
37,4,1,False,,,30.958330763324987,0,0,-4.944221522282031,9.513552079740462,12.957773602022506,False,150,37001
37,4,-1,False,,,30.696218499347285,0,0,4.603409539034539,8.316984517481307,2.213574978446771,False,150,37000
37,4,-1,False,,,30.307705937387627,0,0,2.0023906367852033,9.513552079740462,6.011161442955263,False,150,37001
37,5,1,False,,,30.379437198775125,0,0,1.8495066697509677,8.316984517481307,4.967477847730346,False,150,37000
37,5,1,False,,,30.934285549900995,0,0,1.742080676908825,9.513552079740462,6.271471402831636,False,150,37001
37,5,-1,False,,,35.74187468736434,0,0,-6.4908805223528,8.316984517481307,13.307865039834121,False,150,37000
37,5,-1,False,,,38.68422225140175,0,0,-8.880555291079283,9.513552079740462,16.89410737081976,False,150,37001
37,6,1,False,,,33.00004866129172,0,0,-5.2306978421522965,8.316984517481307,12.047682359633615,False,150,37000
37,6,1,False,,,39.47558490094326,0,0,-11.775830100917647,9.513552079740462,19.789382180658123,False,150,37001
37,6,-1,False,,,31.32722786875229,0,0,1.711774767899213,8.316984517481307,5.105209749582101,False,150,37000
37,6,-1,False,,,30.361228475691732,0,0,-0.10993472927119483,9.513552079740462,8.123486809011656,False,150,37001
37,7,1,False,,,32.04448664481676,0,0,1.0156308245767478,8.316984517481307,5.801353692904566,False,150,37000
37,7,1,False,,,34.27995368802776,0,0,0.3229169246420942,9.513552079740462,7.6906351550983665,False,150,37001
37,7,-1,False,,,33.851650901935635,0,0,-7.402574073854071,8.316984517481307,14.219558591335392,False,150,37000
37,7,-1,False,,,34.7433143027155,0,0,-6.648228419720447,9.513552079740462,14.661780499460923,False,150,37001
38,0,1,False,,,25.998923068226723,0,0,-0.4874567674721616,6.293696718806072,5.281153486278233,False,150,38000
38,0,1,False,,,31.545886901286515,0,0,1.1171728427699263,9.062069643284012,6.444896800514089,False,150,38001
38,0,-1,False,,,40.59788473041904,0,0,-20.03469226595037,6.293696718806072,24.828388984756426,False,150,38000
38,0,-1,False,,,37.23368957202915,0,0,-0.8446758589076332,9.062069643284012,8.406745502191658,False,150,38001
38,1,1,False,,,29.960239858815672,0,0,-3.8033909550917224,6.293696718806072,8.597087673897809,False,150,38000
38,1,1,False,,,32.42902608923715,0,0,-0.31787693495984426,9.062069643284012,7.879946578243856,False,150,38001
38,1,-1,False,,,27.949283501554625,0,0,-1.2341202256578054,6.293696718806072,6.0278169444638765,False,150,38000
38,1,-1,False,,,33.521394157188915,0,0,1.903216301195707,9.062069643284012,5.658853342088323,False,150,38001
38,2,1,False,,,28.729406510468458,0,0,-2.5291082422046998,6.293696718806072,7.322804961010778,False,150,38000
38,2,1,False,,,32.26530805530446,0,0,1.6170858049168373,9.062069643284012,5.944983838367174,False,150,38001
38,2,-1,False,,,29.185728458248892,0,0,-1.35680067491622,6.293696718806072,6.150497393722291,False,150,38000
38,2,-1,False,,,32.44925778968658,0,0,-0.3338018708142446,9.062069643284012,7.895871514098263,False,150,38001
38,3,1,False,,,31.147004456147997,0,0,2.263888478193497,6.293696718806072,2.529808240612588,False,150,38000
38,3,1,False,,,31.23615760204005,0,0,1.1534710505924166,9.062069643284012,6.408598592691599,False,150,38001
38,3,-1,False,,,32.00263869117897,0,0,-8.845039997116823,6.293696718806072,13.638736715922919,False,150,38000
38,3,-1,False,,,38.480202816833874,0,0,0.5596166832735963,9.062069643284012,7.002452960010435,False,150,38001
38,4,1,False,,,27.393961413897213,0,0,-6.030011048554348,6.293696718806072,10.823707767360437,False,150,38000
38,4,1,False,,,33.288223276613344,0,0,0.1416155746189447,9.062069643284012,7.420454068665081,False,150,38001
38,4,-1,False,,,29.759151159134706,0,0,-0.8057733042400064,6.293696718806072,5.599470023046077,False,150,38000
38,4,-1,False,,,30.35736929029281,0,0,1.5158400399639933,9.062069643284012,6.046229603320022,False,150,38001
38,5,1,False,,,37.03995599206758,0,0,-18.02921708578144,6.293696718806072,22.822913804587515,False,150,38000
38,5,1,False,,,37.247353954181506,0,0,-1.1290545442459992,9.062069643284012,8.691124187530024,False,150,38001
38,5,-1,False,,,26.87888419534035,0,0,2.1825562120394686,6.293696718806072,2.6111405067666116,False,150,38000
38,5,-1,False,,,27.756271759704923,0,0,5.030272033627239,9.062069643284012,2.5317976096567767,False,150,38001
38,6,1,False,,,28.141652915274815,0,0,-4.529944746806286,6.293696718806072,9.323641465612381,False,150,38000
38,6,1,False,,,32.78366209635576,0,0,1.0426989098255535,9.062069643284012,6.519370733458467,False,150,38001
38,6,-1,False,,,33.772622599205654,0,0,1.4875945057587938,6.293696718806072,3.3061022130472772,False,150,38000
38,6,-1,False,,,31.420208058252925,0,0,0.8474907474419897,9.062069643284012,6.714578895842025,False,150,38001
38,7,1,False,,,30.10371092906051,0,0,-4.432858849564529,6.293696718806072,9.226555568370621,False,150,38000
38,7,1,False,,,34.81290208069397,0,0,0.06370975297034101,9.062069643284012,7.49835989031368,False,150,38001
38,7,-1,False,,,30.523519786347926,0,0,-1.8764910460525341,6.293696718806072,6.670187764858606,False,150,38000
38,7,-1,False,,,29.79461635057534,0,0,2.4079282577802763,9.062069643284012,5.154141385503743,False,150,38001
39,0,1,False,,,30.297089713366102,0,0,3.3769002425022485,9.634853397378686,4.757953154876448,False,150,39000
39,0,1,False,,,31.06760525236054,0,0,1.8587974742142348,7.314700294448144,3.9559028202339084,False,150,39001
39,0,-1,False,,,31.324987288642276,0,0,4.50266687637078,9.634853397378686,3.6321865210079123,False,150,39000
39,0,-1,False,,,27.613852637388053,0,0,0.8188773555545665,7.314700294448144,4.995822938893577,False,150,39001
39,1,1,False,,,30.31997595923742,0,0,6.946612907450763,9.634853397378686,1.1882404899279302,False,150,39000
39,1,1,False,,,28.407598913786746,0,0,2.8947905229239117,7.314700294448144,2.9199097715242326,False,150,39001
39,1,-1,False,,,27.735732831445418,0,0,5.633811860012325,9.634853397378686,2.501041537366366,False,150,39000
39,1,-1,False,,,26.343236368461163,0,0,2.9504877112433117,7.314700294448144,2.8642125832048393,False,150,39001
39,2,1,False,,,62.282765808486914,0,0,-14.41393957791704,9.634853397378686,22.54879297529575,False,150,39000
39,2,1,False,,,45.66538569347843,0,0,-21.246723051868855,7.314700294448144,27.061423346316975,False,150,39001
39,2,-1,False,,,31.080151551941047,0,0,0.6405240366589662,9.634853397378686,7.49432936071972,False,150,39000
39,2,-1,False,,,30.039801348707325,0,0,1.5550021753544987,7.314700294448144,4.259698119093658,False,150,39001
39,3,1,False,,,30.411739288686178,0,0,5.743922701354563,9.634853397378686,2.3909306960241272,False,150,39000
39,3,1,False,,,28.88610572155973,0,0,1.1562894825898604,7.314700294448144,4.6584108118582845,False,150,39001
39,3,-1,False,,,28.366470094760786,0,0,4.450223400179959,9.634853397378686,3.6846299971987326,False,150,39000
39,3,-1,False,,,27.772848968458543,0,0,3.1965471159004974,7.314700294448144,2.6181531785476535,False,150,39001
39,4,1,False,,,26.616166534280378,0,0,4.703374315999771,9.634853397378686,3.4314790813789227,False,150,39000
39,4,1,False,,,30.173862165549796,0,0,2.978254378720184,7.314700294448144,2.8364459157279653,False,150,39001
39,4,-1,False,,,35.0819670927969,0,0,3.206559240984424,9.634853397378686,4.9282941563942675,False,150,39000
39,4,-1,False,,,34.988915168187525,0,0,-1.1230118595508727,7.314700294448144,6.937712153999016,False,150,39001
39,5,1,False,,,30.16835744874933,0,0,2.900811912072432,9.634853397378686,5.23404148530626,False,150,39000
39,5,1,False,,,28.159955985005446,0,0,2.5566992127512362,7.314700294448144,3.258001081696909,False,150,39001
39,5,-1,False,,,32.10574176342752,0,0,2.7069159896970056,9.634853397378686,5.427937407681681,False,150,39000
39,5,-1,False,,,29.910257487577454,0,0,1.327673093043694,7.314700294448144,4.487027201404449,False,150,39001
39,6,1,False,,,29.397604873730053,0,0,5.642677248699276,9.634853397378686,2.492176148679414,False,150,39000
39,6,1,False,,,27.310653677853352,0,0,2.427867619612368,7.314700294448144,3.386832674835782,False,150,39001
39,6,-1,False,,,31.39189236211751,0,0,4.976310861577888,9.634853397378686,3.1585425358008083,False,150,39000
39,6,-1,False,,,30.513620401939786,0,0,1.4086931288786162,7.314700294448144,4.406007165569527,False,150,39001
39,7,1,False,,,33.11568811234297,0,0,1.8645233234195802,9.634853397378686,6.270330073959105,False,150,39000
39,7,1,False,,,30.5329531166118,0,0,-1.9082557758191512,7.314700294448144,7.722956070267303,False,150,39001
39,7,-1,False,,,25.864182229798626,0,0,3.7347235995204997,9.634853397378686,4.4001297978582,False,150,39000
39,7,-1,False,,,26.700115051189773,0,0,2.710349761838121,7.314700294448144,3.1043505326100402,False,150,39001
40,0,1,False,,,26.68520035178771,0,0,-11.07501944462627,8.950210201389673,18.525229646015962,False,150,40000
40,0,1,False,,,26.563697202464823,0,0,-7.48695715059075,6.007111528687685,11.994068679278454,False,150,40001
40,0,-1,True,54,1.08,13.909932400269918,0,0,17.639514419272025,8.950210201389673,0.7706957821176502,False,54,40000
40,0,-1,False,,,40.12776451892308,0,0,0.18052280310895896,6.007111528687685,4.326588725578727,False,150,40001
40,1,1,False,,,30.09242674315966,0,0,3.319494822098423,8.950210201389673,4.130715379291269,False,150,40000
40,1,1,True,142,2.84,26.39394691789778,0,0,13.796961498915552,6.007111528687685,0.7901500297721392,False,142,40001
40,1,-1,False,,,28.678900941129218,0,0,-9.067146628429999,8.950210201389673,16.517356829819693,False,150,40000
40,1,-1,False,,,28.262707382607147,0,0,-1.2629898683866936,6.007111528687685,5.770101397074377,False,150,40001
40,2,1,False,,,30.219878222665564,0,0,1.2088882140400057,8.950210201389673,6.241321987349666,False,150,40000
40,2,1,True,125,2.5,25.26343494846518,0,0,13.981389220750495,6.007111528687685,0.7757223079371911,False,125,40001
40,2,-1,False,,,25.433736381519612,0,0,-1.8278616631910718,8.950210201389673,9.278071864580744,False,150,40000
40,2,-1,False,,,27.873885001320005,0,0,0.2779996393638269,6.007111528687685,4.229111889323857,False,150,40001
40,3,1,False,,,28.99161228439702,0,0,-2.584901799543313,8.950210201389673,10.035112000933,False,150,40000
40,3,1,True,117,2.34,24.148214928585045,0,0,13.903373131108253,6.007111528687685,0.9337383975794313,False,117,40001
40,3,-1,False,,,26.543246757221212,0,0,-1.7481922207431955,8.950210201389673,9.19840242213287,False,150,40000
40,3,-1,False,,,25.64705360250153,0,0,1.427624124879807,6.007111528687685,3.0794874038078768,False,150,40001
40,4,1,True,57,1.1400000000000001,12.671175950032488,0,0,17.399801954035993,8.950210201389673,0.9804082473536847,False,57,40000
40,4,1,False,,,32.336152521818,0,0,1.3368419447867061,6.007111528687685,3.1702695839009776,False,150,40001
40,4,-1,False,,,42.02469442611925,0,0,-17.676867684375964,8.950210201389673,25.127077885765644,False,150,40000
40,4,-1,False,,,37.03131361091489,0,0,-11.562310390512232,6.007111528687685,16.06942191919994,False,150,40001
40,5,1,False,,,31.140636538382022,0,0,1.665672618070817,8.950210201389673,5.784537583318864,False,150,40000
40,5,1,False,,,28.552795244709355,0,0,0.0969457228533039,6.007111528687685,4.41016580583438,False,150,40001
40,5,-1,False,,,28.39698970418138,0,0,-6.689225036113557,8.950210201389673,14.139435237503246,False,150,40000
40,5,-1,False,,,30.28621650506631,0,0,-1.3215740052768195,6.007111528687685,5.828685533964503,False,150,40001
40,6,1,False,,,48.922733280845364,0,0,-25.249970295729327,8.950210201389673,32.70018049711895,False,150,40000
40,6,1,False,,,39.82262950829357,0,0,-11.746027991169758,6.007111528687685,16.253139519857466,False,150,40001
40,6,-1,True,111,2.22,26.44347774338963,0,0,17.029796246236902,8.950210201389673,0.8104139551527753,False,111,40000
40,6,-1,True,115,2.3000000000000003,29.49474427831602,0,0,14.141083059510093,6.007111528687685,0.7160284691775906,False,115,40001
40,7,1,False,,,27.26174506114486,0,0,-5.058229403196937,8.950210201389673,12.508439604586624,False,150,40000
40,7,1,False,,,26.98933968460439,0,0,-2.9719834793407998,6.007111528687685,7.479095008028499,False,150,40001
40,7,-1,False,,,36.01935436619073,0,0,4.5557840154040745,8.950210201389673,2.89442618598562,False,150,40000
40,7,-1,False,,,31.585602814041845,0,0,2.4468018724873932,6.007111528687685,2.060309656200296,False,150,40001
41,0,1,False,,,30.30779274866619,0,0,0.030068075066331357,7.633645307919271,6.103577232852948,False,150,41000
41,0,1,True,20,0.4,5.752150997463026,0,0,14.567643826787508,5.61164012542917,0.8439962986416624,False,20,41001
41,0,-1,False,,,53.86643053918764,0,0,-4.334967506675099,7.633645307919271,10.468612814594374,False,150,41000
41,0,-1,False,,,41.23900400097723,0,0,-21.593254550111496,5.61164012542917,25.704894675540643,False,150,41001
41,1,1,True,120,2.4,22.6897372478043,0,0,15.49452396380358,7.633645307919271,0.9391213441156965,False,120,41000
41,1,1,False,,,27.80718471204008,0,0,2.005015743160496,5.61164012542917,2.1066243822686728,False,150,41001
41,1,-1,True,145,2.9,26.550124406806184,0,0,15.316967099001115,7.633645307919271,0.8666782089181628,False,145,41000
41,1,-1,True,106,2.12,20.76989656297565,0,0,13.642205268225721,5.61164012542917,0.9094348572034501,False,106,41001
41,2,1,False,,,27.32125173673136,0,0,2.991657859155711,7.633645307919271,3.141987448763568,False,150,41000
41,2,1,False,,,26.402031463711687,0,0,1.2768041755697053,5.61164012542917,2.834835949859463,False,150,41001
41,2,-1,False,,,30.57218564032573,0,0,4.790667913561765,7.633645307919271,1.3429773943575076,False,150,41000
41,2,-1,True,135,2.7,26.248367447748944,0,0,13.367757895353996,5.61164012542917,0.893882230075179,False,135,41001
41,3,1,False,,,29.730924208698145,0,0,2.1661990489771306,7.633645307919271,3.9674462589421395,False,150,41000
41,3,1,False,,,28.95600348286668,0,0,0.8318451704786552,5.61164012542917,3.279794954950513,False,150,41001
41,3,-1,False,,,33.04493183251517,0,0,3.8189717103528684,7.633645307919271,2.314673597566406,False,150,41000
41,3,-1,False,,,28.834092997038805,0,0,1.306731767766577,5.61164012542917,2.8049083576625913,False,150,41001
41,4,1,False,,,25.44215802261376,0,0,4.476143500424905,7.633645307919271,1.6575018074943726,False,150,41000
41,4,1,True,129,2.58,20.78562022579394,0,0,13.34165685918866,5.61164012542917,0.9799832662405116,False,129,41001
41,4,-1,False,,,29.467072841831015,0,0,3.872743413959399,7.633645307919271,2.26090189395988,False,150,41000
41,4,-1,False,,,28.466313784282775,0,0,1.2651926468466004,5.61164012542917,2.846447478582571,False,150,41001
41,5,1,True,146,2.92,28.063063816558888,0,0,15.227577397994173,7.633645307919271,0.946067909925107,False,146,41000
41,5,1,False,,,29.2712579570283,0,0,1.6537979891466448,5.61164012542917,2.457842136282524,False,150,41001
41,5,-1,False,,,28.017670178839428,0,0,4.712778684716734,7.633645307919271,1.4208666232025438,False,150,41000
41,5,-1,True,139,2.7800000000000002,24.656071746798727,0,0,13.227067331707703,5.61164012542917,0.9945727937214693,False,139,41001
41,6,1,False,,,31.684896567010142,0,0,0.1972292311536905,7.633645307919271,5.936416076765579,False,150,41000
41,6,1,False,,,29.501255234476876,0,0,-4.738009473683204,5.61164012542917,8.849649599112382,False,150,41001
41,6,-1,False,,,32.284328591474356,0,0,3.9268941001470243,7.633645307919271,2.2067512077722498,False,150,41000
41,6,-1,False,,,29.062515451155093,0,0,1.1190184157502168,5.61164012542917,2.992621709678957,False,150,41001
41,7,1,False,,,28.416600144871975,0,0,1.3428836555182682,7.633645307919271,4.7907616524010015,False,150,41000
41,7,1,False,,,22.83483376628312,0,0,-1.2807204761828486,5.61164012542917,5.392360601612017,False,150,41001
41,7,-1,False,,,35.73846370660802,0,0,0.2870737066940756,7.633645307919271,5.846571601225194,False,150,41000
41,7,-1,True,103,2.06,25.568592750688,0,0,13.638630133793114,5.61164012542917,0.9430099916360557,False,103,41001
42,0,1,False,,,28.173660823826804,0,0,2.272018409681241,7.567636945390815,3.795618535709572,False,150,42000
42,0,1,False,,,27.4570460907408,0,0,0.8410575750993281,7.284459442197181,4.943401867097852,False,150,42001
42,0,-1,False,,,32.6075673512964,0,0,1.582651465991465,7.567636945390815,4.484985479399361,False,150,42000
42,0,-1,False,,,31.93027119892695,0,0,3.627801445249914,7.284459442197181,2.1566579969472732,False,150,42001
42,1,1,True,141,2.82,31.066217393749394,0,0,15.311870639156112,7.567636945390815,0.8457663062347154,False,141,42000
42,1,1,False,,,34.0960966055875,0,0,1.1756492134541126,7.284459442197181,4.608810228743068,False,150,42001
42,1,-1,False,,,26.985398455854085,0,0,-0.19931906717536962,7.567636945390815,6.266956012566183,False,150,42000
42,1,-1,False,,,25.632487771838594,0,0,0.2119294176732838,7.284459442197181,5.572530024523896,False,150,42001
42,2,1,False,,,29.759192084882393,0,0,-2.2913891374609516,7.567636945390815,8.359026082851775,False,150,42000
42,2,1,False,,,25.959939679512328,0,0,-1.7581582616954798,7.284459442197181,7.54261770389266,False,150,42001
42,2,-1,True,77,1.54,14.135726718631167,0,0,15.861247725497089,7.567636945390815,0.9363892198937287,False,77,42000
42,2,-1,True,76,1.52,16.27732934287534,0,0,15.558695706477678,7.284459442197181,0.9657637357195034,False,76,42001
42,3,1,False,,,27.07596714084054,0,0,0.4280792703264217,7.567636945390815,5.639557675064392,False,150,42000
42,3,1,False,,,28.749875186951087,0,0,-1.429347527474953,7.284459442197181,7.213806969672133,False,150,42001
42,3,-1,True,64,1.28,13.093671525465288,0,0,15.963476488108924,7.567636945390815,0.9641604572818935,False,64,42000
42,3,-1,True,77,1.54,15.883162166769313,0,0,15.566745609081675,7.284459442197181,0.9477138331155068,False,77,42001
42,4,1,True,38,0.76,8.900758462280653,0,0,16.311052870685405,7.567636945390815,0.8765840747054092,False,38,42000
42,4,1,True,93,1.86,18.749322272681113,0,0,15.443150598470199,7.284459442197181,0.9113088437269812,False,93,42001
42,4,-1,False,,,26.897602958808964,0,0,-0.04673750656996134,7.567636945390815,6.114374451960775,False,150,42000
42,4,-1,False,,,30.269563333670117,0,0,-3.7020422479373574,7.284459442197181,9.48650169013455,False,150,42001
42,5,1,False,,,33.21558826664701,0,0,1.4683442334066827,7.567636945390815,4.599292711984138,False,150,42000
42,5,1,False,,,32.18191663269781,0,0,1.107266083162938,7.284459442197181,4.677193359034242,False,150,42001
42,5,-1,False,,,27.61329136323204,0,0,2.3687661101859594,7.567636945390815,3.6988708352048647,False,150,42000
42,5,-1,False,,,28.75844349843365,0,0,1.9295517099064508,7.284459442197181,3.8549077322907346,False,150,42001
42,6,1,False,,,30.30136329711318,0,0,0.12001666983663802,7.567636945390815,5.947620275554176,False,150,42000
42,6,1,False,,,30.341926749322724,0,0,-1.5064252782614627,7.284459442197181,7.290884720458642,False,150,42001
42,6,-1,False,,,28.002684822777198,0,0,3.4559290112808148,7.567636945390815,2.6117079341100182,False,150,42000
42,6,-1,False,,,29.432311535268013,0,0,3.1761714624818858,7.284459442197181,2.6082879797153002,False,150,42001
42,7,1,False,,,26.283852764152655,0,0,-1.1252111363032011,7.567636945390815,7.192848081694015,False,150,42000
42,7,1,False,,,28.691906308694417,0,0,-2.9536889138291107,7.284459442197181,8.738148356026295,False,150,42001
42,7,-1,True,40,0.8,9.683219018713814,0,0,16.198042395682023,7.567636945390815,0.9695945497087922,False,40,42000
42,7,-1,False,,,30.215072078551906,0,0,0.30414311125441307,7.284459442197181,5.480316330942771,False,150,42001
43,0,1,True,86,1.72,23.61221296966974,0,0,18.616079145337853,10.372214790970396,0.896135645632546,False,86,43000
43,0,1,True,69,1.3800000000000001,21.73605026045148,0,0,17.00715383720874,8.369879571339316,0.6727257341305785,False,69,43001
43,0,-1,False,,,34.6225259302411,0,0,1.1256597732501572,10.372214790970396,7.7465550177202545,False,150,43000
43,0,-1,False,,,32.016210152790784,0,0,2.0865410914143574,8.369879571339316,4.783338479924973,False,150,43001
43,1,1,False,,,35.75293413028305,0,0,3.428428705184155,10.372214790970396,5.443786085786264,False,150,43000
43,1,1,False,,,32.75648570496238,0,0,4.163356811776255,8.369879571339316,2.7065227595630588,False,150,43001
43,1,-1,False,,,33.604147691351436,0,0,4.774734328535539,10.372214790970396,4.09748046243486,False,150,43000
43,1,-1,False,,,32.53084991896364,0,0,4.082919625919139,8.369879571339316,2.7869599454201848,False,150,43001
43,2,1,False,,,36.250314731084586,0,0,2.702717411848708,10.372214790970396,6.169497379121705,False,150,43000
43,2,1,False,,,36.38784998619401,0,0,4.420887822384994,8.369879571339316,2.4489917489543234,False,150,43001
43,2,-1,False,,,29.96341237296349,0,0,6.396785341207875,10.372214790970396,2.4754294497625406,False,150,43000
43,2,-1,True,150,3.0,28.346537617988545,0,0,15.888778554292973,8.369879571339316,0.9811010170463507,False,150,43001
43,3,1,False,,,33.5381191111803,0,0,4.790857116634091,10.372214790970396,4.081357674336323,False,150,43000
43,3,1,False,,,33.32362729879048,0,0,1.9403395874971516,8.369879571339316,4.929539983842171,False,150,43001
43,3,-1,False,,,28.456462213369715,0,0,6.948304566902805,10.372214790970396,1.9239102240676047,False,150,43000
43,3,-1,True,130,2.6,23.13668424217193,0,0,16.196923819014547,8.369879571339316,0.8729557523247835,False,130,43001
43,4,1,False,,,39.01475374641562,0,0,1.7199310529092915,10.372214790970396,7.15228373806113,False,150,43000
43,4,1,False,,,32.830861565084575,0,0,3.5020241136710846,8.369879571339316,3.3678554576682336,False,150,43001
43,4,-1,True,141,2.82,32.41143728911367,0,0,18.16040954218605,10.372214790970396,0.8018052487843486,False,141,43000
43,4,-1,True,121,2.42,25.902896882485955,0,0,16.332263509550625,8.369879571339316,0.8276160617886935,False,121,43001
43,5,1,False,,,32.90670136515748,0,0,6.407589538404044,10.372214790970396,2.464625252566361,False,150,43000
43,5,1,True,112,2.24,23.09044188220797,0,0,16.29218887469293,8.369879571339316,0.9576906966463934,False,112,43001
43,5,-1,False,,,31.94019727109207,0,0,1.7466525600576732,10.372214790970396,7.125562230912726,False,150,43000
43,5,-1,True,142,2.84,30.363293527625235,0,0,16.071452268972962,8.369879571339316,0.8784273023663572,False,142,43001
43,6,1,False,,,23.742268439905914,0,0,4.36256410974222,10.372214790970396,4.5096506812282,False,150,43000
43,6,1,False,,,25.08919031523087,0,0,5.065345991959955,8.369879571339316,1.80453357937936,False,150,43001
43,6,-1,False,,,35.92852286908618,0,0,2.226772059507593,10.372214790970396,6.64544273146282,False,150,43000
43,6,-1,False,,,34.556689975409284,0,0,3.286453648017728,8.369879571339316,3.5834259233216,False,150,43001
43,7,1,False,,,32.57841884950827,0,0,4.974455147791004,10.372214790970396,3.8977596431794077,False,150,43000
43,7,1,True,131,2.62,26.92961875797187,0,0,16.0775485922823,8.369879571339316,0.9823309790570263,False,131,43001
43,7,-1,False,,,28.062620458578767,0,0,4.251199852351424,10.372214790970396,4.6210149386189805,False,150,43000
43,7,-1,False,,,30.46671238332667,0,0,4.443113876654215,8.369879571339316,2.426765694685112,False,150,43001
44,0,1,False,,,34.63232864303638,0,0,2.60760972619683,9.412411461217534,5.304801735020713,False,150,44000
44,0,1,False,,,34.200582078163315,0,0,2.754274352347637,6.877083825467334,2.6228094731197023,False,150,44001
44,0,-1,True,67,1.34,14.391416650448841,0,0,17.967304552085796,9.412411461217534,0.7751069091317402,False,67,44000
44,0,-1,False,,,25.432689295915985,0,0,4.085594571977893,6.877083825467334,1.291489253489447,False,150,44001
44,1,1,True,62,1.24,15.320728077927518,0,0,17.793217899536916,9.412411461217534,0.9991935616806232,False,62,44000
44,1,1,True,119,2.38,26.47786900042906,0,0,14.860937076613233,6.877083825467334,0.8261467488541011,False,119,44001
44,1,-1,False,,,29.31896027609414,0,0,-0.11289407164531018,9.412411461217534,8.025305532862843,False,150,44000
44,1,-1,True,127,2.54,22.76515493024549,0,0,14.829380806238191,6.877083825467334,0.7777030192291531,False,127,44001
44,2,1,False,,,29.877565958211285,0,0,2.5023532514517086,9.412411461217534,5.410058209765843,False,150,44000
44,2,1,True,105,2.1,19.880016224699425,0,0,14.884602093490397,6.877083825467334,0.9424817319769399,False,105,44001
44,2,-1,False,,,30.49703270010437,0,0,2.574207467889538,9.412411461217534,5.338203993327998,False,150,44000
44,2,-1,False,,,31.20153283251101,0,0,3.200310732228454,6.877083825467334,2.1767730932388885,False,150,44001
44,3,1,False,,,31.527915921419368,0,0,0.7436536330645686,9.412411461217534,7.168757828152964,False,150,44000
44,3,1,False,,,31.32304271140621,0,0,3.0353760148465874,6.877083825467334,2.3417078106207545,False,150,44001
44,3,-1,True,61,1.22,13.213642657889471,0,0,17.804122306879382,9.412411461217534,0.9982891543381537,False,61,44000
44,3,-1,True,128,2.56,24.769013523678495,0,0,14.67300620404302,6.877083825467334,0.9240776214243144,False,128,44001
44,4,1,False,,,33.56437917910621,0,0,2.9843887696330587,9.412411461217534,4.928022691584496,False,150,44000
44,4,1,True,141,2.82,27.412492483141126,0,0,14.525059815504486,6.877083825467334,0.9420240099628558,False,141,44001
44,4,-1,False,,,34.78232480573285,0,0,3.171632305498374,9.412411461217534,4.740779155719177,False,150,44000
44,4,-1,False,,,31.839686923214565,0,0,2.7092763043875996,6.877083825467334,2.667807521079741,False,150,44001
44,5,1,False,,,32.715673441926974,0,0,1.92348084742731,9.412411461217534,5.988930613790227,False,150,44000
44,5,1,False,,,33.54813165689286,0,0,3.4223759004430123,6.877083825467334,1.9547079250243267,False,150,44001
44,5,-1,True,65,1.3,14.106327537193197,0,0,17.929112387110415,9.412411461217534,0.8332990741071227,False,65,44000
44,5,-1,True,125,2.5,23.060582778306056,0,0,14.77274948273285,6.877083825467334,0.8543343427344865,False,125,44001
44,6,1,False,,,30.586046519934253,0,0,2.792585069373259,9.412411461217534,5.119826391844291,False,150,44000
44,6,1,False,,,28.76859663056165,0,0,4.326432677339821,6.877083825467334,1.0506511481275198,False,150,44001
44,6,-1,False,,,29.336125818078855,0,0,4.877283322196032,9.412411461217534,3.0351281390215106,False,150,44000
44,6,-1,False,,,29.953090059718228,0,0,2.3754238696487535,6.877083825467334,3.001659955818584,False,150,44001
44,7,1,False,,,35.47705553445734,0,0,3.9095349108759354,9.412411461217534,4.002876550341604,False,150,44000
44,7,1,False,,,31.384136731552857,0,0,4.167472614694655,6.877083825467334,1.2096112107726815,False,150,44001
44,7,-1,False,,,26.7128531077974,0,0,4.085862034521815,9.412411461217534,3.8265494266957387,False,150,44000
44,7,-1,True,144,2.88,24.736490369908857,0,0,14.81327733203457,6.877083825467334,0.6238064934327756,False,144,44001
45,0,1,False,,,32.924548429260255,0,0,5.189906749641355,8.98522665333821,2.295319903696856,False,150,45000
45,0,1,True,84,1.68,16.40836093284767,0,0,14.83245583216016,6.666971855346987,0.9945160231868266,False,84,45001
45,0,-1,False,,,29.23548958779294,0,0,5.153800528873323,8.98522665333821,2.331426124464885,False,150,45000
45,0,-1,False,,,28.76112675631099,0,0,3.8006787788648975,6.666971855346987,1.3662930764820949,False,150,45001
45,1,1,False,,,27.327854896635692,0,0,4.8034419374803825,8.98522665333821,2.6817847158578414,False,150,45000
45,1,1,True,83,1.6600000000000001,14.939625698443264,0,0,14.897488074549026,6.666971855346987,0.9394837807979598,False,83,45001
45,1,-1,False,,,31.740510621028452,0,0,3.5701079735798675,8.98522665333821,3.915118679758347,False,150,45000
45,1,-1,True,59,1.18,13.372944222805549,0,0,15.085082489282822,6.666971855346987,0.9918893660641657,False,59,45001
45,2,1,False,,,27.957146372338208,0,0,4.1133720682664014,8.98522665333821,3.3718545850718185,False,150,45000
45,2,1,True,89,1.78,15.868635846002105,0,0,14.826666597507419,6.666971855346987,0.9503052578395701,False,89,45001
45,2,-1,False,,,33.70944447957144,0,0,1.0938967860979836,8.98522665333821,6.391329867240229,False,150,45000
45,2,-1,True,61,1.22,13.02301395253366,0,0,15.100897692362796,6.666971855346987,0.9560741629841912,False,61,45001
45,3,1,False,,,28.07435601117289,0,0,2.1774095040363672,8.98522665333821,5.307817149301842,False,150,45000
45,3,1,True,107,2.14,18.747816246800486,0,0,14.670837284611487,6.666971855346987,0.9261345707355044,False,107,45001
45,3,-1,False,,,34.27937008134411,0,0,3.687082194260893,8.98522665333821,3.7981444590773146,False,150,45000
45,3,-1,True,65,1.3,16.29853297190168,0,0,15.250791143475432,6.666971855346987,0.7661807118715559,False,65,45001
45,4,1,False,,,31.494014517732555,0,0,0.4494996961769937,8.98522665333821,7.03572695716122,False,150,45000
45,4,1,True,54,1.08,12.327862510580555,0,0,15.214597747851322,6.666971855346987,0.9123741074956656,False,54,45001
45,4,-1,True,148,2.96,28.89757299479476,0,0,16.656854848773843,8.98522665333821,0.8483718045643727,False,148,45000
45,4,-1,False,,,28.556901257042696,0,0,2.0916695977094983,6.666971855346987,3.0753022576374938,False,150,45001
45,5,1,False,,,31.5814078518624,0,0,3.1308859259394852,8.98522665333821,4.354340727398733,False,150,45000
45,5,1,True,61,1.22,13.621608967488058,0,0,15.290838258001923,6.666971855346987,0.7661335973450657,False,61,45001
45,5,-1,True,144,2.88,29.329423280131632,0,0,16.700369628626248,8.98522665333821,0.8448570247119641,False,144,45000
45,5,-1,True,75,1.5,14.143000801437216,0,0,15.093897551567181,6.666971855346987,0.8230743037798073,False,75,45001
45,6,1,False,,,33.2215662222376,0,0,1.8006416026396574,8.98522665333821,5.684585050698558,False,150,45000
45,6,1,True,84,1.68,16.084985186793627,0,0,14.980266856577202,6.666971855346987,0.846704998769789,False,84,45001
45,6,-1,True,142,2.84,27.66070749421155,0,0,16.71044595724373,8.98522665333821,0.8547806960944931,False,142,45000
45,6,-1,True,77,1.54,14.887058510991181,0,0,14.95315735204669,6.666971855346987,0.9438145033002964,False,77,45001
45,7,1,False,,,29.396122937004773,0,0,5.668185752197665,8.98522665333821,1.8170409011405468,False,150,45000
45,7,1,True,72,1.44,12.855206643986767,0,0,15.031963010558075,6.666971855346987,0.9150088447889138,False,72,45001
45,7,-1,False,,,35.47146551204251,0,0,3.683538720410993,8.98522665333821,3.8016879329272233,False,150,45000
45,7,-1,True,80,1.6,16.15007283974978,0,0,14.937027297015206,6.666971855346987,0.9299445583317845,False,80,45001
46,0,1,False,,,35.065792640597415,0,0,3.391902046761265,8.332558229513689,3.440656182752431,False,150,46000
46,0,1,False,,,33.46250264735844,0,0,1.6402738792295017,7.375279955559668,4.235006076330169,False,150,46001
46,0,-1,False,,,33.379535719791406,0,0,2.475761425504329,8.332558229513689,4.356796804009361,False,150,46000
46,0,-1,False,,,31.438328590618656,0,0,4.325939204610439,7.375279955559668,1.5493407509492316,False,150,46001
46,1,1,True,67,1.34,16.138341696148334,0,0,16.74764071295767,8.332558229513689,0.9149175165560217,False,67,46000
46,1,1,True,62,1.24,14.392460790531459,0,0,15.870710813625475,7.375279955559668,0.8845691419341959,False,62,46001
46,1,-1,True,83,1.6600000000000001,17.249696548320678,0,0,16.764396183316027,8.332558229513689,0.7381620461976648,False,83,46000
46,1,-1,True,86,1.72,17.813044456752856,0,0,15.51796507871985,7.375279955559668,0.9973148768398188,False,86,46001
46,2,1,False,,,33.459510592359,0,0,1.647964440358793,8.332558229513689,5.184593789154901,False,150,46000
46,2,1,False,,,32.45967647992759,0,0,2.346898527885638,7.375279955559668,3.5283814276740375,False,150,46001
46,2,-1,True,116,2.32,27.50235173291309,0,0,16.297759065264767,8.332558229513689,0.8747991642489243,False,116,46000
46,2,-1,True,104,2.08,24.677523499508165,0,0,15.533229630469178,7.375279955559668,0.802050325090491,False,104,46001
46,3,1,False,,,37.02074347104436,0,0,1.601289806801666,8.332558229513689,5.231268422712027,False,150,46000
46,3,1,False,,,36.426812519358364,0,0,2.379090637326237,7.375279955559668,3.4961893182334403,False,150,46001
46,3,-1,True,107,2.14,22.732911395464093,0,0,16.41607949788568,8.332558229513689,0.8464787316280129,False,107,46000
46,3,-1,False,,,27.169514327130628,0,0,4.1522170082150955,7.375279955559668,1.7230629473445769,False,150,46001
46,4,1,True,57,1.1400000000000001,13.687854052274904,0,0,17.0316946266149,8.332558229513689,0.7308636028987922,False,57,46000
46,4,1,True,74,1.48,17.16844943796801,0,0,15.691523721674464,7.375279955559668,0.9437562338852034,False,74,46001
46,4,-1,False,,,32.23817785091849,0,0,4.441346496616222,8.332558229513689,2.3912117328974696,False,150,46000
46,4,-1,False,,,35.69146405985251,0,0,3.7564098313900134,7.375279955559668,2.1188701241696584,False,150,46001
46,5,1,True,83,1.6600000000000001,19.346335030913625,0,0,16.558356109457282,8.332558229513689,0.9442021200564071,False,83,46000
46,5,1,False,,,29.945650426451614,0,0,2.8070236992548083,7.375279955559668,3.0682562563048683,False,150,46001
46,5,-1,False,,,34.15739723604136,0,0,4.762373960026031,8.332558229513689,2.07018426948766,False,150,46000
46,5,-1,True,88,1.76,20.587573815940637,0,0,15.57395386660054,7.375279955559668,0.9213260889591268,False,88,46001
46,6,1,True,96,1.92,22.80378797690155,0,0,16.612809787974168,8.332558229513689,0.759748441539526,False,96,46000
46,6,1,True,91,1.82,20.95296190131693,0,0,15.549665281531986,7.375279955559668,0.9156146740276823,False,91,46001
46,6,-1,False,,,27.157926130091045,0,0,4.911588201507092,8.332558229513689,1.920970028006599,False,150,46000
46,6,-1,False,,,29.025645275046628,0,0,3.976887557969355,7.375279955559668,1.8983923975903234,False,150,46001
46,7,1,True,115,2.3000000000000003,27.242350127269773,0,0,16.33935357990336,8.332558229513689,0.8432046496103327,False,115,46000
46,7,1,True,105,2.1,24.92557747662875,0,0,15.568649947716978,7.375279955559668,0.7566300078426963,False,105,46001
46,7,-1,False,,,26.890984794282065,0,0,3.475878060158487,8.332558229513689,3.356680169355211,False,150,46000
46,7,-1,False,,,28.26387272416524,0,0,3.7699443880100136,7.375279955559668,2.1053355675496617,False,150,46001
47,0,1,False,,,42.2251828258179,0,0,1.9212785094711395,6.590369387626066,3.169090878154929,False,150,47000
47,0,1,False,,,43.83358462957291,0,0,5.102868940621803,8.347526195962129,1.7446572553403261,False,150,47001
47,0,-1,False,,,26.51438706180601,0,0,3.454163226845236,6.590369387626066,1.6362061607808402,False,150,47000
47,0,-1,False,,,26.69846383689823,0,0,4.164035126317555,8.347526195962129,2.683491069644581,False,150,47001
47,1,1,True,32,0.64,9.30414906513041,0,0,15.303240456621506,6.590369387626066,0.9671289310045627,False,32,47000
47,1,1,True,103,2.06,23.325367055685973,0,0,16.534629785237662,8.347526195962129,0.7828964107244739,False,103,47001
47,1,-1,True,31,0.62,8.796947054407141,0,0,15.28759218197579,6.590369387626066,0.9927772056502788,False,31,47000
47,1,-1,True,92,1.84,22.063082017364728,0,0,16.714018195897037,8.347526195962129,0.7135080000651008,False,92,47001
47,2,1,False,,,44.52879076512919,0,0,-5.379035011960153,6.590369387626066,10.469404399586228,False,150,47000
47,2,1,False,,,46.28820346209616,0,0,-1.4042948557391877,8.347526195962129,8.251821051701315,False,150,47001
47,2,-1,False,,,30.558164678262912,0,0,3.6333467245808335,6.590369387626066,1.4570226630452419,False,150,47000
47,2,-1,False,,,30.59217573636957,0,0,4.815249970120953,8.347526195962129,2.0322762258411835,False,150,47001
47,3,1,False,,,29.24808638548202,0,0,2.3915828715624663,6.590369387626066,2.6987865160636137,False,150,47000
47,3,1,True,117,2.34,23.41855146752678,0,0,16.219459588755853,8.347526195962129,0.9580666072062839,False,117,47001
47,3,-1,True,27,0.54,7.69482837058295,0,0,15.650007087388946,6.590369387626066,0.6703623002371202,False,27,47000
47,3,-1,True,41,0.8200000000000001,10.914353715443871,0,0,17.055180376420232,8.347526195962129,0.8823458195419002,False,41,47001
47,4,1,False,,,34.175233005731066,0,0,2.2040125718937507,6.590369387626066,2.886356815732334,False,150,47000
47,4,1,False,,,37.230814682156584,0,0,2.9092157002765275,8.347526195962129,3.938310495685612,False,150,47001
47,4,-1,True,125,2.5,23.301594960614075,0,0,14.532267343824689,6.590369387626066,0.8081020438013861,False,125,47000
47,4,-1,True,115,2.3000000000000003,22.790928313909944,0,0,16.217422439512525,8.347526195962129,0.9801037564496101,False,115,47001
47,5,1,False,,,34.24121654292111,0,0,1.5812134824552246,6.590369387626066,3.5091559051708425,False,150,47000
47,5,1,False,,,33.43683996697512,0,0,2.8419195336864957,8.347526195962129,4.005606662275658,False,150,47001
47,5,-1,True,28,0.56,7.5251475017317,0,0,15.313721236792386,6.590369387626066,0.9966481508336809,False,28,47000
47,5,-1,True,43,0.86,11.606616138458707,0,0,17.11703196917177,8.347526195962129,0.8004942267903604,False,43,47001
47,6,1,False,,,35.893592858921224,0,0,1.5249516104460745,6.590369387626066,3.565417777179996,False,150,47000
47,6,1,False,,,38.11089953221482,0,0,3.19624043276953,8.347526195962129,3.6512857631925995,False,150,47001
47,6,-1,True,27,0.54,7.028558330538977,0,0,15.384573168741902,6.590369387626066,0.9357962188841662,False,27,47000
47,6,-1,True,43,0.86,10.45394107129293,0,0,17.07569077112447,8.347526195962129,0.8418354248376582,False,43,47001
47,7,1,True,38,0.76,9.881709210158556,0,0,15.250304618937776,6.590369387626066,0.9600647686882908,False,38,47000
47,7,1,True,67,1.34,17.08508303603466,0,0,16.866047045322876,8.347526195962129,0.8114791506392558,False,67,47001
47,7,-1,True,32,0.64,8.536285760316547,0,0,15.465646860478152,6.590369387626066,0.8047225271479199,False,32,47000
47,7,-1,False,,,28.015762083308083,0,0,5.069117590462831,8.347526195962129,1.7784086054993067,False,150,47001
