tick,x,y,heading,bearing,distance,forward_cmd,turn_cmd,yaw_rate,reward,seed
1,0.5676414301541998,0.01437416434306302,0.0007878397009335458,-0.32307279109954834,7.984053701537951,0.05587115690160096,0.035899469665783855,0.03926776349544525,-0.000542876472993328,20000000
2,0.7059972812629904,-0.11960864169825405,-0.06008134409785271,-0.2515435218811035,7.810828009378715,0.8511078007202924,0.014371775522499686,-3.043459415435791,0.1632256921592361,20000000
3,0.8365643009374997,-0.09594263051808813,-0.024945329874753952,-0.29481041431427,7.694060000195492,0.8945797844108909,0.07383434650464388,1.7568007707595825,0.10676800918322261,20000000
4,1.0061425232393275,0.030661520302397306,0.028230085968971252,-0.37089136242866516,7.574860441299234,0.9096648988070216,0.022843318821225256,2.658770799636841,0.10919955889625822,20000000
5,1.18705708789874,-0.028657436817344915,-0.07249386608600616,-0.2708331346511841,7.384534330104183,0.734968998577228,-0.15187097198612742,-5.036197662353516,0.18032611119505115,20000000
6,1.3485397258981044,-0.14480284203199453,-0.15310710668563843,-0.18257294595241547,7.193589079637773,0.6270299948151131,0.08572238272627442,-4.0306620597839355,0.18094525046640952,20000000
7,1.5806587107257546,-0.2140828147755211,-0.06513968855142593,-0.2721298336982727,6.951612637769376,0.7289870287621696,0.19858317861912506,4.39837121963501,0.23197644186839717,20000000
8,1.7454597894747204,-0.07416621944994767,0.002647166606038809,-0.36717647314071655,6.844939271047734,0.7115732086807606,0.11053522488986778,3.389342784881592,0.09667336672164219,20000000
9,2.043011647950054,-0.04741295048982439,-0.06551218777894974,-0.3189454674720764,6.577782945823934,0.6895018998838411,-0.22261082687180983,-3.407968044281006,0.25715632522379983,20000000
10,2.1490423733115986,-0.2151695027198293,-0.16042454540729523,-0.20599688589572906,6.41761789255414,0.5975543313468623,-0.08225281659788791,-4.745617866516113,0.150165053269794,20000000
11,2.4737594482792447,-0.30879782225503527,-0.10971809923648834,-0.2614600956439972,6.080980967187961,0.5596149651709126,0.4071393768013799,2.535322904586792,0.3266369253661787,20000000
12,2.5926903678755924,-0.2012646286009373,-0.04734845459461212,-0.3476802110671997,6.0108624639387065,0.5728225180404694,0.3925104578118389,3.1184821128845215,0.060118503249254614,20000000
13,2.889534389266568,-0.19562035292891902,-0.1262078881263733,-0.2896305024623871,5.740294696825026,0.8403932910658242,-0.10149039662721104,-3.942971706390381,0.2605677671136808,20000000
14,3.0020081021840745,-0.3698450589213679,-0.2316722869873047,-0.1637016087770462,5.568192858100208,0.7316369604377069,-0.08398841942745688,-5.273219108581543,0.1621018387248181,20000000
15,3.366244563472234,-0.5525328241567985,-0.2140403687953949,-0.17584951221942902,5.161771113780493,0.5782436435631417,0.39237304189286737,0.8815957903862,0.3964217443197142,20000000
16,3.5236234419857433,-0.44487430621118507,-0.15480177104473114,-0.26659688353538513,5.059634331616397,0.4678757939467892,0.4652205563824055,2.9619300365448,0.09213678216409595,20000000
17,3.785968869808991,-0.39435562878454455,-0.19997894763946533,-0.25309911370277405,4.843333634230964,0.7756062929519149,-0.19326187096238834,-2.258859395980835,0.20630069738543333,20000000
18,3.9393991982099283,-0.603054412524941,-0.30993616580963135,-0.11703610420227051,4.615601734444599,0.7189828605743893,-0.21836572115639408,-5.497861385345459,0.21773189978636487,20000000
19,4.193093271276343,-0.8450752718429999,-0.3067573308944702,-0.09332558512687683,4.286007839132082,0.6467680934045239,0.31898450384905025,0.1589422971010208,0.3195938953125175,20000000
20,4.437063961217259,-0.7294892275116802,-0.21457035839557648,-0.23453985154628754,4.1112640649413015,0.8438727539608821,0.11523819813206482,4.609349250793457,0.16474377419078023,20000000
21,4.758175673388767,-0.6087313907272068,-0.22419118881225586,-0.2888922095298767,3.8823662245535844,0.842946270758199,-0.13729845280288883,-0.4810412526130676,0.2188978403877171,20000000
22,4.916780148016514,-0.868567271424739,-0.34676092863082886,-0.12527848780155182,3.6196883024962356,0.7963252979350999,-0.17674470175982243,-6.128487586975098,0.25267792205734874,20000000
23,5.135214090783784,-1.166235281944889,-0.3480125665664673,-0.07367322593927383,3.2939659871308273,0.6621142690352607,0.3076963902711046,-0.06258006393909454,0.3157223153654083,20000000
24,5.405738820785516,-1.0711219559474097,-0.2526041269302368,-0.2329939901828766,3.0923826723547743,0.8257624898582487,0.13496247130781164,4.770420074462891,0.19158331477605306,20000000
25,5.749673938012619,-0.9306089792592974,-0.2541658282279968,-0.33089879155158997,2.867966064708137,0.8686574040229542,-0.11329379661481725,-0.0780855268239975,0.21441660764663717,20000000
26,5.94145469510539,-1.1501789279104897,-0.35500985383987427,-0.20024380087852478,2.587974628412953,0.8331541188836639,-0.1480211526973596,-5.04219913482666,0.2699914362951843,20000000
27,6.14954722884933,-1.4520825610075483,-0.36846137046813965,-0.12167564034461975,2.2567762117207284,0.7781996945482863,0.19586234133892905,-0.6725766062736511,0.3211984166922244,20000000
28,6.429787744259765,-1.4518143807070623,-0.2874864935874939,-0.26831793785095215,2.013995942393212,0.868598972319811,0.10145458607405455,4.048742294311523,0.2327802693275165,20000000
29,6.777345379459702,-1.3224673652940488,-0.2583175003528595,-0.4601433277130127,1.8109037981621106,0.9068156124352107,-0.06119139463308426,1.4584507942199707,0.19309214423110133,20000000
30,7.0564668957254595,-1.4449337218528415,-0.3348667323589325,-0.4437321722507477,1.522918033781289,0.8491199534525977,-0.1442418351523974,-3.8274617195129395,0.27798576438082145,20000000
31,7.2356439344318115,-1.7156020732856538,-0.38427647948265076,-0.338910311460495,1.207129302885471,0.8976160485713744,0.03827224856355749,-2.470486640930176,0.30578873089581804,20000000
32,7.558477548679294,-1.8431277980274412,-0.3095303773880005,-0.5468885898590088,0.8885820054541392,0.9087417102400813,0.07348125637568215,3.7373061180114746,10.308547297431332,20000000
1,0.6378355976040392,-0.05444290675850727,-0.021350223571062088,2.9422550201416016,9.213924866452153,-0.43493194194492574,0.056979593873296486,-1.067635416984558,-0.10473574125295414,20000001
2,0.7832327068425232,-0.07333308013520413,-0.029096081852912903,2.9514319896698,9.359940336547309,0.4333027552414316,0.2967857020950069,-0.38729286193847656,-0.15601547009515593,20000001
3,0.8052022966709984,0.06289310906327829,-0.0012275304179638624,2.938291549682617,9.352768568777273,0.35563439529692964,0.4075691845188727,1.3934274911880493,-0.002828232229964414,20000001
4,0.9248423393144979,0.06214366701162838,-0.09938708692789078,3.0389397144317627,9.47009647218003,0.6135879294130007,-0.004530164624333921,-4.90797758102417,-0.12732790340275657,20000001
5,1.003823194863277,-0.037538544080115796,-0.13930833339691162,3.070310592651367,9.567823592304046,0.47575936519702017,0.42382485392225583,-1.996062994003296,-0.1077271201240164,20000001
6,1.1760891275509722,0.06379364805924395,-0.19889190793037415,-3.139385461807251,9.716040940481339,0.36634966776002453,0.5321225465780512,-2.9791781902313232,-0.15821734817729216,20000001
7,1.2663675777619114,0.23854780815400276,-0.12442228943109512,3.088674783706665,9.772256894169152,0.20939714565880896,0.3976316942118425,3.7234811782836914,-0.06621595368781306,20000001
8,1.398856569061757,0.18827998137411928,-0.19704069197177887,-3.124526262283325,9.91157021705898,0.6458550989504874,0.015145112300927466,-3.630920648574829,-0.14931332288982824,20000001
9,1.5379244635627487,0.10975420212705665,-0.3004617393016815,-3.026309013366699,10.062584619801768,0.28381139028862834,0.5851579223141624,-5.171051979064941,-0.16101440274278844,20000001
10,1.8048680860183253,-0.2278754719162711,-0.36811691522598267,-2.9858641624450684,10.390975846889365,0.1743292680154202,0.7771237709023362,-3.3827590942382812,-0.3383912270875966,20000001
11,1.838947622941652,-0.2140951670205024,-0.37545979022979736,-2.976539373397827,10.421405270361882,0.14898318415221568,0.8443279661170618,-0.3671441078186035,-0.040429423472517316,20000001
12,1.8614620553718946,-0.05030007259946849,-0.44553953409194946,-2.890620708465576,10.410519185346287,0.31848041210151196,0.45965242179491567,-3.5039870738983154,0.0008860850155956255,20000001
13,2.134352524508132,-0.13256988525718494,-0.6269180178642273,-2.7118563652038574,10.694203356554642,0.36327022333477205,0.3649426015573492,-9.06892204284668,-0.2936841712083551,20000001
14,2.4063081879419803,-0.37003846086209347,-0.6117462515830994,-2.7433419227600098,11.008875760779068,0.08978454157494387,0.7800993547178652,0.7585877180099487,-0.3246724042244262,20000001
15,2.4318108419609494,-0.43276937352438066,-0.6468238234519958,-2.713324546813965,11.047232113611992,0.427390960799139,0.49757316888813935,-1.753882884979248,-0.04835635283292405,20000001
16,2.4636695969595683,-0.2991186116946205,-0.7157398462295532,-2.6319761276245117,11.050208826902386,0.2559536033337615,0.5620590290317903,-3.4457993507385254,-0.012976713290394173,20000001
17,2.6887519096001657,-0.4293168484214425,-0.8519395589828491,-2.502979278564453,11.297466864224603,0.16619926078710548,0.6020599696646426,-6.809985160827637,-0.25725803732221686,20000001
18,2.9938146755425405,-0.511198836582781,-0.8146229982376099,-2.541625738143921,11.612960161498087,0.08732079599723813,0.7780485021728818,1.8658294677734375,-0.3254932972734841,20000001
19,3.0423437307001255,-0.8008345245206413,-0.8548967838287354,-2.5246071815490723,11.725241585039328,0.4408192605165762,0.3685277776537456,-2.0136919021606445,-0.1222814235412406,20000001
20,3.2819671825260253,-0.9109723114313101,-0.8307582139968872,-2.552964925765991,11.984178608692739,0.22802628391946167,0.7398219632069296,1.2069295644760132,-0.2689370236534112,20000001
21,3.406668787307676,-1.1415507700228995,-0.93387770652771,-2.4657933712005615,12.162075344531756,0.44014725725082526,0.3270006692280787,-5.155973434448242,-0.1878967358390169,20000001
22,3.684567153728169,-1.2208456829043093,-0.9485129117965698,-2.4516193866729736,12.451009543836394,0.08122332152684675,0.7516670457675301,-0.7317610383033752,-0.29893419930463794,20000001
23,3.5908575625276784,-1.5628836061609495,-0.9922240972518921,-2.436389684677124,12.452913480986586,0.16470351755243037,0.4540348258280201,-2.1855595111846924,-0.011903937150192547,20000001
24,3.65449773955211,-1.369104044328076,-1.032963514328003,-2.379288673400879,12.460759758429342,0.13749965796231395,0.8432559576123257,-2.0369675159454346,-0.01784627744275568,20000001
25,3.8312252168237055,-1.5316240972822066,-1.1617943048477173,-2.2590854167938232,12.674977659920938,0.1007135329719484,0.7489369592845404,-6.441540718078613,-0.2242179014915957,20000001
26,4.042511022382348,-1.7233233455855697,-1.2808427810668945,-2.14978289604187,12.931536539938584,0.014083056475614919,0.7595722729817654,-5.952423572540283,-0.2665588800176464,20000001
27,3.91102566408832,-2.1380193673196435,-1.2771395444869995,-2.1871299743652344,12.931021886782677,0.26745534177789554,0.6008451903685195,0.18515759706497192,-0.009485346844092959,20000001
28,4.079724054817978,-1.9248310015387522,-1.338997483253479,-2.105642318725586,13.025919885941121,0.3422085564878456,0.600290449330086,-3.0928940773010254,-0.10489799915844443,20000001
29,4.153327807377122,-1.9116522147180746,-1.4044700860977173,-2.0375311374664307,13.092282258893375,-0.048804869342917084,0.4336686222541628,-3.2736315727233887,-0.07636237295225377,20000001
30,4.234142137421087,-2.209335695237022,-1.595254898071289,-1.8663883209228516,13.260122901344415,0.028319818431565613,0.7761159984278617,-9.539241790771484,-0.17784064245103992,20000001
31,4.080182750915495,-2.54362480318725,-1.5721319913864136,-1.9171724319458008,13.224212779424612,0.3466560157815193,0.5898203445064925,1.156144142150879,0.02591012191980347,20000001
32,4.173656871224723,-2.545504170539654,-1.6040879487991333,-1.8829567432403564,13.312767309021694,0.37149823571715723,0.539918798522791,-1.5977959632873535,-0.09855452959708287,20000001
33,4.314086520574083,-2.428735769950492,-1.6427924633026123,-1.8325095176696777,13.406284660310702,0.08992871751315065,0.5243988562698074,-1.9352240562438965,-0.10351735128900706,20000001
34,4.300922556843932,-2.7401087313031685,-1.8634271621704102,-1.6339898109436035,13.499137975237304,-0.0048862328767310115,0.6195442590148204,-11.031732559204102,-0.10285331492660198,20000001
35,4.13960485739676,-3.0559179911630094,-1.845124363899231,-1.6784588098526,13.462550005226998,0.42092538635300103,0.44701295278902753,0.9151391983032227,0.02658797001030578,20000001
36,4.104709958608894,-3.19971041131109,-1.867719292640686,-1.666723608970642,13.484566554218,0.4567234105090107,0.4500361139123435,-1.1297491788864136,-0.032016548991002695,20000001
37,4.115024589544805,-3.2550265395868037,-2.0212457180023193,-1.5166860818862915,13.515353980188339,0.27212350115520745,0.5918390946996706,-7.676321029663086,-0.040787425970338236,20000001
38,3.861084052291405,-3.364778569306521,-2.1170570850372314,-1.4358304738998413,13.32495808007908,0.053820617171112695,0.8355801155615459,-4.790563583374023,0.18039590010925877,20000001
39,3.7748054557122845,-3.375026768352961,-2.172105550765991,-1.38409423828125,13.250044655217817,0.09670047033214679,0.8527904364176143,-2.7524218559265137,0.06491342486126307,20000001
40,4.0151993914090935,-3.7414639262133256,-2.1978416442871094,-1.3758740425109863,13.619772432849178,0.13379384584023135,0.7786821869187214,-1.2868125438690186,-0.37972777763136123,20000001
41,3.7831640032705702,-3.584713054476674,-2.1416501998901367,-1.428680658340454,13.343495276194085,0.38108974627839876,-0.38776292131753,2.8095712661743164,0.2662771566550928,20000001
42,3.740220054677523,-3.7553498479363845,-2.0890231132507324,-1.4942445755004883,13.376495229906972,0.4077578771549659,0.26402548776245915,2.631354570388794,-0.04299995371288667,20000001
43,3.7886162844987634,-3.8241642757990113,-2.1452674865722656,-1.4410874843597412,13.449726338689489,0.21055302427763734,0.3479695031303973,-2.812220335006714,-0.08323110878251704,20000001
44,3.745321344364692,-3.7074265439836394,-2.2185282707214355,-1.3613336086273193,13.360699447087066,0.04930173241006916,0.5417406168007056,-3.6630373001098633,0.07902689160242261,20000001
45,3.4553660513376707,-3.8594345889041906,-2.3771111965179443,-1.2225532531738281,13.165237927153068,0.06084326595295114,0.7646372078744397,-7.929149627685547,0.18546151993399795,20000001
46,3.1434261373536283,-3.9201971068430885,-2.4067397117614746,-1.2078276872634888,12.913761292322247,0.08484571703603039,0.8715362865151596,-1.4814209938049316,0.24147663483082105,20000001
47,3.35596350640015,-4.003514893221979,-2.373603105545044,-1.2392408847808838,13.140939502697117,0.16635688557785683,0.7896350465199056,1.656830072402954,-0.23717821037486986,20000001
48,3.390633608627974,-3.828491803041126,-2.464790105819702,-1.1349413394927979,13.093495481268041,0.07024146257810523,0.338175618836277,-4.559344291687012,0.03744402142907589,20000001
49,3.0187755870457984,-3.858848034002359,-2.697420835494995,-0.9173163175582886,12.774848682272083,0.07412076634239467,0.6998787097637582,-11.631546020507812,0.3086467989959585,20000001
50,2.655688192917354,-3.8078439515402907,-2.700786828994751,-0.923609733581543,12.428988052172345,0.11295667220255534,0.8267095733512936,-0.16829431056976318,0.33586063009973777,20000001
51,2.7888072493202953,-4.067332970355978,-2.6203649044036865,-1.0172953605651855,12.668477007744757,0.16711220891381573,0.8024898230986164,4.021096229553223,-0.24948895557241202,20000001
52,2.718884757220484,-4.036304682385085,-2.7125020027160645,-0.9256340861320496,12.592215764306959,0.3031715376614039,-0.018145108790239423,-4.606860637664795,0.0662612434377985,20000001
53,2.694114683127157,-3.9084519976677803,-2.7834107875823975,-0.8466827273368835,12.5099340054331,0.13161077790656514,0.5496600826190662,-3.54543399810791,0.07228175887385803,20000001
54,2.7645628363446977,-3.982946203407923,-2.7970240116119385,-0.8356648683547974,12.607145143901937,0.1691580426977391,0.7351109544816414,-0.6806585192680359,-0.1072111384688361,20000001
55,2.223481415476044,-3.867091960264952,-2.8626749515533447,-0.7826843857765198,12.076343972034758,0.2550501768385792,0.4612293883756309,-3.282545566558838,0.5208011718671786,20000001
56,2.2387487431112225,-3.7410829226351314,3.119264841079712,-0.4716522693634033,12.029462672805328,0.24057784494302314,0.7524267272811068,-15.062275886535645,0.03688129922942963,20000001
57,2.148963072919595,-3.68034454511815,3.03696608543396,-0.38843852281570435,11.921617498590283,0.3620723649758521,0.5435305085347659,-4.114943504333496,0.09784517421504525,20000001
58,1.9401228517781446,-3.4983153306806063,2.9705936908721924,-0.3167882263660431,11.651655773842778,0.47561160702238897,0.36318062265585344,-3.318615674972534,0.259961724747505,20000001
59,1.705551946116096,-3.5324438972708676,3.0131163597106934,-0.3715335428714752,11.461293610852671,0.4122356551072942,0.5054965169949056,2.1261279582977295,0.1803621629901071,20000001
60,1.5776900160557836,-3.5646110859437705,2.8890697956085205,-0.25536492466926575,11.364859528442706,0.6074225616132336,0.24833242568508634,-6.202326774597168,0.08643408240996543,20000001
61,1.2652157182335348,-3.3820523848500077,2.8136098384857178,-0.17921893298625946,11.00304602305229,0.6736566314570824,-0.1190709181908125,-3.772998332977295,0.35181350539041545,20000001
62,1.0197512734754024,-3.2580598819617785,2.779498815536499,-0.14611908793449402,10.728262013058016,0.7801960469456272,0.056236292946791,-1.7055480480194092,0.2647840099942742,20000001
63,0.8251387412710093,-3.259708283911293,2.821427583694458,-0.1971527487039566,10.559485306215327,0.7079280201727207,-0.01928769843416095,2.096437931060791,0.15877670684268863,20000001
64,0.7019911533883848,-3.278409249798134,2.7630245685577393,-0.14612475037574768,10.461984823067795,0.6227084524776582,-0.08340020993960029,-2.9201509952545166,0.0875004831475328,20000001
65,0.5259255640013842,-3.0336007115992283,2.713193416595459,-0.0841534361243248,10.1877185400891,0.4549417625362449,-0.4017977426321407,-2.491560697555542,0.2642662829786937,20000001
66,0.3173742503073307,-3.0095029319174795,2.760565757751465,-0.13965782523155212,9.99447983159943,0.5083451554106528,0.2594208090909749,2.368624448776245,0.1832387084896714,20000001
67,0.17434391516544065,-3.0574324476547243,2.8190195560455322,-0.2095046192407608,9.894889937627093,0.6241683240122339,0.05072424402828024,2.922680616378784,0.08958989397233609,20000001
68,-0.12205915413376223,-3.021268879811621,2.768256425857544,-0.17113123834133148,9.621854972583757,0.5964390182980742,-0.14290443030025848,-2.5381524562835693,0.2630349650433368,20000001
69,-0.17435702464219469,-2.957225191952545,2.7801759243011475,-0.1801488995552063,9.5439871496054,0.38824271132138866,-0.421452239177571,0.5959739089012146,0.06786782297835693,20000001
70,-0.24127738826288875,-3.0115259389341413,2.900460958480835,-0.30894970893859863,9.514978768966198,0.545290605453896,-0.11195097214366315,6.014252185821533,0.01900838063920119,20000001
71,-0.4745889898842209,-2.962778451644252,2.91190242767334,-0.3290458023548126,9.290949723050707,0.4239392373806597,0.21753273027543313,0.5720728039741516,0.21402904591549166,20000001
72,-0.6457892189862432,-2.9604916449819996,2.9070537090301514,-0.33390939235687256,9.145003666467412,0.5312001292330579,0.17462520883220856,-0.2424314171075821,0.13594605658329484,20000001
73,-0.7276504985770277,-2.964021279389342,2.933156728744507,-0.3651943504810333,9.078038090315848,0.6022117403444582,-0.05350697389964204,1.305145025253296,0.05696557615156351,20000001
74,-0.8588822365237606,-2.8617362887735314,2.883983612060547,-0.31437239050865173,8.912315377551286,0.6102177932108144,0.07540682746592492,-2.4586517810821533,0.15572271276456262,20000001
75,-1.1441840007866177,-2.8043880789129063,2.870269298553467,-0.3129487931728363,8.64203525976778,0.6494809386700455,0.061675430386285035,-0.6857125759124756,0.26028011778350524,20000001
76,-1.3207643649476366,-2.7358423358042985,2.8842597007751465,-0.331695556640625,8.457033494717537,0.6809069254636434,-0.006092304419281658,0.6995152831077576,0.17500176505024334,20000001
77,-1.584215612000113,-2.808626022961112,2.8607380390167236,-0.333158940076828,8.280998665114945,0.6576166967426207,0.16289789705796698,-1.176081657409668,0.16603482960259242,20000001
78,-1.6280870374250909,-2.6689657058334464,2.801178455352783,-0.2627147436141968,8.16515873639579,0.48687923736808514,-0.29175343036985757,-2.9779765605926514,0.10583992871915428,20000001
79,-1.8548335792815422,-2.542973215928396,2.814955472946167,-0.2796347439289093,7.906991582963707,0.7250559836038242,-0.014005153773312407,0.6888442635536194,0.2481671534320833,20000001
80,-2.0642975794007614,-2.5539926940870417,2.901840925216675,-0.3831068277359009,7.742202623448247,0.6563058438445614,0.22124420892769403,4.344281196594238,0.15478895951546057,20000001
81,-2.3340070004131177,-2.670682324573022,2.892667293548584,-0.40713223814964294,7.5953981308874186,0.6419426350409355,0.2811019434347314,-0.4586859345436096,0.13680449256082805,20000001
82,-2.434080156863016,-2.4703370841010583,2.7859039306640625,-0.2871547043323517,7.394535302219832,0.5640504292829351,-0.19842217988967328,-5.338168621063232,0.19086282866758686,20000001
83,-2.4195763536427197,-2.462100861585275,2.7503206729888916,-0.24950610101222992,7.401222453763894,0.3649621209989311,0.44971837699950334,-1.7791578769683838,-0.016687151544062077,20000001
84,-2.504706548201319,-2.41082486518334,2.7385120391845703,-0.23903788626194,7.302332239421952,0.6762175262164366,-0.1258198546971403,-0.5904306769371033,0.08889021434194146,20000001
85,-2.7578192571922613,-2.2287981018146663,2.8778598308563232,-0.3792174756526947,6.990620094059471,0.7188390024806501,-0.17458374015959777,6.9673871994018555,0.30171214536248114,20000001
86,-2.9978230898651446,-2.2887036516433485,2.8984534740448,-0.42787331342697144,6.837146574852143,0.5113705362799926,0.41733818354023106,1.0296770334243774,0.14347351920732776,20000001
87,-3.2005478040303954,-2.258426168081711,2.8546860218048096,-0.39947161078453064,6.660334441951203,0.7053177222806937,0.08522777830669942,-2.1883726119995117,0.16681213290094,20000001
88,-3.368196359421354,-2.0613144029573127,2.8282809257507324,-0.36584970355033875,6.405899770359005,0.6532854729887403,-0.17230685835730347,-1.3202553987503052,0.24443467159219856,20000001
89,-3.5497112009411436,-2.080159542717304,2.911266803741455,-0.46933460235595703,6.27781948476411,0.6177810870289044,0.24926009777172117,4.149291515350342,0.11808028559489504,20000001
90,-3.8048855885157224,-2.1600733013498625,2.899395704269409,-0.49420255422592163,6.13819871817714,0.5983907243149257,0.34663873688165747,-0.5935516357421875,0.12962076658696975,20000001
91,-3.965477023204892,-2.0306215333811792,2.8199589252471924,-0.41677984595298767,5.932286910138976,0.6592810779784264,-0.11493906730497844,-3.971832752227783,0.19591180803816388,20000001
92,-4.144993876356813,-1.7936307892336416,2.7855751514434814,-0.3727460503578186,5.640267965356247,0.8239394129746938,0.0005812503854338846,-1.719188928604126,0.28201894478272904,20000001
93,-4.398800877822822,-1.6925512441104504,2.8253140449523926,-0.4298723340034485,5.384428549519425,0.6167534972943951,0.32811985677245137,1.9869401454925537,0.24583941583682178,20000001
94,-4.6018901316810075,-1.7644909360821437,2.8294386863708496,-0.47006797790527344,5.287572071738765,0.5940077421756971,0.36314240981554397,0.2062344253063202,0.0868564777806602,20000001
95,-4.8145113856546295,-1.6688497012813412,2.7546427249908447,-0.4114510118961334,5.069999499476686,0.796125153957526,-0.04338915528037107,-3.739804744720459,0.20757257226207915,20000001
96,-4.96276935601385,-1.4572877601938987,2.6869306564331055,-0.3351307213306427,4.81518629643571,0.8122640935339881,-0.0826122149328431,-3.3855929374694824,0.24481320304097554,20000001
97,-5.271719061722742,-1.2418421167912972,2.722358226776123,-0.38579899072647095,4.445193182826138,0.7079085834636841,0.22214526086849173,1.771368384361267,0.3599931136095724,20000001
98,-5.431661696323637,-1.3244287391608587,2.780348539352417,-0.48303645849227905,4.397258070652394,0.4834816351827717,0.4758822894825781,2.8995203971862793,0.03793511217374391,20000001
99,-5.710532506250631,-1.236023909650445,2.689448356628418,-0.42823532223701477,4.1486335838182615,0.8105114521193855,0.02840925121443777,-4.545010566711426,0.2386244868341325,20000001
100,-5.786022839752464,-1.0408556112854237,2.592111587524414,-0.3141680955886841,3.95063882702324,0.7788140844274252,-0.09147463287567786,-4.866837024688721,0.1879947567950213,20000001
101,-6.102336137846393,-0.7473958478822165,2.6254544258117676,-0.3616538941860199,3.5223990927334348,0.7126436986212696,0.16465609126809155,1.6671355962753296,0.41823973428980543,20000001
102,-6.2142882821774865,-0.7189360806613709,2.6157827377319336,-0.37179502844810486,3.4296564964137595,0.40574974731479496,0.5497385396074963,-0.4835832118988037,0.0827425963196753,20000001
103,-6.3509181769444805,-0.6797185319801297,2.4992928504943848,-0.2801568806171417,3.314831798818569,0.8795008198434335,-0.01443515966663761,-5.824489593505859,0.10482469759519054,20000001
104,-6.617784102448518,-0.4159595531456513,2.4663984775543213,-0.26541638374328613,2.943927234426998,0.871651861750756,-0.10138733845452369,-1.6447229385375977,0.3609045643915707,20000001
105,-6.786124977763237,-0.24223885907443948,2.4240641593933105,-0.23551811277866364,2.704581871593661,0.8603654477105757,-0.02288781810973506,-2.1167078018188477,0.22934536283333729,20000001
106,-6.919282017294437,0.12761134401486246,2.460502862930298,-0.22655688226222992,2.3283602218838304,0.8545511903237539,-0.0883435129327505,1.8219261169433594,0.3662216497098305,20000001
107,-7.134179746113701,-0.03405830310645048,2.5926856994628906,-0.47394898533821106,2.338979328385427,0.8210887376308531,0.13729871487891704,6.6091508865356445,-0.02061910650159659,20000001
108,-7.50483824263129,0.08661423563076126,2.550568103790283,-0.5553046464920044,2.0585582201132926,0.7752744739391638,-0.11499695294124301,-2.1058859825134277,0.2704211082721344,20000001
109,-7.530716915178236,0.3242678381136052,2.4306585788726807,-0.3948501944541931,1.8328429314609846,0.7241831295709935,-0.11490201036561148,-5.995480060577393,0.21571528865230793,20000001
110,-7.670056374797476,0.6610945358396703,2.432342767715454,-0.37850022315979004,1.4695362554592868,0.5814243344233865,0.3411092138374349,0.08421328663825989,0.35330667600169785,20000001
111,-7.83480990783947,0.6622040293273603,2.447737216949463,-0.4979604184627533,1.3996009339667979,0.4737228296487063,0.4978983803835158,0.7697203159332275,0.05993532149248893,20000001
112,-7.928324451474764,0.6905919710907577,2.359617233276367,-0.46683424711227417,1.3408065090951327,0.9011520257220511,-0.04104129327117417,-4.405993461608887,0.048794424871665194,20000001
113,-8.16730881216561,1.0124846986912903,2.355902910232544,-0.59245765209198,0.9679137534855169,0.8811460442531698,-0.09390262387837212,-0.18572022020816803,10.362892755609616,20000001
1,0.6015828798998185,-0.010280323231158283,0.022883709520101547,-0.9713688492774963,6.5231099097126455,-0.032851925688535705,0.37648819168617764,1.1440610885620117,0.02681438801331449,20000002
2,0.80170587973402,0.010641636096688539,0.0023248903453350067,-0.9780164361000061,6.4258330992499735,0.7586874565887305,0.2024968507342731,-1.0279408693313599,0.08727681046267201,20000002
3,0.9122031112471707,-0.13161057737215093,-0.08961465209722519,-0.8879590034484863,6.246102306851689,0.33618943965757764,0.5935251332839898,-4.596977233886719,0.16973079239828404,20000002
4,0.9543658927325509,-0.20217698391556557,-0.1119004487991333,-0.8649447560310364,6.164023760307456,0.41192485389880207,0.5723572658681104,-1.1142899990081787,0.07207854654423308,20000002
5,0.9829373323099312,0.027631401834889647,-0.10322929173707962,-0.8976372480392456,6.340313686600052,0.8045025089260103,0.1739042157731136,0.43355798721313477,-0.18628992629259522,20000002
6,1.0326537206957356,-0.02097728741352264,-0.15710464119911194,-0.8462537527084351,6.272581998540222,0.7470202864484148,-0.03351146449974912,-2.6937673091888428,0.05773168805982976,20000002
7,1.240133561978287,-0.10372778517950441,-0.24167011678218842,-0.7831069827079773,6.092682715583533,0.679247527688789,0.25919630096980284,-4.228273391723633,0.169899282956689,20000002
8,1.467003463815627,-0.055930779603090744,-0.2706816792488098,-0.790434718132019,6.01969302790768,0.24824194164481073,0.7232146730036936,-1.4505780935287476,0.0629896876758529,20000002
9,1.481560154906069,0.2516743418577735,-0.24074865877628326,-0.8462787866592407,6.283208681693559,0.2697515962951925,0.5541350601183684,1.4966503381729126,-0.2735156537858787,20000002
10,1.533793108511199,0.10301961928082622,-0.35540062189102173,-0.7278890013694763,6.127360621972142,0.7262842697919119,-0.1581117219615844,-5.732598304748535,0.1458480597214169,20000002
11,1.614109038649147,-0.1330110988517442,-0.5087172985076904,-0.5678385496139526,5.881338039481654,0.6026450402289636,0.36400251634603487,-7.665834903717041,0.2360225824904878,20000002
12,1.8617858218638694,-0.1957982370766493,-0.49864891171455383,-0.6108722686767578,5.7116791440703185,0.13709160408473497,0.8453941458451261,0.5034199953079224,0.15965889541133538,20000002
13,1.9038767355797148,0.03288635341889341,-0.5004861354827881,-0.6326799392700195,5.899377697879078,0.2314331191562728,0.6531539738670888,-0.09185957163572311,-0.1976985538087599,20000002
14,1.9469508706750813,-0.08362549321157865,-0.5867679715156555,-0.5446040034294128,5.77560082891051,0.661377330479781,-0.01284190456311124,-4.314091205596924,0.11377686896856855,20000002
15,1.88776675122221,-0.34763676358392,-0.7193902730941772,-0.38216644525527954,5.564322536348342,0.6072042854115006,0.3519313851602449,-6.631117820739746,0.20127829256216745,20000002
16,2.1418906251854875,-0.43005803215578325,-0.719876229763031,-0.41689446568489075,5.379227921562417,0.26656675275817,0.7227272080891931,-0.0242958702147007,0.17509461478592558,20000002
17,2.2352856444139855,-0.1984319230328195,-0.7212150692939758,-0.4483613073825836,5.55309050973308,0.34313543808859576,0.510821090981262,-0.06694301217794418,-0.18386258817066303,20000002
18,2.3103260958831955,-0.2708777731022706,-0.747687041759491,-0.42936354875564575,5.457243933790703,0.7421270444577174,-0.04605198171053515,-1.3235973119735718,0.08584657594237723,20000002
19,2.195622043283708,-0.5335939002738967,-0.8979368805885315,-0.23982372879981995,5.262698965742898,0.7787218750329445,0.14752525322688098,-7.512495040893555,0.18454496804780418,20000002
20,2.372335909080183,-0.5474315264985196,-0.9300472736358643,-0.23757237195968628,5.178292696339515,0.30846327641542914,0.6758017982950872,-1.6055198907852173,0.07440626940338359,20000002
21,2.5140892568129907,-0.8472105550074895,-0.8998991250991821,-0.2703554332256317,4.846951156476905,0.5294863411518175,0.24927058528969503,1.5074061155319214,0.3213415398626098,20000002
22,2.628318145795707,-0.9763021086829281,-0.9446070790290833,-0.23735880851745605,4.683858600306541,0.8435780166213023,0.07482569761991037,-2.2353949546813965,0.15309255617036377,20000002
23,2.6814065857148335,-1.2386590016085328,-0.9767022728919983,-0.1938783824443817,4.421246215937352,0.6870376255876196,0.2718316187832455,-1.6047618389129639,0.25261238436918965,20000002
24,2.737932530595164,-1.4563549880546436,-1.0438722372055054,-0.11890655010938644,4.198857545302053,0.8415898217400131,0.12122223857281011,-3.3584940433502197,0.21238867063529887,20000002
25,2.7776375075108195,-1.941133087952391,-1.071604609489441,-0.049490250647068024,3.7413706291623585,0.694893987826516,0.2748888548588829,-1.3866206407546997,0.44748691613969416,20000002
26,2.998191291472114,-1.9171943827961857,-0.970786988735199,-0.20724885165691376,3.6730081176280396,0.880657464649141,0.07526425941774517,5.0408806800842285,0.058362511534318935,20000002
27,3.2350131895084253,-2.1682572514238343,-1.0606008768081665,-0.1540401577949524,3.3526668534367055,0.8856527128022552,-0.029541813659087146,-4.490693092346191,0.3103412641913341,20000002
28,3.1169305768362254,-2.3897622187071748,-1.2026294469833374,0.046894222497940063,3.1917708091241193,0.7429929922404408,0.03681543009769134,-7.101428031921387,0.15089604431258619,20000002
29,3.307252293050937,-2.333439328190218,-1.2387090921401978,0.02088114619255066,3.1726791528242013,0.36575921244079945,0.6189807124766579,-1.8039833307266235,0.009091656299917936,20000002
30,3.3519236844933915,-2.5780265175904393,-1.2350504398345947,0.0317830964922905,2.9280387543034787,0.7438518142637752,0.11402449647558899,0.18293456733226776,0.2346403985207226,20000002
31,3.471018403427883,-2.9547270709556184,-1.2721322774887085,0.07842037081718445,2.533818684047502,0.8889537946373209,0.05334796700162331,-1.8540962934494019,0.3842200702559768,20000002
32,3.483352649639047,-3.3069993171861727,-1.2800132036209106,0.13995370268821716,2.2049274903123726,0.8698946088460014,0.06306520293505258,-0.3940456509590149,0.3188911937351293,20000002
33,3.5350177174881976,-3.5675275828505892,-1.347398042678833,0.23909316956996918,1.9476059115054027,0.9357699174539678,0.019184147591446543,-3.3692402839660645,0.2473215788069698,20000002
34,3.3804745912921605,-4.029427618254867,-1.344566822052002,0.44786685705184937,1.6397600223187843,0.9164264475151326,0.04834953174924839,0.14155909419059753,0.2978458891866185,20000002
35,3.6587796292094152,-4.103944945248625,-1.2090188264846802,0.1915040910243988,1.418163443740944,0.9421477796590323,-0.0016047545603527502,6.777398586273193,0.2115965785778402,20000002
36,3.9712836392647795,-4.3642356218362375,-1.209912896156311,0.06800457090139389,1.0405317617098495,0.8931279811580399,-0.09375194556959165,-0.04469885304570198,0.36763168203109453,20000002
37,3.7991404181581268,-4.6525346486459584,-1.3686727285385132,0.541226327419281,0.8937590905549757,0.9133695092625754,-0.0635569007283514,-7.937992095947266,10.136772671154874,20000002
1,0.6902120510653573,-0.00903054519752398,-0.0035133149940520525,-1.6809513568878174,9.451545556333993,-0.2655111910117222,0.6035611163150356,-0.1757899820804596,-0.015613756191818809,20000003
2,0.7331347640525444,-0.011022246075650437,-0.024838734418153763,-1.6641604900360107,9.454532365784866,0.15873182192100105,0.7327135422692339,-1.0662709474563599,-0.012986809450872485,20000003
3,0.8825096125367748,0.12468636736307695,-0.034033261239528656,-1.6687394380569458,9.607820807728366,0.14843241508114802,0.7697774949498251,-0.4597264230251312,-0.16328844194350034,20000003
4,0.8724612816393897,0.1904263743188591,-0.06206504628062248,-1.6387832164764404,9.671684735668622,-0.18976668748546147,0.4480770478827629,-1.401589274406433,-0.07386392794025574,20000003
5,1.105665056189208,-0.05564379024129412,-0.15404734015464783,-1.574616551399231,9.46159581280169,-0.04309126842084665,0.6695081077410682,-4.599114418029785,0.20008892286693203,20000003
6,1.0829318561993848,-0.2184639553997189,-0.22558100521564484,-1.503421425819397,9.297226939301469,0.15052793501360368,0.8135420659455275,-3.5766830444335938,0.1543688735002211,20000003
7,1.4100036816827637,0.002033781850152829,-0.24415363371372223,-1.5149706602096558,9.570841783741704,0.28378742000372414,0.7050232039776492,-0.9286316633224487,-0.2836148444402353,20000003
8,1.5281498647223648,0.06499906807691021,-0.3027312457561493,-1.46719229221344,9.655375718799558,0.3550805173166067,0.061426923938976946,-2.9288809299468994,-0.09453393505785378,20000003
9,1.369244357926192,-0.046957794716075814,-0.47104206681251526,-1.284838318824768,9.515135683302654,-0.04820063452224893,0.5530634201194822,-8.415542602539062,0.13024003549690355,20000003
10,1.459862816478481,-0.2444193385398825,-0.5836321115493774,-1.1856778860092163,9.33856517632229,0.0668462784090233,0.9030974990221146,-5.629500865936279,0.16657050698036513,20000003
11,1.5930774520903963,-0.6717702064715665,-0.6089254021644592,-1.1843996047973633,8.948458989971428,0.07552629456368892,0.9106414990397824,-1.2646641731262207,0.38010618635086124,20000003
12,1.6337483931178276,-0.35511276781787904,-0.5943416953086853,-1.1957223415374756,9.266333654834716,0.2197985891556546,0.769981928026297,0.7291859984397888,-0.32787466486328776,20000003
13,1.6285703742865487,-0.5231523013602943,-0.7239629030227661,-1.0695619583129883,9.101245699556374,0.4019457658166282,0.22218455997003805,-6.481060028076172,0.15508795527834152,20000003
14,1.561992227247433,-0.612282956190379,-0.7517065405845642,-1.0367908477783203,8.999723900836564,0.17313407673297876,0.7559338653448725,-1.3871824741363525,0.09152179871981027,20000003
15,1.6794705848487184,-0.4878396424937625,-0.8220555186271667,-0.9760437607765198,9.147025208837228,0.2381237166742804,0.7461035671988241,-3.5174508094787598,-0.15730130800066378,20000003
16,1.8337841278388936,-0.9796385285881203,-0.8407806158065796,-0.9873202443122864,8.706569247532734,0.26400505339800506,0.5083142701951197,-0.9362554550170898,0.4304559613044938,20000003
17,1.727314903730702,-1.073808619705256,-1.1559171676635742,-0.6629854440689087,8.588768895144986,0.23528349419238592,0.7321082470091843,-15.756826400756836,0.10780035238774822,20000003
18,1.7069190452705731,-1.1885781311969714,-1.2313907146453857,-0.5885048508644104,8.472509311056282,0.12087768018811418,0.7925684943717969,-3.7736763954162598,0.10625958408870396,20000003
19,1.7729434794248358,-1.152176442952598,-1.279300570487976,-0.5470486879348755,8.524242049745514,0.23911647676939354,0.7319920840342061,-2.3954920768737793,-0.061732738689231896,20000003
20,2.018526800064716,-1.2526168646747273,-1.2508550882339478,-0.606464684009552,8.493215115436875,0.6743248232423449,0.2974543479266382,1.4222750663757324,0.02102693430863823,20000003
21,1.990933710940834,-1.1948951853282697,-1.285925269126892,-0.5663853883743286,8.540892423457201,0.4006739274637458,0.3721318879238253,-1.7535135746002197,-0.05767730802032588,20000003
22,1.9274741705634175,-1.6605508990944449,-1.448269248008728,-0.4125111997127533,8.07622679712227,0.5945076053989098,0.2772544067506849,-8.117195129394531,0.4546656263349307,20000003
23,1.9598137709573817,-1.8545736502837293,-1.4399431943893433,-0.4317827522754669,7.900025109607753,0.18267229048373584,0.7979357497578006,0.4163030982017517,0.16620168751451714,20000003
24,2.1496331731897182,-1.8132186224487985,-1.4109593629837036,-0.48190346360206604,7.997572176559745,0.2879051157175857,0.6670092624907978,1.4491915702819824,-0.107547066951992,20000003
25,2.121454615125318,-1.8562952997015911,-1.4601237773895264,-0.43109145760536194,7.947801858130527,0.5379280604366449,0.06009182111795264,-2.4582207202911377,0.03977031842921864,20000003
26,1.9407159889220342,-2.1101495217666337,-1.5850752592086792,-0.2941685914993286,7.650489928064484,0.680245490764032,0.07218249899838425,-6.247572898864746,0.2873119300660425,20000003
27,1.953506524460272,-2.3963444102664773,-1.5685170888900757,-0.3241470158100128,7.382349440623159,0.6431186497969014,0.3223043625755081,0.8279086947441101,0.25814048744132534,20000003
28,1.9263837606554675,-2.516291509163778,-1.5715528726577759,-0.32279348373413086,7.2599923647409605,0.36409293767668555,0.5618492755978928,-0.15179485082626343,0.11235707588219836,20000003
29,1.9781136571566027,-2.574393360837697,-1.6468838453292847,-0.25681209564208984,7.221667612760334,0.6083488105916355,0.27036635030100353,-3.766547679901123,0.028324751980626457,20000003
30,1.849877089400532,-2.7846963592538563,-1.7184268236160278,-0.1777528077363968,6.981201943116461,0.7508030381003374,0.01757865400855191,-3.577147960662842,0.23046566964387316,20000003
31,1.7512759374032791,-2.945590979375472,-1.7645204067230225,-0.12548129260540009,6.797359433848187,0.7726688252837942,0.14696908955326993,-2.3046751022338867,0.17384250926827405,20000003
32,1.5676156773888361,-3.287041815506166,-1.7086327075958252,-0.17088986933231354,6.415874401080477,0.8405353226598217,0.08239266896529451,2.7943828105926514,0.37148503276770994,20000003
33,1.7231423176567995,-3.440856394168721,-1.6573803424835205,-0.25298914313316345,6.319594430885004,0.5950531321124243,0.2920836224901334,2.562615156173706,0.0862799701954733,20000003
34,1.6897312119492245,-3.658756719797178,-1.7411482334136963,-0.17595167458057404,6.103146387714659,0.4974188730232774,0.08253508329537612,-4.188390731811523,0.20644804317034438,20000003
35,1.5435173597801304,-3.753410259479295,-1.8278348445892334,-0.07159452885389328,5.965415015821549,0.7222211986222924,0.06621382462906344,-4.334334850311279,0.12773137189311057,20000003
36,1.324350026783265,-4.126379901401137,-1.8312296867370605,-0.05249050259590149,5.542352763506918,0.760265702641824,0.19507517614290532,-0.16973823308944702,0.41306225231463034,20000003
37,1.3530982369085618,-4.239597576058076,-1.8266414403915405,-0.06850569695234299,5.443838530076697,0.4384378391892061,0.5062133198937155,0.22941070795059204,0.08851423343022159,20000003
38,1.2772150284310098,-4.367752568052842,-2.0049712657928467,0.1156911551952362,5.298273516741326,0.6819611694496002,0.22474488293985154,-8.916496276855469,0.13556501333537052,20000003
39,1.1279225813598315,-4.619770411949412,-2.052168846130371,0.175431489944458,5.012576131998715,0.9157137129282191,-0.008685242465797438,-2.3598670959472656,0.27569738474261096,20000003
40,0.9871872901141687,-4.7898999760144925,-2.087273359298706,0.22778888046741486,4.80867422068151,0.9287539386623278,0.006422135921197447,-1.755232572555542,0.1939019113172049,20000003
41,0.6574404824885253,-5.021166326824527,-2.020869255065918,0.21702609956264496,4.500065085654295,0.928018204429713,0.019194628058174346,3.3202106952667236,0.29860913502721487,20000003
42,0.8320821021123924,-5.21174966741296,-1.9180337190628052,0.06510580331087112,4.360217502156975,0.8257116165170422,0.10856202916473617,5.141775131225586,0.12984758349732028,20000003
43,0.7217583612723966,-5.558321343282016,-1.9892786741256714,0.13872157037258148,3.9966445285636265,0.7771549117024246,-0.13048735683747126,-3.562248945236206,0.3535729735933486,20000003
44,0.5159873447982705,-5.625948559468607,-2.1060473918914795,0.3016781508922577,3.8789646857637656,0.8146379113114316,-0.1380394635121348,-5.838436603546143,0.10767984279986088,20000003
45,0.20214375518646527,-5.900403347351187,-2.0804343223571777,0.34427666664123535,3.547571795616828,0.8066041254518553,0.1656665825921253,1.280649185180664,0.3213928901469376,20000003
46,0.3240010222527899,-6.140981867721839,-1.9634020328521729,0.1792989820241928,3.3341652835778417,0.6690713925878113,0.2956125906973003,5.851617336273193,0.2034065120389863,20000003
47,0.3473173472794218,-6.494109902218258,-1.9804010391235352,0.1637299507856369,2.9955648819228506,0.8007170860138187,-0.06345470077219062,-0.8499518632888794,0.32860040165499105,20000003
48,0.07122749418503233,-6.588848118054631,-2.10201358795166,0.37140774726867676,2.8470120555966014,0.7355320697129839,-0.22715896314434086,-6.080625057220459,0.1385528263262492,20000003
49,-0.2514162362344585,-6.7694251309024756,-2.1046974658966064,0.48436239361763,2.633387960628567,0.6497512894690356,0.31824012449174993,-0.13419868052005768,0.20362409496803457,20000003
50,-0.1822084091456112,-7.0548920293800474,-1.9947551488876343,0.33903107047080994,2.353171720519303,0.8421674027644858,0.12463136888480042,5.497118949890137,0.2702162401092638,20000003
51,-0.10190734768302785,-7.415311890887793,-1.9870820045471191,0.27614569664001465,2.0039160639813614,0.8297633108910321,-0.13790715258392078,0.3836562931537628,0.33925565653794165,20000003
52,-0.3852797175716973,-7.534935638367034,-2.1067235469818115,0.537783682346344,1.8646500320967119,0.8278626787113298,-0.15504959266714713,-5.982071876525879,0.12926603188464947,20000003
53,-0.7289642924399891,-7.688973357398441,-2.1139795780181885,0.7434014081954956,1.7454781910501385,0.7588485102194027,0.19991397941857797,-0.36279982328414917,0.10917184104657342,20000003
54,-0.7010082105038181,-7.9795673145145445,-2.0012826919555664,0.6515910029411316,1.4554468264951521,0.9254728017149998,0.03669003169799412,5.634836673736572,0.28003136455498634,20000003
55,-0.6139645870300285,-8.376264404201558,-1.979797124862671,0.6320818662643433,1.0493197441762878,0.8647717491488358,-0.12777997915987255,1.0742827653884888,0.3961270823188643,20000003
56,-0.8303205461016191,-8.57245853348457,-2.0720388889312744,0.9981111288070679,0.9408977714841138,0.8643014472099046,-0.12799100514979872,-4.612083911895752,10.098421972692174,20000003
1,0.6810895383543023,-0.018203636088624603,-0.02466610260307789,1.5441699028015137,7.528203773167631,0.0465047465227566,-0.8624804974395381,-1.2334294319152832,-0.0204899506234748,20000004
2,0.8446251118760515,0.043943360478141076,0.010871488600969315,1.5301011800765991,7.459473045368061,0.5787642674549642,-0.4164567301473896,1.7768795490264893,0.058730727799569456,20000004
3,0.9214913983853784,-0.010751739215206361,0.05781342461705208,1.493604063987732,7.512261497308445,0.5872823216380149,-0.39955630127638275,2.3470966815948486,-0.06278845194038339,20000004
4,0.9908793831846741,0.16691664293864966,0.20047897100448608,1.359929084777832,7.333578286516992,0.4347239998644182,-0.5487809404420951,7.133277893066406,0.1686832107914531,20000004
5,1.2475022151323978,0.3024193854061979,0.29630714654922485,1.2995532751083374,7.199941255414783,0.28057236512661554,-0.6825918749902592,4.791409015655518,0.12363703110220904,20000004
6,1.35286167274268,0.4058543724596111,0.29624804854393005,1.3148127794265747,7.099999436057763,0.35623366104048904,-0.6086959399769896,-0.0029537666123360395,0.08994181935701985,20000004
7,1.6194038293498347,0.26885562249989575,0.4185201823711395,1.2285109758377075,7.252307666507651,0.4966995538992462,-0.4968928834295367,6.1136040687561035,-0.16230823044988818,20000004
8,1.635870041969673,0.40866574574657916,0.5058301091194153,1.1450055837631226,7.114209187284099,0.702240291434264,-0.22030012842330354,4.365499019622803,0.12809847922355178,20000004
9,1.5899787838538832,0.4630866019267648,0.4768886864185333,1.1680809259414673,7.056414778398746,0.4274074715278571,-0.5663081383789995,-1.447072982788086,0.047794408885353475,20000004
10,1.5096216913941929,0.9664384168485873,0.7590298652648926,0.8793985843658447,6.548632178178153,0.4623172926354918,-0.5362545487599102,14.107060432434082,0.49778260022059295,20000004
11,1.798896909969242,0.9616227569487537,0.843231737613678,0.8390282392501831,6.579305290657258,0.23499406205058324,-0.6958233407443974,4.2100934982299805,-0.040673112479105315,20000004
12,1.9966045051649086,1.3752037709998015,1.0127652883529663,0.7086464166641235,6.195029876151834,0.2668566118081157,0.03553086014972191,8.476677894592285,0.37427541450542434,20000004
13,2.052049329796334,1.4875938622182074,1.0578618049621582,0.6753153800964355,6.092653153092292,0.4181343484770939,-0.20173890268283307,2.2548232078552246,0.0923767230595416,20000004
14,2.1585777321213797,1.5645583504170115,1.1360547542572021,0.6166046857833862,6.0350686748645535,0.4923198816212978,-0.49398499517007277,3.9096498489379883,0.0475844782277386,20000004
15,2.151355645956035,1.858775738892326,1.1289838552474976,0.6317023634910583,5.744582248960531,0.34208649042204253,-0.6546295748185406,-0.35354530811309814,0.28048642590402273,20000004
16,2.11519943888266,2.0114959824107603,1.2847213745117188,0.47476935386657715,5.587786629250294,0.35231748703321286,-0.643126277657654,7.786876201629639,0.1467956197102367,20000004
17,1.9044391403071221,2.0238955198470734,1.3887286186218262,0.3338044583797455,5.539856398330893,0.2796299608810913,-0.6911145202506537,5.200362205505371,0.03793023091940096,20000004
18,1.9805072627892635,2.222013498348247,1.4194486141204834,0.3227141499519348,5.3565448499900645,0.35893889514065747,-0.6262925645469763,1.5360006093978882,0.17331154834082851,20000004
19,1.8779794296535373,2.5691026001077715,1.4558547735214233,0.27793580293655396,4.997230849615173,0.2851046822876989,-0.7092198987604776,1.8203067779541016,0.3493140003748916,20000004
20,1.8769923134494284,2.751071129243945,1.6368119716644287,0.10290586948394775,4.81759860680337,0.3356576897518009,-0.6480764978654953,9.047857284545898,0.16963224281180334,20000004
21,1.6309297363418442,2.8826012913594834,1.7305527925491333,-0.03824246674776077,4.651799109096296,0.7552597289397474,-0.012510644066537124,4.687041759490967,0.15579949770707358,20000004
22,1.4995656540627733,3.2072760917255487,1.7893654108047485,-0.1181572824716568,4.314555667121882,0.6918332362042199,-0.2374578488000342,2.9406299591064453,0.32724344197441435,20000004
23,1.5948390849139218,3.386166252684178,1.7152307033538818,-0.016840947791934013,4.147649219698233,0.7500690896676165,-0.18058927030556438,-3.7067346572875977,0.15690644742364834,20000004
24,1.6049042459062088,3.6681333330283405,1.8262685537338257,-0.11602617800235748,3.869526817527088,0.6433800570894133,0.07139569057124401,5.5518927574157715,0.26812240217114547,20000004
25,1.4104182706715171,3.783346777494961,1.9125694036483765,-0.24965359270572662,3.7325785824260733,0.707120732158885,0.22746273408885978,4.315042972564697,0.1269482351010145,20000004
26,1.188721679081005,4.048671538317704,1.8965363502502441,-0.2905053198337555,3.453571249271224,0.8488862251232752,-0.07626911566882472,-0.8016501665115356,0.2690073331548495,20000004
27,1.3070870241116725,4.2639527683465985,1.770768165588379,-0.12593711912631989,3.2450356417763904,0.7822746136759602,-0.09726042440520866,-6.288412094116211,0.19853560749483345,20000004
28,1.395755657524579,4.607394142232512,1.7861298322677612,-0.1021900326013565,2.9113197655173586,0.574240648362116,0.21846874846662556,0.7680839896202087,0.32371587625903175,20000004
29,1.1761161197240677,4.751414325136078,1.8787761926651,-0.2683253288269043,2.750847446711468,0.6601925691937396,0.264362883709325,4.632317543029785,0.15047231880589051,20000004
30,0.9306522213340904,4.960071564848085,1.8678832054138184,-0.35073909163475037,2.543687859926075,0.8359298559141356,-0.0779233320273609,-0.5446469783782959,0.19715958678539303,20000004
31,1.0741265957123136,5.21853959081135,1.7405284643173218,-0.1666353940963745,2.281570576692005,0.8074429443817068,-0.09135666424089228,-6.367738723754883,0.2521172832340699,20000004
32,1.238259384894201,5.5601213546522805,1.733087420463562,-0.07427163422107697,1.9475171312030628,0.592263364622984,0.2758483856913501,-0.3720507025718689,0.3240534454889423,20000004
33,1.0500801565877087,5.753561979769289,1.8057153224945068,-0.24464133381843567,1.7466197963040946,0.6908909772000604,0.27320599582942556,3.63139271736145,0.1908973348989682,20000004
34,0.7987367037786203,5.967871112246408,1.7890300750732422,-0.3915962278842926,1.5555452473469487,0.8620209127796796,-0.033591110454095297,-0.8342630863189697,0.18107454895714592,20000004
35,0.9120872475350675,6.216124810811938,1.678804874420166,-0.22812610864639282,1.2932931684426463,0.8644249281944101,-0.0381495367792572,-5.511258125305176,0.25225207890430235,20000004
36,1.1005748836790707,6.558341203627016,1.6549336910247803,-0.04856600984930992,0.9423541503682533,0.6601875309888581,0.23953285737849175,-1.193561315536499,10.340939018074392,20000004
1,0.5864601257983378,0.020702001055314143,0.004495852626860142,-2.7007696628570557,8.232641908351129,-0.1753895158282234,0.20817472652475663,0.22466839849948883,-0.049217311720475936,20000005
2,0.7033249900252169,0.013410940704193791,0.006442101672291756,-2.7095446586608887,8.335163085453832,0.7226941886363014,0.19694393637720375,0.09731245040893555,-0.11252117710270347,20000005
3,0.7322942823164323,0.07315368721941033,0.000584712193813175,-2.698704242706299,8.386860973871688,0.6361661868498842,0.2607769266421055,-0.2928694486618042,-0.06169788841785561,20000005
4,0.8626867639677103,0.039237414400552124,-0.08026349544525146,-2.628054141998291,8.490528915272956,0.6901391979326861,0.20904079692095612,-4.042410373687744,-0.11366794140126778,20000005
5,1.1132581193626303,0.011624794324569244,-0.13323089480400085,-2.5900473594665527,8.707327755211052,0.2364636193344906,0.684005980261595,-2.648369550704956,-0.22679883993809669,20000005
6,1.256980151472991,0.10251748739940386,-0.1470870077610016,-2.573411464691162,8.875614144582002,0.13136525457636888,0.7236026995870604,-0.6928060054779053,-0.17828638937094987,20000005
7,1.2958466526546906,0.12161240089162852,-0.12329179793596268,-2.597033977508545,8.91889071134449,0.17714572268629328,0.4895393782904476,1.189760446548462,-0.053276566762488146,20000005
8,1.3542361253673292,0.1531452075698416,-0.13933409750461578,-2.580446243286133,8.985070920986871,0.655192351674728,0.25240570774476495,-0.8021147847175598,-0.07618020964238091,20000005
9,1.3831473292044325,-0.09913235604225686,-0.28808242082595825,-2.458857536315918,8.911448455187378,0.6165951982021489,0.2736033642429909,-7.4374165534973145,0.0636224657994935,20000005
10,1.4604743123827864,-0.1331880529300439,-0.27777495980262756,-2.475984573364258,8.96994590477724,0.2247335736286739,0.6673955964705345,0.5153719186782837,-0.06849744958986313,20000005
11,1.5322919176095289,0.05000455928670968,-0.25842705368995667,-2.479692220687866,9.106823895879687,0.3635593006440324,0.5267330224594163,0.9673957228660583,-0.14687799110244648,20000005
12,1.605506269195151,-0.013111407720640731,-0.22344478964805603,-2.524160385131836,9.149790710427327,0.5475402871704429,0.380351754145951,1.7491137981414795,-0.052966814547639844,20000005
13,1.6419060586017504,-0.2536943117642391,-0.3748301863670349,-2.398742198944092,9.094114291596838,0.708344065991932,0.25729888177917465,-7.569270133972168,0.04567641883048857,20000005
14,1.7197297005982473,-0.3615849100156806,-0.36249426007270813,-2.425173044204712,9.128818071733583,0.11117413961796069,0.799844266310437,0.61679607629776,-0.04470378013674491,20000005
15,1.7988276636067342,-0.16325616906181922,-0.35642579197883606,-2.414135217666626,9.273107534913084,0.3120947407682978,0.6316988872814308,0.3034237027168274,-0.15428946317950065,20000005
16,2.082437916092704,-0.4495003497125195,-0.5508966445922852,-2.2588229179382324,9.440870944957636,0.42557869405213605,0.5058716663755498,-9.723543167114258,-0.17776341004455198,20000005
17,2.115698704944034,-0.6805401149610382,-0.6917940974235535,-2.1423187255859375,9.399837155348093,0.0068229419673462854,0.8889337949957741,-7.0448713302612305,0.031033789609542735,20000005
18,2.332461368788434,-0.6742257769134494,-0.7096234560012817,-2.130690813064575,9.608529349195388,0.08216540672424139,0.8930867834838203,-0.891465961933136,-0.21869219384729477,20000005
19,2.42007033154358,-0.4948210613062789,-0.7498533129692078,-2.075549602508545,9.746512527122153,0.03274725618656654,0.6471968030022186,-2.011496067047119,-0.14798317792676507,20000005
20,2.5041890315031785,-0.809880840756786,-0.793146014213562,-2.0657129287719727,9.733941326668361,-0.14917017343230152,0.4363035893470595,-2.1646347045898438,0.0025712004537916753,20000005
21,2.4441375979100504,-0.9479490422051893,-0.9511227607727051,-1.9197542667388916,9.638451692796288,0.16117956573583314,0.7531443481812264,-7.898838043212891,0.08548963387207366,20000005
22,2.620088759343139,-0.9553264950838191,-0.975115954875946,-1.9012844562530518,9.806171366162891,0.15144207084085315,0.8312237535638591,-1.1996572017669678,-0.17771967336660333,20000005
23,2.751676854774275,-0.8532812894100279,-1.029273271560669,-1.8407025337219238,9.96011049573674,0.08612265230149774,0.7223535816731158,-2.707864761352539,-0.1639391295738497,20000005
24,2.7488283695309863,-1.1355561758204933,-1.024208664894104,-1.8732012510299683,9.885354862261881,-0.11687402148118076,0.611975177942908,0.25322794914245605,0.06475563347485981,20000005
25,2.646519143479194,-1.1486749404902348,-1.19771146774292,-1.6984713077545166,9.782916344783324,0.17516825913470369,0.6853433013322614,-8.675139427185059,0.09243851747855715,20000005
26,2.7798152594726786,-1.3051460006868274,-1.2995749711990356,-1.6152570247650146,9.875920696296937,0.16386751932456528,0.8088652042873459,-5.093175411224365,-0.10300435151361341,20000005
27,2.862905612229764,-1.3111074855916065,-1.3289763927459717,-1.588315486907959,9.955573763404772,0.08906504611910526,0.8799979345821352,-1.4700713157653809,-0.08965306710783437,20000005
28,2.9597957845401193,-1.3798862912984386,-1.3371657133102417,-1.5889558792114258,10.035129907132662,0.09503516084493746,0.735273077079776,-0.4094652533531189,-0.08955614372789021,20000005
29,2.871982977541301,-1.4827331790982918,-1.510903239250183,-1.4234473705291748,9.927694384324049,0.15385689578149614,0.6532462515798878,-8.686877250671387,0.09743552280861302,20000005
30,2.719137048636821,-1.679145425080419,-1.6989456415176392,-1.2519124746322632,9.739031800152546,0.10514391745144852,0.8624040163993405,-9.402116775512695,0.17866258417150305,20000005
31,2.863143890610578,-1.7800344193636979,-1.7219051122665405,-1.241766095161438,9.862110094589488,0.11004479497872277,0.8827657173684392,-1.1479742527008057,-0.13307829443694197,20000005
32,3.0445364776149884,-1.7254357911509348,-1.712020993232727,-1.2494975328445435,10.050325542004073,0.1170614250994993,0.7498908736793315,0.4942013919353485,-0.19821544741458497,20000005
33,2.8634878850229124,-1.9474558415061225,-1.8725649118423462,-1.1078687906265259,9.834199294829432,0.22067732770575005,0.5633210327797455,-8.027193069458008,0.2061262471746408,20000005
34,2.6108480607886464,-1.9733125870039843,-2.053950786590576,-0.9249154925346375,9.58069592065622,0.09846484283010948,0.8632088428798322,-9.069293975830078,0.24350337417321177,20000005
35,2.71259198033931,-2.199615085627141,-2.0692012310028076,-0.9345235824584961,9.647413296588969,0.0605227031951418,0.9202877070228674,-0.7625230550765991,-0.07671737593274862,20000005
36,2.887508292568904,-2.230988411320321,-2.111186981201172,-0.8981524109840393,9.816512915561676,0.09660453416949513,0.5470142875013724,-2.0992848873138428,-0.179099618972707,20000005
37,2.9214617430225904,-2.2689158689123556,-2.0556583404541016,-0.957954466342926,9.845258339240635,0.19718650111467562,0.07315195964987735,2.77642822265625,-0.03874542367895927,20000005
38,2.8761963299703726,-2.115551414217478,-2.1532280445098877,-0.8443080186843872,9.821206328781594,0.1830434260326242,0.36908649558681356,-4.878478050231934,0.014052010459040929,20000005
39,2.668326494041917,-2.2799816999069837,-2.2378787994384766,-0.7735102772712708,9.592804671292816,0.2987789009189651,0.515585369676247,-4.232540607452393,0.21840165748877793,20000005
40,2.348629681112536,-2.370071501887409,-2.2850492000579834,-0.731501579284668,9.264240451449298,0.1692100146371196,0.7825018612872018,-2.358520984649658,0.3185642198435177,20000005
41,2.513589959295947,-2.544929573793964,-2.231325149536133,-0.8058544397354126,9.408106907558233,0.20633824195165162,0.7456560878617142,2.686195135116577,-0.15386645610893468,20000005
42,2.40906742534078,-2.498316735888733,-2.3433022499084473,-0.6877272725105286,9.309187810876159,0.20784867465099852,0.17101112317440162,-5.598852157592773,0.08891909668207433,20000005
43,2.346180347583943,-2.505379525940084,-2.380441188812256,-0.6505971550941467,9.24590542017376,0.22640528826257414,0.5732524231256537,-1.8569444417953491,0.05328239070239938,20000005
44,2.4598982661119564,-2.6013862278681303,-2.4380252361297607,-0.6045619249343872,9.348960207126309,0.24402746774364267,0.641813715072968,-2.879201889038086,-0.11305478695254954,20000005
45,2.4820718457588247,-2.691746442362842,-2.3749513626098633,-0.6774740815162659,9.3625467528094,0.5305264369186946,-0.0757489623710148,3.1536965370178223,-0.0235865456830917,20000005
46,2.532580886969167,-2.5562740490096685,-2.400908946990967,-0.6376779079437256,9.425821380586111,0.10174562237731863,0.12294106319914039,-1.2978777885437012,-0.07327462777671044,20000005
47,2.4225272981577954,-2.5641871164228824,-2.449833869934082,-0.588383138179779,9.31553810687911,0.4048536691499202,0.32283200812837914,-2.4462475776672363,0.10028327370700098,20000005
48,2.4471232969682024,-2.648810022776543,-2.45782208442688,-0.5896869897842407,9.331673275420584,0.28622721751736435,0.5398715214543107,-0.39941084384918213,-0.026135168541474345,20000005
49,2.108153996201443,-2.7788877996614736,-2.446638584136963,-0.6117426156997681,8.982513841488345,0.2827976905515277,0.4918835582367084,0.5591700077056885,0.3391594339322397,20000005
50,1.9678313427208238,-2.7764817974573726,-2.631633996963501,-0.4251571595668793,8.842887869145029,0.21523014019399478,0.6980978359981862,-9.249771118164062,0.12962597234331574,20000005
51,1.7326191143018295,-2.7354894679644106,-2.7714335918426514,-0.2783016562461853,8.61220730813207,0.4877397742320676,0.4105234125309586,-6.989972114562988,0.2206805610129583,20000005
52,1.4237669631964902,-2.7027653390147894,-2.8364715576171875,-0.2059311866760254,8.3078823243133,0.456740218771812,0.49777657224823507,-3.2519006729125977,0.2943249838187698,20000005
53,1.4083930846249775,-2.9213688070933714,-2.785912275314331,-0.2826007306575775,8.273756449787479,0.31081560725950524,0.640534752573271,2.5279574394226074,0.02412587452582194,20000005
54,1.301138889571762,-2.9606777704112863,-2.888307571411133,-0.18404829502105713,8.163978684705583,0.4500700373163185,-0.2209057035809277,-5.119765281677246,0.09977776508189586,20000005
55,1.0409293043236778,-2.8619527566513203,-2.9669952392578125,-0.09063711762428284,7.912080064446846,0.5897640614069988,-0.3214229540127911,-3.934377908706665,0.24189862025873743,20000005
56,0.8112272859434863,-2.9107650581350426,-2.944375991821289,-0.11708196252584457,7.6791499033856585,0.7211949363415366,0.15458312610929786,1.1309627294540405,0.22293016106118713,20000005
57,0.7195205455265732,-3.0237709904082273,-2.896207094192505,-0.17914435267448425,7.579422971962127,0.5987004706226101,0.2691321332582096,2.4084386825561523,0.08972693142353162,20000005
58,0.49337918654482765,-3.093643584264476,-3.0102524757385254,-0.07254885882139206,7.349356458636981,0.6755429764884315,0.07992802357461709,-5.702263355255127,0.22006651332514582,20000005
59,0.29375424282372936,-2.9593386401488497,-3.0903570652008057,0.027922077104449272,7.1594526176942415,0.7203333857566119,-0.17617442441180836,-4.00522518157959,0.1799038409427396,20000005
60,-0.02510211178353578,-2.932428957770017,-3.0539581775665283,-0.0008729018736630678,6.843920444572072,0.7384755377944682,0.16945586959089265,1.819936990737915,0.3055321731221692,20000005
61,-0.131904993177756,-2.9123659944282236,-3.060189723968506,0.009697753936052322,6.739321246212981,0.442132568173215,0.4895527862924882,-0.31157955527305603,0.09459919835909127,20000005
62,-0.22183598636749335,-2.92774165103448,3.093355417251587,0.13826526701450348,6.6483682069920995,0.7637877120205157,0.02614425779066637,-6.482001304626465,0.0809530392208815,20000005
63,-0.49823822195535317,-2.892830296239882,3.0896313190460205,0.1513395607471466,6.376502832290701,0.7751743410038696,-0.19913267729159206,-0.18620777130126953,0.2618653747013988,20000005
64,-0.6962567644182962,-2.8400986161594983,3.055112361907959,0.19751864671707153,6.185113521213103,0.7980293091917504,-0.07627849504505102,-1.7259454727172852,0.18138931107759748,20000005
65,-0.9746724316038611,-2.6596024281612265,3.127836227416992,0.1602424830198288,5.932139873120705,0.7725649670402573,-0.17415799749965244,3.6361865997314453,0.2429736480923983,20000005
66,-1.0671023476746353,-2.909520880540093,-3.036684274673462,0.0013267712201923132,5.808926066169344,0.677020360143062,0.2220190944937208,5.933248519897461,0.11321380695136064,20000005
67,-1.3864199018174441,-2.992035250306338,-3.0641651153564453,0.020018432289361954,5.482871043034915,0.44986747399429144,-0.3643852124739099,-1.3740499019622803,0.3160550231344297,20000005
68,-1.5190907054766702,-2.9980194674206477,-3.0665318965911865,0.023684555664658546,5.350251943828934,0.42506434349809674,-0.4588159477225231,-0.11833785474300385,0.12261909920598037,20000005
69,-1.5685274938415437,-2.9428653983113016,-2.986764669418335,-0.04482171684503555,5.306829813423814,0.8097885491069517,-0.12632394062433305,3.988365411758423,0.033422130405120105,20000005
70,-1.845587676654774,-3.0941871125886005,-2.9447402954101562,-0.11076854169368744,5.016266860440961,0.8322277995543608,0.036182218178204384,2.1012167930603027,0.28056295298285305,20000005
71,-2.0741335670028453,-3.1157105379652132,-2.9308366775512695,-0.1250469833612442,4.786717063306412,0.7699408724697782,0.06579201647177235,0.6951832175254822,0.21954979713454903,20000005
72,-2.3467879408228014,-3.396021250611077,-2.9506542682647705,-0.16215677559375763,4.498354797096646,0.7434585921830632,0.14572815240498355,-0.9908807277679443,0.27836226620976556,20000005
73,-2.454179586968957,-3.1885583059374314,-3.059995412826538,-0.0049857329577207565,4.4020122003602475,0.6115821010165656,-0.2267004972052971,-5.467057228088379,0.0863425967363989,20000005
74,-2.7721346283012323,-3.120372159716613,-3.051840305328369,0.009426525793969631,4.091250301226108,0.4822877000811187,0.44322563513452135,0.4077605903148651,0.30076189913413987,20000005
75,-2.9153643663315423,-3.173093469591053,-3.0369653701782227,-0.015155171044170856,3.9436899368272624,0.4585140387615899,0.4849441291061042,0.7437434196472168,0.13756036439884523,20000005
76,-2.8922592374630094,-3.2386232549272664,-3.1082777976989746,0.039159566164016724,3.961419638429007,0.9050443323527022,-0.03320300527870462,-3.565626621246338,-0.027729701601744365,20000005
77,-3.231443421234702,-3.1598402207700205,-3.1275248527526855,0.0868203267455101,3.6302959607866008,0.7699537316784058,-0.2213744275536063,-0.9623449444770813,0.321123677642406,20000005
78,-3.4877334543253133,-3.2022682091259655,3.1311919689178467,0.1064240112900734,3.3710758007941237,0.8479579679691147,-0.07078605700646906,-1.2234230041503906,0.24922015999247704,20000005
79,-3.776080635091181,-2.9819404039428727,3.137104034423828,0.17987599968910217,3.1149860388388286,0.8149986038896053,-0.16446763629969952,0.29560208320617676,0.24608976195529508,20000005
80,-3.8914819074182665,-3.195329677224454,-3.0191447734832764,-0.011065755039453506,2.9702028456395295,0.8857066341226877,0.022197799598728696,6.346816062927246,0.1347831931992991,20000005
81,-4.2008575350993,-3.419510929804997,-2.9857709407806396,-0.11574266850948334,2.644545871237481,0.7284739508276198,-0.16459443213935332,1.6686937808990479,0.3156569744020483,20000005
82,-4.425499002099499,-3.277039481844531,-3.096949338912964,0.05775017291307449,2.4305108114254454,0.7023808519630758,-0.18047563049301207,-5.558917999267578,0.20403505981203574,20000005
83,-4.712682079384449,-3.0910343834392777,-3.077723741531372,0.13727831840515137,2.1744386233609627,0.7539056297005517,0.16021999213266902,0.9612820744514465,0.24607218806448272,20000005
84,-4.9206865736527465,-3.2677999228534222,-2.9795303344726562,-0.028832295909523964,1.9397834536093257,0.8354914345430288,0.1272634428850834,4.909665107727051,0.22465516975163702,20000005
85,-5.186673715241551,-3.511495631590626,-2.981778860092163,-0.15137651562690735,1.6566649425155286,0.8210436343093473,-0.04638107782281364,-0.11241953819990158,0.27311851109379703,20000005
86,-5.440116575635254,-3.4349997296381245,-3.055643081665039,-0.02156033180654049,1.4060768785946758,0.6957764611296055,-0.23628913902896886,-3.6932179927825928,0.24058806392085286,20000005
87,-5.751943315418903,-3.270182777107352,-3.0650525093078613,0.15325240790843964,1.12079807253268,0.9281579774997766,-0.048300339129976444,-0.4704611301422119,0.27527880606199573,20000005
88,-6.0133376290846945,-3.3720059645454277,-2.9767000675201416,0.017955446615815163,0.8440118714785415,0.9503346095007539,-0.0026016686261423616,4.417610168457031,10.266786201054138,20000005
1,0.6009009179529765,-0.00061729919681001,0.015141095034778118,-1.59064781665802,9.156276836411811,-0.25417306436620957,0.6110154112526917,0.7569305896759033,-0.009493666308463702,20000006
2,0.685127051741005,-0.007296998590154359,-0.030636200681328773,-1.5540786981582642,9.150381877418683,0.3027685635330223,0.6619008272578124,-2.288864850997925,-0.004105041006871915,20000006
3,0.7030807888627751,-0.10041068043545494,-0.11909621953964233,-1.4677437543869019,9.057547548589788,0.14429348515460289,0.8078542659959245,-4.423000812530518,0.08283432882889465,20000006
4,1.0066670078790763,-0.1470616330240251,-0.2580500543117523,-1.3625285625457764,9.02090676821018,0.1387161522919525,0.8456499698982973,-6.947690010070801,0.02664078037960827,20000006
5,1.2258859818466499,-0.039874459761594434,-0.25543442368507385,-1.3885141611099243,9.141366046556108,0.14980778173695258,0.7901257528742844,0.13078120350837708,-0.13045927834592796,20000006
6,1.2111570089548511,0.11093444840464133,-0.27404940128326416,-1.3671317100524902,9.290730708555675,-0.15807223808806045,0.43793721826091137,-0.9307506680488586,-0.15936466199956656,20000006
7,1.242789409882158,0.017837445615341768,-0.4137471914291382,-1.2315752506256104,9.20016770951934,-0.04079708582415553,0.5543947557340619,-6.984889030456543,0.0805629990363348,20000006
8,1.3901489728945322,-0.26306023406872503,-0.5929981470108032,-1.071117877960205,8.932599157152321,0.07167521430582319,0.8268942229753116,-8.962547302246094,0.2575685523670186,20000006
9,1.6419570442094358,-0.15872155129937437,-0.5535612106323242,-1.1371479034423828,9.063152938542578,0.0481779317950467,0.9294291705263954,1.9718456268310547,-0.14055378139025643,20000006
10,1.6843235322678773,-0.010544927413173727,-0.5764783620834351,-1.11687171459198,9.215365771105404,0.0609521708933925,0.6850209323124552,-1.1458553075790405,-0.16221283256282626,20000006
11,1.7218864649905161,-0.17456748903433766,-0.7011112570762634,-0.9985687732696533,9.057346850730044,0.09686106560533214,0.6256540324155266,-6.231646537780762,0.14801892037536013,20000006
12,1.6546714412009624,-0.42310955080531554,-0.8609338998794556,-0.834802508354187,8.802295690174203,0.09490419286218127,0.8426878930379038,-7.991131782531738,0.24505116055584053,20000006
13,1.9273749805446836,-0.421698814273719,-0.890032172203064,-0.8362911939620972,8.841814166217212,0.09381261313781764,0.8924154767296716,-1.4549133777618408,-0.049518476043008734,20000006
14,2.024705654427311,-0.2938358810872088,-0.9278501272201538,-0.8069721460342407,8.98353484509847,0.10108284428819869,0.493443718263501,-1.8908982276916504,-0.15172067888125818,20000006
15,2.0636041327374612,-0.21104831485777434,-0.8966778516769409,-0.8408846855163574,9.071597073479033,0.34533877532684815,0.34020060159571003,1.55861496925354,-0.09806222838056321,20000006
16,1.967905947861992,-0.30929930110522336,-0.9996872544288635,-0.7291620969772339,8.959163882686187,0.5069412401474989,0.4361191103522403,-5.150472640991211,0.10243319079284575,20000006
17,2.137424948261902,-0.6646923069296569,-1.103390097618103,-0.6513187289237976,8.637770155018632,0.49804197592836974,0.4754835388380755,-5.185140609741211,0.31139372766755513,20000006
18,2.1651296027384714,-0.9683917700435332,-1.1170510053634644,-0.6475777626037598,8.344669503632334,0.129632622138731,0.858897337049624,-0.6830459237098694,0.2831006513862986,20000006
19,2.3621653853572115,-0.9214152266124129,-1.098869800567627,-0.6876209378242493,8.430734183616346,0.22318817669033852,0.7292590442249125,0.909063458442688,-0.09606467998401257,20000006
20,2.205558251388706,-0.8783331270892067,-1.220396637916565,-0.5468769669532776,8.440858567598173,0.2942703958875488,0.33479839205696127,-6.076343536376953,-0.020124383981827025,20000006
21,2.1853956227201765,-1.0063992842662857,-1.2628754377365112,-0.5050268769264221,8.311321941333903,0.5144859719044506,0.445388300812403,-2.1239418983459473,0.11953662626427054,20000006
22,2.177566665046701,-1.3820341688814426,-1.3711804151535034,-0.40501803159713745,7.941700447088494,0.5598879893797918,0.3908972997867228,-5.4152445793151855,0.35962149424540857,20000006
23,2.342240756582595,-1.4957581267358007,-1.2782777547836304,-0.5213661193847656,7.866115995763963,0.20808297066492148,0.7815095700767181,4.645132064819336,0.06558445132453163,20000006
24,2.3191963578148727,-1.4766660697893337,-1.405135154724121,-0.39111071825027466,7.879528041394709,0.3160450597405109,0.46794116289918375,-6.342869758605957,-0.023412045630746052,20000006
25,2.0665978431995593,-1.5525226267292283,-1.591821312904358,-0.17484928667545319,7.752514405970934,0.3994099672780432,0.4765996701980884,-9.334310531616211,0.11701363542377476,20000006
26,1.9359695099477152,-1.9531460440242239,-1.6621640920639038,-0.09766751527786255,7.3342998449287276,0.2525382690377656,0.7168810130659691,-3.5171351432800293,0.4082145610422063,20000006
27,2.065671865193562,-2.1200135722157634,-1.6005955934524536,-0.1812966763973236,7.196528572989357,0.13505207750029052,0.8451327318970034,3.0784199237823486,0.12777127193937043,20000006
28,2.1997887321512453,-2.118631565455226,-1.6835609674453735,-0.1164376512169838,7.227166275948946,0.36802156690882576,0.37558447476543017,-4.1482672691345215,-0.04063770295958879,20000006
29,1.976596583224568,-2.2410099897994566,-1.796716570854187,0.02357032708823681,7.059823974646584,0.5707780492556853,-0.28378426384501365,-5.657776832580566,0.15734230130236226,20000006
30,1.736304237663213,-2.4890797031287892,-1.8143359422683716,0.06859432905912399,6.771066037979837,0.6889778520861393,0.2482589257213401,-0.8809736967086792,0.2787579366667463,20000006
31,1.7995052478687632,-2.7233268981752055,-1.7714632749557495,0.009999891743063927,6.552204539280712,0.6008807998768435,0.35098840277233523,2.1436331272125244,0.20886149869912507,20000006
32,1.9196586537765084,-2.9343039422986577,-1.8009812831878662,0.014717035926878452,6.369780415670052,0.45061460845400714,0.07005041909653129,-1.4758942127227783,0.1724241236106605,20000006
33,1.7650226790048125,-3.090693413029393,-1.8714100122451782,0.10416428744792938,6.185063899484056,0.46847969434220577,-0.4467630158247197,-3.521437883377075,0.17471651618599604,20000006
34,1.5560938720856659,-3.2651791528397607,-1.8782647848129272,0.1396147757768631,5.975596795069628,0.8430854015840392,0.017063719480339024,-0.3427431583404541,0.1994671044144274,20000006
35,1.5648563638107873,-3.5157462676550444,-1.7938984632492065,0.04643531143665314,5.730237705886986,0.8926758562740534,0.05172681497283904,4.218316078186035,0.23535908918264226,20000006
36,1.68899397485006,-3.7949004250293923,-1.7776039838790894,-0.001117731211706996,5.479922686936771,0.5131295920718132,0.06227964071555592,0.8147245645523071,0.24031501895021523,20000006
37,1.5992045765250085,-4.009818676847184,-1.8329057693481445,0.06246589869260788,5.2512783222213635,0.649313244987838,-0.18170713778027328,-2.765089273452759,0.21864436471540727,20000006
38,1.405550285866108,-4.1919491537518025,-1.859941840171814,0.12002024054527283,5.036705245821011,0.7818583740058704,-0.019225429600676358,-1.351803183555603,0.20457307640035238,20000006
39,1.3297380349224166,-4.474009232652297,-1.7944246530532837,0.060245610773563385,4.745987016666637,0.8778999203311113,0.05509936726778353,3.2758617401123047,0.2807182291543737,20000006
40,1.4436352145202802,-4.720437990903229,-1.7319337129592896,-0.03595324605703354,4.523936034315666,0.7265138919897749,0.1229244844957777,3.1245455741882324,0.21205098235097153,20000006
41,1.4084497391968618,-5.039014025230627,-1.8046225309371948,0.0301052276045084,4.204729997810942,0.7090306435631779,-0.01560713194680835,-3.6344380378723145,0.309206036504724,20000006
42,1.2172186351249352,-5.172570727265386,-1.8891198635101318,0.15429575741291046,4.038427264312554,0.8365680500314852,-0.04808791898860271,-4.224865913391113,0.1563027334983882,20000006
43,1.0418941602759686,-5.541812543498461,-1.8225703239440918,0.11864469200372696,3.647253175667836,0.8468107409435712,0.11891187520269358,3.3274755477905273,0.3811740886447177,20000006
44,1.1792994831703414,-5.708000586706207,-1.7210140228271484,-0.028084732592105865,3.5043492560394887,0.7522157157525697,0.19465137799084975,5.077813625335693,0.13290391962834724,20000006
45,1.1753694045760998,-6.114520427363994,-1.8114286661148071,0.04034845530986786,3.1043272218341573,0.7731666494389364,0.03880995335194637,-4.520733833312988,0.3900220342053313,20000006
46,0.9677475446773598,-6.201223568853536,-1.9295589923858643,0.22092904150485992,2.983868094797368,0.846280084074896,-0.05514280396579485,-5.90651798248291,0.11045912703678941,20000006
47,0.7127058909534829,-6.582780257018065,-1.8919270038604736,0.2610112130641937,2.5786710014170593,0.6015593966879876,0.37825887950699844,1.8816035985946655,0.3951970933803086,20000006
48,0.8328707464170056,-6.767914108399953,-1.8091741800308228,0.12372433394193649,2.404666319577426,0.6782281002414031,0.2842209557273676,4.137641906738281,0.16400468183963324,20000006
49,0.8703691606728352,-7.098216199658513,-1.861685872077942,0.14018923044204712,2.0821753593326937,0.8408946733277868,-0.02883588526839087,-2.625587224960327,0.31249096024473233,20000006
50,0.6140995259941573,-7.218908315466872,-1.9883968830108643,0.3885417580604553,1.9387027182298473,0.8403604215460106,-0.1160228743450249,-6.335552215576172,0.1334726411028464,20000006
51,0.30929844388980593,-7.49000664140183,-1.984885573387146,0.5620722770690918,1.6852044053324637,0.6489083828496295,0.33487346780387306,0.17557162046432495,0.24349831289738355,20000006
52,0.42077462673343613,-7.755994952561278,-1.884336233139038,0.41102877259254456,1.4074807019663296,0.8597394083339965,0.10550355155391355,5.027461528778076,0.26772370336613416,20000006
53,0.5185846843212121,-8.113043236652508,-1.896918535232544,0.36364832520484924,1.0444846604986706,0.8666818057134865,-0.11468513556552751,-0.6291095018386841,0.35299604146765895,20000006
54,0.21939449046936346,-8.235379952435421,-2.0315194129943848,0.812670111656189,0.9815802766162374,0.8729216528366726,-0.10833889765516885,-6.730042457580566,10.052904383882433,20000006
1,0.6088177089325205,-0.01295478646453784,0.010922377929091454,-1.1019980907440186,5.722880271629872,-0.023209369211941305,0.38677280753287646,0.5459946393966675,0.027460911854473975,20000007
2,0.7556883671609573,0.01164350181726553,0.0018383509013801813,-1.1178600788116455,5.678683422213896,0.7266602792045118,0.23814602346779046,-0.454201340675354,0.03419684941597612,20000007
3,0.988099881365838,0.031172552602057434,-0.07025488466024399,-1.0846035480499268,5.598359943266304,0.44731996018009684,0.5079273082261916,-3.6046619415283203,0.07032347894759262,20000007
4,1.1059452813542618,-0.10468740155023712,-0.15434521436691284,-1.010262131690979,5.426726388015092,0.21396474974861202,0.7209717623621799,-4.204516410827637,0.16163355525121115,20000007
5,1.1457806811648064,-0.04729781658074845,-0.18494723737239838,-0.9905074834823608,5.4640284158226216,0.3935990745865117,0.5941953748957256,-1.5301018953323364,-0.047302027807529116,20000007
6,1.323886597229791,-0.029163955099131323,-0.16448913514614105,-1.0426154136657715,5.41488260657348,0.5235587396516201,0.42023249915412025,1.022905707359314,0.03914580924914169,20000007
7,1.2148810443629285,0.06226722077045464,-0.15734423696994781,-1.037240743637085,5.539543602685913,0.46612795925848516,0.44100442116415217,0.3572443425655365,-0.13466099611243298,20000007
8,1.415554482785419,-0.09263128654052177,-0.28675511479377747,-0.9322022199630737,5.32333187074137,0.7082931019488394,0.1132821431634623,-6.470542907714844,0.20621173194454268,20000007
9,1.6277550426927785,-0.21775481303388186,-0.40187564492225647,-0.8474811315536499,5.1351163511352365,0.40994272576716406,0.5448537473681841,-5.756027698516846,0.1782155196061337,20000007
10,1.7199203087053676,-0.3937566283312981,-0.4277958571910858,-0.8280074596405029,4.939113674898504,0.28255015231839564,0.6920396459928607,-1.2960100173950195,0.1860026762367324,20000007
11,1.756409330030222,-0.24438326431308063,-0.4087117910385132,-0.8630613088607788,5.070479554789884,0.7718100355149966,0.20158500562415,0.9542026519775391,-0.14136587989137994,20000007
12,1.772614221857883,-0.4053349011765515,-0.5066816806793213,-0.75859135389328,4.912000217015001,0.7375339319898562,0.05348106498995481,-4.898492813110352,0.14847933777488342,20000007
13,2.051030262767598,-0.442881026761795,-0.5849108099937439,-0.7333603501319885,4.7991858652161685,0.6284292746198827,0.34764366163694904,-3.9114575386047363,0.10281435179883204,20000007
14,2.2208919696861047,-0.7920933456519685,-0.607208251953125,-0.7285380959510803,4.419283801436654,0.5109325109529893,0.40375042011143536,-1.1148712635040283,0.3699020637795145,20000007
15,2.3400317673229534,-0.6835133797430638,-0.5584840774536133,-0.808638870716095,4.499346053849429,0.5210878175518348,0.4454782071632387,2.4362077713012695,-0.09006225241277498,20000007
16,2.511895178755974,-0.8134022345137313,-0.6558602452278137,-0.7439985275268555,4.3397045711605875,0.7853847166273695,0.04290660270068469,-4.868807792663574,0.14964148268884148,20000007
17,2.343723438143798,-0.9029849186557746,-0.7525484561920166,-0.6050556302070618,4.283858320569079,0.3344427053103186,0.6026172533711308,-4.834409713745117,0.04584625059150827,20000007
18,2.1674181120479483,-1.2182371813005395,-0.7849863171577454,-0.5131284594535828,4.020157582182557,0.6306932400006615,0.36040727992195243,-1.6218963861465454,0.25370073838652263,20000007
19,2.261770201344751,-1.5112320282360667,-0.9854940176010132,-0.31584179401397705,3.712597094363389,0.896809037660107,0.0828035859166863,-10.025382995605469,0.2975604878191678,20000007
20,2.646942046182259,-1.8524963591093067,-0.9848904013633728,-0.40170449018478394,3.2930718467209124,0.4943873012922106,0.45259675258807747,0.0301809124648571,0.40952524764247644,20000007
21,2.5295678378536133,-2.1350158215745205,-1.177685260772705,-0.1539289504289627,3.0414260149008228,0.30607081100641437,0.4460815913648662,-9.639745712280273,0.24164583182008958,20000007
22,2.6277834822319295,-2.4481934447256135,-1.2136749029159546,-0.12576022744178772,2.713978831564803,0.1023565482671191,0.8759500089083114,-1.7994779348373413,0.31744718333601996,20000007
23,2.8067938727410486,-2.4433861623358077,-1.198306679725647,-0.2065199762582779,2.6833454735238416,0.3266429553084301,0.6549300757056055,0.7684115171432495,0.020633358040961232,20000007
24,2.9012450992763084,-2.4771900921540255,-1.2528998851776123,-0.18515494465827942,2.6358568891641605,0.8032002863818408,0.03487116520904271,-2.729660987854004,0.03748858435968106,20000007
25,2.761954876753297,-2.865261738232163,-1.4852644205093384,0.13047808408737183,2.2775257488138934,0.8276192543839793,0.08287095260305238,-11.618228912353516,0.34833114035026713,20000007
26,2.930219622086524,-3.111274585888592,-1.4848041534423828,0.07429537922143936,2.0042760994462716,0.4222118527054175,0.5421812205260372,0.023012390360236168,0.26324964936762174,20000007
27,2.830790707525143,-3.419309069240685,-1.4419054985046387,0.11703300476074219,1.7223709485644607,0.7716158469329939,0.13100126083855446,2.144935131072998,0.2719051508818109,20000007
28,3.0446167679802767,-3.4942392600872236,-1.382453203201294,-0.06026463955640793,1.6087968912054151,0.9270246699804788,-0.029523777866831802,2.9726152420043945,0.10357405735904558,20000007
29,3.0754192149439503,-3.836817955051087,-1.4392163753509521,0.006937667727470398,1.265158786729352,0.9168694538096127,-0.03270746640423711,-2.8381571769714355,0.33363810447606324,20000007
30,2.9134444444931558,-3.9972684939977836,-1.5698665380477905,0.2979704737663269,1.143282371589783,0.8242756150950482,0.08943108700128954,-6.53250789642334,0.11187641513956882,20000007
31,2.7711052995361083,-4.450078818638652,-1.569540023803711,0.6414099335670471,0.7992247496617405,0.4984690604029413,0.494273693799331,0.016321919858455658,10.334057621928043,20000007
1,0.566004309725309,-0.02445074492684152,-0.0030274027958512306,2.3874545097351074,7.96101255224572,-0.060342842411473224,-0.17928533007999967,-0.1514943540096283,-0.036313755897171555,20000008
2,0.6967536870361214,-0.03534807855653387,-0.0007367681246250868,2.3953187465667725,8.063940107191218,0.8503943023855385,-0.015143184519372188,0.1145317330956459,-0.11292755494549865,20000008
3,0.8458549812367853,-0.10572855073620128,0.03485545143485069,2.36576771736145,8.221309118270378,0.8733528187712833,-0.02992020767205905,1.7796109914779663,-0.1673690110791599,20000008
4,1.0594166067446888,0.02887240376706931,0.06874328851699829,2.3612470626831055,8.291597066522788,0.645033633568584,-0.0424004126872784,1.6943919658660889,-0.08028794825241035,20000008
5,1.2842963154631721,0.002159755233791603,0.05711239203810692,2.387810468673706,8.480292262733393,0.7769564942431187,-0.10143451670097847,-0.5815449953079224,-0.19869519621060427,20000008
6,1.4471049010784924,0.008127803018205511,0.010644111782312393,2.446955919265747,8.602025437642334,0.581857757166224,0.26630213116691426,-2.3234140872955322,-0.13173317490894143,20000008
7,1.7973608364810616,-0.1375114544752556,0.07662399858236313,2.393071174621582,8.966177604884964,0.7972117115185292,0.13815432075860734,3.298994779586792,-0.37415216724262934,20000008
8,1.8234725418763644,-0.021311985178349528,0.07093566656112671,2.4107842445373535,8.914927302375691,0.3244722141712023,0.48637241028605926,-0.2844170033931732,0.041250302509272314,20000008
9,1.909840765751686,-0.16111513966078522,-0.10186490416526794,2.5772435665130615,9.069048223496443,0.7666699992369714,-0.06472560856694953,-8.64002799987793,-0.16412092112075194,20000008
10,2.2395969174260104,-0.1607339708740715,-0.10365130007266998,2.6009058952331543,9.33028855174756,0.8454856713856966,0.08895739449206563,-0.08932015299797058,-0.27124032825111777,20000008
11,2.4771507853831367,-0.4520402258981756,-0.23646961152553558,2.7244203090667725,9.695610671127744,0.4122283030976369,0.48250640253311394,-6.640916347503662,-0.375322119380183,20000008
12,2.5503018521277645,-0.38765248454897605,-0.2209361344575882,2.7187271118164062,9.715000779229436,0.27905647089296504,0.7069891791279039,0.776674211025238,-0.029390108101692507,20000008
13,2.522811327230951,-0.4970248966236491,-0.4038527309894562,2.890989065170288,9.759217000111654,0.5914616898354278,0.24445242443708945,-9.145830154418945,-0.054216220882217885,20000008
14,2.796923144628849,-0.6405647395037505,-0.5000352263450623,2.9924354553222656,10.064207716548394,0.3958324087747905,0.491888131127256,-4.809123516082764,-0.31499071643673937,20000008
15,2.9278160262218647,-0.6176755247021327,-0.526686429977417,3.028674602508545,10.155102596719573,0.1856487285459849,0.7867059067505807,-1.3325626850128174,-0.10089488017117908,20000008
16,2.9986032416040707,-0.4255592541234676,-0.5219314098358154,3.0433671474456787,10.099137166144738,0.2668078526307521,0.5115872122730138,0.23775261640548706,0.04596543057483494,20000008
17,3.0261991872307554,-0.49394626969934335,-0.5263882279396057,3.0439255237579346,10.16141560816113,0.5904448144316208,0.20568216845724208,-0.2228427231311798,-0.07227844201639243,20000008
18,2.970531655515857,-0.6921898212892299,-0.6466028690338135,-3.1379449367523193,10.233908110538804,0.4675975511316516,0.2932774526589149,-6.01072883605957,-0.08249250237767412,20000008
19,3.149162555986745,-1.0023565731942263,-0.6741368770599365,-3.1237714290618896,10.563778707635029,0.49267139940419113,0.39313953788262446,-1.3767023086547852,-0.3398705970962246,20000008
20,3.315125110386401,-1.0518544552839115,-0.6507651209831238,-3.141357421875,10.725645074006529,0.24740189835152562,0.7162442885238068,1.168589472770691,-0.1718663663715001,20000008
21,3.327762218856511,-1.0242957280704101,-0.7652839422225952,-3.024078845977783,10.719052249974977,0.5022080722267872,0.17878360362427467,-5.725942134857178,-0.0034071759684481864,20000008
22,3.4517710745485846,-1.4108705625009013,-0.9120678305625916,-2.8984150886535645,11.053669022792683,0.207807284609712,0.6461250336239068,-7.3391947746276855,-0.3446167728177054,20000008
23,3.609248478760396,-1.4860903029745534,-0.9334179162979126,-2.873621940612793,11.223923142098835,0.0818867444215503,0.8762640670787848,-1.067504644393921,-0.18025411930615243,20000008
24,3.708588885098276,-1.390390853523733,-0.9369635581970215,-2.8579258918762207,11.243812432961333,0.0949870276762777,0.7162918592884286,-0.17728210985660553,-0.02988929086249769,20000008
25,3.755154391644303,-1.4351502799505689,-0.9557056427001953,-2.8398239612579346,11.307996809294561,0.1763688618093049,0.6087011940133976,-0.9371044635772705,-0.0741843763332286,20000008
26,3.653666579091264,-1.6369043609140648,-1.1056091785430908,-2.709465503692627,11.352344929999393,0.12374499952855583,0.6167754306742672,-7.495172500610352,-0.054348120704832185,20000008
27,3.859490988114738,-1.772857583783568,-1.113440752029419,-2.699727773666382,11.598045189150314,0.025742313275958717,0.8852219278366453,-0.3915816843509674,-0.25570025915092054,20000008
28,3.9789540716416405,-1.7368724240782845,-1.1516374349594116,-2.652747392654419,11.669625397237215,0.08093019049711947,0.6632894782035357,-1.9098360538482666,-0.08158020808690146,20000008
29,4.0009874580554365,-1.7356462749286283,-1.1421362161636353,-2.661005735397339,11.686248365937328,0.08922018720558478,0.6533494065096712,0.47506600618362427,-0.02662296870011204,20000008
30,3.852272097504924,-1.898426133401335,-1.3307520151138306,-2.4912242889404297,11.670977943496213,0.1960005069671906,0.5974671182537791,-9.430793762207031,0.005270422441114206,20000008
31,3.996511512145042,-2.1113414474894525,-1.365559458732605,-2.462690591812134,11.917277473072135,0.011443443349855975,0.8953610898788558,-1.7403724193572998,-0.2562995295759214,20000008
32,4.068580203870727,-2.1468133057641245,-1.4303920269012451,-2.396336078643799,11.995514670337226,0.029015465761269066,0.7097532943709082,-3.241629123687744,-0.08823719726509104,20000008
33,4.184610897779624,-2.0792609235643433,-1.453513503074646,-2.362774610519409,12.043271758655571,-0.005672802462346083,0.604064438075542,-1.1560701131820679,-0.057757088318345355,20000008
34,4.050327831024227,-2.1759780070709014,-1.6041803359985352,-2.2253923416137695,11.999884574795214,0.1507003608902941,0.5985106187114859,-7.533346652984619,0.033387183860357224,20000008
35,3.9357821501290458,-2.39737504694633,-1.7234790325164795,-2.126317262649536,12.054441864016615,0.049519655778993976,0.8970155067821782,-5.964931488037109,-0.06455728922140146,20000008
36,4.080902968934134,-2.510659134415534,-1.7153427600860596,-2.1337709426879883,12.238356508104829,0.0759249736981627,0.9133736257226457,0.40681254863739014,-0.19391464408821357,20000008
37,4.33007560675036,-2.4217926451645395,-1.7336905002593994,-2.0968735218048096,12.372091151539353,0.22832443684488155,0.6066540621470167,-0.9173853397369385,-0.1437346434345239,20000008
38,4.167442504242789,-2.554414484347202,-1.8846054077148438,-1.9626439809799194,12.332584729508458,0.08118912951669097,0.33247458656478746,-7.545745849609375,0.029506422030894937,20000008
39,3.910495188476108,-2.665388825981237,-2.01796293258667,-1.849851131439209,12.211552811233485,0.06783096909964281,0.8700787994081127,-6.667881488800049,0.11103191827497284,20000008
40,3.990436031903337,-2.8283985634073687,-2.0121772289276123,-1.8611940145492554,12.379761338484803,0.09554904459151503,0.8856752478403771,0.28928524255752563,-0.17820852725131808,20000008
41,4.167397677722133,-2.848254584194101,-2.0285513401031494,-1.8365588188171387,12.525113595695542,0.20685580470574977,0.6067315049151494,-0.818699836730957,-0.15535225721073886,20000008
42,4.154437401501566,-2.899541368541725,-2.0991134643554688,-1.7697433233261108,12.549441321135104,0.08888816345146244,0.45092294676295586,-3.528103828430176,-0.03432772543956219,20000008
43,3.890999705139798,-2.898211625380271,-2.249450445175171,-1.6335043907165527,12.352997931459248,0.05396321152347211,0.6992916087498675,-7.516849994659424,0.18644338967585639,20000008
44,3.8463981921937958,-3.1250138284914195,-2.247950792312622,-1.650828242301941,12.474821965168294,0.06160683895885005,0.8804741787095169,0.07497849315404892,-0.13182403370904638,20000008
45,3.944734386366326,-3.1927770626764236,-2.2857742309570312,-1.6115518808364868,12.592848362811027,0.16695988915577867,0.6013017738387314,-1.8911744356155396,-0.12802639764273338,20000008
46,4.030133407199883,-3.2072802674920826,-2.249225616455078,-1.6443095207214355,12.66503673332986,0.02032962341404504,0.4171826758490017,1.8274362087249756,-0.0821883705188322,20000008
47,3.860814740624611,-3.144901279012149,-2.4152181148529053,-1.4839249849319458,12.49896060892784,0.096003987794607,0.36441651768589284,-8.29963207244873,0.15607612440201968,20000008
48,3.752482851980526,-3.3559957554410276,-2.407076358795166,-1.5101944208145142,12.567372310824487,0.06433167883869517,0.8249729135748265,0.4070919156074524,-0.0784117018966468,20000008
49,3.7554631819753013,-3.425698154245949,-2.466136932373047,-1.4549124240875244,12.618395827961905,0.17063047765867004,0.633030003364294,-2.9530210494995117,-0.06102351713741804,20000008
50,3.880724849154234,-3.469673613107788,-2.477731466293335,-1.4388614892959595,12.738530425133426,0.0782371672967129,0.5657587210405544,-0.5797335505485535,-0.13013459717152132,20000008
51,3.803494711480767,-3.4084067866437437,-2.556455373764038,-1.3609501123428345,12.640490381502959,-0.1100379567601267,0.375832199794777,-3.936190128326416,0.08804004363046737,20000008
52,3.57192136073091,-3.4897456959708295,-2.6227307319641113,-1.3122464418411255,12.534077596993447,0.08771055725259574,0.7225977486959396,-3.3137705326080322,0.0964127845095122,20000008
53,3.5654249480027214,-3.638135025094038,-2.611250400543213,-1.3323307037353516,12.63575018991059,0.13804924559008064,0.7795191849381826,0.574015200138092,-0.11167259291714358,20000008
54,3.7460971560980947,-3.701911007890933,-2.6372392177581787,-1.2996649742126465,12.807491611310526,0.04977195108427221,0.42991905589114754,-1.2994390726089478,-0.1817414213999362,20000008
55,3.723952395083307,-3.6423126228222378,-2.6811728477478027,-1.2536989450454712,12.749457109078158,-0.016099044318849356,0.18507586822733962,-2.196690320968628,0.04803450223236872,20000008
56,3.4692323563123066,-3.595278805663222,-2.762707233428955,-1.1840115785598755,12.538128745113486,0.06783467515262748,0.5385617751906495,-4.076709747314453,0.20132836396467169,20000008
57,3.432246557193659,-3.736360256628076,-2.735809803009033,-1.2207733392715454,12.614818741543603,0.14266175575811957,0.7891267403935347,1.344866156578064,-0.08668999643011709,20000008
58,3.5305067116404123,-3.820810351768628,-2.7501444816589355,-1.20537269115448,12.74367614050372,0.12830099582368876,0.5333786583588427,-0.7167341113090515,-0.1388573989601165,20000008
59,3.531795679844123,-3.851757976671685,-2.778672456741333,-1.1784359216690063,12.767075909951686,0.04453382146829418,0.34852828459473517,-1.4263911247253418,-0.03339976944796618,20000008
60,3.2862400974662007,-3.724968868837114,-2.898789882659912,-1.0656641721725464,12.506774186876166,0.05635177923673981,0.5266871519493358,-6.005876541137695,0.25030172307551957,20000008
61,3.1679212953555456,-3.856410037135439,-2.8789117336273193,-1.0996067523956299,12.523899951425294,0.10677122234282355,0.8317309677402852,0.9939115047454834,-0.027125764549128066,20000008
62,3.201074759601224,-3.9436824567030326,-2.8988916873931885,-1.082309603691101,12.610957249991786,0.15612937189112797,0.6996640553197666,-0.9989966154098511,-0.09705729856649213,20000008
63,3.2678240804208603,-3.996791695231562,-2.8878400325775146,-1.092240810394287,12.695070911697103,0.19894066456701615,0.3906868025044245,0.5525810718536377,-0.09411366170531664,20000008
64,3.042090994339187,-3.8282893479157396,-3.0676512718200684,-0.9168746471405029,12.41896727301074,0.12597512400402333,0.5116095363723189,-8.99056625366211,0.26610363868636333,20000008
65,2.814302915445961,-3.931041447447959,-3.058126926422119,-0.9457113742828369,12.34644223195515,0.020423259878205202,0.9028623181238045,0.4762153923511505,0.06252504105558977,20000008
66,2.7823635499021666,-4.003905152674761,-3.107215642929077,-0.902411162853241,12.381191454816808,0.1692305634786317,0.7224527333292481,-2.4544289112091064,-0.044749222861657716,20000008
67,2.8449720803552814,-4.1106174775173985,-3.0793604850769043,-0.9319614768028259,12.503102946679883,0.3738560283692397,0.10968656867757359,1.3927489519119263,-0.1319114918630755,20000008
68,2.7684028923836164,-4.014695617698961,3.1128036975860596,-0.840668797492981,12.380414610220472,0.1439053440254237,0.1301641864859573,-4.551054000854492,0.11268833645941158,20000008
69,2.5366317663833535,-4.089182025834252,3.083031177520752,-0.8292158842086792,12.289834664668764,0.14697965259746193,0.6632156173127073,-1.4886178970336914,0.08057994555170801,20000008
70,2.267891452799998,-3.9516647074162123,3.0623979568481445,-0.8187091946601868,12.014170371058201,0.4555668498081585,0.22293754353489897,-1.0316696166992188,0.26566429361056243,20000008
71,2.1737977257368355,-4.106382587784506,3.1270203590393066,-0.897408664226532,12.077715872444958,0.33988200976591665,0.5837219053737758,3.2311272621154785,-0.0735455013867574,20000008
72,2.0559912996498753,-3.9951031012357063,2.9907619953155518,-0.7632502913475037,11.917632653633142,0.4398839916189763,0.18816551301561427,-6.812924385070801,0.15008321881181685,20000008
73,1.8572827795189104,-3.967838354405893,2.925931453704834,-0.7103713750839233,11.775564643020157,0.3861226258394609,0.4104809591191151,-3.2415196895599365,0.13206801061298434,20000008
74,1.5572623070877543,-3.789740843834464,2.8723583221435547,-0.6683885455131531,11.453675789421684,0.5860156996524194,0.19678337501676355,-2.678663730621338,0.3118888535984732,20000008
75,1.441901451191662,-3.886283506784647,2.9238553047180176,-0.7329809665679932,11.464227290714541,0.5019165014379484,0.4667207379732349,2.574855327606201,-0.020551501292857426,20000008
76,1.2783592306844442,-3.8863866488694683,2.858229875564575,-0.6790668368339539,11.37005678666497,0.6413809783035954,0.22535333234610366,-3.2812771797180176,0.08417050404957195,20000008
77,1.178081688304277,-3.722118530142207,2.750685453414917,-0.5704849362373352,11.177955825611077,0.5234504222406545,-0.09698612419721045,-5.377214431762695,0.1821009610538924,20000008
78,1.1469787635039608,-3.773372501163632,2.7350425720214844,-0.559737503528595,11.202315099319948,0.3663008536944803,0.44663324582421593,-0.7821485996246338,-0.034359273708871145,20000008
79,1.0824207049842116,-3.780964651925226,2.7411370277404785,-0.5709726214408875,11.17201731541208,0.41019176505264354,-0.07869401948574503,0.3047187328338623,0.020297783907867524,20000008
80,0.8473319663199936,-3.7029077385503566,2.7250258922576904,-0.5685351490974426,10.975973956837084,0.4829803283863274,-0.05485388011951059,-0.805557370185852,0.18604335857499676,20000008
81,0.7154573381771787,-3.6126918165630943,2.732133626937866,-0.5811864733695984,10.82806342842747,0.5846565296998019,0.019868062376227347,0.35538971424102783,0.13791052840961426,20000008
82,0.5745101051321452,-3.561031626267929,2.722527503967285,-0.5799450278282166,10.707970250726477,0.4993432105694404,0.32706580022624565,-0.48030775785446167,0.11009317770099238,20000008
83,0.462076201054157,-3.4644692906113086,2.6708736419677734,-0.5322943925857544,10.56601027459692,0.567795007442403,0.1756797238997274,-2.5826876163482666,0.13195997612955757,20000008
84,0.3084869981339697,-3.4256554244189323,2.7426111698150635,-0.6144249439239502,10.451256142043224,0.640390686938881,0.09147179023132535,3.5868794918060303,0.1047541325536956,20000008
85,0.10879851738404366,-3.3281931606033415,2.6872494220733643,-0.5705513954162598,10.263593360409212,0.45613937401061705,0.44122507413820483,-2.76809024810791,0.17766278163401217,20000008
86,0.028801023375000026,-3.1992646531670594,2.593502998352051,-0.4769466519355774,10.111869675170302,0.6279280127385429,0.14423060055976214,-4.687319755554199,0.14172368523890966,20000008
87,-0.13771231131877007,-2.887573870753845,2.5616652965545654,-0.4431144893169403,9.759044959458246,0.6705342116474107,0.0364037378400594,-1.591883897781372,0.34282471571205675,20000008
88,-0.34648349718761284,-2.9432425932109707,2.6269989013671875,-0.5298120975494385,9.70006061199418,0.40599033319100597,0.5567844378463869,3.2666735649108887,0.04898434746406522,20000008
89,-0.49053211797509894,-2.9019373100470993,2.551856517791748,-0.46549054980278015,9.592536269370878,0.7206893708448848,0.06717238587541552,-3.7571117877960205,0.09752434262330191,20000008
90,-0.8532698811322118,-2.5754045815730238,2.5083181858062744,-0.4388839304447174,9.130916888354284,0.57934938216063,-0.24694604536190423,-2.176921844482422,0.45161938101659493,20000008
91,-1.019111718870515,-2.4265574436546213,2.4874937534332275,-0.4264066219329834,8.921194437312389,0.8139725354016513,0.13919198637810404,-1.0412168502807617,0.19972245104189468,20000008
92,-1.1773911219587108,-2.3537951413529656,2.499774932861328,-0.4506850242614746,8.783104916759365,0.7987097641431813,0.04572603277322346,0.6140539646148682,0.1280895205530237,20000008
93,-1.2221238145048763,-2.3291843335104137,2.489063262939453,-0.44322097301483154,8.740713095278926,0.7289534316799141,-0.049914007945808914,-0.5355774760246277,0.032391821480439516,20000008
94,-1.65808283290655,-1.9285235640627343,2.4625582695007324,-0.44168713688850403,8.187570730831933,0.656984585493029,-0.1649690240219617,-1.3252499103546143,0.5431423644469928,20000008
95,-1.802910087019783,-1.665517934820668,2.4527716636657715,-0.4339273273944855,7.887768215636146,0.838950269275113,0.13353052905079504,-0.4893389940261841,0.28980251519578704,20000008
96,-2.0288477826620555,-1.6549552276695834,2.4900503158569336,-0.49678555130958557,7.782916384283989,0.6776282915986613,0.2814813251389253,1.8639390468597412,0.09485183135215693,20000008
97,-2.1660166020551577,-1.6313579271966303,2.428011894226074,-0.449727326631546,7.706017369483896,0.7228766984519002,-0.031061660377754596,-3.1019232273101807,0.06689901480009276,20000008
98,-2.267170032945948,-1.306994047037241,2.34999680519104,-0.366870254278183,7.368211496407335,0.5848747144317633,-0.28833295394650005,-3.9007580280303955,0.3278058730765607,20000008
99,-2.4525217603597036,-1.302993363650343,2.395775079727173,-0.4357181191444397,7.292207685290621,0.3783182891354957,0.5376174773481371,2.288909435272217,0.06600381111671429,20000008
100,-2.5321608936545243,-1.180027455506548,2.4277191162109375,-0.4714415967464447,7.1482685143025835,0.6325157778353423,0.06028182245457242,1.5972093343734741,0.13393917098803754,20000008
101,-2.8464702753118987,-1.1218395977310032,2.495945453643799,-0.5782610177993774,6.981367165670411,0.7261726452028996,0.18908986367627745,3.411316394805908,0.1569013486321722,20000008
102,-2.9444577481275456,-0.9079467340861819,2.424825668334961,-0.5100215673446655,6.746929680794373,0.7863532300731446,0.06271191041100305,-3.5559868812561035,0.22443748487603865,20000008
103,-2.94796747642477,-0.7200970458494963,2.352112293243408,-0.42816659808158875,6.5691767799597045,0.6469115237648457,0.2584997947393845,-3.635678768157959,0.1677529008346681,20000008
104,-3.1445269074899365,-0.7768546504413775,2.308481216430664,-0.41565853357315063,6.557626535244032,0.3782809262128837,0.546092810166492,-2.1815476417541504,0.0015502447156723418,20000008
105,-3.2710453184236683,-0.5685349409638082,2.326366424560547,-0.44210124015808105,6.320204956085513,0.6434060474892984,-0.1253504283155351,0.8942664861679077,0.2274215791585188,20000008
106,-3.4584783560711325,-0.34861690381810306,2.287760019302368,-0.4217450022697449,6.054214910194698,0.7639656526840772,0.10526151697138247,-1.930330753326416,0.2559900458908151,20000008
107,-3.643514188184975,-0.16174780014117843,2.277653455734253,-0.43270549178123474,5.822886140890101,0.7665589943164399,0.00345524029476435,-0.5053223371505737,0.22132876930459733,20000008
108,-3.7477205323400256,-0.00021677995295794368,2.2653555870056152,-0.43044131994247437,5.639459511614377,0.7528379493544384,-0.08811433112593953,-0.6148922443389893,0.17342662927572383,20000008
109,-3.818102516036144,0.2601531054469893,2.2930479049682617,-0.45812806487083435,5.369744662394278,0.8236735068654943,-0.019999280105889417,1.3846185207366943,0.25971484922009913,20000008
110,-4.027625557263125,0.2824263023310026,2.34151554107666,-0.5436882972717285,5.2971887832536035,0.6160913163558095,0.34517407951710566,2.423373222351074,0.06255587914067441,20000008
111,-4.208579796539283,0.5222308999435165,2.2855820655822754,-0.5121057629585266,5.024297174397231,0.8254603064914481,0.010298856651422328,-2.796675205230713,0.26289160885637286,20000008
112,-4.212537680569312,0.7261416643473528,2.176705837249756,-0.3955242335796356,4.823906831428534,0.8036147553919133,0.021255685506009092,-5.443809509277344,0.1903903429686966,20000008
113,-4.308601834473144,1.1364144636818774,2.1737303733825684,-0.3944261968135834,4.402626370448664,0.49480958586176216,0.3336660551670628,-0.14877617359161377,0.4112804609798697,20000008
114,-4.447017682199189,1.1618624720079582,2.1920008659362793,-0.44261375069618225,4.351024433967518,0.36431100602843075,0.5902670587681924,0.9135276079177856,0.041601936481146636,20000008
115,-4.4852019612670535,1.2015131546994022,2.0761232376098633,-0.33382827043533325,4.30532950092384,0.8041381202278205,-0.06633848273970466,-5.793876647949219,0.035694933043678,20000008
116,-4.615552071381259,1.5815013508124618,2.043400287628174,-0.317372590303421,3.9091874663390573,0.7600064373426036,0.025933035725017872,-1.6361522674560547,0.38614203458478236,20000008
117,-4.715833064774379,1.7674375779929317,2.008864402770996,-0.30179092288017273,3.7106491870610796,0.737540182863961,0.14986041646532638,-1.7267885208129883,0.18853827927797773,20000008
118,-4.713798523172429,2.127721695984243,2.015123128890991,-0.29285621643066406,3.354368957123845,0.7892622643402274,-0.08988417976750562,0.31293612718582153,0.3462802299372345,20000008
119,-4.896473270028226,2.1021879595751454,2.103177547454834,-0.43587708473205566,3.3571163411419103,0.720530072630354,0.2261501847456966,4.402719020843506,-0.01274738401806518,20000008
120,-5.085941121601676,2.3625293745723517,2.060359239578247,-0.4460984468460083,3.0840672498882533,0.766792355379879,-0.15310197045462653,-2.140915870666504,0.26304909125365694,20000008
121,-5.04614866348696,2.595598306484339,1.9393508434295654,-0.3076074421405792,2.853383491801724,0.7799637634509035,-0.06442994027348825,-6.050421714782715,0.2206837580865295,20000008
122,-4.974151817704447,2.9579325833992574,1.9286766052246094,-0.2593193054199219,2.497874033862766,0.5659882961375974,0.2778427235711797,-0.5337115526199341,0.34550945793895793,20000008
123,-5.134991991323321,3.0447772490903113,1.9524974822998047,-0.34630221128463745,2.4004104888769624,0.41029014612490483,0.5587128068372965,1.191045880317688,0.08746354498580346,20000008
124,-5.223900036094569,3.1238898463835323,1.8530383110046387,-0.2839464247226715,2.3197974579291483,0.8636566326294672,-0.03607367699542213,-4.972955226898193,0.07061303094781414,20000008
125,-5.363222902206552,3.604957923654591,1.8640897274017334,-0.37105792760849,1.8442997428009433,0.8528364608498562,-0.038285259270726846,0.5525652170181274,0.4654977151282049,20000008
126,-5.47768878144959,3.8656603007516024,1.8351348638534546,-0.4262414276599884,1.5989339568074252,0.8143778058921656,0.06855129769248286,-1.4477394819259644,0.2353657859935181,20000008
127,-5.380810310242961,4.173814482830096,1.7919461727142334,-0.3471563756465912,1.2800178391679613,0.8299272513296644,-0.030858341337481665,-2.1594347953796387,0.3089161176394639,20000008
128,-5.558845285145575,4.241984631061685,1.900370478630066,-0.6044517159461975,1.2485726919944427,0.7306888877121318,0.24260652198828964,5.421210765838623,0.02144514717351865,20000008
129,-5.797458211384112,4.466861125205233,1.916900396347046,-0.8800387382507324,1.1347699578570734,0.7938954972334664,-0.03976732818726941,0.8264997005462646,0.1038027341373693,20000008
130,-5.707230809230089,4.7135540576080395,1.7812167406082153,-0.7989266514778137,0.8778017265152034,0.7882433889494711,-0.01825079141134045,-6.784182548522949,10.24696823134187,20000008
1,0.5463207374656265,0.00777718044110674,0.004693118389695883,-0.6085339188575745,6.839262472157593,0.13063931780141513,0.11627880213043956,0.2345316857099533,-0.019828719896302298,20000009
2,0.6717271983561821,-0.06063809123113687,-0.0021326697897166014,-0.6039314270019531,6.69720257928432,0.8919540472869146,0.031524509303922366,-0.3412894010543823,0.1320598928732728,20000009
3,0.9376254618179886,-0.020910726653526324,-0.0512162446975708,-0.5831603407859802,6.503898512446559,0.9192657279501696,0.04443462385908281,-2.454178810119629,0.18330406683776057,20000009
4,0.9389654119421464,-0.17437339202416954,-0.09855318069458008,-0.5166720747947693,6.41304172854489,0.5240506384114776,0.3100096155612302,-2.366846799850464,0.08085678390166941,20000009
5,1.2056721908944878,-0.282493631035153,-0.10610327124595642,-0.5198233127593994,6.133187776788106,0.8500365612112083,0.12196609579976747,-0.37750422954559326,0.2698539517567837,20000009
6,1.521856383155068,-0.3610087783635383,-0.11227773129940033,-0.5345010757446289,5.832215530203951,0.715316146181461,0.2569126630278213,-0.3087231516838074,0.29097224658415555,20000009
7,1.6890770138183073,-0.21524394719833873,-0.12766842544078827,-0.556609570980072,5.790680168609202,0.5847410080823949,0.3615948973192985,-0.7695350646972656,0.031535361594748464,20000009
8,1.829761256860317,-0.3493559133614887,-0.22536000609397888,-0.4562394320964813,5.596913441218778,0.6871652443816051,-0.11520611890333665,-4.884578227996826,0.18376672739042443,20000009
9,2.0291445856732873,-0.5606776535631778,-0.2613896131515503,-0.4129605293273926,5.3090783435539555,0.7056836325615431,0.26275356730643806,-1.801480770111084,0.2778350976648223,20000009
10,2.328308737523149,-0.6556434483426785,-0.2398427575826645,-0.4569545388221741,5.017365703557159,0.865109483656299,0.1222226722670735,1.0773431062698364,0.2817126399967964,20000009
11,2.552259991922493,-0.5480964503558398,-0.23586899042129517,-0.5069220662117004,4.919839885771224,0.8099955147442737,0.1590341650559417,0.198688805103302,0.08752581778593506,20000009
12,2.8103678107991286,-0.6201286034777801,-0.3098178207874298,-0.4589260518550873,4.682580067184944,0.7604285829579315,-0.13307506539382974,-3.697441577911377,0.22725981858628042,20000009
13,2.9343051816126327,-0.8298935279471524,-0.36968016624450684,-0.3845379054546356,4.448129593032286,0.6989492338974701,0.18547030837256978,-2.993116855621338,0.2244504741526574,20000009
14,3.285784944438224,-1.0106308098016707,-0.33089467883110046,-0.4500958323478699,4.069672782362869,0.9059476771438462,0.07930022912605528,1.9392738342285156,0.3684568106694168,20000009
15,3.4736267389416873,-0.8907243236738575,-0.2452266663312912,-0.5897809863090515,4.0265495997126255,0.7713449816438487,0.20879862384097087,4.283400535583496,0.03312318265024384,20000009
16,3.855170566096804,-0.9488225569622905,-0.3426026403903961,-0.557731568813324,3.7353673734121404,0.8900130187330879,-0.010976669175334686,-4.868799209594727,0.28118222630048506,20000009
17,3.896928566619657,-1.1528766614539805,-0.44955191016197205,-0.4242865741252899,3.550783958652549,0.7235583772032811,0.051960686980887516,-5.3474626541137695,0.1745834147595915,20000009
18,4.279527047638966,-1.4210415161515908,-0.4168938398361206,-0.49604108929634094,3.101940622448654,0.5789472692017814,0.4047679353461499,1.632901906967163,0.43884333620389504,20000009
19,4.395171561556513,-1.4315421177375178,-0.41849586367607117,-0.5225797295570374,3.02412073564612,0.47469296251536025,0.5079000479257492,-0.08010025322437286,0.06781988680253394,20000009
20,4.562488200738851,-1.5218046206366398,-0.5914359092712402,-0.3784005045890808,2.8538155720427296,0.8280433883911302,0.1487096323072486,-8.64699935913086,0.1603051636033903,20000009
21,4.80145182644589,-1.7376494431230778,-0.650549590587616,-0.3488174080848694,2.5417781613542147,0.83111134909467,0.13913931880395075,-2.955686569213867,0.30203741068851486,20000009
22,4.926120298594422,-1.8575089967813434,-0.7279550433158875,-0.28827881813049316,2.3738734515520274,0.5792909236202625,0.39346874472893784,-3.8702750205993652,0.1579047098021873,20000009
23,5.147901657010901,-2.2190579471899503,-0.659795880317688,-0.3554953336715698,1.9497266599618175,0.5729162039945128,0.3928990036990071,3.407961845397949,0.41414679159020995,20000009
24,5.3437958069808085,-2.1593657412844762,-0.6822857856750488,-0.4369542598724365,1.9074299700634807,0.8528884289195016,0.13000188204682855,-1.1244981288909912,0.03229668989833679,20000009
25,5.5274963322412605,-2.3217216382663226,-0.7558341026306152,-0.4195224940776825,1.6838369838423513,0.8255454348814102,0.023472686918152463,-3.6774120330810547,0.21359298622112943,20000009
26,5.4705787643314,-2.4745627144842066,-0.8416027426719666,-0.26267769932746887,1.5686771845904255,0.5542833282463911,0.381646889022221,-4.2884345054626465,0.10515979925192577,20000009
27,5.681073787863211,-2.924367795883845,-0.8542714715003967,-0.2366638332605362,1.0723575453952756,0.7820041456274227,0.2067382330392824,-0.6334346532821655,0.48631963919514987,20000009
28,5.878608053184063,-2.8684900219902496,-0.7529510855674744,-0.5305938720703125,1.0501509206387811,0.8864096551097408,0.0840410183804009,5.066018581390381,0.012206624756494486,20000009
29,6.170354226594605,-3.081870648725242,-0.8499059677124023,-0.7136088013648987,0.7937626865237339,0.9447828184207556,-0.030611107157395123,-4.847744941711426,10.246388234115047,20000009
1,0.6073366548383758,-0.05556721358381941,-0.001463965862058103,-2.4147567749023438,8.312384419220573,-0.06519218944087818,0.3114169977608684,-0.07332251220941544,-0.013519970512792625,20000010
2,0.7749035355508863,-0.07120678080247439,-0.04888107627630234,-2.381918430328369,8.428286950298876,0.615557688373828,0.3518610727908261,-2.3708555698394775,-0.1259025310783033,20000010
3,0.8042780028898785,0.05883148307810946,-0.004770870320498943,-2.4167282581329346,8.53575890576763,0.26769737591110687,0.6797447205891403,2.205510377883911,-0.11747195546875332,20000010
4,0.9317789844295548,-0.010338754309768433,-0.09089002758264542,-2.34645676612854,8.587070657514674,0.7424527543452184,0.19593511512764317,-4.305957794189453,-0.061311751747045166,20000010
5,1.1224922570747407,0.01879398695804473,-0.05843203514814377,-2.3904871940612793,8.751861534542712,0.19297559971944453,0.6887256132563975,1.6228995323181152,-0.17479087702803775,20000010
6,1.2908346172157723,0.02558792850439456,-0.08938184380531311,-2.371046781539917,8.886335126443276,0.5970471969047405,0.31690310134378286,-1.5474905967712402,-0.14447359190056397,20000010
7,1.5449353056296526,0.10972966594539071,-0.13715018332004547,-2.333636522293091,9.137204790783931,0.4276790694297638,0.5066641412814189,-2.3884167671203613,-0.26086966434065517,20000010
8,1.50195400643087,-0.0918909427171567,-0.24255864322185516,-2.242841958999634,8.979164541594843,0.1265160582949284,0.5157751917466864,-5.27042293548584,0.14804024918908865,20000010
9,1.6909672463773446,-0.1079599259463743,-0.30322474241256714,-2.1962168216705322,9.12001896872877,0.14309384936792363,0.8230687305389675,-3.0333056449890137,-0.15085442713392738,20000010
10,1.9277000134849236,0.02033000642031051,-0.29954853653907776,-2.2040531635284424,9.386513319820867,0.12067051829053216,0.8273748269416541,0.18381239473819733,-0.2764943510920974,20000010
11,2.1420284748092646,0.09454828938973991,-0.32472679018974304,-2.1859591007232666,9.60312617451728,0.05706587073293059,0.17306735426615225,-1.258914589881897,-0.2266128546964128,20000010
12,2.13395163986175,-0.0936415273816847,-0.41214510798454285,-2.1140575408935547,9.486737345364709,-0.22950488279706968,0.1489692665016701,-4.370914459228516,0.10638882915257121,20000010
13,2.2202952679976278,-0.05154063288734066,-0.4791315793991089,-2.048685312271118,9.58155745698837,0.2790062964868203,0.6617885191788845,-3.3493247032165527,-0.10482011162366177,20000010
14,2.307025128569508,-0.10045675818508953,-0.5631358027458191,-1.9740259647369385,9.624703917458243,0.11816678197053893,0.7999368644101208,-4.200209617614746,-0.05314646046987214,20000010
15,2.5127286982489925,0.03060174765827026,-0.5139645934104919,-2.0241153240203857,9.868446000491204,0.09540335568415736,0.8440464214577512,2.4585578441619873,-0.2537420830329611,20000010
16,2.5210554794225226,-0.2706335644018944,-0.5740891098976135,-1.9900298118591309,9.707630139583367,0.16286623185319418,0.42064633076509217,-3.006223678588867,0.15081586090783694,20000010
17,2.630292928257792,-0.2784040687571894,-0.6539899706840515,-1.916881799697876,9.795135470029404,0.3423382098253631,0.5997467774576095,-3.9950430393218994,-0.09750533044603692,20000010
18,2.714089575808745,-0.25761224882549566,-0.7575991153717041,-1.816084623336792,9.876922929861422,0.10919516599884382,0.8394272605234704,-5.18045711517334,-0.09178745983201807,20000010
19,2.938827563305478,-0.29445360660400305,-0.7732236385345459,-1.815582275390625,10.047716210444221,0.0625024928783024,0.8519929507368296,-0.7812286615371704,-0.18079328058279942,20000010
20,2.759522225240925,-0.544148354200567,-0.7683074474334717,-1.8326200246810913,9.764728180980047,0.04735396744826892,0.6604034126553042,0.24581162631511688,0.27298802946417466,20000010
21,2.8939074536545304,-0.6365491253740255,-0.9032629132270813,-1.7127554416656494,9.833505988252544,0.32456637303980784,0.5426822498421094,-6.747772216796875,-0.07877780727249671,20000010
22,3.0214309735224387,-0.7071763186967928,-0.9838392734527588,-1.6448014974594116,9.909173435692713,0.07045715967697719,0.8583495570572784,-4.028820037841797,-0.0856674474401695,20000010
23,3.2007738251617717,-0.784959899672316,-0.9575532674789429,-1.6866223812103271,10.028472486050575,0.07118488219469976,0.8770848549986351,1.3143000602722168,-0.1292990503578617,20000010
24,3.290129009877189,-0.6065383995016393,-1.021915078163147,-1.6110600233078003,10.192773879477521,0.2033768372424251,0.5931486856962109,-3.2180862426757812,-0.17430139342694617,20000010
25,3.1772509409869643,-1.2179083983005807,-1.099684715270996,-1.5821479558944702,9.808169109071926,-0.04170094664954199,0.5884282883486622,-3.8884835243225098,0.3746047704055948,20000010
26,3.0764955177542,-1.143405347484403,-1.3686504364013672,-1.3017504215240479,9.751572873648474,0.18877900374131257,0.8047272775952166,-13.44828987121582,0.046596235423452155,20000010
27,3.085309313013375,-1.2674138923548282,-1.4337607622146606,-1.2484395503997803,9.703808222281152,0.09786692962211707,0.8855057015118764,-3.25551700592041,0.03776465136732177,20000010
28,2.8909975741442033,-1.1529488538391108,-1.346618413925171,-1.3158822059631348,9.582255805989744,0.07128922366437745,0.891298506857461,4.357122421264648,0.1115524162914079,20000010
29,2.1170718045016175,-1.0688037528994714,-1.6430130004882812,-0.9712355136871338,8.94466281598031,0.31994309371597845,0.3809097731627325,-14.819729804992676,0.6275929900094341,20000010
30,2.4209497567246414,-1.6068164797870947,-1.838126301765442,-0.845149576663971,8.9578409445158,0.10480958940769042,0.8248429177393064,-9.75566577911377,-0.02317812853548972,20000010
31,2.1800202877633135,-1.9565408268623923,-1.9132006168365479,-0.794180691242218,8.589539464152386,0.5371761174473191,0.3528108436323392,-3.7537214756011963,0.3583014803634137,20000010
32,1.8763966151789144,-2.0688348978165396,-2.0947654247283936,-0.6094878315925598,8.26689030979666,0.29744519495541133,0.6819716880312003,-9.078239440917969,0.3126491543557266,20000010
33,1.9232358073023486,-2.3640083159393104,-2.034468173980713,-0.7048659324645996,8.189344722788713,0.06568907204031094,0.9121098577092388,3.014862298965454,0.0675455870079469,20000010
34,2.077257658912504,-2.3339105722159514,-2.0713720321655273,-0.6718701720237732,8.342919319536119,0.10801794847008933,0.7119904214826176,-1.8451874256134033,-0.16357459674740604,20000010
35,1.9128271201674605,-2.354583332664572,-2.2138428688049316,-0.5239335894584656,8.18346665262933,0.4839950102581273,0.09689181445304995,-7.123543739318848,0.14945266690678927,20000010
36,1.6504045062008097,-2.4776111833940706,-2.270984172821045,-0.4680613577365875,7.893816132390178,0.5738723093635876,0.3411030091768048,-2.857069969177246,0.27965052023915127,20000010
37,1.5700367198742078,-2.6967428085242706,-2.282818078994751,-0.47822171449661255,7.735895785923233,0.2886956678235766,0.6524732584150211,-0.5916881561279297,0.14792034646694474,20000010
38,1.7662866152996834,-2.713781846854476,-2.2813899517059326,-0.49086225032806396,7.912274323382701,0.3276410156824166,0.523441190717835,0.07140499353408813,-0.18637853745946775,20000010
39,1.5990012765001314,-2.7634313814257028,-2.370891809463501,-0.3995398283004761,7.738359085576357,0.4535783152787546,-0.3367098594419339,-4.475090026855469,0.16391523780634443,20000010
40,1.3521642909475142,-2.8118985100539877,-2.4354348182678223,-0.32907480001449585,7.490882444272852,0.5283533831637852,0.2516150363518114,-3.2271528244018555,0.23747664130350432,20000010
41,1.283178766949807,-2.9721266684397065,-2.4451024532318115,-0.33617734909057617,7.368782208109212,0.3749939494698661,0.5369386978277381,-0.4833805561065674,0.1121002361636403,20000010
42,1.1228764772846684,-3.081700537057874,-2.394500970840454,-0.3931880593299866,7.180288823358212,0.5776624436734618,0.24396755430980288,2.530068874359131,0.17849338475100018,20000010
43,0.9966692579260337,-3.298691947787791,-2.504178047180176,-0.30637985467910767,6.988529387932306,0.3806722358958992,0.4946575050024146,-5.48384952545166,0.18175943542590622,20000010
44,0.6738597121811861,-3.284160675770557,-2.636340856552124,-0.1564761996269226,6.6890218949221545,0.7015972357974878,-0.04505006390115274,-6.608140468597412,0.2895074930101511,20000010
45,0.5635692655179008,-3.4234274297388776,-2.637394905090332,-0.16967521607875824,6.53844191624726,0.39895412434007793,0.5634310992905599,-0.05270693451166153,0.14057997867489447,20000010
46,0.34540025510787825,-3.522275997859399,-2.5910840034484863,-0.21943709254264832,6.2999503569657795,0.6371211293858451,0.27754344061244485,2.3155500888824463,0.22849155928148046,20000010
47,0.21288730615928414,-3.731561508268313,-2.68621826171875,-0.14965441823005676,6.10856684485639,0.40595029439351327,0.5044241251218481,-4.75671911239624,0.18138351210938963,20000010
48,-0.11466891823989389,-3.652265251735879,-2.8423168659210205,0.036367375403642654,5.822672421272791,0.7004512960811368,-0.18319349079418545,-7.804927825927734,0.27589442358359917,20000010
49,-0.41905625982353606,-3.718098359995713,-2.859710931777954,0.06067122519016266,5.513718048615451,0.7617991551017167,0.1833548287203976,-0.8697012662887573,0.2989543726573396,20000010
50,-0.5796150289198752,-3.8441580555139763,-2.8006606101989746,-0.010559621267020702,5.320539844814807,0.6900656161714556,0.24273957084097147,2.9525184631347656,0.18317820380064442,20000010
51,-0.8014535586921397,-4.028025100053096,-2.8866844177246094,0.055281028151512146,5.052081348320766,0.7675830758462573,0.1326261133964013,-4.301194190979004,0.2584584964940404,20000010
52,-0.9888981825514294,-3.8564079514132477,-3.0070645809173584,0.22042302787303925,4.93090558566396,0.7207234762613708,-0.2396244324824765,-6.019012451171875,0.11117576265680619,20000010
53,-1.3552854043619784,-3.7538020710975597,-3.008107900619507,0.2697835862636566,4.628419370281315,0.7916821365849995,0.14381958393305722,-0.05216500163078308,0.2924862153826451,20000010
54,-1.5040662495615442,-3.9249370953755696,-2.9331932067871094,0.17249199748039246,4.4255232460467235,0.4967763615537754,0.4491872558240924,3.7457308769226074,0.19289612423459146,20000010
55,-1.7213616203710704,-4.119603149064034,-2.948643922805786,0.16387471556663513,4.152636597132399,0.709221481701531,-0.13930111492975739,-0.7725343704223633,0.26288664891432467,20000010
56,-1.9381367615487877,-3.979171590147492,-3.0475618839263916,0.31459105014801025,4.003938794085074,0.5400202961700928,-0.42648899361059006,-4.9458909034729,0.13869780304732493,20000010
57,-2.2176006644490736,-3.825173417892597,-3.046079397201538,0.3792720139026642,3.817025400531286,0.8510292570568054,0.033678241030160705,0.07411962747573853,0.17691339355378788,20000010
58,-2.4143400022573775,-4.032558906965108,-2.9337995052337646,0.24035580456256866,3.5485002203549327,0.802217684247212,0.1289648813378385,5.613993167877197,0.2585251801763533,20000010
59,-2.657760207384925,-4.292894013533988,-2.934330940246582,0.2007528394460678,3.2189070046696475,0.6862492147862049,-0.1779444867847706,-0.02656504139304161,0.3195932156852852,20000010
60,-2.900550497905552,-4.200582237185678,-3.004215955734253,0.33027341961860657,3.0380761663564804,0.5763339130819128,-0.36931505656343944,-3.494248867034912,0.17083083831316714,20000010
61,-3.178782569389621,-4.057421443008893,-2.987210273742676,0.4017508327960968,2.865463204414537,0.8876680461127125,-0.03866755072838335,0.850275993347168,0.1626129619419434,20000010
62,-3.383804444025468,-4.233504021948198,-2.882213592529297,0.28085505962371826,2.5987109402763764,0.9288664258219197,-0.0008882778996806562,5.249839782714844,0.25675226413816055,20000010
63,-3.6313185250394704,-4.51489958279126,-2.8563482761383057,0.20417264103889465,2.2446112799259454,0.7685024828803628,-0.14487647644996882,1.293257236480713,0.34409966035043094,20000010
64,-3.9092475575935897,-4.555186663552652,-2.8965096473693848,0.2923183739185333,1.9826518193698974,0.5682937461701476,-0.37685884620861365,-2.0080642700195312,0.251959460556048,20000010
65,-4.163688729062921,-4.443150258398944,-2.903566360473633,0.4230896234512329,1.8354564229030537,0.8502910342629,-0.13875931423892124,-0.3528370261192322,0.13719539646684376,20000010
66,-4.412823713471303,-4.549086752328062,-2.8123955726623535,0.375957727432251,1.5752948332165582,0.9435468312286591,-0.024918599015837484,4.558541297912598,0.2501615896864955,20000010
67,-4.611963211413374,-4.803499672939193,-2.7461464405059814,0.2583807110786438,1.260409637707373,0.9355239157812867,0.003016958379423007,3.3124589920043945,0.30488519550918514,20000010
68,-4.958839357714885,-4.984997750070257,-2.7994396686553955,0.38802602887153625,0.8772359805023578,0.8255348680449175,-0.14790263174832702,-2.6646642684936523,10.373173657205015,20000010
1,0.5937098908240827,0.017159365240236528,-0.004116670694202185,-0.1136365607380867,7.115907856760247,0.03212343985224646,-0.24471461209762574,-0.20595775544643402,0.028553808971959922,20000011
2,0.8878156663675049,-0.02947754309731123,-0.004881008993834257,-0.11114717274904251,6.818369916313494,0.854613386672074,-0.0827351082137624,-0.03821690380573273,0.2875379404467526,20000011
3,0.9454695759816202,0.03300787541938034,0.015505813993513584,-0.1416897177696228,6.76868652247043,0.7884177145031941,-0.00458549058834129,1.019341230392456,0.03968339384306386,20000011
4,1.0218331262268807,0.11222510818027984,0.0985538437962532,-0.2378951460123062,6.703479778993565,0.8325650419622,-0.12910230395305855,4.152401924133301,0.055206743476864835,20000011
5,1.2702544512959635,0.19297378072494267,0.09207186847925186,-0.2491072714328766,6.4696942210262955,0.7188720629998806,-0.25831717810718213,-0.32409870624542236,0.22378555796726984,20000011
6,1.4280547022736612,0.15837834945446602,0.11389259994029999,-0.2694234549999237,6.308432394874563,0.6339948162731716,-0.31221399481851475,1.091036319732666,0.15126182615173245,20000011
7,1.6344775375769793,0.16899067882371016,0.11232906579971313,-0.2748134732246399,6.106292722471331,0.9120402696085943,-0.05588097323661373,-0.07817701250314713,0.1921396724032325,20000011
8,1.7208499729249975,0.41846132558982485,0.29818159341812134,-0.5035598874092102,6.0669953455386185,0.9160225753481527,-0.040233514081107646,9.29262638092041,0.029297376932712067,20000011
9,2.052231948561263,0.6459670924067676,0.2745111286640167,-0.5299955010414124,5.79624924743638,0.7081766609768279,-0.04182846158458314,-1.1835224628448486,0.26074609810223826,20000011
10,2.231386540868945,0.5042795311887761,0.18717007339000702,-0.4262227714061737,5.587857734138722,0.6023097076500377,-0.10364108474803241,-4.367053031921387,0.19839151329765836,20000011
11,2.1797274826886217,0.5998175097777474,0.11807949095964432,-0.3713679313659668,5.661243090696718,0.4390512188684443,0.5215176484868616,-3.45452880859375,-0.08338535655799649,20000011
12,2.336482042563826,0.5796634966215087,0.12659500539302826,-0.38347506523132324,5.504475135201056,0.8570953935757732,0.07676698899863604,0.425775945186615,0.14676795549566246,20000011
13,2.740929535179836,0.581793312806221,0.1814807653427124,-0.45885440707206726,5.114913807067337,0.9276518461153376,0.022428809732187582,2.7442879676818848,0.3795613281337189,20000011
14,3.0937290681759713,0.6343905033946242,0.1434040665626526,-0.45149746537208557,4.792262786183463,0.7311803651634314,0.2458530080481513,-1.9038352966308594,0.31265102088387375,20000011
15,3.3184552623172476,0.6340921474036119,0.057604413479566574,-0.38052019476890564,4.578530646005644,0.705922840913474,0.22970764440651278,-4.289982795715332,0.20373214017781893,20000011
16,3.6977688656018817,0.38457076636626414,0.0419607050716877,-0.33680030703544617,4.1412729330502955,0.8121301501860559,0.10453409683552561,-0.7821853160858154,0.42725771295534876,20000011
17,3.8506060210153614,0.5587563534566924,0.11042535305023193,-0.45739269256591797,4.051149697179105,0.5595181559925879,0.4285919873367001,3.423232078552246,0.08012323587119032,20000011
18,4.088195382803354,0.7404832833177928,0.09151414036750793,-0.5031010508537292,3.8976493209915786,0.8280199954712039,-0.11889501638039512,-0.9455603957176208,0.14350037618752665,20000011
19,4.31905788455118,0.5920060529913682,-0.018654922023415565,-0.3808780610561371,3.6269298753849157,0.7301253138622357,-0.22722478042791205,-5.508452892303467,0.2607194456066628,20000011
20,4.600007120554587,0.3733608849064787,-0.03009777143597603,-0.34137746691703796,3.284349743041068,0.6244142118733563,0.35279201218123646,-0.572142481803894,0.33258013234384776,20000011
21,4.836770367628486,0.4584068202853362,0.030329300090670586,-0.45513322949409485,3.0990119767858393,0.8223786430967834,0.15938417022616025,3.0213537216186523,0.17533776625522868,20000011
22,5.093199701873795,0.6490390271167649,0.017590796574950218,-0.5370093584060669,2.9571680713194066,0.8925665034752482,-0.02212695423631439,-0.6369251608848572,0.13184390546643265,20000011
23,5.347452790303023,0.5830055790317606,-0.05048518255352974,-0.494404673576355,2.70454885217568,0.7290399377182571,-0.22534965956734743,-3.403799057006836,0.24261921914372642,20000011
24,5.611359477771429,0.38545563629821683,-0.0891319140791893,-0.4422292113304138,2.376682611752186,0.8584118478466465,0.07666360171898107,-1.9323365688323975,0.3178662404234942,20000011
25,5.925507165717357,0.37801680719680125,-0.02311263233423233,-0.5807955265045166,2.107624722897796,0.8872010111940501,0.09623248156859576,3.30096435546875,0.2590578888543902,20000011
26,6.169788567126663,0.5674940966914064,0.035840656608343124,-0.7850238680839539,2.0355911116579217,0.8864080446476023,0.09851505043427256,2.947664499282837,0.06203361123987406,20000011
27,6.519104538998234,0.588729878494525,-0.045029494911432266,-0.8444796800613403,1.812080464744952,0.8751953640510971,-0.03408455058610371,-4.0435075759887695,0.21351064691296973,20000011
28,6.698191345436517,0.38593573951304366,-0.14131271839141846,-0.755583643913269,1.5418119248563218,0.8582719315288059,0.041642441410020326,-4.81416130065918,0.2602685398886302,20000011
29,7.12340783812118,0.27214402127215587,-0.09133115410804749,-1.0221086740493774,1.2159416326849062,0.6486856124209169,0.340658042420222,2.4990782737731934,0.3158702921714156,20000011
30,7.2050066117632054,0.2604189163571149,-0.10243632644414902,-1.0691176652908325,1.1713668353247277,0.4160827232558326,0.5723475559627033,-0.5552585124969482,0.03457479736017844,20000011
31,7.460847208655692,0.17637514612145044,-0.3113441467285156,-1.0616188049316406,1.0149996876835146,0.7089123350778813,0.26938504354608317,-10.445390701293945,0.14636714764121317,20000011
32,7.716068964462017,0.10544176357103972,-0.3564586341381073,-1.2745591402053833,0.9259469737125892,0.6631984352414864,0.2820768815792972,-2.255725860595703,10.079052713970926,20000011
